ISO-10303-21;
HEADER;
FILE_DESCRIPTION(('Open CASCADE Model'),'2;1');
FILE_NAME('Open CASCADE Shape Model','2026-04-17T21:20:54',('Author'),(
    'Open CASCADE'),'Open CASCADE STEP processor 7.8','Open CASCADE 7.8'
  ,'Unknown');
FILE_SCHEMA(('AUTOMOTIVE_DESIGN { 1 0 10303 214 1 1 1 1 }'));
ENDSEC;
DATA;
#1 = APPLICATION_PROTOCOL_DEFINITION('international standard',
  'automotive_design',2000,#2);
#2 = APPLICATION_CONTEXT(
  'core data for automotive mechanical design processes');
#3 = SHAPE_DEFINITION_REPRESENTATION(#4,#10);
#4 = PRODUCT_DEFINITION_SHAPE('','',#5);
#5 = PRODUCT_DEFINITION('design','',#6,#9);
#6 = PRODUCT_DEFINITION_FORMATION('','',#7);
#7 = PRODUCT('Open CASCADE STEP translator 7.8 1',
  'Open CASCADE STEP translator 7.8 1','',(#8));
#8 = PRODUCT_CONTEXT('',#2,'mechanical');
#9 = PRODUCT_DEFINITION_CONTEXT('part definition',#2,'design');
#10 = SHAPE_REPRESENTATION('',(#11,#15,#19,#23,#27,#31,#35),#39);
#11 = AXIS2_PLACEMENT_3D('',#12,#13,#14);
#12 = CARTESIAN_POINT('',(0.,0.,0.));
#13 = DIRECTION('',(0.,0.,1.));
#14 = DIRECTION('',(1.,0.,-0.));
#15 = AXIS2_PLACEMENT_3D('',#16,#17,#18);
#16 = CARTESIAN_POINT('',(0.,0.,0.));
#17 = DIRECTION('',(0.,0.,1.));
#18 = DIRECTION('',(1.,0.,-0.));
#19 = AXIS2_PLACEMENT_3D('',#20,#21,#22);
#20 = CARTESIAN_POINT('',(0.,0.,0.));
#21 = DIRECTION('',(0.,0.,1.));
#22 = DIRECTION('',(1.,0.,-0.));
#23 = AXIS2_PLACEMENT_3D('',#24,#25,#26);
#24 = CARTESIAN_POINT('',(0.,0.,0.));
#25 = DIRECTION('',(0.,0.,1.));
#26 = DIRECTION('',(1.,0.,-0.));
#27 = AXIS2_PLACEMENT_3D('',#28,#29,#30);
#28 = CARTESIAN_POINT('',(0.,0.,0.));
#29 = DIRECTION('',(0.,0.,1.));
#30 = DIRECTION('',(1.,0.,-0.));
#31 = AXIS2_PLACEMENT_3D('',#32,#33,#34);
#32 = CARTESIAN_POINT('',(0.,0.,0.));
#33 = DIRECTION('',(0.,0.,1.));
#34 = DIRECTION('',(1.,0.,-0.));
#35 = AXIS2_PLACEMENT_3D('',#36,#37,#38);
#36 = CARTESIAN_POINT('',(0.,0.,0.));
#37 = DIRECTION('',(0.,0.,1.));
#38 = DIRECTION('',(1.,0.,-0.));
#39 = ( GEOMETRIC_REPRESENTATION_CONTEXT(3) 
GLOBAL_UNCERTAINTY_ASSIGNED_CONTEXT((#43)) GLOBAL_UNIT_ASSIGNED_CONTEXT(
(#40,#41,#42)) REPRESENTATION_CONTEXT('Context #1',
  '3D Context with UNIT and UNCERTAINTY') );
#40 = ( LENGTH_UNIT() NAMED_UNIT(*) SI_UNIT(.MILLI.,.METRE.) );
#41 = ( NAMED_UNIT(*) PLANE_ANGLE_UNIT() SI_UNIT($,.RADIAN.) );
#42 = ( NAMED_UNIT(*) SI_UNIT($,.STERADIAN.) SOLID_ANGLE_UNIT() );
#43 = UNCERTAINTY_MEASURE_WITH_UNIT(LENGTH_MEASURE(1.E-05),#40,
  'distance_accuracy_value','confusion accuracy');
#44 = PRODUCT_RELATED_PRODUCT_CATEGORY('part',$,(#7));
#45 = SHAPE_DEFINITION_REPRESENTATION(#46,#52);
#46 = PRODUCT_DEFINITION_SHAPE('','',#47);
#47 = PRODUCT_DEFINITION('design','',#48,#51);
#48 = PRODUCT_DEFINITION_FORMATION('','',#49);
#49 = PRODUCT('Open CASCADE STEP translator 7.8 1.1',
  'Open CASCADE STEP translator 7.8 1.1','',(#50));
#50 = PRODUCT_CONTEXT('',#2,'mechanical');
#51 = PRODUCT_DEFINITION_CONTEXT('part definition',#2,'design');
#52 = ADVANCED_BREP_SHAPE_REPRESENTATION('',(#11,#53),#1095);
#53 = MANIFOLD_SOLID_BREP('',#54);
#54 = CLOSED_SHELL('',(#55,#175,#401,#495,#589,#621,#678,#735,#811,#887,
    #958,#985,#1023,#1061,#1088));
#55 = ADVANCED_FACE('',(#56),#70,.F.);
#56 = FACE_BOUND('',#57,.F.);
#57 = EDGE_LOOP('',(#58,#93,#121,#149));
#58 = ORIENTED_EDGE('',*,*,#59,.T.);
#59 = EDGE_CURVE('',#60,#62,#64,.T.);
#60 = VERTEX_POINT('',#61);
#61 = CARTESIAN_POINT('',(1.000000011686E-07,1.5000001,2.0000001));
#62 = VERTEX_POINT('',#63);
#63 = CARTESIAN_POINT('',(1.000000011686E-07,98.5000001,2.0000001));
#64 = SURFACE_CURVE('',#65,(#69,#81),.PCURVE_S1.);
#65 = LINE('',#66,#67);
#66 = CARTESIAN_POINT('',(1.000000011686E-07,1.000000011686E-07,
    2.0000001));
#67 = VECTOR('',#68,1.);
#68 = DIRECTION('',(0.,1.,0.));
#69 = PCURVE('',#70,#75);
#70 = PLANE('',#71);
#71 = AXIS2_PLACEMENT_3D('',#72,#73,#74);
#72 = CARTESIAN_POINT('',(1.000000011686E-07,1.000000011686E-07,
    1.000000020568E-07));
#73 = DIRECTION('',(1.,0.,0.));
#74 = DIRECTION('',(0.,0.,1.));
#75 = DEFINITIONAL_REPRESENTATION('',(#76),#80);
#76 = LINE('',#77,#78);
#77 = CARTESIAN_POINT('',(2.,0.));
#78 = VECTOR('',#79,1.);
#79 = DIRECTION('',(0.,-1.));
#80 = ( GEOMETRIC_REPRESENTATION_CONTEXT(2) 
PARAMETRIC_REPRESENTATION_CONTEXT() REPRESENTATION_CONTEXT('2D SPACE',''
  ) );
#81 = PCURVE('',#82,#87);
#82 = CYLINDRICAL_SURFACE('',#83,2.);
#83 = AXIS2_PLACEMENT_3D('',#84,#85,#86);
#84 = CARTESIAN_POINT('',(2.0000001,1.000000011686E-07,2.0000001));
#85 = DIRECTION('',(0.,1.,0.));
#86 = DIRECTION('',(-1.,0.,0.));
#87 = DEFINITIONAL_REPRESENTATION('',(#88),#92);
#88 = LINE('',#89,#90);
#89 = CARTESIAN_POINT('',(-0.,0.));
#90 = VECTOR('',#91,1.);
#91 = DIRECTION('',(-0.,1.));
#92 = ( GEOMETRIC_REPRESENTATION_CONTEXT(2) 
PARAMETRIC_REPRESENTATION_CONTEXT() REPRESENTATION_CONTEXT('2D SPACE',''
  ) );
#93 = ORIENTED_EDGE('',*,*,#94,.T.);
#94 = EDGE_CURVE('',#62,#95,#97,.T.);
#95 = VERTEX_POINT('',#96);
#96 = CARTESIAN_POINT('',(1.000000011686E-07,98.5000001,10.5000001));
#97 = SURFACE_CURVE('',#98,(#102,#109),.PCURVE_S1.);
#98 = LINE('',#99,#100);
#99 = CARTESIAN_POINT('',(1.000000011686E-07,98.5000001,2.0000001));
#100 = VECTOR('',#101,1.);
#101 = DIRECTION('',(0.,0.,1.));
#102 = PCURVE('',#70,#103);
#103 = DEFINITIONAL_REPRESENTATION('',(#104),#108);
#104 = LINE('',#105,#106);
#105 = CARTESIAN_POINT('',(2.,-98.5));
#106 = VECTOR('',#107,1.);
#107 = DIRECTION('',(1.,0.));
#108 = ( GEOMETRIC_REPRESENTATION_CONTEXT(2) 
PARAMETRIC_REPRESENTATION_CONTEXT() REPRESENTATION_CONTEXT('2D SPACE',''
  ) );
#109 = PCURVE('',#110,#115);
#110 = CYLINDRICAL_SURFACE('',#111,1.5);
#111 = AXIS2_PLACEMENT_3D('',#112,#113,#114);
#112 = CARTESIAN_POINT('',(1.5000001,98.5000001,2.0000001));
#113 = DIRECTION('',(0.,0.,1.));
#114 = DIRECTION('',(-1.,-0.,0.));
#115 = DEFINITIONAL_REPRESENTATION('',(#116),#120);
#116 = LINE('',#117,#118);
#117 = CARTESIAN_POINT('',(-0.,0.));
#118 = VECTOR('',#119,1.);
#119 = DIRECTION('',(-0.,1.));
#120 = ( GEOMETRIC_REPRESENTATION_CONTEXT(2) 
PARAMETRIC_REPRESENTATION_CONTEXT() REPRESENTATION_CONTEXT('2D SPACE',''
  ) );
#121 = ORIENTED_EDGE('',*,*,#122,.F.);
#122 = EDGE_CURVE('',#123,#95,#125,.T.);
#123 = VERTEX_POINT('',#124);
#124 = CARTESIAN_POINT('',(1.000000011686E-07,1.5000001,10.5000001));
#125 = SURFACE_CURVE('',#126,(#130,#137),.PCURVE_S1.);
#126 = LINE('',#127,#128);
#127 = CARTESIAN_POINT('',(1.000000011686E-07,1.000000011686E-07,
    10.5000001));
#128 = VECTOR('',#129,1.);
#129 = DIRECTION('',(0.,1.,0.));
#130 = PCURVE('',#70,#131);
#131 = DEFINITIONAL_REPRESENTATION('',(#132),#136);
#132 = LINE('',#133,#134);
#133 = CARTESIAN_POINT('',(10.5,0.));
#134 = VECTOR('',#135,1.);
#135 = DIRECTION('',(0.,-1.));
#136 = ( GEOMETRIC_REPRESENTATION_CONTEXT(2) 
PARAMETRIC_REPRESENTATION_CONTEXT() REPRESENTATION_CONTEXT('2D SPACE',''
  ) );
#137 = PCURVE('',#138,#143);
#138 = CYLINDRICAL_SURFACE('',#139,1.5);
#139 = AXIS2_PLACEMENT_3D('',#140,#141,#142);
#140 = CARTESIAN_POINT('',(1.5000001,1.000000011686E-07,10.5000001));
#141 = DIRECTION('',(0.,1.,0.));
#142 = DIRECTION('',(-1.,0.,0.));
#143 = DEFINITIONAL_REPRESENTATION('',(#144),#148);
#144 = LINE('',#145,#146);
#145 = CARTESIAN_POINT('',(0.,0.));
#146 = VECTOR('',#147,1.);
#147 = DIRECTION('',(0.,1.));
#148 = ( GEOMETRIC_REPRESENTATION_CONTEXT(2) 
PARAMETRIC_REPRESENTATION_CONTEXT() REPRESENTATION_CONTEXT('2D SPACE',''
  ) );
#149 = ORIENTED_EDGE('',*,*,#150,.F.);
#150 = EDGE_CURVE('',#60,#123,#151,.T.);
#151 = SURFACE_CURVE('',#152,(#156,#163),.PCURVE_S1.);
#152 = LINE('',#153,#154);
#153 = CARTESIAN_POINT('',(1.000000011686E-07,1.5000001,2.0000001));
#154 = VECTOR('',#155,1.);
#155 = DIRECTION('',(0.,0.,1.));
#156 = PCURVE('',#70,#157);
#157 = DEFINITIONAL_REPRESENTATION('',(#158),#162);
#158 = LINE('',#159,#160);
#159 = CARTESIAN_POINT('',(2.,-1.5));
#160 = VECTOR('',#161,1.);
#161 = DIRECTION('',(1.,0.));
#162 = ( GEOMETRIC_REPRESENTATION_CONTEXT(2) 
PARAMETRIC_REPRESENTATION_CONTEXT() REPRESENTATION_CONTEXT('2D SPACE',''
  ) );
#163 = PCURVE('',#164,#169);
#164 = CYLINDRICAL_SURFACE('',#165,1.5);
#165 = AXIS2_PLACEMENT_3D('',#166,#167,#168);
#166 = CARTESIAN_POINT('',(1.5000001,1.5000001,2.0000001));
#167 = DIRECTION('',(0.,0.,1.));
#168 = DIRECTION('',(-1.,-0.,0.));
#169 = DEFINITIONAL_REPRESENTATION('',(#170),#174);
#170 = LINE('',#171,#172);
#171 = CARTESIAN_POINT('',(0.,0.));
#172 = VECTOR('',#173,1.);
#173 = DIRECTION('',(0.,1.));
#174 = ( GEOMETRIC_REPRESENTATION_CONTEXT(2) 
PARAMETRIC_REPRESENTATION_CONTEXT() REPRESENTATION_CONTEXT('2D SPACE',''
  ) );
#175 = ADVANCED_FACE('',(#176),#82,.T.);
#176 = FACE_BOUND('',#177,.F.);
#177 = EDGE_LOOP('',(#178,#179,#277,#305));
#178 = ORIENTED_EDGE('',*,*,#59,.F.);
#179 = ORIENTED_EDGE('',*,*,#180,.F.);
#180 = EDGE_CURVE('',#181,#60,#183,.T.);
#181 = VERTEX_POINT('',#182);
#182 = CARTESIAN_POINT('',(2.0000001,2.0000001,1.000000020568E-07));
#183 = SURFACE_CURVE('',#184,(#201,#221),.PCURVE_S1.);
#184 = ( BOUNDED_CURVE() B_SPLINE_CURVE(8,(#185,#186,#187,#188,#189,#190
    ,#191,#192,#193,#194,#195,#196,#197,#198,#199,#200),.UNSPECIFIED.,
.F.,.F.) B_SPLINE_CURVE_WITH_KNOTS((9,7,9),(0.,1.910098894519,
3.820197789037),.UNSPECIFIED.) CURVE() GEOMETRIC_REPRESENTATION_ITEM() 
RATIONAL_B_SPLINE_CURVE((1.,1.,1.,1.,1.,1.,1.,1.,1.,1.,1.,1.,1.,1.,1.,1.
)) REPRESENTATION_ITEM('') );
#185 = CARTESIAN_POINT('',(2.0000001,2.0000001,1.000000020568E-07));
#186 = CARTESIAN_POINT('',(1.68584227282,1.921460643205,
    1.00000002945E-07));
#187 = CARTESIAN_POINT('',(1.371577012215,1.842810622421,
    5.629043808446E-02));
#188 = CARTESIAN_POINT('',(1.071723795614,1.770040277068,0.169532876981)
  );
#189 = CARTESIAN_POINT('',(0.798789199712,1.706932011371,0.33287113424)
  );
#190 = CARTESIAN_POINT('',(0.566971479462,1.659897523577,0.538641819618)
  );
#191 = CARTESIAN_POINT('',(0.386896495425,1.631962847342,0.768885668274)
  );
#192 = CARTESIAN_POINT('',(0.258697896976,1.617138984284,0.992438800398)
  );
#193 = CARTESIAN_POINT('',(8.281104077963E-02,1.595692629059,
    1.390328675446));
#194 = CARTESIAN_POINT('',(3.51515507381E-02,1.589102043244,
    1.564716177058));
#195 = CARTESIAN_POINT('',(1.837398475434E-02,1.579423245551,
    1.696769023855));
#196 = CARTESIAN_POINT('',(9.499421378841E-03,1.553737805687,
    1.77869019135));
#197 = CARTESIAN_POINT('',(3.912479694755E-03,1.529004202379,
    1.847692976745));
#198 = CARTESIAN_POINT('',(1.433816052611E-03,1.509631754081,
    1.901681776015));
#199 = CARTESIAN_POINT('',(9.999999406318E-08,1.5000001,1.950912939503)
  );
#200 = CARTESIAN_POINT('',(1.000000011686E-07,1.5000001,2.0000001));
#201 = PCURVE('',#82,#202);
#202 = DEFINITIONAL_REPRESENTATION('',(#203),#220);
#203 = B_SPLINE_CURVE_WITH_KNOTS('',8,(#204,#205,#206,#207,#208,#209,
    #210,#211,#212,#213,#214,#215,#216,#217,#218,#219),.UNSPECIFIED.,.F.
  ,.F.,(9,7,9),(0.,1.910098894519,3.820197789037),.UNSPECIFIED.);
#204 = CARTESIAN_POINT('',(-1.570796326795,2.));
#205 = CARTESIAN_POINT('',(-1.413717413205,1.921460543205));
#206 = CARTESIAN_POINT('',(-1.25660397228,1.84277553931));
#207 = CARTESIAN_POINT('',(-1.100707588483,1.770140167433));
#208 = CARTESIAN_POINT('',(-0.946536431229,1.706808744708));
#209 = CARTESIAN_POINT('',(-0.796830403223,1.659973684214));
#210 = CARTESIAN_POINT('',(-0.653114842832,1.631942420899));
#211 = CARTESIAN_POINT('',(-0.524979542617,1.617138817583));
#212 = CARTESIAN_POINT('',(-0.307465069278,1.59569259576));
#213 = CARTESIAN_POINT('',(-0.218111034581,1.589102418754));
#214 = CARTESIAN_POINT('',(-0.152172870982,1.579421711561));
#215 = CARTESIAN_POINT('',(-0.110570033964,1.553738943526));
#216 = CARTESIAN_POINT('',(-7.625049916364E-02,1.529004033831));
#217 = CARTESIAN_POINT('',(-4.914301148442E-02,1.509631360198));
#218 = CARTESIAN_POINT('',(-2.454358024842E-02,1.5));
#219 = CARTESIAN_POINT('',(1.01307850997E-15,1.5));
#220 = ( GEOMETRIC_REPRESENTATION_CONTEXT(2) 
PARAMETRIC_REPRESENTATION_CONTEXT() REPRESENTATION_CONTEXT('2D SPACE',''
  ) );
#221 = PCURVE('',#222,#271);
#222 = ( BOUNDED_SURFACE() B_SPLINE_SURFACE(2,8,(
    (#223,#224,#225,#226,#227,#228,#229,#230,#231,#232,#233,#234,#235
      ,#236,#237,#238)
    ,(#239,#240,#241,#242,#243,#244,#245,#246,#247,#248,#249,#250,#251
      ,#252,#253,#254)
    ,(#255,#256,#257,#258,#259,#260,#261,#262,#263,#264,#265,#266,#267
      ,#268,#269,#270
)),.UNSPECIFIED.,.F.,.F.,.F.) B_SPLINE_SURFACE_WITH_KNOTS((3,3),(9,7,9),
  (0.,3.820197789037),(0.,1.910098894519,3.820197789037),.UNSPECIFIED.) 
GEOMETRIC_REPRESENTATION_ITEM() RATIONAL_B_SPLINE_SURFACE((
    (1.,1.,1.,1.,1.,1.,1.,1.,1.,1.,1.,1.,1.,1.,1.,1.)
    ,(1.,1.,0.985942805103,0.957568250981,0.917329480241,0.86776776204
      ,0.815013719807,0.76965218026,0.702723533616,0.681117862809
      ,0.675971937672,0.686676355273,0.695020000673,0.703294266773
      ,0.707106781187,0.707106781187)
    ,(1.,1.,1.,1.,1.,1.,1.,1.,1.,1.,1.,1.,1.,1.,1.,1.
))) REPRESENTATION_ITEM('') SURFACE() );
#223 = CARTESIAN_POINT('',(2.0000001,2.0000001,1.000000020568E-07));
#224 = CARTESIAN_POINT('',(1.68584227282,1.921460643205,
    1.00000002945E-07));
#225 = CARTESIAN_POINT('',(1.371577012215,1.842810622421,
    5.629043808446E-02));
#226 = CARTESIAN_POINT('',(1.071723795614,1.770040277068,0.169532876981)
  );
#227 = CARTESIAN_POINT('',(0.798789199712,1.706932011371,0.33287113424)
  );
#228 = CARTESIAN_POINT('',(0.566971479462,1.659897523577,0.538641819618)
  );
#229 = CARTESIAN_POINT('',(0.386896495425,1.631962847342,0.768885668274)
  );
#230 = CARTESIAN_POINT('',(0.258697896976,1.617138984284,0.992438800398)
  );
#231 = CARTESIAN_POINT('',(8.281104077963E-02,1.595692629059,
    1.390328675446));
#232 = CARTESIAN_POINT('',(3.51515507381E-02,1.589102043244,
    1.564716177058));
#233 = CARTESIAN_POINT('',(1.837398475434E-02,1.579423245551,
    1.696769023855));
#234 = CARTESIAN_POINT('',(9.499421378841E-03,1.553737805687,
    1.77869019135));
#235 = CARTESIAN_POINT('',(3.912479694755E-03,1.529004202379,
    1.847692976745));
#236 = CARTESIAN_POINT('',(1.433816052611E-03,1.509631754081,
    1.901681776015));
#237 = CARTESIAN_POINT('',(9.999999406318E-08,1.5000001,1.950912939503)
  );
#238 = CARTESIAN_POINT('',(1.000000011686E-07,1.5000001,2.0000001));
#239 = CARTESIAN_POINT('',(2.0000001,2.0000001,1.000000020568E-07));
#240 = CARTESIAN_POINT('',(1.803651458013,1.803651458013,
    9.99999976159E-08));
#241 = CARTESIAN_POINT('',(1.601665146114,1.601665146114,
    1.448158046035E-02));
#242 = CARTESIAN_POINT('',(1.397933585869,1.397933585869,
    4.361779785089E-02));
#243 = CARTESIAN_POINT('',(1.197680140939,1.197680140939,
    8.983681291416E-02));
#244 = CARTESIAN_POINT('',(1.00656100191,1.00656100191,0.146625037705));
#245 = CARTESIAN_POINT('',(0.826540779506,0.826540779506,0.212302819128)
  );
#246 = CARTESIAN_POINT('',(0.65825153159,0.65825153159,0.30293423912));
#247 = CARTESIAN_POINT('',(0.34258094595,0.34258094595,0.567900391047));
#248 = CARTESIAN_POINT('',(0.208203831436,0.208203831437,0.74106031352)
  );
#249 = CARTESIAN_POINT('',(0.115315669612,0.115315669612,0.94726683471)
  );
#250 = CARTESIAN_POINT('',(6.436102767991E-02,6.436102768022E-02,
    1.181414396738));
#251 = CARTESIAN_POINT('',(2.886826645159E-02,2.886826645144E-02,
    1.398007256946));
#252 = CARTESIAN_POINT('',(9.799097247701E-03,9.799097247729E-03,
    1.605186872977));
#253 = CARTESIAN_POINT('',(9.999999406318E-08,1.000000011686E-07,
    1.803651458013));
#254 = CARTESIAN_POINT('',(1.000000011686E-07,1.000000011686E-07,
    2.0000001));
#255 = CARTESIAN_POINT('',(2.0000001,2.0000001,1.000000020568E-07));
#256 = CARTESIAN_POINT('',(1.921460643205,1.68584227282,
    1.000000056095E-07));
#257 = CARTESIAN_POINT('',(1.842810622421,1.371577012215,
    5.629043808444E-02));
#258 = CARTESIAN_POINT('',(1.770040277068,1.071723795614,0.169532876981)
  );
#259 = CARTESIAN_POINT('',(1.706932011371,0.798789199712,0.33287113424)
  );
#260 = CARTESIAN_POINT('',(1.659897523577,0.566971479462,0.538641819618)
  );
#261 = CARTESIAN_POINT('',(1.631962847342,0.386896495424,0.768885668274)
  );
#262 = CARTESIAN_POINT('',(1.617138984284,0.258697896976,0.992438800398)
  );
#263 = CARTESIAN_POINT('',(1.595692629059,8.281104077964E-02,
    1.390328675446));
#264 = CARTESIAN_POINT('',(1.589102043244,3.515155073809E-02,
    1.564716177058));
#265 = CARTESIAN_POINT('',(1.579423245551,1.837398475435E-02,
    1.696769023855));
#266 = CARTESIAN_POINT('',(1.553737805687,9.499421378827E-03,
    1.77869019135));
#267 = CARTESIAN_POINT('',(1.529004202379,3.912479694769E-03,
    1.847692976745));
#268 = CARTESIAN_POINT('',(1.509631754081,1.433816052604E-03,
    1.901681776015));
#269 = CARTESIAN_POINT('',(1.5000001,1.000000011686E-07,1.950912939503)
  );
#270 = CARTESIAN_POINT('',(1.5000001,1.000000011686E-07,2.0000001));
#271 = DEFINITIONAL_REPRESENTATION('',(#272),#276);
#272 = LINE('',#273,#274);
#273 = CARTESIAN_POINT('',(0.,0.));
#274 = VECTOR('',#275,1.);
#275 = DIRECTION('',(0.,1.));
#276 = ( GEOMETRIC_REPRESENTATION_CONTEXT(2) 
PARAMETRIC_REPRESENTATION_CONTEXT() REPRESENTATION_CONTEXT('2D SPACE',''
  ) );
#277 = ORIENTED_EDGE('',*,*,#278,.T.);
#278 = EDGE_CURVE('',#181,#279,#281,.T.);
#279 = VERTEX_POINT('',#280);
#280 = CARTESIAN_POINT('',(2.0000001,98.0000001,1.000000020568E-07));
#281 = SURFACE_CURVE('',#282,(#286,#293),.PCURVE_S1.);
#282 = LINE('',#283,#284);
#283 = CARTESIAN_POINT('',(2.0000001,1.000000011686E-07,
    1.000000020568E-07));
#284 = VECTOR('',#285,1.);
#285 = DIRECTION('',(0.,1.,0.));
#286 = PCURVE('',#82,#287);
#287 = DEFINITIONAL_REPRESENTATION('',(#288),#292);
#288 = LINE('',#289,#290);
#289 = CARTESIAN_POINT('',(-1.570796326795,0.));
#290 = VECTOR('',#291,1.);
#291 = DIRECTION('',(-0.,1.));
#292 = ( GEOMETRIC_REPRESENTATION_CONTEXT(2) 
PARAMETRIC_REPRESENTATION_CONTEXT() REPRESENTATION_CONTEXT('2D SPACE',''
  ) );
#293 = PCURVE('',#294,#299);
#294 = PLANE('',#295);
#295 = AXIS2_PLACEMENT_3D('',#296,#297,#298);
#296 = CARTESIAN_POINT('',(1.000000011686E-07,1.000000011686E-07,
    1.000000020568E-07));
#297 = DIRECTION('',(0.,0.,1.));
#298 = DIRECTION('',(1.,0.,0.));
#299 = DEFINITIONAL_REPRESENTATION('',(#300),#304);
#300 = LINE('',#301,#302);
#301 = CARTESIAN_POINT('',(2.,0.));
#302 = VECTOR('',#303,1.);
#303 = DIRECTION('',(0.,1.));
#304 = ( GEOMETRIC_REPRESENTATION_CONTEXT(2) 
PARAMETRIC_REPRESENTATION_CONTEXT() REPRESENTATION_CONTEXT('2D SPACE',''
  ) );
#305 = ORIENTED_EDGE('',*,*,#306,.T.);
#306 = EDGE_CURVE('',#279,#62,#307,.T.);
#307 = SURFACE_CURVE('',#308,(#325,#345),.PCURVE_S1.);
#308 = ( BOUNDED_CURVE() B_SPLINE_CURVE(8,(#309,#310,#311,#312,#313,#314
    ,#315,#316,#317,#318,#319,#320,#321,#322,#323,#324),.UNSPECIFIED.,
.F.,.F.) B_SPLINE_CURVE_WITH_KNOTS((9,7,9),(0.,1.910098894519,
3.820197789037),.UNSPECIFIED.) CURVE() GEOMETRIC_REPRESENTATION_ITEM() 
RATIONAL_B_SPLINE_CURVE((1.,1.,1.,1.,1.,1.,1.,1.,1.,1.,1.,1.,1.,1.,1.,1.
)) REPRESENTATION_ITEM('') );
#309 = CARTESIAN_POINT('',(2.0000001,98.0000001,1.000000020568E-07));
#310 = CARTESIAN_POINT('',(1.68584227282,98.078539556795,
    1.000000020568E-07));
#311 = CARTESIAN_POINT('',(1.371577012215,98.157189577579,
    5.629043808445E-02));
#312 = CARTESIAN_POINT('',(1.071723795614,98.229959922932,0.169532876981
    ));
#313 = CARTESIAN_POINT('',(0.798789199712,98.293068188629,0.33287113424)
  );
#314 = CARTESIAN_POINT('',(0.566971479462,98.340102676423,0.538641819618
    ));
#315 = CARTESIAN_POINT('',(0.386896495425,98.368037352658,0.768885668274
    ));
#316 = CARTESIAN_POINT('',(0.258697896976,98.382861215716,0.992438800398
    ));
#317 = CARTESIAN_POINT('',(8.281104077963E-02,98.404307570941,
    1.390328675446));
#318 = CARTESIAN_POINT('',(3.515155073815E-02,98.410898156756,
    1.564716177058));
#319 = CARTESIAN_POINT('',(1.837398475426E-02,98.420576954449,
    1.696769023855));
#320 = CARTESIAN_POINT('',(9.499421378898E-03,98.446262394313,
    1.77869019135));
#321 = CARTESIAN_POINT('',(3.912479694741E-03,98.470995997621,
    1.847692976745));
#322 = CARTESIAN_POINT('',(1.433816052618E-03,98.490368445919,
    1.901681776015));
#323 = CARTESIAN_POINT('',(9.999999406318E-08,98.5000001,1.950912939503)
  );
#324 = CARTESIAN_POINT('',(1.000000011686E-07,98.5000001,2.0000001));
#325 = PCURVE('',#82,#326);
#326 = DEFINITIONAL_REPRESENTATION('',(#327),#344);
#327 = B_SPLINE_CURVE_WITH_KNOTS('',8,(#328,#329,#330,#331,#332,#333,
    #334,#335,#336,#337,#338,#339,#340,#341,#342,#343),.UNSPECIFIED.,.F.
  ,.F.,(9,7,9),(0.,1.910098894519,3.820197789037),.UNSPECIFIED.);
#328 = CARTESIAN_POINT('',(-1.570796326795,98.));
#329 = CARTESIAN_POINT('',(-1.413717413205,98.078539456795));
#330 = CARTESIAN_POINT('',(-1.25660397228,98.15722446069));
#331 = CARTESIAN_POINT('',(-1.100707588483,98.229859832567));
#332 = CARTESIAN_POINT('',(-0.946536431229,98.293191255293));
#333 = CARTESIAN_POINT('',(-0.796830403223,98.340026315786));
#334 = CARTESIAN_POINT('',(-0.653114842832,98.368057579101));
#335 = CARTESIAN_POINT('',(-0.524979542617,98.382861182418));
#336 = CARTESIAN_POINT('',(-0.307465069278,98.404307404238));
#337 = CARTESIAN_POINT('',(-0.218111034581,98.410897581258));
#338 = CARTESIAN_POINT('',(-0.152172870981,98.420578288416));
#339 = CARTESIAN_POINT('',(-0.110570033964,98.446261056502));
#340 = CARTESIAN_POINT('',(-7.625049916362E-02,98.470995966147));
#341 = CARTESIAN_POINT('',(-4.91430114844E-02,98.490368639813));
#342 = CARTESIAN_POINT('',(-2.454358024843E-02,98.499999999997));
#343 = CARTESIAN_POINT('',(9.575673587392E-16,98.5));
#344 = ( GEOMETRIC_REPRESENTATION_CONTEXT(2) 
PARAMETRIC_REPRESENTATION_CONTEXT() REPRESENTATION_CONTEXT('2D SPACE',''
  ) );
#345 = PCURVE('',#346,#395);
#346 = ( BOUNDED_SURFACE() B_SPLINE_SURFACE(2,8,(
    (#347,#348,#349,#350,#351,#352,#353,#354,#355,#356,#357,#358,#359
      ,#360,#361,#362)
    ,(#363,#364,#365,#366,#367,#368,#369,#370,#371,#372,#373,#374,#375
      ,#376,#377,#378)
    ,(#379,#380,#381,#382,#383,#384,#385,#386,#387,#388,#389,#390,#391
      ,#392,#393,#394
)),.UNSPECIFIED.,.F.,.F.,.F.) B_SPLINE_SURFACE_WITH_KNOTS((3,3),(9,7,9),
  (0.,3.820197789037),(0.,1.910098894519,3.820197789037),.UNSPECIFIED.) 
GEOMETRIC_REPRESENTATION_ITEM() RATIONAL_B_SPLINE_SURFACE((
    (1.,1.,1.,1.,1.,1.,1.,1.,1.,1.,1.,1.,1.,1.,1.,1.)
    ,(1.,1.,0.985942805103,0.957568250981,0.917329480241,0.86776776204
      ,0.815013719807,0.76965218026,0.702723533616,0.681117862809
      ,0.675971937672,0.686676355273,0.695020000673,0.703294266773
      ,0.707106781187,0.707106781187)
    ,(1.,1.,1.,1.,1.,1.,1.,1.,1.,1.,1.,1.,1.,1.,1.,1.
))) REPRESENTATION_ITEM('') SURFACE() );
#347 = CARTESIAN_POINT('',(2.0000001,98.0000001,1.000000020568E-07));
#348 = CARTESIAN_POINT('',(1.68584227282,98.078539556795,
    1.000000020568E-07));
#349 = CARTESIAN_POINT('',(1.371577012215,98.157189577579,
    5.629043808445E-02));
#350 = CARTESIAN_POINT('',(1.071723795614,98.229959922932,0.169532876981
    ));
#351 = CARTESIAN_POINT('',(0.798789199712,98.293068188629,0.33287113424)
  );
#352 = CARTESIAN_POINT('',(0.566971479462,98.340102676423,0.538641819618
    ));
#353 = CARTESIAN_POINT('',(0.386896495425,98.368037352658,0.768885668274
    ));
#354 = CARTESIAN_POINT('',(0.258697896976,98.382861215716,0.992438800398
    ));
#355 = CARTESIAN_POINT('',(8.281104077963E-02,98.404307570941,
    1.390328675446));
#356 = CARTESIAN_POINT('',(3.515155073815E-02,98.410898156756,
    1.564716177058));
#357 = CARTESIAN_POINT('',(1.837398475426E-02,98.420576954449,
    1.696769023855));
#358 = CARTESIAN_POINT('',(9.499421378898E-03,98.446262394313,
    1.77869019135));
#359 = CARTESIAN_POINT('',(3.912479694741E-03,98.470995997621,
    1.847692976745));
#360 = CARTESIAN_POINT('',(1.433816052618E-03,98.490368445919,
    1.901681776015));
#361 = CARTESIAN_POINT('',(9.999999406318E-08,98.5000001,1.950912939503)
  );
#362 = CARTESIAN_POINT('',(1.000000011686E-07,98.5000001,2.0000001));
#363 = CARTESIAN_POINT('',(2.0000001,98.0000001,1.000000020568E-07));
#364 = CARTESIAN_POINT('',(1.803651458013,98.196348741987,
    1.000000056095E-07));
#365 = CARTESIAN_POINT('',(1.601665146114,98.398335053886,
    1.448158046033E-02));
#366 = CARTESIAN_POINT('',(1.397933585869,98.602066614131,
    4.361779785093E-02));
#367 = CARTESIAN_POINT('',(1.197680140939,98.802320059061,
    8.98368129141E-02));
#368 = CARTESIAN_POINT('',(1.00656100191,98.99343919809,0.146625037705)
  );
#369 = CARTESIAN_POINT('',(0.826540779506,99.173459420494,0.212302819128
    ));
#370 = CARTESIAN_POINT('',(0.65825153159,99.34174866841,0.30293423912));
#371 = CARTESIAN_POINT('',(0.34258094595,99.65741925405,0.567900391047)
  );
#372 = CARTESIAN_POINT('',(0.208203831436,99.791796368563,0.74106031352)
  );
#373 = CARTESIAN_POINT('',(0.115315669612,99.884684530388,0.94726683471)
  );
#374 = CARTESIAN_POINT('',(6.436102767981E-02,99.93563917232,
    1.181414396738));
#375 = CARTESIAN_POINT('',(2.886826645159E-02,99.971131933549,
    1.398007256946));
#376 = CARTESIAN_POINT('',(9.799097247708E-03,99.990201102752,
    1.605186872977));
#377 = CARTESIAN_POINT('',(1.000000011686E-07,100.0000001,1.803651458013
    ));
#378 = CARTESIAN_POINT('',(1.000000011686E-07,100.0000001,2.0000001));
#379 = CARTESIAN_POINT('',(2.0000001,98.0000001,1.000000020568E-07));
#380 = CARTESIAN_POINT('',(1.921460643205,98.31415792718,
    1.000000038331E-07));
#381 = CARTESIAN_POINT('',(1.842810622421,98.628423187785,
    5.629043808445E-02));
#382 = CARTESIAN_POINT('',(1.770040277068,98.928276404386,0.169532876981
    ));
#383 = CARTESIAN_POINT('',(1.706932011371,99.201211000288,0.33287113424)
  );
#384 = CARTESIAN_POINT('',(1.659897523577,99.433028720538,0.538641819618
    ));
#385 = CARTESIAN_POINT('',(1.631962847342,99.613103704575,0.768885668274
    ));
#386 = CARTESIAN_POINT('',(1.617138984284,99.741302303024,0.992438800398
    ));
#387 = CARTESIAN_POINT('',(1.595692629059,99.91718915922,1.390328675446)
  );
#388 = CARTESIAN_POINT('',(1.589102043244,99.964848649262,1.564716177058
    ));
#389 = CARTESIAN_POINT('',(1.579423245551,99.981626215246,1.696769023855
    ));
#390 = CARTESIAN_POINT('',(1.553737805686,99.990500778621,1.77869019135)
  );
#391 = CARTESIAN_POINT('',(1.529004202379,99.996087720305,1.847692976745
    ));
#392 = CARTESIAN_POINT('',(1.509631754081,99.998566383947,1.901681776015
    ));
#393 = CARTESIAN_POINT('',(1.5000001,100.0000001,1.950912939503));
#394 = CARTESIAN_POINT('',(1.5000001,100.0000001,2.0000001));
#395 = DEFINITIONAL_REPRESENTATION('',(#396),#400);
#396 = LINE('',#397,#398);
#397 = CARTESIAN_POINT('',(0.,0.));
#398 = VECTOR('',#399,1.);
#399 = DIRECTION('',(0.,1.));
#400 = ( GEOMETRIC_REPRESENTATION_CONTEXT(2) 
PARAMETRIC_REPRESENTATION_CONTEXT() REPRESENTATION_CONTEXT('2D SPACE',''
  ) );
#401 = ADVANCED_FACE('',(#402),#164,.T.);
#402 = FACE_BOUND('',#403,.T.);
#403 = EDGE_LOOP('',(#404,#434,#462,#494));
#404 = ORIENTED_EDGE('',*,*,#405,.T.);
#405 = EDGE_CURVE('',#60,#406,#408,.T.);
#406 = VERTEX_POINT('',#407);
#407 = CARTESIAN_POINT('',(1.5000001,1.000000011686E-07,2.0000001));
#408 = SURFACE_CURVE('',#409,(#413,#427),.PCURVE_S1.);
#409 = ( BOUNDED_CURVE() B_SPLINE_CURVE(2,(#410,#411,#412),
.UNSPECIFIED.,.F.,.F.) B_SPLINE_CURVE_WITH_KNOTS((3,3),(0.,
3.820197789037),.PIECEWISE_BEZIER_KNOTS.) CURVE() 
GEOMETRIC_REPRESENTATION_ITEM() RATIONAL_B_SPLINE_CURVE((1.,
0.707106781187,1.)) REPRESENTATION_ITEM('') );
#410 = CARTESIAN_POINT('',(1.000000011686E-07,1.5000001,2.0000001));
#411 = CARTESIAN_POINT('',(1.000000011686E-07,1.000000011686E-07,
    2.0000001));
#412 = CARTESIAN_POINT('',(1.5000001,1.000000011686E-07,2.0000001));
#413 = PCURVE('',#164,#414);
#414 = DEFINITIONAL_REPRESENTATION('',(#415),#426);
#415 = B_SPLINE_CURVE_WITH_KNOTS('',9,(#416,#417,#418,#419,#420,#421,
    #422,#423,#424,#425),.UNSPECIFIED.,.F.,.F.,(10,10),(0.,
    3.820197789037),.PIECEWISE_BEZIER_KNOTS.);
#416 = CARTESIAN_POINT('',(-1.110223024625E-16,0.));
#417 = CARTESIAN_POINT('',(0.157134840264,0.));
#418 = CARTESIAN_POINT('',(0.325774716821,0.));
#419 = CARTESIAN_POINT('',(0.50456638687,0.));
#420 = CARTESIAN_POINT('',(0.690744851612,0.));
#421 = CARTESIAN_POINT('',(0.880051475183,0.));
#422 = CARTESIAN_POINT('',(1.066229939925,0.));
#423 = CARTESIAN_POINT('',(1.245021609974,0.));
#424 = CARTESIAN_POINT('',(1.413661486531,0.));
#425 = CARTESIAN_POINT('',(1.570796326795,0.));
#426 = ( GEOMETRIC_REPRESENTATION_CONTEXT(2) 
PARAMETRIC_REPRESENTATION_CONTEXT() REPRESENTATION_CONTEXT('2D SPACE',''
  ) );
#427 = PCURVE('',#222,#428);
#428 = DEFINITIONAL_REPRESENTATION('',(#429),#433);
#429 = LINE('',#430,#431);
#430 = CARTESIAN_POINT('',(0.,3.820197789037));
#431 = VECTOR('',#432,1.);
#432 = DIRECTION('',(1.,0.));
#433 = ( GEOMETRIC_REPRESENTATION_CONTEXT(2) 
PARAMETRIC_REPRESENTATION_CONTEXT() REPRESENTATION_CONTEXT('2D SPACE',''
  ) );
#434 = ORIENTED_EDGE('',*,*,#435,.T.);
#435 = EDGE_CURVE('',#406,#436,#438,.T.);
#436 = VERTEX_POINT('',#437);
#437 = CARTESIAN_POINT('',(1.5000001,1.000000011686E-07,12.0000001));
#438 = SURFACE_CURVE('',#439,(#443,#450),.PCURVE_S1.);
#439 = LINE('',#440,#441);
#440 = CARTESIAN_POINT('',(1.5000001,1.000000011686E-07,2.0000001));
#441 = VECTOR('',#442,1.);
#442 = DIRECTION('',(0.,0.,1.));
#443 = PCURVE('',#164,#444);
#444 = DEFINITIONAL_REPRESENTATION('',(#445),#449);
#445 = LINE('',#446,#447);
#446 = CARTESIAN_POINT('',(1.570796326795,0.));
#447 = VECTOR('',#448,1.);
#448 = DIRECTION('',(0.,1.));
#449 = ( GEOMETRIC_REPRESENTATION_CONTEXT(2) 
PARAMETRIC_REPRESENTATION_CONTEXT() REPRESENTATION_CONTEXT('2D SPACE',''
  ) );
#450 = PCURVE('',#451,#456);
#451 = PLANE('',#452);
#452 = AXIS2_PLACEMENT_3D('',#453,#454,#455);
#453 = CARTESIAN_POINT('',(1.000000011686E-07,1.000000011686E-07,
    1.000000020568E-07));
#454 = DIRECTION('',(0.,1.,0.));
#455 = DIRECTION('',(0.,0.,1.));
#456 = DEFINITIONAL_REPRESENTATION('',(#457),#461);
#457 = LINE('',#458,#459);
#458 = CARTESIAN_POINT('',(2.,1.5));
#459 = VECTOR('',#460,1.);
#460 = DIRECTION('',(1.,0.));
#461 = ( GEOMETRIC_REPRESENTATION_CONTEXT(2) 
PARAMETRIC_REPRESENTATION_CONTEXT() REPRESENTATION_CONTEXT('2D SPACE',''
  ) );
#462 = ORIENTED_EDGE('',*,*,#463,.F.);
#463 = EDGE_CURVE('',#123,#436,#464,.T.);
#464 = SURFACE_CURVE('',#465,(#470,#482),.PCURVE_S1.);
#465 = ELLIPSE('',#466,2.12132034356,1.5);
#466 = AXIS2_PLACEMENT_3D('',#467,#468,#469);
#467 = CARTESIAN_POINT('',(1.5000001,1.5000001,10.5000001));
#468 = DIRECTION('',(0.,0.707106781187,0.707106781187));
#469 = DIRECTION('',(0.,-0.707106781187,0.707106781187));
#470 = PCURVE('',#164,#471);
#471 = DEFINITIONAL_REPRESENTATION('',(#472),#481);
#472 = B_SPLINE_CURVE_WITH_KNOTS('',7,(#473,#474,#475,#476,#477,#478,
    #479,#480),.UNSPECIFIED.,.F.,.F.,(8,8),(4.712388980385,6.28318530718
    ),.PIECEWISE_BEZIER_KNOTS.);
#473 = CARTESIAN_POINT('',(0.,8.5));
#474 = CARTESIAN_POINT('',(0.224399475256,8.836599212885));
#475 = CARTESIAN_POINT('',(0.448798950513,9.173197058979));
#476 = CARTESIAN_POINT('',(0.673198425769,9.482120238661));
#477 = CARTESIAN_POINT('',(0.897597901026,9.735643756939));
#478 = CARTESIAN_POINT('',(1.121997376282,9.911876991085));
#479 = CARTESIAN_POINT('',(1.346396851538,10.));
#480 = CARTESIAN_POINT('',(1.570796326795,10.));
#481 = ( GEOMETRIC_REPRESENTATION_CONTEXT(2) 
PARAMETRIC_REPRESENTATION_CONTEXT() REPRESENTATION_CONTEXT('2D SPACE',''
  ) );
#482 = PCURVE('',#138,#483);
#483 = DEFINITIONAL_REPRESENTATION('',(#484),#493);
#484 = B_SPLINE_CURVE_WITH_KNOTS('',7,(#485,#486,#487,#488,#489,#490,
    #491,#492),.UNSPECIFIED.,.F.,.F.,(8,8),(4.712388980385,6.28318530718
    ),.PIECEWISE_BEZIER_KNOTS.);
#485 = CARTESIAN_POINT('',(0.,1.5));
#486 = CARTESIAN_POINT('',(0.224399475256,1.163400787115));
#487 = CARTESIAN_POINT('',(0.448798950513,0.826802941022));
#488 = CARTESIAN_POINT('',(0.673198425769,0.517879761339));
#489 = CARTESIAN_POINT('',(0.897597901026,0.264356243062));
#490 = CARTESIAN_POINT('',(1.121997376282,8.8123008915E-02));
#491 = CARTESIAN_POINT('',(1.346396851538,8.244302973093E-17));
#492 = CARTESIAN_POINT('',(1.570796326795,0.));
#493 = ( GEOMETRIC_REPRESENTATION_CONTEXT(2) 
PARAMETRIC_REPRESENTATION_CONTEXT() REPRESENTATION_CONTEXT('2D SPACE',''
  ) );
#494 = ORIENTED_EDGE('',*,*,#150,.F.);
#495 = ADVANCED_FACE('',(#496),#110,.T.);
#496 = FACE_BOUND('',#497,.F.);
#497 = EDGE_LOOP('',(#498,#528,#556,#588));
#498 = ORIENTED_EDGE('',*,*,#499,.T.);
#499 = EDGE_CURVE('',#62,#500,#502,.T.);
#500 = VERTEX_POINT('',#501);
#501 = CARTESIAN_POINT('',(1.5000001,100.0000001,2.0000001));
#502 = SURFACE_CURVE('',#503,(#507,#521),.PCURVE_S1.);
#503 = ( BOUNDED_CURVE() B_SPLINE_CURVE(2,(#504,#505,#506),
.UNSPECIFIED.,.F.,.F.) B_SPLINE_CURVE_WITH_KNOTS((3,3),(0.,
3.820197789037),.PIECEWISE_BEZIER_KNOTS.) CURVE() 
GEOMETRIC_REPRESENTATION_ITEM() RATIONAL_B_SPLINE_CURVE((1.,
0.707106781187,1.)) REPRESENTATION_ITEM('') );
#504 = CARTESIAN_POINT('',(1.000000011686E-07,98.5000001,2.0000001));
#505 = CARTESIAN_POINT('',(1.000000011686E-07,100.0000001,2.0000001));
#506 = CARTESIAN_POINT('',(1.5000001,100.0000001,2.0000001));
#507 = PCURVE('',#110,#508);
#508 = DEFINITIONAL_REPRESENTATION('',(#509),#520);
#509 = B_SPLINE_CURVE_WITH_KNOTS('',9,(#510,#511,#512,#513,#514,#515,
    #516,#517,#518,#519),.UNSPECIFIED.,.F.,.F.,(10,10),(0.,
    3.820197789037),.PIECEWISE_BEZIER_KNOTS.);
#510 = CARTESIAN_POINT('',(-1.110223024625E-16,0.));
#511 = CARTESIAN_POINT('',(-0.157134840264,0.));
#512 = CARTESIAN_POINT('',(-0.325774716821,0.));
#513 = CARTESIAN_POINT('',(-0.50456638687,0.));
#514 = CARTESIAN_POINT('',(-0.690744851612,0.));
#515 = CARTESIAN_POINT('',(-0.880051475183,0.));
#516 = CARTESIAN_POINT('',(-1.066229939925,0.));
#517 = CARTESIAN_POINT('',(-1.245021609974,0.));
#518 = CARTESIAN_POINT('',(-1.413661486531,0.));
#519 = CARTESIAN_POINT('',(-1.570796326795,0.));
#520 = ( GEOMETRIC_REPRESENTATION_CONTEXT(2) 
PARAMETRIC_REPRESENTATION_CONTEXT() REPRESENTATION_CONTEXT('2D SPACE',''
  ) );
#521 = PCURVE('',#346,#522);
#522 = DEFINITIONAL_REPRESENTATION('',(#523),#527);
#523 = LINE('',#524,#525);
#524 = CARTESIAN_POINT('',(0.,3.820197789037));
#525 = VECTOR('',#526,1.);
#526 = DIRECTION('',(1.,0.));
#527 = ( GEOMETRIC_REPRESENTATION_CONTEXT(2) 
PARAMETRIC_REPRESENTATION_CONTEXT() REPRESENTATION_CONTEXT('2D SPACE',''
  ) );
#528 = ORIENTED_EDGE('',*,*,#529,.T.);
#529 = EDGE_CURVE('',#500,#530,#532,.T.);
#530 = VERTEX_POINT('',#531);
#531 = CARTESIAN_POINT('',(1.5000001,100.0000001,12.0000001));
#532 = SURFACE_CURVE('',#533,(#537,#544),.PCURVE_S1.);
#533 = LINE('',#534,#535);
#534 = CARTESIAN_POINT('',(1.5000001,100.0000001,2.0000001));
#535 = VECTOR('',#536,1.);
#536 = DIRECTION('',(0.,0.,1.));
#537 = PCURVE('',#110,#538);
#538 = DEFINITIONAL_REPRESENTATION('',(#539),#543);
#539 = LINE('',#540,#541);
#540 = CARTESIAN_POINT('',(-1.570796326795,0.));
#541 = VECTOR('',#542,1.);
#542 = DIRECTION('',(-0.,1.));
#543 = ( GEOMETRIC_REPRESENTATION_CONTEXT(2) 
PARAMETRIC_REPRESENTATION_CONTEXT() REPRESENTATION_CONTEXT('2D SPACE',''
  ) );
#544 = PCURVE('',#545,#550);
#545 = PLANE('',#546);
#546 = AXIS2_PLACEMENT_3D('',#547,#548,#549);
#547 = CARTESIAN_POINT('',(1.000000011686E-07,100.0000001,
    1.000000020568E-07));
#548 = DIRECTION('',(0.,1.,0.));
#549 = DIRECTION('',(0.,0.,1.));
#550 = DEFINITIONAL_REPRESENTATION('',(#551),#555);
#551 = LINE('',#552,#553);
#552 = CARTESIAN_POINT('',(2.,1.5));
#553 = VECTOR('',#554,1.);
#554 = DIRECTION('',(1.,0.));
#555 = ( GEOMETRIC_REPRESENTATION_CONTEXT(2) 
PARAMETRIC_REPRESENTATION_CONTEXT() REPRESENTATION_CONTEXT('2D SPACE',''
  ) );
#556 = ORIENTED_EDGE('',*,*,#557,.F.);
#557 = EDGE_CURVE('',#95,#530,#558,.T.);
#558 = SURFACE_CURVE('',#559,(#564,#576),.PCURVE_S1.);
#559 = ELLIPSE('',#560,2.12132034356,1.5);
#560 = AXIS2_PLACEMENT_3D('',#561,#562,#563);
#561 = CARTESIAN_POINT('',(1.5000001,98.5000001,10.5000001));
#562 = DIRECTION('',(0.,0.707106781187,-0.707106781187));
#563 = DIRECTION('',(0.,0.707106781187,0.707106781187));
#564 = PCURVE('',#110,#565);
#565 = DEFINITIONAL_REPRESENTATION('',(#566),#575);
#566 = B_SPLINE_CURVE_WITH_KNOTS('',7,(#567,#568,#569,#570,#571,#572,
    #573,#574),.UNSPECIFIED.,.F.,.F.,(8,8),(4.712388980385,6.28318530718
    ),.PIECEWISE_BEZIER_KNOTS.);
#567 = CARTESIAN_POINT('',(0.,8.5));
#568 = CARTESIAN_POINT('',(-0.224399475256,8.836599212885));
#569 = CARTESIAN_POINT('',(-0.448798950513,9.173197058979));
#570 = CARTESIAN_POINT('',(-0.673198425769,9.482120238661));
#571 = CARTESIAN_POINT('',(-0.897597901026,9.735643756939));
#572 = CARTESIAN_POINT('',(-1.121997376282,9.911876991085));
#573 = CARTESIAN_POINT('',(-1.346396851538,10.));
#574 = CARTESIAN_POINT('',(-1.570796326795,10.));
#575 = ( GEOMETRIC_REPRESENTATION_CONTEXT(2) 
PARAMETRIC_REPRESENTATION_CONTEXT() REPRESENTATION_CONTEXT('2D SPACE',''
  ) );
#576 = PCURVE('',#138,#577);
#577 = DEFINITIONAL_REPRESENTATION('',(#578),#587);
#578 = B_SPLINE_CURVE_WITH_KNOTS('',7,(#579,#580,#581,#582,#583,#584,
    #585,#586),.UNSPECIFIED.,.F.,.F.,(8,8),(4.712388980385,6.28318530718
    ),.PIECEWISE_BEZIER_KNOTS.);
#579 = CARTESIAN_POINT('',(0.,98.5));
#580 = CARTESIAN_POINT('',(0.224399475256,98.836599212885));
#581 = CARTESIAN_POINT('',(0.448798950513,99.173197058966));
#582 = CARTESIAN_POINT('',(0.673198425769,99.482120238688));
#583 = CARTESIAN_POINT('',(0.897597901026,99.735643756916));
#584 = CARTESIAN_POINT('',(1.121997376282,99.911876991096));
#585 = CARTESIAN_POINT('',(1.346396851538,100.));
#586 = CARTESIAN_POINT('',(1.570796326795,100.));
#587 = ( GEOMETRIC_REPRESENTATION_CONTEXT(2) 
PARAMETRIC_REPRESENTATION_CONTEXT() REPRESENTATION_CONTEXT('2D SPACE',''
  ) );
#588 = ORIENTED_EDGE('',*,*,#94,.F.);
#589 = ADVANCED_FACE('',(#590),#138,.T.);
#590 = FACE_BOUND('',#591,.T.);
#591 = EDGE_LOOP('',(#592,#593,#619,#620));
#592 = ORIENTED_EDGE('',*,*,#463,.T.);
#593 = ORIENTED_EDGE('',*,*,#594,.T.);
#594 = EDGE_CURVE('',#436,#530,#595,.T.);
#595 = SURFACE_CURVE('',#596,(#600,#607),.PCURVE_S1.);
#596 = LINE('',#597,#598);
#597 = CARTESIAN_POINT('',(1.5000001,1.000000011686E-07,12.0000001));
#598 = VECTOR('',#599,1.);
#599 = DIRECTION('',(0.,1.,0.));
#600 = PCURVE('',#138,#601);
#601 = DEFINITIONAL_REPRESENTATION('',(#602),#606);
#602 = LINE('',#603,#604);
#603 = CARTESIAN_POINT('',(1.570796326795,0.));
#604 = VECTOR('',#605,1.);
#605 = DIRECTION('',(0.,1.));
#606 = ( GEOMETRIC_REPRESENTATION_CONTEXT(2) 
PARAMETRIC_REPRESENTATION_CONTEXT() REPRESENTATION_CONTEXT('2D SPACE',''
  ) );
#607 = PCURVE('',#608,#613);
#608 = PLANE('',#609);
#609 = AXIS2_PLACEMENT_3D('',#610,#611,#612);
#610 = CARTESIAN_POINT('',(1.000000011686E-07,1.000000011686E-07,
    12.0000001));
#611 = DIRECTION('',(0.,0.,1.));
#612 = DIRECTION('',(1.,0.,0.));
#613 = DEFINITIONAL_REPRESENTATION('',(#614),#618);
#614 = LINE('',#615,#616);
#615 = CARTESIAN_POINT('',(1.5,0.));
#616 = VECTOR('',#617,1.);
#617 = DIRECTION('',(0.,1.));
#618 = ( GEOMETRIC_REPRESENTATION_CONTEXT(2) 
PARAMETRIC_REPRESENTATION_CONTEXT() REPRESENTATION_CONTEXT('2D SPACE',''
  ) );
#619 = ORIENTED_EDGE('',*,*,#557,.F.);
#620 = ORIENTED_EDGE('',*,*,#122,.F.);
#621 = ADVANCED_FACE('',(#622),#222,.T.);
#622 = FACE_BOUND('',#623,.T.);
#623 = EDGE_LOOP('',(#624,#676,#677));
#624 = ORIENTED_EDGE('',*,*,#625,.T.);
#625 = EDGE_CURVE('',#181,#406,#626,.T.);
#626 = SURFACE_CURVE('',#627,(#644,#651),.PCURVE_S1.);
#627 = ( BOUNDED_CURVE() B_SPLINE_CURVE(8,(#628,#629,#630,#631,#632,#633
    ,#634,#635,#636,#637,#638,#639,#640,#641,#642,#643),.UNSPECIFIED.,
.F.,.F.) B_SPLINE_CURVE_WITH_KNOTS((9,7,9),(0.,1.910098894519,
3.820197789037),.UNSPECIFIED.) CURVE() GEOMETRIC_REPRESENTATION_ITEM() 
RATIONAL_B_SPLINE_CURVE((1.,1.,1.,1.,1.,1.,1.,1.,1.,1.,1.,1.,1.,1.,1.,1.
)) REPRESENTATION_ITEM('') );
#628 = CARTESIAN_POINT('',(2.0000001,2.0000001,1.000000020568E-07));
#629 = CARTESIAN_POINT('',(1.921460643205,1.68584227282,
    1.000000056095E-07));
#630 = CARTESIAN_POINT('',(1.842810622421,1.371577012215,
    5.629043808444E-02));
#631 = CARTESIAN_POINT('',(1.770040277068,1.071723795614,0.169532876981)
  );
#632 = CARTESIAN_POINT('',(1.706932011371,0.798789199712,0.33287113424)
  );
#633 = CARTESIAN_POINT('',(1.659897523577,0.566971479462,0.538641819618)
  );
#634 = CARTESIAN_POINT('',(1.631962847342,0.386896495424,0.768885668274)
  );
#635 = CARTESIAN_POINT('',(1.617138984284,0.258697896976,0.992438800398)
  );
#636 = CARTESIAN_POINT('',(1.595692629059,8.281104077964E-02,
    1.390328675446));
#637 = CARTESIAN_POINT('',(1.589102043244,3.515155073809E-02,
    1.564716177058));
#638 = CARTESIAN_POINT('',(1.579423245551,1.837398475435E-02,
    1.696769023855));
#639 = CARTESIAN_POINT('',(1.553737805687,9.499421378827E-03,
    1.77869019135));
#640 = CARTESIAN_POINT('',(1.529004202379,3.912479694769E-03,
    1.847692976745));
#641 = CARTESIAN_POINT('',(1.509631754081,1.433816052604E-03,
    1.901681776015));
#642 = CARTESIAN_POINT('',(1.5000001,1.000000011686E-07,1.950912939503)
  );
#643 = CARTESIAN_POINT('',(1.5000001,1.000000011686E-07,2.0000001));
#644 = PCURVE('',#222,#645);
#645 = DEFINITIONAL_REPRESENTATION('',(#646),#650);
#646 = LINE('',#647,#648);
#647 = CARTESIAN_POINT('',(3.820197789037,0.));
#648 = VECTOR('',#649,1.);
#649 = DIRECTION('',(0.,1.));
#650 = ( GEOMETRIC_REPRESENTATION_CONTEXT(2) 
PARAMETRIC_REPRESENTATION_CONTEXT() REPRESENTATION_CONTEXT('2D SPACE',''
  ) );
#651 = PCURVE('',#652,#657);
#652 = CYLINDRICAL_SURFACE('',#653,2.);
#653 = AXIS2_PLACEMENT_3D('',#654,#655,#656);
#654 = CARTESIAN_POINT('',(1.000000011686E-07,2.0000001,2.0000001));
#655 = DIRECTION('',(1.,0.,0.));
#656 = DIRECTION('',(0.,-1.,0.));
#657 = DEFINITIONAL_REPRESENTATION('',(#658),#675);
#658 = B_SPLINE_CURVE_WITH_KNOTS('',8,(#659,#660,#661,#662,#663,#664,
    #665,#666,#667,#668,#669,#670,#671,#672,#673,#674),.UNSPECIFIED.,.F.
  ,.F.,(9,7,9),(0.,1.910098894519,3.820197789037),.UNSPECIFIED.);
#659 = CARTESIAN_POINT('',(1.570796326795,2.));
#660 = CARTESIAN_POINT('',(1.413717413205,1.921460543205));
#661 = CARTESIAN_POINT('',(1.25660397228,1.84277553931));
#662 = CARTESIAN_POINT('',(1.100707588483,1.770140167433));
#663 = CARTESIAN_POINT('',(0.946536431229,1.706808744708));
#664 = CARTESIAN_POINT('',(0.796830403223,1.659973684214));
#665 = CARTESIAN_POINT('',(0.653114842832,1.631942420899));
#666 = CARTESIAN_POINT('',(0.524979542617,1.617138817583));
#667 = CARTESIAN_POINT('',(0.307465069278,1.59569259576));
#668 = CARTESIAN_POINT('',(0.218111034581,1.589102418754));
#669 = CARTESIAN_POINT('',(0.152172870982,1.579421711561));
#670 = CARTESIAN_POINT('',(0.110570033964,1.553738943526));
#671 = CARTESIAN_POINT('',(7.625049916366E-02,1.529004033831));
#672 = CARTESIAN_POINT('',(4.91430114844E-02,1.509631360198));
#673 = CARTESIAN_POINT('',(2.454358024842E-02,1.5));
#674 = CARTESIAN_POINT('',(-2.914335439641E-16,1.5));
#675 = ( GEOMETRIC_REPRESENTATION_CONTEXT(2) 
PARAMETRIC_REPRESENTATION_CONTEXT() REPRESENTATION_CONTEXT('2D SPACE',''
  ) );
#676 = ORIENTED_EDGE('',*,*,#405,.F.);
#677 = ORIENTED_EDGE('',*,*,#180,.F.);
#678 = ADVANCED_FACE('',(#679),#346,.F.);
#679 = FACE_BOUND('',#680,.F.);
#680 = EDGE_LOOP('',(#681,#733,#734));
#681 = ORIENTED_EDGE('',*,*,#682,.T.);
#682 = EDGE_CURVE('',#279,#500,#683,.T.);
#683 = SURFACE_CURVE('',#684,(#701,#708),.PCURVE_S1.);
#684 = ( BOUNDED_CURVE() B_SPLINE_CURVE(8,(#685,#686,#687,#688,#689,#690
    ,#691,#692,#693,#694,#695,#696,#697,#698,#699,#700),.UNSPECIFIED.,
.F.,.F.) B_SPLINE_CURVE_WITH_KNOTS((9,7,9),(0.,1.910098894519,
3.820197789037),.UNSPECIFIED.) CURVE() GEOMETRIC_REPRESENTATION_ITEM() 
RATIONAL_B_SPLINE_CURVE((1.,1.,1.,1.,1.,1.,1.,1.,1.,1.,1.,1.,1.,1.,1.,1.
)) REPRESENTATION_ITEM('') );
#685 = CARTESIAN_POINT('',(2.0000001,98.0000001,1.000000020568E-07));
#686 = CARTESIAN_POINT('',(1.921460643205,98.31415792718,
    1.000000038331E-07));
#687 = CARTESIAN_POINT('',(1.842810622421,98.628423187785,
    5.629043808445E-02));
#688 = CARTESIAN_POINT('',(1.770040277068,98.928276404386,0.169532876981
    ));
#689 = CARTESIAN_POINT('',(1.706932011371,99.201211000288,0.33287113424)
  );
#690 = CARTESIAN_POINT('',(1.659897523577,99.433028720538,0.538641819618
    ));
#691 = CARTESIAN_POINT('',(1.631962847342,99.613103704575,0.768885668274
    ));
#692 = CARTESIAN_POINT('',(1.617138984284,99.741302303024,0.992438800398
    ));
#693 = CARTESIAN_POINT('',(1.595692629059,99.91718915922,1.390328675446)
  );
#694 = CARTESIAN_POINT('',(1.589102043244,99.964848649262,1.564716177058
    ));
#695 = CARTESIAN_POINT('',(1.579423245551,99.981626215246,1.696769023855
    ));
#696 = CARTESIAN_POINT('',(1.553737805686,99.990500778621,1.77869019135)
  );
#697 = CARTESIAN_POINT('',(1.529004202379,99.996087720305,1.847692976745
    ));
#698 = CARTESIAN_POINT('',(1.509631754081,99.998566383947,1.901681776015
    ));
#699 = CARTESIAN_POINT('',(1.5000001,100.0000001,1.950912939503));
#700 = CARTESIAN_POINT('',(1.5000001,100.0000001,2.0000001));
#701 = PCURVE('',#346,#702);
#702 = DEFINITIONAL_REPRESENTATION('',(#703),#707);
#703 = LINE('',#704,#705);
#704 = CARTESIAN_POINT('',(3.820197789037,0.));
#705 = VECTOR('',#706,1.);
#706 = DIRECTION('',(0.,1.));
#707 = ( GEOMETRIC_REPRESENTATION_CONTEXT(2) 
PARAMETRIC_REPRESENTATION_CONTEXT() REPRESENTATION_CONTEXT('2D SPACE',''
  ) );
#708 = PCURVE('',#709,#714);
#709 = CYLINDRICAL_SURFACE('',#710,2.);
#710 = AXIS2_PLACEMENT_3D('',#711,#712,#713);
#711 = CARTESIAN_POINT('',(1.000000011686E-07,98.0000001,2.0000001));
#712 = DIRECTION('',(1.,0.,0.));
#713 = DIRECTION('',(-0.,1.,0.));
#714 = DEFINITIONAL_REPRESENTATION('',(#715),#732);
#715 = B_SPLINE_CURVE_WITH_KNOTS('',8,(#716,#717,#718,#719,#720,#721,
    #722,#723,#724,#725,#726,#727,#728,#729,#730,#731),.UNSPECIFIED.,.F.
  ,.F.,(9,7,9),(0.,1.910098894519,3.820197789037),.UNSPECIFIED.);
#716 = CARTESIAN_POINT('',(-1.570796326795,2.));
#717 = CARTESIAN_POINT('',(-1.413717413205,1.921460543205));
#718 = CARTESIAN_POINT('',(-1.25660397228,1.84277553931));
#719 = CARTESIAN_POINT('',(-1.100707588483,1.770140167433));
#720 = CARTESIAN_POINT('',(-0.946536431229,1.706808744708));
#721 = CARTESIAN_POINT('',(-0.796830403223,1.659973684214));
#722 = CARTESIAN_POINT('',(-0.653114842832,1.631942420899));
#723 = CARTESIAN_POINT('',(-0.524979542617,1.617138817583));
#724 = CARTESIAN_POINT('',(-0.307465069278,1.59569259576));
#725 = CARTESIAN_POINT('',(-0.218111034581,1.589102418754));
#726 = CARTESIAN_POINT('',(-0.152172870981,1.579421711561));
#727 = CARTESIAN_POINT('',(-0.110570033964,1.553738943526));
#728 = CARTESIAN_POINT('',(-7.62504991636E-02,1.529004033831));
#729 = CARTESIAN_POINT('',(-4.914301148442E-02,1.509631360198));
#730 = CARTESIAN_POINT('',(-2.454358024843E-02,1.5));
#731 = CARTESIAN_POINT('',(2.775557561563E-16,1.5));
#732 = ( GEOMETRIC_REPRESENTATION_CONTEXT(2) 
PARAMETRIC_REPRESENTATION_CONTEXT() REPRESENTATION_CONTEXT('2D SPACE',''
  ) );
#733 = ORIENTED_EDGE('',*,*,#499,.F.);
#734 = ORIENTED_EDGE('',*,*,#306,.F.);
#735 = ADVANCED_FACE('',(#736),#294,.F.);
#736 = FACE_BOUND('',#737,.F.);
#737 = EDGE_LOOP('',(#738,#739,#762,#790));
#738 = ORIENTED_EDGE('',*,*,#278,.F.);
#739 = ORIENTED_EDGE('',*,*,#740,.T.);
#740 = EDGE_CURVE('',#181,#741,#743,.T.);
#741 = VERTEX_POINT('',#742);
#742 = CARTESIAN_POINT('',(118.0000001,2.0000001,1.000000020568E-07));
#743 = SURFACE_CURVE('',#744,(#748,#755),.PCURVE_S1.);
#744 = LINE('',#745,#746);
#745 = CARTESIAN_POINT('',(1.000000011686E-07,2.0000001,
    1.000000020568E-07));
#746 = VECTOR('',#747,1.);
#747 = DIRECTION('',(1.,0.,0.));
#748 = PCURVE('',#294,#749);
#749 = DEFINITIONAL_REPRESENTATION('',(#750),#754);
#750 = LINE('',#751,#752);
#751 = CARTESIAN_POINT('',(0.,2.));
#752 = VECTOR('',#753,1.);
#753 = DIRECTION('',(1.,0.));
#754 = ( GEOMETRIC_REPRESENTATION_CONTEXT(2) 
PARAMETRIC_REPRESENTATION_CONTEXT() REPRESENTATION_CONTEXT('2D SPACE',''
  ) );
#755 = PCURVE('',#652,#756);
#756 = DEFINITIONAL_REPRESENTATION('',(#757),#761);
#757 = LINE('',#758,#759);
#758 = CARTESIAN_POINT('',(1.570796326795,0.));
#759 = VECTOR('',#760,1.);
#760 = DIRECTION('',(0.,1.));
#761 = ( GEOMETRIC_REPRESENTATION_CONTEXT(2) 
PARAMETRIC_REPRESENTATION_CONTEXT() REPRESENTATION_CONTEXT('2D SPACE',''
  ) );
#762 = ORIENTED_EDGE('',*,*,#763,.T.);
#763 = EDGE_CURVE('',#741,#764,#766,.T.);
#764 = VERTEX_POINT('',#765);
#765 = CARTESIAN_POINT('',(118.0000001,98.0000001,1.000000020568E-07));
#766 = SURFACE_CURVE('',#767,(#771,#778),.PCURVE_S1.);
#767 = LINE('',#768,#769);
#768 = CARTESIAN_POINT('',(118.0000001,1.000000011686E-07,
    1.000000020568E-07));
#769 = VECTOR('',#770,1.);
#770 = DIRECTION('',(0.,1.,0.));
#771 = PCURVE('',#294,#772);
#772 = DEFINITIONAL_REPRESENTATION('',(#773),#777);
#773 = LINE('',#774,#775);
#774 = CARTESIAN_POINT('',(118.,0.));
#775 = VECTOR('',#776,1.);
#776 = DIRECTION('',(0.,1.));
#777 = ( GEOMETRIC_REPRESENTATION_CONTEXT(2) 
PARAMETRIC_REPRESENTATION_CONTEXT() REPRESENTATION_CONTEXT('2D SPACE',''
  ) );
#778 = PCURVE('',#779,#784);
#779 = CYLINDRICAL_SURFACE('',#780,2.);
#780 = AXIS2_PLACEMENT_3D('',#781,#782,#783);
#781 = CARTESIAN_POINT('',(118.0000001,1.000000011686E-07,2.0000001));
#782 = DIRECTION('',(0.,1.,0.));
#783 = DIRECTION('',(1.,0.,-0.));
#784 = DEFINITIONAL_REPRESENTATION('',(#785),#789);
#785 = LINE('',#786,#787);
#786 = CARTESIAN_POINT('',(1.570796326795,0.));
#787 = VECTOR('',#788,1.);
#788 = DIRECTION('',(0.,1.));
#789 = ( GEOMETRIC_REPRESENTATION_CONTEXT(2) 
PARAMETRIC_REPRESENTATION_CONTEXT() REPRESENTATION_CONTEXT('2D SPACE',''
  ) );
#790 = ORIENTED_EDGE('',*,*,#791,.F.);
#791 = EDGE_CURVE('',#279,#764,#792,.T.);
#792 = SURFACE_CURVE('',#793,(#797,#804),.PCURVE_S1.);
#793 = LINE('',#794,#795);
#794 = CARTESIAN_POINT('',(1.000000011686E-07,98.0000001,
    1.000000020568E-07));
#795 = VECTOR('',#796,1.);
#796 = DIRECTION('',(1.,0.,0.));
#797 = PCURVE('',#294,#798);
#798 = DEFINITIONAL_REPRESENTATION('',(#799),#803);
#799 = LINE('',#800,#801);
#800 = CARTESIAN_POINT('',(0.,98.));
#801 = VECTOR('',#802,1.);
#802 = DIRECTION('',(1.,0.));
#803 = ( GEOMETRIC_REPRESENTATION_CONTEXT(2) 
PARAMETRIC_REPRESENTATION_CONTEXT() REPRESENTATION_CONTEXT('2D SPACE',''
  ) );
#804 = PCURVE('',#709,#805);
#805 = DEFINITIONAL_REPRESENTATION('',(#806),#810);
#806 = LINE('',#807,#808);
#807 = CARTESIAN_POINT('',(-1.570796326795,0.));
#808 = VECTOR('',#809,1.);
#809 = DIRECTION('',(-0.,1.));
#810 = ( GEOMETRIC_REPRESENTATION_CONTEXT(2) 
PARAMETRIC_REPRESENTATION_CONTEXT() REPRESENTATION_CONTEXT('2D SPACE',''
  ) );
#811 = ADVANCED_FACE('',(#812),#451,.F.);
#812 = FACE_BOUND('',#813,.F.);
#813 = EDGE_LOOP('',(#814,#837,#838,#861));
#814 = ORIENTED_EDGE('',*,*,#815,.F.);
#815 = EDGE_CURVE('',#406,#816,#818,.T.);
#816 = VERTEX_POINT('',#817);
#817 = CARTESIAN_POINT('',(120.0000001,1.000000011686E-07,2.0000001));
#818 = SURFACE_CURVE('',#819,(#823,#830),.PCURVE_S1.);
#819 = LINE('',#820,#821);
#820 = CARTESIAN_POINT('',(1.000000011686E-07,1.000000011686E-07,
    2.0000001));
#821 = VECTOR('',#822,1.);
#822 = DIRECTION('',(1.,0.,0.));
#823 = PCURVE('',#451,#824);
#824 = DEFINITIONAL_REPRESENTATION('',(#825),#829);
#825 = LINE('',#826,#827);
#826 = CARTESIAN_POINT('',(2.,0.));
#827 = VECTOR('',#828,1.);
#828 = DIRECTION('',(0.,1.));
#829 = ( GEOMETRIC_REPRESENTATION_CONTEXT(2) 
PARAMETRIC_REPRESENTATION_CONTEXT() REPRESENTATION_CONTEXT('2D SPACE',''
  ) );
#830 = PCURVE('',#652,#831);
#831 = DEFINITIONAL_REPRESENTATION('',(#832),#836);
#832 = LINE('',#833,#834);
#833 = CARTESIAN_POINT('',(0.,0.));
#834 = VECTOR('',#835,1.);
#835 = DIRECTION('',(0.,1.));
#836 = ( GEOMETRIC_REPRESENTATION_CONTEXT(2) 
PARAMETRIC_REPRESENTATION_CONTEXT() REPRESENTATION_CONTEXT('2D SPACE',''
  ) );
#837 = ORIENTED_EDGE('',*,*,#435,.T.);
#838 = ORIENTED_EDGE('',*,*,#839,.T.);
#839 = EDGE_CURVE('',#436,#840,#842,.T.);
#840 = VERTEX_POINT('',#841);
#841 = CARTESIAN_POINT('',(120.0000001,1.000000011686E-07,12.0000001));
#842 = SURFACE_CURVE('',#843,(#847,#854),.PCURVE_S1.);
#843 = LINE('',#844,#845);
#844 = CARTESIAN_POINT('',(1.000000011686E-07,1.000000011686E-07,
    12.0000001));
#845 = VECTOR('',#846,1.);
#846 = DIRECTION('',(1.,0.,0.));
#847 = PCURVE('',#451,#848);
#848 = DEFINITIONAL_REPRESENTATION('',(#849),#853);
#849 = LINE('',#850,#851);
#850 = CARTESIAN_POINT('',(12.,0.));
#851 = VECTOR('',#852,1.);
#852 = DIRECTION('',(0.,1.));
#853 = ( GEOMETRIC_REPRESENTATION_CONTEXT(2) 
PARAMETRIC_REPRESENTATION_CONTEXT() REPRESENTATION_CONTEXT('2D SPACE',''
  ) );
#854 = PCURVE('',#608,#855);
#855 = DEFINITIONAL_REPRESENTATION('',(#856),#860);
#856 = LINE('',#857,#858);
#857 = CARTESIAN_POINT('',(0.,0.));
#858 = VECTOR('',#859,1.);
#859 = DIRECTION('',(1.,0.));
#860 = ( GEOMETRIC_REPRESENTATION_CONTEXT(2) 
PARAMETRIC_REPRESENTATION_CONTEXT() REPRESENTATION_CONTEXT('2D SPACE',''
  ) );
#861 = ORIENTED_EDGE('',*,*,#862,.F.);
#862 = EDGE_CURVE('',#816,#840,#863,.T.);
#863 = SURFACE_CURVE('',#864,(#868,#875),.PCURVE_S1.);
#864 = LINE('',#865,#866);
#865 = CARTESIAN_POINT('',(120.0000001,1.000000011686E-07,
    1.000000020568E-07));
#866 = VECTOR('',#867,1.);
#867 = DIRECTION('',(0.,0.,1.));
#868 = PCURVE('',#451,#869);
#869 = DEFINITIONAL_REPRESENTATION('',(#870),#874);
#870 = LINE('',#871,#872);
#871 = CARTESIAN_POINT('',(0.,120.));
#872 = VECTOR('',#873,1.);
#873 = DIRECTION('',(1.,0.));
#874 = ( GEOMETRIC_REPRESENTATION_CONTEXT(2) 
PARAMETRIC_REPRESENTATION_CONTEXT() REPRESENTATION_CONTEXT('2D SPACE',''
  ) );
#875 = PCURVE('',#876,#881);
#876 = PLANE('',#877);
#877 = AXIS2_PLACEMENT_3D('',#878,#879,#880);
#878 = CARTESIAN_POINT('',(120.0000001,1.000000011686E-07,
    1.000000020568E-07));
#879 = DIRECTION('',(1.,0.,0.));
#880 = DIRECTION('',(0.,0.,1.));
#881 = DEFINITIONAL_REPRESENTATION('',(#882),#886);
#882 = LINE('',#883,#884);
#883 = CARTESIAN_POINT('',(0.,0.));
#884 = VECTOR('',#885,1.);
#885 = DIRECTION('',(1.,0.));
#886 = ( GEOMETRIC_REPRESENTATION_CONTEXT(2) 
PARAMETRIC_REPRESENTATION_CONTEXT() REPRESENTATION_CONTEXT('2D SPACE',''
  ) );
#887 = ADVANCED_FACE('',(#888),#545,.T.);
#888 = FACE_BOUND('',#889,.T.);
#889 = EDGE_LOOP('',(#890,#913,#914,#937));
#890 = ORIENTED_EDGE('',*,*,#891,.F.);
#891 = EDGE_CURVE('',#500,#892,#894,.T.);
#892 = VERTEX_POINT('',#893);
#893 = CARTESIAN_POINT('',(120.0000001,100.0000001,2.0000001));
#894 = SURFACE_CURVE('',#895,(#899,#906),.PCURVE_S1.);
#895 = LINE('',#896,#897);
#896 = CARTESIAN_POINT('',(1.000000011686E-07,100.0000001,2.0000001));
#897 = VECTOR('',#898,1.);
#898 = DIRECTION('',(1.,0.,0.));
#899 = PCURVE('',#545,#900);
#900 = DEFINITIONAL_REPRESENTATION('',(#901),#905);
#901 = LINE('',#902,#903);
#902 = CARTESIAN_POINT('',(2.,0.));
#903 = VECTOR('',#904,1.);
#904 = DIRECTION('',(0.,1.));
#905 = ( GEOMETRIC_REPRESENTATION_CONTEXT(2) 
PARAMETRIC_REPRESENTATION_CONTEXT() REPRESENTATION_CONTEXT('2D SPACE',''
  ) );
#906 = PCURVE('',#709,#907);
#907 = DEFINITIONAL_REPRESENTATION('',(#908),#912);
#908 = LINE('',#909,#910);
#909 = CARTESIAN_POINT('',(-0.,0.));
#910 = VECTOR('',#911,1.);
#911 = DIRECTION('',(-0.,1.));
#912 = ( GEOMETRIC_REPRESENTATION_CONTEXT(2) 
PARAMETRIC_REPRESENTATION_CONTEXT() REPRESENTATION_CONTEXT('2D SPACE',''
  ) );
#913 = ORIENTED_EDGE('',*,*,#529,.T.);
#914 = ORIENTED_EDGE('',*,*,#915,.T.);
#915 = EDGE_CURVE('',#530,#916,#918,.T.);
#916 = VERTEX_POINT('',#917);
#917 = CARTESIAN_POINT('',(120.0000001,100.0000001,12.0000001));
#918 = SURFACE_CURVE('',#919,(#923,#930),.PCURVE_S1.);
#919 = LINE('',#920,#921);
#920 = CARTESIAN_POINT('',(1.000000011686E-07,100.0000001,12.0000001));
#921 = VECTOR('',#922,1.);
#922 = DIRECTION('',(1.,0.,0.));
#923 = PCURVE('',#545,#924);
#924 = DEFINITIONAL_REPRESENTATION('',(#925),#929);
#925 = LINE('',#926,#927);
#926 = CARTESIAN_POINT('',(12.,0.));
#927 = VECTOR('',#928,1.);
#928 = DIRECTION('',(0.,1.));
#929 = ( GEOMETRIC_REPRESENTATION_CONTEXT(2) 
PARAMETRIC_REPRESENTATION_CONTEXT() REPRESENTATION_CONTEXT('2D SPACE',''
  ) );
#930 = PCURVE('',#608,#931);
#931 = DEFINITIONAL_REPRESENTATION('',(#932),#936);
#932 = LINE('',#933,#934);
#933 = CARTESIAN_POINT('',(0.,100.));
#934 = VECTOR('',#935,1.);
#935 = DIRECTION('',(1.,0.));
#936 = ( GEOMETRIC_REPRESENTATION_CONTEXT(2) 
PARAMETRIC_REPRESENTATION_CONTEXT() REPRESENTATION_CONTEXT('2D SPACE',''
  ) );
#937 = ORIENTED_EDGE('',*,*,#938,.F.);
#938 = EDGE_CURVE('',#892,#916,#939,.T.);
#939 = SURFACE_CURVE('',#940,(#944,#951),.PCURVE_S1.);
#940 = LINE('',#941,#942);
#941 = CARTESIAN_POINT('',(120.0000001,100.0000001,1.000000020568E-07));
#942 = VECTOR('',#943,1.);
#943 = DIRECTION('',(0.,0.,1.));
#944 = PCURVE('',#545,#945);
#945 = DEFINITIONAL_REPRESENTATION('',(#946),#950);
#946 = LINE('',#947,#948);
#947 = CARTESIAN_POINT('',(0.,120.));
#948 = VECTOR('',#949,1.);
#949 = DIRECTION('',(1.,0.));
#950 = ( GEOMETRIC_REPRESENTATION_CONTEXT(2) 
PARAMETRIC_REPRESENTATION_CONTEXT() REPRESENTATION_CONTEXT('2D SPACE',''
  ) );
#951 = PCURVE('',#876,#952);
#952 = DEFINITIONAL_REPRESENTATION('',(#953),#957);
#953 = LINE('',#954,#955);
#954 = CARTESIAN_POINT('',(0.,-100.));
#955 = VECTOR('',#956,1.);
#956 = DIRECTION('',(1.,0.));
#957 = ( GEOMETRIC_REPRESENTATION_CONTEXT(2) 
PARAMETRIC_REPRESENTATION_CONTEXT() REPRESENTATION_CONTEXT('2D SPACE',''
  ) );
#958 = ADVANCED_FACE('',(#959),#608,.T.);
#959 = FACE_BOUND('',#960,.T.);
#960 = EDGE_LOOP('',(#961,#962,#963,#964));
#961 = ORIENTED_EDGE('',*,*,#915,.F.);
#962 = ORIENTED_EDGE('',*,*,#594,.F.);
#963 = ORIENTED_EDGE('',*,*,#839,.T.);
#964 = ORIENTED_EDGE('',*,*,#965,.T.);
#965 = EDGE_CURVE('',#840,#916,#966,.T.);
#966 = SURFACE_CURVE('',#967,(#971,#978),.PCURVE_S1.);
#967 = LINE('',#968,#969);
#968 = CARTESIAN_POINT('',(120.0000001,1.000000011686E-07,12.0000001));
#969 = VECTOR('',#970,1.);
#970 = DIRECTION('',(0.,1.,0.));
#971 = PCURVE('',#608,#972);
#972 = DEFINITIONAL_REPRESENTATION('',(#973),#977);
#973 = LINE('',#974,#975);
#974 = CARTESIAN_POINT('',(120.,0.));
#975 = VECTOR('',#976,1.);
#976 = DIRECTION('',(0.,1.));
#977 = ( GEOMETRIC_REPRESENTATION_CONTEXT(2) 
PARAMETRIC_REPRESENTATION_CONTEXT() REPRESENTATION_CONTEXT('2D SPACE',''
  ) );
#978 = PCURVE('',#876,#979);
#979 = DEFINITIONAL_REPRESENTATION('',(#980),#984);
#980 = LINE('',#981,#982);
#981 = CARTESIAN_POINT('',(12.,0.));
#982 = VECTOR('',#983,1.);
#983 = DIRECTION('',(0.,-1.));
#984 = ( GEOMETRIC_REPRESENTATION_CONTEXT(2) 
PARAMETRIC_REPRESENTATION_CONTEXT() REPRESENTATION_CONTEXT('2D SPACE',''
  ) );
#985 = ADVANCED_FACE('',(#986),#652,.T.);
#986 = FACE_BOUND('',#987,.T.);
#987 = EDGE_LOOP('',(#988,#989,#990,#991));
#988 = ORIENTED_EDGE('',*,*,#815,.F.);
#989 = ORIENTED_EDGE('',*,*,#625,.F.);
#990 = ORIENTED_EDGE('',*,*,#740,.T.);
#991 = ORIENTED_EDGE('',*,*,#992,.F.);
#992 = EDGE_CURVE('',#816,#741,#993,.T.);
#993 = SURFACE_CURVE('',#994,(#999,#1011),.PCURVE_S1.);
#994 = ELLIPSE('',#995,2.828427124746,2.);
#995 = AXIS2_PLACEMENT_3D('',#996,#997,#998);
#996 = CARTESIAN_POINT('',(118.0000001,2.0000001,2.0000001));
#997 = DIRECTION('',(0.707106781187,0.707106781187,0.));
#998 = DIRECTION('',(-0.707106781187,0.707106781187,0.));
#999 = PCURVE('',#652,#1000);
#1000 = DEFINITIONAL_REPRESENTATION('',(#1001),#1010);
#1001 = B_SPLINE_CURVE_WITH_KNOTS('',7,(#1002,#1003,#1004,#1005,#1006,
    #1007,#1008,#1009),.UNSPECIFIED.,.F.,.F.,(8,8),(3.14159265359,
    4.712388980385),.PIECEWISE_BEZIER_KNOTS.);
#1002 = CARTESIAN_POINT('',(0.,120.));
#1003 = CARTESIAN_POINT('',(0.224399475256,119.99999999999));
#1004 = CARTESIAN_POINT('',(0.448799055754,119.88250246286));
#1005 = CARTESIAN_POINT('',(0.673198288163,119.64752534348));
#1006 = CARTESIAN_POINT('',(0.897597857646,119.30949357379));
#1007 = CARTESIAN_POINT('',(1.1219974504,118.8975960169));
#1008 = CARTESIAN_POINT('',(1.346396851539,118.44879895051));
#1009 = CARTESIAN_POINT('',(1.570796326795,118.));
#1010 = ( GEOMETRIC_REPRESENTATION_CONTEXT(2) 
PARAMETRIC_REPRESENTATION_CONTEXT() REPRESENTATION_CONTEXT('2D SPACE',''
  ) );
#1011 = PCURVE('',#779,#1012);
#1012 = DEFINITIONAL_REPRESENTATION('',(#1013),#1022);
#1013 = B_SPLINE_CURVE_WITH_KNOTS('',7,(#1014,#1015,#1016,#1017,#1018,
    #1019,#1020,#1021),.UNSPECIFIED.,.F.,.F.,(8,8),(3.14159265359,
    4.712388980385),.PIECEWISE_BEZIER_KNOTS.);
#1014 = CARTESIAN_POINT('',(-1.110223024625E-16,1.110223024625E-16));
#1015 = CARTESIAN_POINT('',(0.224399475256,-5.693819385622E-15));
#1016 = CARTESIAN_POINT('',(0.448799055753,0.117497537152));
#1017 = CARTESIAN_POINT('',(0.673198288166,0.352474656493));
#1018 = CARTESIAN_POINT('',(0.897597857639,0.690506426235));
#1019 = CARTESIAN_POINT('',(1.121997450403,1.102403983079));
#1020 = CARTESIAN_POINT('',(1.346396851538,1.551201049487));
#1021 = CARTESIAN_POINT('',(1.570796326795,2.));
#1022 = ( GEOMETRIC_REPRESENTATION_CONTEXT(2) 
PARAMETRIC_REPRESENTATION_CONTEXT() REPRESENTATION_CONTEXT('2D SPACE',''
  ) );
#1023 = ADVANCED_FACE('',(#1024),#709,.T.);
#1024 = FACE_BOUND('',#1025,.F.);
#1025 = EDGE_LOOP('',(#1026,#1027,#1028,#1029));
#1026 = ORIENTED_EDGE('',*,*,#891,.F.);
#1027 = ORIENTED_EDGE('',*,*,#682,.F.);
#1028 = ORIENTED_EDGE('',*,*,#791,.T.);
#1029 = ORIENTED_EDGE('',*,*,#1030,.F.);
#1030 = EDGE_CURVE('',#892,#764,#1031,.T.);
#1031 = SURFACE_CURVE('',#1032,(#1037,#1049),.PCURVE_S1.);
#1032 = ELLIPSE('',#1033,2.828427124746,2.);
#1033 = AXIS2_PLACEMENT_3D('',#1034,#1035,#1036);
#1034 = CARTESIAN_POINT('',(118.0000001,98.0000001,2.0000001));
#1035 = DIRECTION('',(-0.707106781187,0.707106781187,0.));
#1036 = DIRECTION('',(0.707106781187,0.707106781187,0.));
#1037 = PCURVE('',#709,#1038);
#1038 = DEFINITIONAL_REPRESENTATION('',(#1039),#1048);
#1039 = B_SPLINE_CURVE_WITH_KNOTS('',7,(#1040,#1041,#1042,#1043,#1044,
    #1045,#1046,#1047),.UNSPECIFIED.,.F.,.F.,(8,8),(0.,1.570796326795),
  .PIECEWISE_BEZIER_KNOTS.);
#1040 = CARTESIAN_POINT('',(0.,120.));
#1041 = CARTESIAN_POINT('',(-0.224399475256,120.));
#1042 = CARTESIAN_POINT('',(-0.44879905575,119.88250246283));
#1043 = CARTESIAN_POINT('',(-0.673198288173,119.64752534354));
#1044 = CARTESIAN_POINT('',(-0.897597857639,119.30949357374));
#1045 = CARTESIAN_POINT('',(-1.121997450403,118.89759601693));
#1046 = CARTESIAN_POINT('',(-1.346396851538,118.44879895051));
#1047 = CARTESIAN_POINT('',(-1.570796326795,118.));
#1048 = ( GEOMETRIC_REPRESENTATION_CONTEXT(2) 
PARAMETRIC_REPRESENTATION_CONTEXT() REPRESENTATION_CONTEXT('2D SPACE',''
  ) );
#1049 = PCURVE('',#779,#1050);
#1050 = DEFINITIONAL_REPRESENTATION('',(#1051),#1060);
#1051 = B_SPLINE_CURVE_WITH_KNOTS('',7,(#1052,#1053,#1054,#1055,#1056,
    #1057,#1058,#1059),.UNSPECIFIED.,.F.,.F.,(8,8),(0.,1.570796326795),
  .PIECEWISE_BEZIER_KNOTS.);
#1052 = CARTESIAN_POINT('',(0.,100.));
#1053 = CARTESIAN_POINT('',(0.224399475256,100.));
#1054 = CARTESIAN_POINT('',(0.448799055753,99.882502462853));
#1055 = CARTESIAN_POINT('',(0.673198288165,99.647525343499));
#1056 = CARTESIAN_POINT('',(0.897597857644,99.309493573782));
#1057 = CARTESIAN_POINT('',(1.121997450401,98.897596016916));
#1058 = CARTESIAN_POINT('',(1.346396851538,98.448798950512));
#1059 = CARTESIAN_POINT('',(1.570796326795,98.));
#1060 = ( GEOMETRIC_REPRESENTATION_CONTEXT(2) 
PARAMETRIC_REPRESENTATION_CONTEXT() REPRESENTATION_CONTEXT('2D SPACE',''
  ) );
#1061 = ADVANCED_FACE('',(#1062),#779,.T.);
#1062 = FACE_BOUND('',#1063,.T.);
#1063 = EDGE_LOOP('',(#1064,#1065,#1066,#1067));
#1064 = ORIENTED_EDGE('',*,*,#992,.T.);
#1065 = ORIENTED_EDGE('',*,*,#763,.T.);
#1066 = ORIENTED_EDGE('',*,*,#1030,.F.);
#1067 = ORIENTED_EDGE('',*,*,#1068,.F.);
#1068 = EDGE_CURVE('',#816,#892,#1069,.T.);
#1069 = SURFACE_CURVE('',#1070,(#1074,#1081),.PCURVE_S1.);
#1070 = LINE('',#1071,#1072);
#1071 = CARTESIAN_POINT('',(120.0000001,1.000000011686E-07,2.0000001));
#1072 = VECTOR('',#1073,1.);
#1073 = DIRECTION('',(0.,1.,0.));
#1074 = PCURVE('',#779,#1075);
#1075 = DEFINITIONAL_REPRESENTATION('',(#1076),#1080);
#1076 = LINE('',#1077,#1078);
#1077 = CARTESIAN_POINT('',(0.,0.));
#1078 = VECTOR('',#1079,1.);
#1079 = DIRECTION('',(0.,1.));
#1080 = ( GEOMETRIC_REPRESENTATION_CONTEXT(2) 
PARAMETRIC_REPRESENTATION_CONTEXT() REPRESENTATION_CONTEXT('2D SPACE',''
  ) );
#1081 = PCURVE('',#876,#1082);
#1082 = DEFINITIONAL_REPRESENTATION('',(#1083),#1087);
#1083 = LINE('',#1084,#1085);
#1084 = CARTESIAN_POINT('',(2.,0.));
#1085 = VECTOR('',#1086,1.);
#1086 = DIRECTION('',(0.,-1.));
#1087 = ( GEOMETRIC_REPRESENTATION_CONTEXT(2) 
PARAMETRIC_REPRESENTATION_CONTEXT() REPRESENTATION_CONTEXT('2D SPACE',''
  ) );
#1088 = ADVANCED_FACE('',(#1089),#876,.T.);
#1089 = FACE_BOUND('',#1090,.T.);
#1090 = EDGE_LOOP('',(#1091,#1092,#1093,#1094));
#1091 = ORIENTED_EDGE('',*,*,#862,.F.);
#1092 = ORIENTED_EDGE('',*,*,#1068,.T.);
#1093 = ORIENTED_EDGE('',*,*,#938,.T.);
#1094 = ORIENTED_EDGE('',*,*,#965,.F.);
#1095 = ( GEOMETRIC_REPRESENTATION_CONTEXT(3) 
GLOBAL_UNCERTAINTY_ASSIGNED_CONTEXT((#1099)) 
GLOBAL_UNIT_ASSIGNED_CONTEXT((#1096,#1097,#1098)) REPRESENTATION_CONTEXT
('Context #1','3D Context with UNIT and UNCERTAINTY') );
#1096 = ( LENGTH_UNIT() NAMED_UNIT(*) SI_UNIT(.MILLI.,.METRE.) );
#1097 = ( NAMED_UNIT(*) PLANE_ANGLE_UNIT() SI_UNIT($,.RADIAN.) );
#1098 = ( NAMED_UNIT(*) SI_UNIT($,.STERADIAN.) SOLID_ANGLE_UNIT() );
#1099 = UNCERTAINTY_MEASURE_WITH_UNIT(LENGTH_MEASURE(2.E-05),#1096,
  'distance_accuracy_value','confusion accuracy');
#1100 = CONTEXT_DEPENDENT_SHAPE_REPRESENTATION(#1101,#1103);
#1101 = ( REPRESENTATION_RELATIONSHIP('','',#52,#10) 
REPRESENTATION_RELATIONSHIP_WITH_TRANSFORMATION(#1102) 
SHAPE_REPRESENTATION_RELATIONSHIP() );
#1102 = ITEM_DEFINED_TRANSFORMATION('','',#11,#15);
#1103 = PRODUCT_DEFINITION_SHAPE('Placement','Placement of an item',
  #1104);
#1104 = NEXT_ASSEMBLY_USAGE_OCCURRENCE('1','','',#5,#47,$);
#1105 = PRODUCT_RELATED_PRODUCT_CATEGORY('part',$,(#49));
#1106 = SHAPE_DEFINITION_REPRESENTATION(#1107,#1113);
#1107 = PRODUCT_DEFINITION_SHAPE('','',#1108);
#1108 = PRODUCT_DEFINITION('design','',#1109,#1112);
#1109 = PRODUCT_DEFINITION_FORMATION('','',#1110);
#1110 = PRODUCT('Open CASCADE STEP translator 7.8 1.2',
  'Open CASCADE STEP translator 7.8 1.2','',(#1111));
#1111 = PRODUCT_CONTEXT('',#2,'mechanical');
#1112 = PRODUCT_DEFINITION_CONTEXT('part definition',#2,'design');
#1113 = ADVANCED_BREP_SHAPE_REPRESENTATION('',(#11,#1114),#1704);
#1114 = MANIFOLD_SOLID_BREP('',#1115);
#1115 = CLOSED_SHELL('',(#1116,#1236,#1334,#1399,#1464,#1496,#1572,#1621
    ,#1670,#1697));
#1116 = ADVANCED_FACE('',(#1117),#1131,.T.);
#1117 = FACE_BOUND('',#1118,.T.);
#1118 = EDGE_LOOP('',(#1119,#1154,#1182,#1210));
#1119 = ORIENTED_EDGE('',*,*,#1120,.F.);
#1120 = EDGE_CURVE('',#1121,#1123,#1125,.T.);
#1121 = VERTEX_POINT('',#1122);
#1122 = CARTESIAN_POINT('',(172.0000001,84.0000001,19.5000001));
#1123 = VERTEX_POINT('',#1124);
#1124 = CARTESIAN_POINT('',(172.0000001,84.0000001,22.5000001));
#1125 = SURFACE_CURVE('',#1126,(#1130,#1142),.PCURVE_S1.);
#1126 = LINE('',#1127,#1128);
#1127 = CARTESIAN_POINT('',(172.0000001,84.0000001,18.0000001));
#1128 = VECTOR('',#1129,1.);
#1129 = DIRECTION('',(0.,0.,1.));
#1130 = PCURVE('',#1131,#1136);
#1131 = PLANE('',#1132);
#1132 = AXIS2_PLACEMENT_3D('',#1133,#1134,#1135);
#1133 = CARTESIAN_POINT('',(172.0000001,82.5000001,18.0000001));
#1134 = DIRECTION('',(1.,0.,0.));
#1135 = DIRECTION('',(0.,0.,1.));
#1136 = DEFINITIONAL_REPRESENTATION('',(#1137),#1141);
#1137 = LINE('',#1138,#1139);
#1138 = CARTESIAN_POINT('',(0.,-1.5));
#1139 = VECTOR('',#1140,1.);
#1140 = DIRECTION('',(1.,0.));
#1141 = ( GEOMETRIC_REPRESENTATION_CONTEXT(2) 
PARAMETRIC_REPRESENTATION_CONTEXT() REPRESENTATION_CONTEXT('2D SPACE',''
  ) );
#1142 = PCURVE('',#1143,#1148);
#1143 = CYLINDRICAL_SURFACE('',#1144,1.5);
#1144 = AXIS2_PLACEMENT_3D('',#1145,#1146,#1147);
#1145 = CARTESIAN_POINT('',(170.5000001,84.0000001,18.0000001));
#1146 = DIRECTION('',(0.,0.,1.));
#1147 = DIRECTION('',(1.,0.,-0.));
#1148 = DEFINITIONAL_REPRESENTATION('',(#1149),#1153);
#1149 = LINE('',#1150,#1151);
#1150 = CARTESIAN_POINT('',(-0.,0.));
#1151 = VECTOR('',#1152,1.);
#1152 = DIRECTION('',(-0.,1.));
#1153 = ( GEOMETRIC_REPRESENTATION_CONTEXT(2) 
PARAMETRIC_REPRESENTATION_CONTEXT() REPRESENTATION_CONTEXT('2D SPACE',''
  ) );
#1154 = ORIENTED_EDGE('',*,*,#1155,.T.);
#1155 = EDGE_CURVE('',#1121,#1156,#1158,.T.);
#1156 = VERTEX_POINT('',#1157);
#1157 = CARTESIAN_POINT('',(172.0000001,91.0000001,19.5000001));
#1158 = SURFACE_CURVE('',#1159,(#1163,#1170),.PCURVE_S1.);
#1159 = LINE('',#1160,#1161);
#1160 = CARTESIAN_POINT('',(172.0000001,82.5000001,19.5000001));
#1161 = VECTOR('',#1162,1.);
#1162 = DIRECTION('',(0.,1.,0.));
#1163 = PCURVE('',#1131,#1164);
#1164 = DEFINITIONAL_REPRESENTATION('',(#1165),#1169);
#1165 = LINE('',#1166,#1167);
#1166 = CARTESIAN_POINT('',(1.5,0.));
#1167 = VECTOR('',#1168,1.);
#1168 = DIRECTION('',(0.,-1.));
#1169 = ( GEOMETRIC_REPRESENTATION_CONTEXT(2) 
PARAMETRIC_REPRESENTATION_CONTEXT() REPRESENTATION_CONTEXT('2D SPACE',''
  ) );
#1170 = PCURVE('',#1171,#1176);
#1171 = CYLINDRICAL_SURFACE('',#1172,1.5);
#1172 = AXIS2_PLACEMENT_3D('',#1173,#1174,#1175);
#1173 = CARTESIAN_POINT('',(170.5000001,82.5000001,19.5000001));
#1174 = DIRECTION('',(0.,1.,0.));
#1175 = DIRECTION('',(1.,0.,-0.));
#1176 = DEFINITIONAL_REPRESENTATION('',(#1177),#1181);
#1177 = LINE('',#1178,#1179);
#1178 = CARTESIAN_POINT('',(0.,0.));
#1179 = VECTOR('',#1180,1.);
#1180 = DIRECTION('',(0.,1.));
#1181 = ( GEOMETRIC_REPRESENTATION_CONTEXT(2) 
PARAMETRIC_REPRESENTATION_CONTEXT() REPRESENTATION_CONTEXT('2D SPACE',''
  ) );
#1182 = ORIENTED_EDGE('',*,*,#1183,.T.);
#1183 = EDGE_CURVE('',#1156,#1184,#1186,.T.);
#1184 = VERTEX_POINT('',#1185);
#1185 = CARTESIAN_POINT('',(172.0000001,91.0000001,22.5000001));
#1186 = SURFACE_CURVE('',#1187,(#1191,#1198),.PCURVE_S1.);
#1187 = LINE('',#1188,#1189);
#1188 = CARTESIAN_POINT('',(172.0000001,91.0000001,18.0000001));
#1189 = VECTOR('',#1190,1.);
#1190 = DIRECTION('',(0.,0.,1.));
#1191 = PCURVE('',#1131,#1192);
#1192 = DEFINITIONAL_REPRESENTATION('',(#1193),#1197);
#1193 = LINE('',#1194,#1195);
#1194 = CARTESIAN_POINT('',(0.,-8.5));
#1195 = VECTOR('',#1196,1.);
#1196 = DIRECTION('',(1.,0.));
#1197 = ( GEOMETRIC_REPRESENTATION_CONTEXT(2) 
PARAMETRIC_REPRESENTATION_CONTEXT() REPRESENTATION_CONTEXT('2D SPACE',''
  ) );
#1198 = PCURVE('',#1199,#1204);
#1199 = CYLINDRICAL_SURFACE('',#1200,1.5);
#1200 = AXIS2_PLACEMENT_3D('',#1201,#1202,#1203);
#1201 = CARTESIAN_POINT('',(170.5000001,91.0000001,18.0000001));
#1202 = DIRECTION('',(0.,0.,1.));
#1203 = DIRECTION('',(1.,0.,-0.));
#1204 = DEFINITIONAL_REPRESENTATION('',(#1205),#1209);
#1205 = LINE('',#1206,#1207);
#1206 = CARTESIAN_POINT('',(0.,0.));
#1207 = VECTOR('',#1208,1.);
#1208 = DIRECTION('',(0.,1.));
#1209 = ( GEOMETRIC_REPRESENTATION_CONTEXT(2) 
PARAMETRIC_REPRESENTATION_CONTEXT() REPRESENTATION_CONTEXT('2D SPACE',''
  ) );
#1210 = ORIENTED_EDGE('',*,*,#1211,.F.);
#1211 = EDGE_CURVE('',#1123,#1184,#1212,.T.);
#1212 = SURFACE_CURVE('',#1213,(#1217,#1224),.PCURVE_S1.);
#1213 = LINE('',#1214,#1215);
#1214 = CARTESIAN_POINT('',(172.0000001,82.5000001,22.5000001));
#1215 = VECTOR('',#1216,1.);
#1216 = DIRECTION('',(0.,1.,0.));
#1217 = PCURVE('',#1131,#1218);
#1218 = DEFINITIONAL_REPRESENTATION('',(#1219),#1223);
#1219 = LINE('',#1220,#1221);
#1220 = CARTESIAN_POINT('',(4.5,0.));
#1221 = VECTOR('',#1222,1.);
#1222 = DIRECTION('',(0.,-1.));
#1223 = ( GEOMETRIC_REPRESENTATION_CONTEXT(2) 
PARAMETRIC_REPRESENTATION_CONTEXT() REPRESENTATION_CONTEXT('2D SPACE',''
  ) );
#1224 = PCURVE('',#1225,#1230);
#1225 = CYLINDRICAL_SURFACE('',#1226,1.5);
#1226 = AXIS2_PLACEMENT_3D('',#1227,#1228,#1229);
#1227 = CARTESIAN_POINT('',(170.5000001,82.5000001,22.5000001));
#1228 = DIRECTION('',(0.,1.,0.));
#1229 = DIRECTION('',(1.,0.,-0.));
#1230 = DEFINITIONAL_REPRESENTATION('',(#1231),#1235);
#1231 = LINE('',#1232,#1233);
#1232 = CARTESIAN_POINT('',(-0.,0.));
#1233 = VECTOR('',#1234,1.);
#1234 = DIRECTION('',(-0.,1.));
#1235 = ( GEOMETRIC_REPRESENTATION_CONTEXT(2) 
PARAMETRIC_REPRESENTATION_CONTEXT() REPRESENTATION_CONTEXT('2D SPACE',''
  ) );
#1236 = ADVANCED_FACE('',(#1237),#1143,.T.);
#1237 = FACE_BOUND('',#1238,.F.);
#1238 = EDGE_LOOP('',(#1239,#1273,#1301,#1333));
#1239 = ORIENTED_EDGE('',*,*,#1240,.T.);
#1240 = EDGE_CURVE('',#1121,#1241,#1243,.T.);
#1241 = VERTEX_POINT('',#1242);
#1242 = CARTESIAN_POINT('',(170.5000001,82.5000001,18.0000001));
#1243 = SURFACE_CURVE('',#1244,(#1249,#1261),.PCURVE_S1.);
#1244 = ELLIPSE('',#1245,2.12132034356,1.5);
#1245 = AXIS2_PLACEMENT_3D('',#1246,#1247,#1248);
#1246 = CARTESIAN_POINT('',(170.5000001,84.0000001,19.5000001));
#1247 = DIRECTION('',(-0.,0.707106781187,-0.707106781187));
#1248 = DIRECTION('',(0.,0.707106781187,0.707106781187));
#1249 = PCURVE('',#1143,#1250);
#1250 = DEFINITIONAL_REPRESENTATION('',(#1251),#1260);
#1251 = B_SPLINE_CURVE_WITH_KNOTS('',7,(#1252,#1253,#1254,#1255,#1256,
    #1257,#1258,#1259),.UNSPECIFIED.,.F.,.F.,(8,8),(1.570796326795,
    3.14159265359),.PIECEWISE_BEZIER_KNOTS.);
#1252 = CARTESIAN_POINT('',(0.,1.5));
#1253 = CARTESIAN_POINT('',(-0.224399475256,1.163400787115));
#1254 = CARTESIAN_POINT('',(-0.448798950513,0.826802941021));
#1255 = CARTESIAN_POINT('',(-0.673198425769,0.517879761339));
#1256 = CARTESIAN_POINT('',(-0.897597901026,0.264356243062));
#1257 = CARTESIAN_POINT('',(-1.121997376282,8.812300891497E-02));
#1258 = CARTESIAN_POINT('',(-1.346396851538,-4.122151486547E-17));
#1259 = CARTESIAN_POINT('',(-1.570796326795,0.));
#1260 = ( GEOMETRIC_REPRESENTATION_CONTEXT(2) 
PARAMETRIC_REPRESENTATION_CONTEXT() REPRESENTATION_CONTEXT('2D SPACE',''
  ) );
#1261 = PCURVE('',#1171,#1262);
#1262 = DEFINITIONAL_REPRESENTATION('',(#1263),#1272);
#1263 = B_SPLINE_CURVE_WITH_KNOTS('',7,(#1264,#1265,#1266,#1267,#1268,
    #1269,#1270,#1271),.UNSPECIFIED.,.F.,.F.,(8,8),(1.570796326795,
    3.14159265359),.PIECEWISE_BEZIER_KNOTS.);
#1264 = CARTESIAN_POINT('',(0.,1.5));
#1265 = CARTESIAN_POINT('',(0.224399475256,1.163400787115));
#1266 = CARTESIAN_POINT('',(0.448798950513,0.826802941021));
#1267 = CARTESIAN_POINT('',(0.673198425769,0.51787976134));
#1268 = CARTESIAN_POINT('',(0.897597901026,0.264356243062));
#1269 = CARTESIAN_POINT('',(1.121997376282,8.812300891502E-02));
#1270 = CARTESIAN_POINT('',(1.346396851538,-4.122151486547E-17));
#1271 = CARTESIAN_POINT('',(1.570796326795,0.));
#1272 = ( GEOMETRIC_REPRESENTATION_CONTEXT(2) 
PARAMETRIC_REPRESENTATION_CONTEXT() REPRESENTATION_CONTEXT('2D SPACE',''
  ) );
#1273 = ORIENTED_EDGE('',*,*,#1274,.T.);
#1274 = EDGE_CURVE('',#1241,#1275,#1277,.T.);
#1275 = VERTEX_POINT('',#1276);
#1276 = CARTESIAN_POINT('',(170.5000001,82.5000001,24.0000001));
#1277 = SURFACE_CURVE('',#1278,(#1282,#1289),.PCURVE_S1.);
#1278 = LINE('',#1279,#1280);
#1279 = CARTESIAN_POINT('',(170.5000001,82.5000001,18.0000001));
#1280 = VECTOR('',#1281,1.);
#1281 = DIRECTION('',(0.,0.,1.));
#1282 = PCURVE('',#1143,#1283);
#1283 = DEFINITIONAL_REPRESENTATION('',(#1284),#1288);
#1284 = LINE('',#1285,#1286);
#1285 = CARTESIAN_POINT('',(-1.570796326795,0.));
#1286 = VECTOR('',#1287,1.);
#1287 = DIRECTION('',(-0.,1.));
#1288 = ( GEOMETRIC_REPRESENTATION_CONTEXT(2) 
PARAMETRIC_REPRESENTATION_CONTEXT() REPRESENTATION_CONTEXT('2D SPACE',''
  ) );
#1289 = PCURVE('',#1290,#1295);
#1290 = PLANE('',#1291);
#1291 = AXIS2_PLACEMENT_3D('',#1292,#1293,#1294);
#1292 = CARTESIAN_POINT('',(168.0000001,82.5000001,18.0000001));
#1293 = DIRECTION('',(0.,1.,0.));
#1294 = DIRECTION('',(0.,0.,1.));
#1295 = DEFINITIONAL_REPRESENTATION('',(#1296),#1300);
#1296 = LINE('',#1297,#1298);
#1297 = CARTESIAN_POINT('',(0.,2.5));
#1298 = VECTOR('',#1299,1.);
#1299 = DIRECTION('',(1.,0.));
#1300 = ( GEOMETRIC_REPRESENTATION_CONTEXT(2) 
PARAMETRIC_REPRESENTATION_CONTEXT() REPRESENTATION_CONTEXT('2D SPACE',''
  ) );
#1301 = ORIENTED_EDGE('',*,*,#1302,.F.);
#1302 = EDGE_CURVE('',#1123,#1275,#1303,.T.);
#1303 = SURFACE_CURVE('',#1304,(#1309,#1321),.PCURVE_S1.);
#1304 = ELLIPSE('',#1305,2.12132034356,1.5);
#1305 = AXIS2_PLACEMENT_3D('',#1306,#1307,#1308);
#1306 = CARTESIAN_POINT('',(170.5000001,84.0000001,22.5000001));
#1307 = DIRECTION('',(-0.,-0.707106781187,-0.707106781187));
#1308 = DIRECTION('',(0.,-0.707106781187,0.707106781187));
#1309 = PCURVE('',#1143,#1310);
#1310 = DEFINITIONAL_REPRESENTATION('',(#1311),#1320);
#1311 = B_SPLINE_CURVE_WITH_KNOTS('',7,(#1312,#1313,#1314,#1315,#1316,
    #1317,#1318,#1319),.UNSPECIFIED.,.F.,.F.,(8,8),(4.712388980385,
    6.28318530718),.PIECEWISE_BEZIER_KNOTS.);
#1312 = CARTESIAN_POINT('',(0.,4.5));
#1313 = CARTESIAN_POINT('',(-0.224399475256,4.836599212885));
#1314 = CARTESIAN_POINT('',(-0.448798950513,5.173197058977));
#1315 = CARTESIAN_POINT('',(-0.673198425769,5.482120238663));
#1316 = CARTESIAN_POINT('',(-0.897597901026,5.735643756936));
#1317 = CARTESIAN_POINT('',(-1.121997376282,5.911876991086));
#1318 = CARTESIAN_POINT('',(-1.346396851538,6.));
#1319 = CARTESIAN_POINT('',(-1.570796326795,6.));
#1320 = ( GEOMETRIC_REPRESENTATION_CONTEXT(2) 
PARAMETRIC_REPRESENTATION_CONTEXT() REPRESENTATION_CONTEXT('2D SPACE',''
  ) );
#1321 = PCURVE('',#1225,#1322);
#1322 = DEFINITIONAL_REPRESENTATION('',(#1323),#1332);
#1323 = B_SPLINE_CURVE_WITH_KNOTS('',7,(#1324,#1325,#1326,#1327,#1328,
    #1329,#1330,#1331),.UNSPECIFIED.,.F.,.F.,(8,8),(4.712388980385,
    6.28318530718),.PIECEWISE_BEZIER_KNOTS.);
#1324 = CARTESIAN_POINT('',(0.,1.5));
#1325 = CARTESIAN_POINT('',(-0.224399475256,1.163400787115));
#1326 = CARTESIAN_POINT('',(-0.448798950513,0.826802941022));
#1327 = CARTESIAN_POINT('',(-0.673198425769,0.517879761339));
#1328 = CARTESIAN_POINT('',(-0.897597901026,0.264356243062));
#1329 = CARTESIAN_POINT('',(-1.121997376282,8.812300891497E-02));
#1330 = CARTESIAN_POINT('',(-1.346396851538,0.));
#1331 = CARTESIAN_POINT('',(-1.570796326795,0.));
#1332 = ( GEOMETRIC_REPRESENTATION_CONTEXT(2) 
PARAMETRIC_REPRESENTATION_CONTEXT() REPRESENTATION_CONTEXT('2D SPACE',''
  ) );
#1333 = ORIENTED_EDGE('',*,*,#1120,.F.);
#1334 = ADVANCED_FACE('',(#1335),#1171,.T.);
#1335 = FACE_BOUND('',#1336,.T.);
#1336 = EDGE_LOOP('',(#1337,#1338,#1366,#1398));
#1337 = ORIENTED_EDGE('',*,*,#1240,.T.);
#1338 = ORIENTED_EDGE('',*,*,#1339,.T.);
#1339 = EDGE_CURVE('',#1241,#1340,#1342,.T.);
#1340 = VERTEX_POINT('',#1341);
#1341 = CARTESIAN_POINT('',(170.5000001,92.5000001,18.0000001));
#1342 = SURFACE_CURVE('',#1343,(#1347,#1354),.PCURVE_S1.);
#1343 = LINE('',#1344,#1345);
#1344 = CARTESIAN_POINT('',(170.5000001,82.5000001,18.0000001));
#1345 = VECTOR('',#1346,1.);
#1346 = DIRECTION('',(0.,1.,0.));
#1347 = PCURVE('',#1171,#1348);
#1348 = DEFINITIONAL_REPRESENTATION('',(#1349),#1353);
#1349 = LINE('',#1350,#1351);
#1350 = CARTESIAN_POINT('',(1.570796326795,0.));
#1351 = VECTOR('',#1352,1.);
#1352 = DIRECTION('',(0.,1.));
#1353 = ( GEOMETRIC_REPRESENTATION_CONTEXT(2) 
PARAMETRIC_REPRESENTATION_CONTEXT() REPRESENTATION_CONTEXT('2D SPACE',''
  ) );
#1354 = PCURVE('',#1355,#1360);
#1355 = PLANE('',#1356);
#1356 = AXIS2_PLACEMENT_3D('',#1357,#1358,#1359);
#1357 = CARTESIAN_POINT('',(168.0000001,82.5000001,18.0000001));
#1358 = DIRECTION('',(0.,0.,1.));
#1359 = DIRECTION('',(1.,0.,0.));
#1360 = DEFINITIONAL_REPRESENTATION('',(#1361),#1365);
#1361 = LINE('',#1362,#1363);
#1362 = CARTESIAN_POINT('',(2.5,0.));
#1363 = VECTOR('',#1364,1.);
#1364 = DIRECTION('',(0.,1.));
#1365 = ( GEOMETRIC_REPRESENTATION_CONTEXT(2) 
PARAMETRIC_REPRESENTATION_CONTEXT() REPRESENTATION_CONTEXT('2D SPACE',''
  ) );
#1366 = ORIENTED_EDGE('',*,*,#1367,.F.);
#1367 = EDGE_CURVE('',#1156,#1340,#1368,.T.);
#1368 = SURFACE_CURVE('',#1369,(#1374,#1386),.PCURVE_S1.);
#1369 = ELLIPSE('',#1370,2.12132034356,1.5);
#1370 = AXIS2_PLACEMENT_3D('',#1371,#1372,#1373);
#1371 = CARTESIAN_POINT('',(170.5000001,91.0000001,19.5000001));
#1372 = DIRECTION('',(0.,0.707106781187,0.707106781187));
#1373 = DIRECTION('',(0.,-0.707106781187,0.707106781187));
#1374 = PCURVE('',#1171,#1375);
#1375 = DEFINITIONAL_REPRESENTATION('',(#1376),#1385);
#1376 = B_SPLINE_CURVE_WITH_KNOTS('',7,(#1377,#1378,#1379,#1380,#1381,
    #1382,#1383,#1384),.UNSPECIFIED.,.F.,.F.,(8,8),(1.570796326795,
    3.14159265359),.PIECEWISE_BEZIER_KNOTS.);
#1377 = CARTESIAN_POINT('',(0.,8.5));
#1378 = CARTESIAN_POINT('',(0.224399475256,8.836599212885));
#1379 = CARTESIAN_POINT('',(0.448798950513,9.173197058979));
#1380 = CARTESIAN_POINT('',(0.673198425769,9.482120238661));
#1381 = CARTESIAN_POINT('',(0.897597901026,9.735643756939));
#1382 = CARTESIAN_POINT('',(1.121997376282,9.911876991085));
#1383 = CARTESIAN_POINT('',(1.346396851538,10.));
#1384 = CARTESIAN_POINT('',(1.570796326795,10.));
#1385 = ( GEOMETRIC_REPRESENTATION_CONTEXT(2) 
PARAMETRIC_REPRESENTATION_CONTEXT() REPRESENTATION_CONTEXT('2D SPACE',''
  ) );
#1386 = PCURVE('',#1199,#1387);
#1387 = DEFINITIONAL_REPRESENTATION('',(#1388),#1397);
#1388 = B_SPLINE_CURVE_WITH_KNOTS('',7,(#1389,#1390,#1391,#1392,#1393,
    #1394,#1395,#1396),.UNSPECIFIED.,.F.,.F.,(8,8),(1.570796326795,
    3.14159265359),.PIECEWISE_BEZIER_KNOTS.);
#1389 = CARTESIAN_POINT('',(0.,1.5));
#1390 = CARTESIAN_POINT('',(0.224399475256,1.163400787115));
#1391 = CARTESIAN_POINT('',(0.448798950513,0.826802941022));
#1392 = CARTESIAN_POINT('',(0.673198425769,0.517879761339));
#1393 = CARTESIAN_POINT('',(0.897597901026,0.264356243062));
#1394 = CARTESIAN_POINT('',(1.121997376282,8.812300891498E-02));
#1395 = CARTESIAN_POINT('',(1.346396851538,4.122151486547E-17));
#1396 = CARTESIAN_POINT('',(1.570796326795,0.));
#1397 = ( GEOMETRIC_REPRESENTATION_CONTEXT(2) 
PARAMETRIC_REPRESENTATION_CONTEXT() REPRESENTATION_CONTEXT('2D SPACE',''
  ) );
#1398 = ORIENTED_EDGE('',*,*,#1155,.F.);
#1399 = ADVANCED_FACE('',(#1400),#1225,.T.);
#1400 = FACE_BOUND('',#1401,.F.);
#1401 = EDGE_LOOP('',(#1402,#1403,#1431,#1463));
#1402 = ORIENTED_EDGE('',*,*,#1302,.T.);
#1403 = ORIENTED_EDGE('',*,*,#1404,.T.);
#1404 = EDGE_CURVE('',#1275,#1405,#1407,.T.);
#1405 = VERTEX_POINT('',#1406);
#1406 = CARTESIAN_POINT('',(170.5000001,92.5000001,24.0000001));
#1407 = SURFACE_CURVE('',#1408,(#1412,#1419),.PCURVE_S1.);
#1408 = LINE('',#1409,#1410);
#1409 = CARTESIAN_POINT('',(170.5000001,82.5000001,24.0000001));
#1410 = VECTOR('',#1411,1.);
#1411 = DIRECTION('',(0.,1.,0.));
#1412 = PCURVE('',#1225,#1413);
#1413 = DEFINITIONAL_REPRESENTATION('',(#1414),#1418);
#1414 = LINE('',#1415,#1416);
#1415 = CARTESIAN_POINT('',(-1.570796326795,0.));
#1416 = VECTOR('',#1417,1.);
#1417 = DIRECTION('',(-0.,1.));
#1418 = ( GEOMETRIC_REPRESENTATION_CONTEXT(2) 
PARAMETRIC_REPRESENTATION_CONTEXT() REPRESENTATION_CONTEXT('2D SPACE',''
  ) );
#1419 = PCURVE('',#1420,#1425);
#1420 = PLANE('',#1421);
#1421 = AXIS2_PLACEMENT_3D('',#1422,#1423,#1424);
#1422 = CARTESIAN_POINT('',(168.0000001,82.5000001,24.0000001));
#1423 = DIRECTION('',(0.,0.,1.));
#1424 = DIRECTION('',(1.,0.,0.));
#1425 = DEFINITIONAL_REPRESENTATION('',(#1426),#1430);
#1426 = LINE('',#1427,#1428);
#1427 = CARTESIAN_POINT('',(2.5,0.));
#1428 = VECTOR('',#1429,1.);
#1429 = DIRECTION('',(0.,1.));
#1430 = ( GEOMETRIC_REPRESENTATION_CONTEXT(2) 
PARAMETRIC_REPRESENTATION_CONTEXT() REPRESENTATION_CONTEXT('2D SPACE',''
  ) );
#1431 = ORIENTED_EDGE('',*,*,#1432,.F.);
#1432 = EDGE_CURVE('',#1184,#1405,#1433,.T.);
#1433 = SURFACE_CURVE('',#1434,(#1439,#1451),.PCURVE_S1.);
#1434 = ELLIPSE('',#1435,2.12132034356,1.5);
#1435 = AXIS2_PLACEMENT_3D('',#1436,#1437,#1438);
#1436 = CARTESIAN_POINT('',(170.5000001,91.0000001,22.5000001));
#1437 = DIRECTION('',(0.,-0.707106781187,0.707106781187));
#1438 = DIRECTION('',(0.,0.707106781187,0.707106781187));
#1439 = PCURVE('',#1225,#1440);
#1440 = DEFINITIONAL_REPRESENTATION('',(#1441),#1450);
#1441 = B_SPLINE_CURVE_WITH_KNOTS('',7,(#1442,#1443,#1444,#1445,#1446,
    #1447,#1448,#1449),.UNSPECIFIED.,.F.,.F.,(8,8),(4.712388980385,
    6.28318530718),.PIECEWISE_BEZIER_KNOTS.);
#1442 = CARTESIAN_POINT('',(0.,8.5));
#1443 = CARTESIAN_POINT('',(-0.224399475256,8.836599212885));
#1444 = CARTESIAN_POINT('',(-0.448798950513,9.17319705898));
#1445 = CARTESIAN_POINT('',(-0.673198425769,9.482120238658));
#1446 = CARTESIAN_POINT('',(-0.897597901026,9.735643756943));
#1447 = CARTESIAN_POINT('',(-1.121997376282,9.911876991083));
#1448 = CARTESIAN_POINT('',(-1.346396851538,10.));
#1449 = CARTESIAN_POINT('',(-1.570796326795,10.));
#1450 = ( GEOMETRIC_REPRESENTATION_CONTEXT(2) 
PARAMETRIC_REPRESENTATION_CONTEXT() REPRESENTATION_CONTEXT('2D SPACE',''
  ) );
#1451 = PCURVE('',#1199,#1452);
#1452 = DEFINITIONAL_REPRESENTATION('',(#1453),#1462);
#1453 = B_SPLINE_CURVE_WITH_KNOTS('',7,(#1454,#1455,#1456,#1457,#1458,
    #1459,#1460,#1461),.UNSPECIFIED.,.F.,.F.,(8,8),(4.712388980385,
    6.28318530718),.PIECEWISE_BEZIER_KNOTS.);
#1454 = CARTESIAN_POINT('',(0.,4.5));
#1455 = CARTESIAN_POINT('',(0.224399475256,4.836599212885));
#1456 = CARTESIAN_POINT('',(0.448798950513,5.173197058977));
#1457 = CARTESIAN_POINT('',(0.673198425769,5.482120238663));
#1458 = CARTESIAN_POINT('',(0.897597901026,5.735643756936));
#1459 = CARTESIAN_POINT('',(1.121997376282,5.911876991086));
#1460 = CARTESIAN_POINT('',(1.346396851538,6.));
#1461 = CARTESIAN_POINT('',(1.570796326795,6.));
#1462 = ( GEOMETRIC_REPRESENTATION_CONTEXT(2) 
PARAMETRIC_REPRESENTATION_CONTEXT() REPRESENTATION_CONTEXT('2D SPACE',''
  ) );
#1463 = ORIENTED_EDGE('',*,*,#1211,.F.);
#1464 = ADVANCED_FACE('',(#1465),#1199,.T.);
#1465 = FACE_BOUND('',#1466,.T.);
#1466 = EDGE_LOOP('',(#1467,#1468,#1494,#1495));
#1467 = ORIENTED_EDGE('',*,*,#1367,.T.);
#1468 = ORIENTED_EDGE('',*,*,#1469,.T.);
#1469 = EDGE_CURVE('',#1340,#1405,#1470,.T.);
#1470 = SURFACE_CURVE('',#1471,(#1475,#1482),.PCURVE_S1.);
#1471 = LINE('',#1472,#1473);
#1472 = CARTESIAN_POINT('',(170.5000001,92.5000001,18.0000001));
#1473 = VECTOR('',#1474,1.);
#1474 = DIRECTION('',(0.,0.,1.));
#1475 = PCURVE('',#1199,#1476);
#1476 = DEFINITIONAL_REPRESENTATION('',(#1477),#1481);
#1477 = LINE('',#1478,#1479);
#1478 = CARTESIAN_POINT('',(1.570796326795,0.));
#1479 = VECTOR('',#1480,1.);
#1480 = DIRECTION('',(0.,1.));
#1481 = ( GEOMETRIC_REPRESENTATION_CONTEXT(2) 
PARAMETRIC_REPRESENTATION_CONTEXT() REPRESENTATION_CONTEXT('2D SPACE',''
  ) );
#1482 = PCURVE('',#1483,#1488);
#1483 = PLANE('',#1484);
#1484 = AXIS2_PLACEMENT_3D('',#1485,#1486,#1487);
#1485 = CARTESIAN_POINT('',(168.0000001,92.5000001,18.0000001));
#1486 = DIRECTION('',(0.,1.,0.));
#1487 = DIRECTION('',(0.,0.,1.));
#1488 = DEFINITIONAL_REPRESENTATION('',(#1489),#1493);
#1489 = LINE('',#1490,#1491);
#1490 = CARTESIAN_POINT('',(0.,2.5));
#1491 = VECTOR('',#1492,1.);
#1492 = DIRECTION('',(1.,0.));
#1493 = ( GEOMETRIC_REPRESENTATION_CONTEXT(2) 
PARAMETRIC_REPRESENTATION_CONTEXT() REPRESENTATION_CONTEXT('2D SPACE',''
  ) );
#1494 = ORIENTED_EDGE('',*,*,#1432,.F.);
#1495 = ORIENTED_EDGE('',*,*,#1183,.F.);
#1496 = ADVANCED_FACE('',(#1497),#1290,.F.);
#1497 = FACE_BOUND('',#1498,.F.);
#1498 = EDGE_LOOP('',(#1499,#1522,#1550,#1571));
#1499 = ORIENTED_EDGE('',*,*,#1500,.F.);
#1500 = EDGE_CURVE('',#1501,#1241,#1503,.T.);
#1501 = VERTEX_POINT('',#1502);
#1502 = CARTESIAN_POINT('',(168.0000001,82.5000001,18.0000001));
#1503 = SURFACE_CURVE('',#1504,(#1508,#1515),.PCURVE_S1.);
#1504 = LINE('',#1505,#1506);
#1505 = CARTESIAN_POINT('',(168.0000001,82.5000001,18.0000001));
#1506 = VECTOR('',#1507,1.);
#1507 = DIRECTION('',(1.,0.,0.));
#1508 = PCURVE('',#1290,#1509);
#1509 = DEFINITIONAL_REPRESENTATION('',(#1510),#1514);
#1510 = LINE('',#1511,#1512);
#1511 = CARTESIAN_POINT('',(0.,0.));
#1512 = VECTOR('',#1513,1.);
#1513 = DIRECTION('',(0.,1.));
#1514 = ( GEOMETRIC_REPRESENTATION_CONTEXT(2) 
PARAMETRIC_REPRESENTATION_CONTEXT() REPRESENTATION_CONTEXT('2D SPACE',''
  ) );
#1515 = PCURVE('',#1355,#1516);
#1516 = DEFINITIONAL_REPRESENTATION('',(#1517),#1521);
#1517 = LINE('',#1518,#1519);
#1518 = CARTESIAN_POINT('',(0.,0.));
#1519 = VECTOR('',#1520,1.);
#1520 = DIRECTION('',(1.,0.));
#1521 = ( GEOMETRIC_REPRESENTATION_CONTEXT(2) 
PARAMETRIC_REPRESENTATION_CONTEXT() REPRESENTATION_CONTEXT('2D SPACE',''
  ) );
#1522 = ORIENTED_EDGE('',*,*,#1523,.T.);
#1523 = EDGE_CURVE('',#1501,#1524,#1526,.T.);
#1524 = VERTEX_POINT('',#1525);
#1525 = CARTESIAN_POINT('',(168.0000001,82.5000001,24.0000001));
#1526 = SURFACE_CURVE('',#1527,(#1531,#1538),.PCURVE_S1.);
#1527 = LINE('',#1528,#1529);
#1528 = CARTESIAN_POINT('',(168.0000001,82.5000001,18.0000001));
#1529 = VECTOR('',#1530,1.);
#1530 = DIRECTION('',(0.,0.,1.));
#1531 = PCURVE('',#1290,#1532);
#1532 = DEFINITIONAL_REPRESENTATION('',(#1533),#1537);
#1533 = LINE('',#1534,#1535);
#1534 = CARTESIAN_POINT('',(0.,0.));
#1535 = VECTOR('',#1536,1.);
#1536 = DIRECTION('',(1.,0.));
#1537 = ( GEOMETRIC_REPRESENTATION_CONTEXT(2) 
PARAMETRIC_REPRESENTATION_CONTEXT() REPRESENTATION_CONTEXT('2D SPACE',''
  ) );
#1538 = PCURVE('',#1539,#1544);
#1539 = PLANE('',#1540);
#1540 = AXIS2_PLACEMENT_3D('',#1541,#1542,#1543);
#1541 = CARTESIAN_POINT('',(168.0000001,82.5000001,18.0000001));
#1542 = DIRECTION('',(1.,0.,0.));
#1543 = DIRECTION('',(0.,0.,1.));
#1544 = DEFINITIONAL_REPRESENTATION('',(#1545),#1549);
#1545 = LINE('',#1546,#1547);
#1546 = CARTESIAN_POINT('',(0.,0.));
#1547 = VECTOR('',#1548,1.);
#1548 = DIRECTION('',(1.,0.));
#1549 = ( GEOMETRIC_REPRESENTATION_CONTEXT(2) 
PARAMETRIC_REPRESENTATION_CONTEXT() REPRESENTATION_CONTEXT('2D SPACE',''
  ) );
#1550 = ORIENTED_EDGE('',*,*,#1551,.T.);
#1551 = EDGE_CURVE('',#1524,#1275,#1552,.T.);
#1552 = SURFACE_CURVE('',#1553,(#1557,#1564),.PCURVE_S1.);
#1553 = LINE('',#1554,#1555);
#1554 = CARTESIAN_POINT('',(168.0000001,82.5000001,24.0000001));
#1555 = VECTOR('',#1556,1.);
#1556 = DIRECTION('',(1.,0.,0.));
#1557 = PCURVE('',#1290,#1558);
#1558 = DEFINITIONAL_REPRESENTATION('',(#1559),#1563);
#1559 = LINE('',#1560,#1561);
#1560 = CARTESIAN_POINT('',(6.,0.));
#1561 = VECTOR('',#1562,1.);
#1562 = DIRECTION('',(0.,1.));
#1563 = ( GEOMETRIC_REPRESENTATION_CONTEXT(2) 
PARAMETRIC_REPRESENTATION_CONTEXT() REPRESENTATION_CONTEXT('2D SPACE',''
  ) );
#1564 = PCURVE('',#1420,#1565);
#1565 = DEFINITIONAL_REPRESENTATION('',(#1566),#1570);
#1566 = LINE('',#1567,#1568);
#1567 = CARTESIAN_POINT('',(0.,0.));
#1568 = VECTOR('',#1569,1.);
#1569 = DIRECTION('',(1.,0.));
#1570 = ( GEOMETRIC_REPRESENTATION_CONTEXT(2) 
PARAMETRIC_REPRESENTATION_CONTEXT() REPRESENTATION_CONTEXT('2D SPACE',''
  ) );
#1571 = ORIENTED_EDGE('',*,*,#1274,.F.);
#1572 = ADVANCED_FACE('',(#1573),#1355,.F.);
#1573 = FACE_BOUND('',#1574,.F.);
#1574 = EDGE_LOOP('',(#1575,#1598,#1619,#1620));
#1575 = ORIENTED_EDGE('',*,*,#1576,.F.);
#1576 = EDGE_CURVE('',#1577,#1340,#1579,.T.);
#1577 = VERTEX_POINT('',#1578);
#1578 = CARTESIAN_POINT('',(168.0000001,92.5000001,18.0000001));
#1579 = SURFACE_CURVE('',#1580,(#1584,#1591),.PCURVE_S1.);
#1580 = LINE('',#1581,#1582);
#1581 = CARTESIAN_POINT('',(168.0000001,92.5000001,18.0000001));
#1582 = VECTOR('',#1583,1.);
#1583 = DIRECTION('',(1.,0.,0.));
#1584 = PCURVE('',#1355,#1585);
#1585 = DEFINITIONAL_REPRESENTATION('',(#1586),#1590);
#1586 = LINE('',#1587,#1588);
#1587 = CARTESIAN_POINT('',(0.,10.));
#1588 = VECTOR('',#1589,1.);
#1589 = DIRECTION('',(1.,0.));
#1590 = ( GEOMETRIC_REPRESENTATION_CONTEXT(2) 
PARAMETRIC_REPRESENTATION_CONTEXT() REPRESENTATION_CONTEXT('2D SPACE',''
  ) );
#1591 = PCURVE('',#1483,#1592);
#1592 = DEFINITIONAL_REPRESENTATION('',(#1593),#1597);
#1593 = LINE('',#1594,#1595);
#1594 = CARTESIAN_POINT('',(0.,0.));
#1595 = VECTOR('',#1596,1.);
#1596 = DIRECTION('',(0.,1.));
#1597 = ( GEOMETRIC_REPRESENTATION_CONTEXT(2) 
PARAMETRIC_REPRESENTATION_CONTEXT() REPRESENTATION_CONTEXT('2D SPACE',''
  ) );
#1598 = ORIENTED_EDGE('',*,*,#1599,.F.);
#1599 = EDGE_CURVE('',#1501,#1577,#1600,.T.);
#1600 = SURFACE_CURVE('',#1601,(#1605,#1612),.PCURVE_S1.);
#1601 = LINE('',#1602,#1603);
#1602 = CARTESIAN_POINT('',(168.0000001,82.5000001,18.0000001));
#1603 = VECTOR('',#1604,1.);
#1604 = DIRECTION('',(0.,1.,0.));
#1605 = PCURVE('',#1355,#1606);
#1606 = DEFINITIONAL_REPRESENTATION('',(#1607),#1611);
#1607 = LINE('',#1608,#1609);
#1608 = CARTESIAN_POINT('',(0.,0.));
#1609 = VECTOR('',#1610,1.);
#1610 = DIRECTION('',(0.,1.));
#1611 = ( GEOMETRIC_REPRESENTATION_CONTEXT(2) 
PARAMETRIC_REPRESENTATION_CONTEXT() REPRESENTATION_CONTEXT('2D SPACE',''
  ) );
#1612 = PCURVE('',#1539,#1613);
#1613 = DEFINITIONAL_REPRESENTATION('',(#1614),#1618);
#1614 = LINE('',#1615,#1616);
#1615 = CARTESIAN_POINT('',(0.,0.));
#1616 = VECTOR('',#1617,1.);
#1617 = DIRECTION('',(0.,-1.));
#1618 = ( GEOMETRIC_REPRESENTATION_CONTEXT(2) 
PARAMETRIC_REPRESENTATION_CONTEXT() REPRESENTATION_CONTEXT('2D SPACE',''
  ) );
#1619 = ORIENTED_EDGE('',*,*,#1500,.T.);
#1620 = ORIENTED_EDGE('',*,*,#1339,.T.);
#1621 = ADVANCED_FACE('',(#1622),#1420,.T.);
#1622 = FACE_BOUND('',#1623,.T.);
#1623 = EDGE_LOOP('',(#1624,#1647,#1668,#1669));
#1624 = ORIENTED_EDGE('',*,*,#1625,.F.);
#1625 = EDGE_CURVE('',#1626,#1405,#1628,.T.);
#1626 = VERTEX_POINT('',#1627);
#1627 = CARTESIAN_POINT('',(168.0000001,92.5000001,24.0000001));
#1628 = SURFACE_CURVE('',#1629,(#1633,#1640),.PCURVE_S1.);
#1629 = LINE('',#1630,#1631);
#1630 = CARTESIAN_POINT('',(168.0000001,92.5000001,24.0000001));
#1631 = VECTOR('',#1632,1.);
#1632 = DIRECTION('',(1.,0.,0.));
#1633 = PCURVE('',#1420,#1634);
#1634 = DEFINITIONAL_REPRESENTATION('',(#1635),#1639);
#1635 = LINE('',#1636,#1637);
#1636 = CARTESIAN_POINT('',(0.,10.));
#1637 = VECTOR('',#1638,1.);
#1638 = DIRECTION('',(1.,0.));
#1639 = ( GEOMETRIC_REPRESENTATION_CONTEXT(2) 
PARAMETRIC_REPRESENTATION_CONTEXT() REPRESENTATION_CONTEXT('2D SPACE',''
  ) );
#1640 = PCURVE('',#1483,#1641);
#1641 = DEFINITIONAL_REPRESENTATION('',(#1642),#1646);
#1642 = LINE('',#1643,#1644);
#1643 = CARTESIAN_POINT('',(6.,0.));
#1644 = VECTOR('',#1645,1.);
#1645 = DIRECTION('',(0.,1.));
#1646 = ( GEOMETRIC_REPRESENTATION_CONTEXT(2) 
PARAMETRIC_REPRESENTATION_CONTEXT() REPRESENTATION_CONTEXT('2D SPACE',''
  ) );
#1647 = ORIENTED_EDGE('',*,*,#1648,.F.);
#1648 = EDGE_CURVE('',#1524,#1626,#1649,.T.);
#1649 = SURFACE_CURVE('',#1650,(#1654,#1661),.PCURVE_S1.);
#1650 = LINE('',#1651,#1652);
#1651 = CARTESIAN_POINT('',(168.0000001,82.5000001,24.0000001));
#1652 = VECTOR('',#1653,1.);
#1653 = DIRECTION('',(0.,1.,0.));
#1654 = PCURVE('',#1420,#1655);
#1655 = DEFINITIONAL_REPRESENTATION('',(#1656),#1660);
#1656 = LINE('',#1657,#1658);
#1657 = CARTESIAN_POINT('',(0.,0.));
#1658 = VECTOR('',#1659,1.);
#1659 = DIRECTION('',(0.,1.));
#1660 = ( GEOMETRIC_REPRESENTATION_CONTEXT(2) 
PARAMETRIC_REPRESENTATION_CONTEXT() REPRESENTATION_CONTEXT('2D SPACE',''
  ) );
#1661 = PCURVE('',#1539,#1662);
#1662 = DEFINITIONAL_REPRESENTATION('',(#1663),#1667);
#1663 = LINE('',#1664,#1665);
#1664 = CARTESIAN_POINT('',(6.,0.));
#1665 = VECTOR('',#1666,1.);
#1666 = DIRECTION('',(0.,-1.));
#1667 = ( GEOMETRIC_REPRESENTATION_CONTEXT(2) 
PARAMETRIC_REPRESENTATION_CONTEXT() REPRESENTATION_CONTEXT('2D SPACE',''
  ) );
#1668 = ORIENTED_EDGE('',*,*,#1551,.T.);
#1669 = ORIENTED_EDGE('',*,*,#1404,.T.);
#1670 = ADVANCED_FACE('',(#1671),#1483,.T.);
#1671 = FACE_BOUND('',#1672,.T.);
#1672 = EDGE_LOOP('',(#1673,#1674,#1695,#1696));
#1673 = ORIENTED_EDGE('',*,*,#1576,.F.);
#1674 = ORIENTED_EDGE('',*,*,#1675,.T.);
#1675 = EDGE_CURVE('',#1577,#1626,#1676,.T.);
#1676 = SURFACE_CURVE('',#1677,(#1681,#1688),.PCURVE_S1.);
#1677 = LINE('',#1678,#1679);
#1678 = CARTESIAN_POINT('',(168.0000001,92.5000001,18.0000001));
#1679 = VECTOR('',#1680,1.);
#1680 = DIRECTION('',(0.,0.,1.));
#1681 = PCURVE('',#1483,#1682);
#1682 = DEFINITIONAL_REPRESENTATION('',(#1683),#1687);
#1683 = LINE('',#1684,#1685);
#1684 = CARTESIAN_POINT('',(0.,0.));
#1685 = VECTOR('',#1686,1.);
#1686 = DIRECTION('',(1.,0.));
#1687 = ( GEOMETRIC_REPRESENTATION_CONTEXT(2) 
PARAMETRIC_REPRESENTATION_CONTEXT() REPRESENTATION_CONTEXT('2D SPACE',''
  ) );
#1688 = PCURVE('',#1539,#1689);
#1689 = DEFINITIONAL_REPRESENTATION('',(#1690),#1694);
#1690 = LINE('',#1691,#1692);
#1691 = CARTESIAN_POINT('',(0.,-10.));
#1692 = VECTOR('',#1693,1.);
#1693 = DIRECTION('',(1.,0.));
#1694 = ( GEOMETRIC_REPRESENTATION_CONTEXT(2) 
PARAMETRIC_REPRESENTATION_CONTEXT() REPRESENTATION_CONTEXT('2D SPACE',''
  ) );
#1695 = ORIENTED_EDGE('',*,*,#1625,.T.);
#1696 = ORIENTED_EDGE('',*,*,#1469,.F.);
#1697 = ADVANCED_FACE('',(#1698),#1539,.F.);
#1698 = FACE_BOUND('',#1699,.F.);
#1699 = EDGE_LOOP('',(#1700,#1701,#1702,#1703));
#1700 = ORIENTED_EDGE('',*,*,#1523,.F.);
#1701 = ORIENTED_EDGE('',*,*,#1599,.T.);
#1702 = ORIENTED_EDGE('',*,*,#1675,.T.);
#1703 = ORIENTED_EDGE('',*,*,#1648,.F.);
#1704 = ( GEOMETRIC_REPRESENTATION_CONTEXT(3) 
GLOBAL_UNCERTAINTY_ASSIGNED_CONTEXT((#1708)) 
GLOBAL_UNIT_ASSIGNED_CONTEXT((#1705,#1706,#1707)) REPRESENTATION_CONTEXT
('Context #1','3D Context with UNIT and UNCERTAINTY') );
#1705 = ( LENGTH_UNIT() NAMED_UNIT(*) SI_UNIT(.MILLI.,.METRE.) );
#1706 = ( NAMED_UNIT(*) PLANE_ANGLE_UNIT() SI_UNIT($,.RADIAN.) );
#1707 = ( NAMED_UNIT(*) SI_UNIT($,.STERADIAN.) SOLID_ANGLE_UNIT() );
#1708 = UNCERTAINTY_MEASURE_WITH_UNIT(LENGTH_MEASURE(2.E-07),#1705,
  'distance_accuracy_value','confusion accuracy');
#1709 = CONTEXT_DEPENDENT_SHAPE_REPRESENTATION(#1710,#1712);
#1710 = ( REPRESENTATION_RELATIONSHIP('','',#1113,#10) 
REPRESENTATION_RELATIONSHIP_WITH_TRANSFORMATION(#1711) 
SHAPE_REPRESENTATION_RELATIONSHIP() );
#1711 = ITEM_DEFINED_TRANSFORMATION('','',#11,#19);
#1712 = PRODUCT_DEFINITION_SHAPE('Placement','Placement of an item',
  #1713);
#1713 = NEXT_ASSEMBLY_USAGE_OCCURRENCE('2','','',#5,#1108,$);
#1714 = PRODUCT_RELATED_PRODUCT_CATEGORY('part',$,(#1110));
#1715 = SHAPE_DEFINITION_REPRESENTATION(#1716,#1722);
#1716 = PRODUCT_DEFINITION_SHAPE('','',#1717);
#1717 = PRODUCT_DEFINITION('design','',#1718,#1721);
#1718 = PRODUCT_DEFINITION_FORMATION('','',#1719);
#1719 = PRODUCT('Open CASCADE STEP translator 7.8 1.3',
  'Open CASCADE STEP translator 7.8 1.3','',(#1720));
#1720 = PRODUCT_CONTEXT('',#2,'mechanical');
#1721 = PRODUCT_DEFINITION_CONTEXT('part definition',#2,'design');
#1722 = ADVANCED_BREP_SHAPE_REPRESENTATION('',(#11,#1723),#2313);
#1723 = MANIFOLD_SOLID_BREP('',#1724);
#1724 = CLOSED_SHELL('',(#1725,#1845,#1943,#2008,#2073,#2105,#2181,#2230
    ,#2279,#2306));
#1725 = ADVANCED_FACE('',(#1726),#1740,.T.);
#1726 = FACE_BOUND('',#1727,.T.);
#1727 = EDGE_LOOP('',(#1728,#1763,#1791,#1819));
#1728 = ORIENTED_EDGE('',*,*,#1729,.F.);
#1729 = EDGE_CURVE('',#1730,#1732,#1734,.T.);
#1730 = VERTEX_POINT('',#1731);
#1731 = CARTESIAN_POINT('',(172.0000001,9.0000001,19.5000001));
#1732 = VERTEX_POINT('',#1733);
#1733 = CARTESIAN_POINT('',(172.0000001,9.0000001,22.5000001));
#1734 = SURFACE_CURVE('',#1735,(#1739,#1751),.PCURVE_S1.);
#1735 = LINE('',#1736,#1737);
#1736 = CARTESIAN_POINT('',(172.0000001,9.0000001,18.0000001));
#1737 = VECTOR('',#1738,1.);
#1738 = DIRECTION('',(0.,0.,1.));
#1739 = PCURVE('',#1740,#1745);
#1740 = PLANE('',#1741);
#1741 = AXIS2_PLACEMENT_3D('',#1742,#1743,#1744);
#1742 = CARTESIAN_POINT('',(172.0000001,7.5000001,18.0000001));
#1743 = DIRECTION('',(1.,0.,0.));
#1744 = DIRECTION('',(0.,0.,1.));
#1745 = DEFINITIONAL_REPRESENTATION('',(#1746),#1750);
#1746 = LINE('',#1747,#1748);
#1747 = CARTESIAN_POINT('',(0.,-1.5));
#1748 = VECTOR('',#1749,1.);
#1749 = DIRECTION('',(1.,0.));
#1750 = ( GEOMETRIC_REPRESENTATION_CONTEXT(2) 
PARAMETRIC_REPRESENTATION_CONTEXT() REPRESENTATION_CONTEXT('2D SPACE',''
  ) );
#1751 = PCURVE('',#1752,#1757);
#1752 = CYLINDRICAL_SURFACE('',#1753,1.5);
#1753 = AXIS2_PLACEMENT_3D('',#1754,#1755,#1756);
#1754 = CARTESIAN_POINT('',(170.5000001,9.0000001,18.0000001));
#1755 = DIRECTION('',(0.,0.,1.));
#1756 = DIRECTION('',(1.,0.,-0.));
#1757 = DEFINITIONAL_REPRESENTATION('',(#1758),#1762);
#1758 = LINE('',#1759,#1760);
#1759 = CARTESIAN_POINT('',(-0.,0.));
#1760 = VECTOR('',#1761,1.);
#1761 = DIRECTION('',(-0.,1.));
#1762 = ( GEOMETRIC_REPRESENTATION_CONTEXT(2) 
PARAMETRIC_REPRESENTATION_CONTEXT() REPRESENTATION_CONTEXT('2D SPACE',''
  ) );
#1763 = ORIENTED_EDGE('',*,*,#1764,.T.);
#1764 = EDGE_CURVE('',#1730,#1765,#1767,.T.);
#1765 = VERTEX_POINT('',#1766);
#1766 = CARTESIAN_POINT('',(172.0000001,16.0000001,19.5000001));
#1767 = SURFACE_CURVE('',#1768,(#1772,#1779),.PCURVE_S1.);
#1768 = LINE('',#1769,#1770);
#1769 = CARTESIAN_POINT('',(172.0000001,7.5000001,19.5000001));
#1770 = VECTOR('',#1771,1.);
#1771 = DIRECTION('',(0.,1.,0.));
#1772 = PCURVE('',#1740,#1773);
#1773 = DEFINITIONAL_REPRESENTATION('',(#1774),#1778);
#1774 = LINE('',#1775,#1776);
#1775 = CARTESIAN_POINT('',(1.5,0.));
#1776 = VECTOR('',#1777,1.);
#1777 = DIRECTION('',(0.,-1.));
#1778 = ( GEOMETRIC_REPRESENTATION_CONTEXT(2) 
PARAMETRIC_REPRESENTATION_CONTEXT() REPRESENTATION_CONTEXT('2D SPACE',''
  ) );
#1779 = PCURVE('',#1780,#1785);
#1780 = CYLINDRICAL_SURFACE('',#1781,1.5);
#1781 = AXIS2_PLACEMENT_3D('',#1782,#1783,#1784);
#1782 = CARTESIAN_POINT('',(170.5000001,7.5000001,19.5000001));
#1783 = DIRECTION('',(0.,1.,0.));
#1784 = DIRECTION('',(1.,0.,-0.));
#1785 = DEFINITIONAL_REPRESENTATION('',(#1786),#1790);
#1786 = LINE('',#1787,#1788);
#1787 = CARTESIAN_POINT('',(0.,0.));
#1788 = VECTOR('',#1789,1.);
#1789 = DIRECTION('',(0.,1.));
#1790 = ( GEOMETRIC_REPRESENTATION_CONTEXT(2) 
PARAMETRIC_REPRESENTATION_CONTEXT() REPRESENTATION_CONTEXT('2D SPACE',''
  ) );
#1791 = ORIENTED_EDGE('',*,*,#1792,.T.);
#1792 = EDGE_CURVE('',#1765,#1793,#1795,.T.);
#1793 = VERTEX_POINT('',#1794);
#1794 = CARTESIAN_POINT('',(172.0000001,16.0000001,22.5000001));
#1795 = SURFACE_CURVE('',#1796,(#1800,#1807),.PCURVE_S1.);
#1796 = LINE('',#1797,#1798);
#1797 = CARTESIAN_POINT('',(172.0000001,16.0000001,18.0000001));
#1798 = VECTOR('',#1799,1.);
#1799 = DIRECTION('',(0.,0.,1.));
#1800 = PCURVE('',#1740,#1801);
#1801 = DEFINITIONAL_REPRESENTATION('',(#1802),#1806);
#1802 = LINE('',#1803,#1804);
#1803 = CARTESIAN_POINT('',(0.,-8.5));
#1804 = VECTOR('',#1805,1.);
#1805 = DIRECTION('',(1.,0.));
#1806 = ( GEOMETRIC_REPRESENTATION_CONTEXT(2) 
PARAMETRIC_REPRESENTATION_CONTEXT() REPRESENTATION_CONTEXT('2D SPACE',''
  ) );
#1807 = PCURVE('',#1808,#1813);
#1808 = CYLINDRICAL_SURFACE('',#1809,1.5);
#1809 = AXIS2_PLACEMENT_3D('',#1810,#1811,#1812);
#1810 = CARTESIAN_POINT('',(170.5000001,16.0000001,18.0000001));
#1811 = DIRECTION('',(0.,0.,1.));
#1812 = DIRECTION('',(1.,0.,-0.));
#1813 = DEFINITIONAL_REPRESENTATION('',(#1814),#1818);
#1814 = LINE('',#1815,#1816);
#1815 = CARTESIAN_POINT('',(0.,0.));
#1816 = VECTOR('',#1817,1.);
#1817 = DIRECTION('',(0.,1.));
#1818 = ( GEOMETRIC_REPRESENTATION_CONTEXT(2) 
PARAMETRIC_REPRESENTATION_CONTEXT() REPRESENTATION_CONTEXT('2D SPACE',''
  ) );
#1819 = ORIENTED_EDGE('',*,*,#1820,.F.);
#1820 = EDGE_CURVE('',#1732,#1793,#1821,.T.);
#1821 = SURFACE_CURVE('',#1822,(#1826,#1833),.PCURVE_S1.);
#1822 = LINE('',#1823,#1824);
#1823 = CARTESIAN_POINT('',(172.0000001,7.5000001,22.5000001));
#1824 = VECTOR('',#1825,1.);
#1825 = DIRECTION('',(0.,1.,0.));
#1826 = PCURVE('',#1740,#1827);
#1827 = DEFINITIONAL_REPRESENTATION('',(#1828),#1832);
#1828 = LINE('',#1829,#1830);
#1829 = CARTESIAN_POINT('',(4.5,0.));
#1830 = VECTOR('',#1831,1.);
#1831 = DIRECTION('',(0.,-1.));
#1832 = ( GEOMETRIC_REPRESENTATION_CONTEXT(2) 
PARAMETRIC_REPRESENTATION_CONTEXT() REPRESENTATION_CONTEXT('2D SPACE',''
  ) );
#1833 = PCURVE('',#1834,#1839);
#1834 = CYLINDRICAL_SURFACE('',#1835,1.5);
#1835 = AXIS2_PLACEMENT_3D('',#1836,#1837,#1838);
#1836 = CARTESIAN_POINT('',(170.5000001,7.5000001,22.5000001));
#1837 = DIRECTION('',(0.,1.,0.));
#1838 = DIRECTION('',(1.,0.,-0.));
#1839 = DEFINITIONAL_REPRESENTATION('',(#1840),#1844);
#1840 = LINE('',#1841,#1842);
#1841 = CARTESIAN_POINT('',(-0.,0.));
#1842 = VECTOR('',#1843,1.);
#1843 = DIRECTION('',(-0.,1.));
#1844 = ( GEOMETRIC_REPRESENTATION_CONTEXT(2) 
PARAMETRIC_REPRESENTATION_CONTEXT() REPRESENTATION_CONTEXT('2D SPACE',''
  ) );
#1845 = ADVANCED_FACE('',(#1846),#1752,.T.);
#1846 = FACE_BOUND('',#1847,.F.);
#1847 = EDGE_LOOP('',(#1848,#1882,#1910,#1942));
#1848 = ORIENTED_EDGE('',*,*,#1849,.T.);
#1849 = EDGE_CURVE('',#1730,#1850,#1852,.T.);
#1850 = VERTEX_POINT('',#1851);
#1851 = CARTESIAN_POINT('',(170.5000001,7.5000001,18.0000001));
#1852 = SURFACE_CURVE('',#1853,(#1858,#1870),.PCURVE_S1.);
#1853 = ELLIPSE('',#1854,2.12132034356,1.5);
#1854 = AXIS2_PLACEMENT_3D('',#1855,#1856,#1857);
#1855 = CARTESIAN_POINT('',(170.5000001,9.0000001,19.5000001));
#1856 = DIRECTION('',(-0.,0.707106781187,-0.707106781187));
#1857 = DIRECTION('',(0.,0.707106781187,0.707106781187));
#1858 = PCURVE('',#1752,#1859);
#1859 = DEFINITIONAL_REPRESENTATION('',(#1860),#1869);
#1860 = B_SPLINE_CURVE_WITH_KNOTS('',7,(#1861,#1862,#1863,#1864,#1865,
    #1866,#1867,#1868),.UNSPECIFIED.,.F.,.F.,(8,8),(1.570796326795,
    3.14159265359),.PIECEWISE_BEZIER_KNOTS.);
#1861 = CARTESIAN_POINT('',(0.,1.5));
#1862 = CARTESIAN_POINT('',(-0.224399475256,1.163400787115));
#1863 = CARTESIAN_POINT('',(-0.448798950513,0.826802941021));
#1864 = CARTESIAN_POINT('',(-0.673198425769,0.517879761339));
#1865 = CARTESIAN_POINT('',(-0.897597901026,0.264356243062));
#1866 = CARTESIAN_POINT('',(-1.121997376282,8.812300891497E-02));
#1867 = CARTESIAN_POINT('',(-1.346396851538,-4.122151486547E-17));
#1868 = CARTESIAN_POINT('',(-1.570796326795,0.));
#1869 = ( GEOMETRIC_REPRESENTATION_CONTEXT(2) 
PARAMETRIC_REPRESENTATION_CONTEXT() REPRESENTATION_CONTEXT('2D SPACE',''
  ) );
#1870 = PCURVE('',#1780,#1871);
#1871 = DEFINITIONAL_REPRESENTATION('',(#1872),#1881);
#1872 = B_SPLINE_CURVE_WITH_KNOTS('',7,(#1873,#1874,#1875,#1876,#1877,
    #1878,#1879,#1880),.UNSPECIFIED.,.F.,.F.,(8,8),(1.570796326795,
    3.14159265359),.PIECEWISE_BEZIER_KNOTS.);
#1873 = CARTESIAN_POINT('',(0.,1.5));
#1874 = CARTESIAN_POINT('',(0.224399475256,1.163400787115));
#1875 = CARTESIAN_POINT('',(0.448798950513,0.826802941021));
#1876 = CARTESIAN_POINT('',(0.673198425769,0.51787976134));
#1877 = CARTESIAN_POINT('',(0.897597901026,0.264356243062));
#1878 = CARTESIAN_POINT('',(1.121997376282,8.812300891502E-02));
#1879 = CARTESIAN_POINT('',(1.346396851538,-4.122151486547E-17));
#1880 = CARTESIAN_POINT('',(1.570796326795,0.));
#1881 = ( GEOMETRIC_REPRESENTATION_CONTEXT(2) 
PARAMETRIC_REPRESENTATION_CONTEXT() REPRESENTATION_CONTEXT('2D SPACE',''
  ) );
#1882 = ORIENTED_EDGE('',*,*,#1883,.T.);
#1883 = EDGE_CURVE('',#1850,#1884,#1886,.T.);
#1884 = VERTEX_POINT('',#1885);
#1885 = CARTESIAN_POINT('',(170.5000001,7.5000001,24.0000001));
#1886 = SURFACE_CURVE('',#1887,(#1891,#1898),.PCURVE_S1.);
#1887 = LINE('',#1888,#1889);
#1888 = CARTESIAN_POINT('',(170.5000001,7.5000001,18.0000001));
#1889 = VECTOR('',#1890,1.);
#1890 = DIRECTION('',(0.,0.,1.));
#1891 = PCURVE('',#1752,#1892);
#1892 = DEFINITIONAL_REPRESENTATION('',(#1893),#1897);
#1893 = LINE('',#1894,#1895);
#1894 = CARTESIAN_POINT('',(-1.570796326795,0.));
#1895 = VECTOR('',#1896,1.);
#1896 = DIRECTION('',(-0.,1.));
#1897 = ( GEOMETRIC_REPRESENTATION_CONTEXT(2) 
PARAMETRIC_REPRESENTATION_CONTEXT() REPRESENTATION_CONTEXT('2D SPACE',''
  ) );
#1898 = PCURVE('',#1899,#1904);
#1899 = PLANE('',#1900);
#1900 = AXIS2_PLACEMENT_3D('',#1901,#1902,#1903);
#1901 = CARTESIAN_POINT('',(168.0000001,7.5000001,18.0000001));
#1902 = DIRECTION('',(0.,1.,0.));
#1903 = DIRECTION('',(0.,0.,1.));
#1904 = DEFINITIONAL_REPRESENTATION('',(#1905),#1909);
#1905 = LINE('',#1906,#1907);
#1906 = CARTESIAN_POINT('',(0.,2.5));
#1907 = VECTOR('',#1908,1.);
#1908 = DIRECTION('',(1.,0.));
#1909 = ( GEOMETRIC_REPRESENTATION_CONTEXT(2) 
PARAMETRIC_REPRESENTATION_CONTEXT() REPRESENTATION_CONTEXT('2D SPACE',''
  ) );
#1910 = ORIENTED_EDGE('',*,*,#1911,.F.);
#1911 = EDGE_CURVE('',#1732,#1884,#1912,.T.);
#1912 = SURFACE_CURVE('',#1913,(#1918,#1930),.PCURVE_S1.);
#1913 = ELLIPSE('',#1914,2.12132034356,1.5);
#1914 = AXIS2_PLACEMENT_3D('',#1915,#1916,#1917);
#1915 = CARTESIAN_POINT('',(170.5000001,9.0000001,22.5000001));
#1916 = DIRECTION('',(-0.,-0.707106781187,-0.707106781187));
#1917 = DIRECTION('',(0.,-0.707106781187,0.707106781187));
#1918 = PCURVE('',#1752,#1919);
#1919 = DEFINITIONAL_REPRESENTATION('',(#1920),#1929);
#1920 = B_SPLINE_CURVE_WITH_KNOTS('',7,(#1921,#1922,#1923,#1924,#1925,
    #1926,#1927,#1928),.UNSPECIFIED.,.F.,.F.,(8,8),(4.712388980385,
    6.28318530718),.PIECEWISE_BEZIER_KNOTS.);
#1921 = CARTESIAN_POINT('',(0.,4.5));
#1922 = CARTESIAN_POINT('',(-0.224399475256,4.836599212885));
#1923 = CARTESIAN_POINT('',(-0.448798950513,5.173197058977));
#1924 = CARTESIAN_POINT('',(-0.673198425769,5.482120238663));
#1925 = CARTESIAN_POINT('',(-0.897597901026,5.735643756936));
#1926 = CARTESIAN_POINT('',(-1.121997376282,5.911876991086));
#1927 = CARTESIAN_POINT('',(-1.346396851538,6.));
#1928 = CARTESIAN_POINT('',(-1.570796326795,6.));
#1929 = ( GEOMETRIC_REPRESENTATION_CONTEXT(2) 
PARAMETRIC_REPRESENTATION_CONTEXT() REPRESENTATION_CONTEXT('2D SPACE',''
  ) );
#1930 = PCURVE('',#1834,#1931);
#1931 = DEFINITIONAL_REPRESENTATION('',(#1932),#1941);
#1932 = B_SPLINE_CURVE_WITH_KNOTS('',7,(#1933,#1934,#1935,#1936,#1937,
    #1938,#1939,#1940),.UNSPECIFIED.,.F.,.F.,(8,8),(4.712388980385,
    6.28318530718),.PIECEWISE_BEZIER_KNOTS.);
#1933 = CARTESIAN_POINT('',(0.,1.5));
#1934 = CARTESIAN_POINT('',(-0.224399475256,1.163400787115));
#1935 = CARTESIAN_POINT('',(-0.448798950513,0.826802941022));
#1936 = CARTESIAN_POINT('',(-0.673198425769,0.517879761339));
#1937 = CARTESIAN_POINT('',(-0.897597901026,0.264356243062));
#1938 = CARTESIAN_POINT('',(-1.121997376282,8.812300891497E-02));
#1939 = CARTESIAN_POINT('',(-1.346396851538,0.));
#1940 = CARTESIAN_POINT('',(-1.570796326795,0.));
#1941 = ( GEOMETRIC_REPRESENTATION_CONTEXT(2) 
PARAMETRIC_REPRESENTATION_CONTEXT() REPRESENTATION_CONTEXT('2D SPACE',''
  ) );
#1942 = ORIENTED_EDGE('',*,*,#1729,.F.);
#1943 = ADVANCED_FACE('',(#1944),#1780,.T.);
#1944 = FACE_BOUND('',#1945,.T.);
#1945 = EDGE_LOOP('',(#1946,#1947,#1975,#2007));
#1946 = ORIENTED_EDGE('',*,*,#1849,.T.);
#1947 = ORIENTED_EDGE('',*,*,#1948,.T.);
#1948 = EDGE_CURVE('',#1850,#1949,#1951,.T.);
#1949 = VERTEX_POINT('',#1950);
#1950 = CARTESIAN_POINT('',(170.5000001,17.5000001,18.0000001));
#1951 = SURFACE_CURVE('',#1952,(#1956,#1963),.PCURVE_S1.);
#1952 = LINE('',#1953,#1954);
#1953 = CARTESIAN_POINT('',(170.5000001,7.5000001,18.0000001));
#1954 = VECTOR('',#1955,1.);
#1955 = DIRECTION('',(0.,1.,0.));
#1956 = PCURVE('',#1780,#1957);
#1957 = DEFINITIONAL_REPRESENTATION('',(#1958),#1962);
#1958 = LINE('',#1959,#1960);
#1959 = CARTESIAN_POINT('',(1.570796326795,0.));
#1960 = VECTOR('',#1961,1.);
#1961 = DIRECTION('',(0.,1.));
#1962 = ( GEOMETRIC_REPRESENTATION_CONTEXT(2) 
PARAMETRIC_REPRESENTATION_CONTEXT() REPRESENTATION_CONTEXT('2D SPACE',''
  ) );
#1963 = PCURVE('',#1964,#1969);
#1964 = PLANE('',#1965);
#1965 = AXIS2_PLACEMENT_3D('',#1966,#1967,#1968);
#1966 = CARTESIAN_POINT('',(168.0000001,7.5000001,18.0000001));
#1967 = DIRECTION('',(0.,0.,1.));
#1968 = DIRECTION('',(1.,0.,0.));
#1969 = DEFINITIONAL_REPRESENTATION('',(#1970),#1974);
#1970 = LINE('',#1971,#1972);
#1971 = CARTESIAN_POINT('',(2.5,0.));
#1972 = VECTOR('',#1973,1.);
#1973 = DIRECTION('',(0.,1.));
#1974 = ( GEOMETRIC_REPRESENTATION_CONTEXT(2) 
PARAMETRIC_REPRESENTATION_CONTEXT() REPRESENTATION_CONTEXT('2D SPACE',''
  ) );
#1975 = ORIENTED_EDGE('',*,*,#1976,.F.);
#1976 = EDGE_CURVE('',#1765,#1949,#1977,.T.);
#1977 = SURFACE_CURVE('',#1978,(#1983,#1995),.PCURVE_S1.);
#1978 = ELLIPSE('',#1979,2.12132034356,1.5);
#1979 = AXIS2_PLACEMENT_3D('',#1980,#1981,#1982);
#1980 = CARTESIAN_POINT('',(170.5000001,16.0000001,19.5000001));
#1981 = DIRECTION('',(0.,0.707106781187,0.707106781187));
#1982 = DIRECTION('',(0.,-0.707106781187,0.707106781187));
#1983 = PCURVE('',#1780,#1984);
#1984 = DEFINITIONAL_REPRESENTATION('',(#1985),#1994);
#1985 = B_SPLINE_CURVE_WITH_KNOTS('',7,(#1986,#1987,#1988,#1989,#1990,
    #1991,#1992,#1993),.UNSPECIFIED.,.F.,.F.,(8,8),(1.570796326795,
    3.14159265359),.PIECEWISE_BEZIER_KNOTS.);
#1986 = CARTESIAN_POINT('',(0.,8.5));
#1987 = CARTESIAN_POINT('',(0.224399475256,8.836599212885));
#1988 = CARTESIAN_POINT('',(0.448798950513,9.173197058979));
#1989 = CARTESIAN_POINT('',(0.673198425769,9.482120238661));
#1990 = CARTESIAN_POINT('',(0.897597901026,9.735643756939));
#1991 = CARTESIAN_POINT('',(1.121997376282,9.911876991085));
#1992 = CARTESIAN_POINT('',(1.346396851538,10.));
#1993 = CARTESIAN_POINT('',(1.570796326795,10.));
#1994 = ( GEOMETRIC_REPRESENTATION_CONTEXT(2) 
PARAMETRIC_REPRESENTATION_CONTEXT() REPRESENTATION_CONTEXT('2D SPACE',''
  ) );
#1995 = PCURVE('',#1808,#1996);
#1996 = DEFINITIONAL_REPRESENTATION('',(#1997),#2006);
#1997 = B_SPLINE_CURVE_WITH_KNOTS('',7,(#1998,#1999,#2000,#2001,#2002,
    #2003,#2004,#2005),.UNSPECIFIED.,.F.,.F.,(8,8),(1.570796326795,
    3.14159265359),.PIECEWISE_BEZIER_KNOTS.);
#1998 = CARTESIAN_POINT('',(0.,1.5));
#1999 = CARTESIAN_POINT('',(0.224399475256,1.163400787115));
#2000 = CARTESIAN_POINT('',(0.448798950513,0.826802941022));
#2001 = CARTESIAN_POINT('',(0.673198425769,0.517879761339));
#2002 = CARTESIAN_POINT('',(0.897597901026,0.264356243062));
#2003 = CARTESIAN_POINT('',(1.121997376282,8.812300891498E-02));
#2004 = CARTESIAN_POINT('',(1.346396851538,4.122151486547E-17));
#2005 = CARTESIAN_POINT('',(1.570796326795,0.));
#2006 = ( GEOMETRIC_REPRESENTATION_CONTEXT(2) 
PARAMETRIC_REPRESENTATION_CONTEXT() REPRESENTATION_CONTEXT('2D SPACE',''
  ) );
#2007 = ORIENTED_EDGE('',*,*,#1764,.F.);
#2008 = ADVANCED_FACE('',(#2009),#1834,.T.);
#2009 = FACE_BOUND('',#2010,.F.);
#2010 = EDGE_LOOP('',(#2011,#2012,#2040,#2072));
#2011 = ORIENTED_EDGE('',*,*,#1911,.T.);
#2012 = ORIENTED_EDGE('',*,*,#2013,.T.);
#2013 = EDGE_CURVE('',#1884,#2014,#2016,.T.);
#2014 = VERTEX_POINT('',#2015);
#2015 = CARTESIAN_POINT('',(170.5000001,17.5000001,24.0000001));
#2016 = SURFACE_CURVE('',#2017,(#2021,#2028),.PCURVE_S1.);
#2017 = LINE('',#2018,#2019);
#2018 = CARTESIAN_POINT('',(170.5000001,7.5000001,24.0000001));
#2019 = VECTOR('',#2020,1.);
#2020 = DIRECTION('',(0.,1.,0.));
#2021 = PCURVE('',#1834,#2022);
#2022 = DEFINITIONAL_REPRESENTATION('',(#2023),#2027);
#2023 = LINE('',#2024,#2025);
#2024 = CARTESIAN_POINT('',(-1.570796326795,0.));
#2025 = VECTOR('',#2026,1.);
#2026 = DIRECTION('',(-0.,1.));
#2027 = ( GEOMETRIC_REPRESENTATION_CONTEXT(2) 
PARAMETRIC_REPRESENTATION_CONTEXT() REPRESENTATION_CONTEXT('2D SPACE',''
  ) );
#2028 = PCURVE('',#2029,#2034);
#2029 = PLANE('',#2030);
#2030 = AXIS2_PLACEMENT_3D('',#2031,#2032,#2033);
#2031 = CARTESIAN_POINT('',(168.0000001,7.5000001,24.0000001));
#2032 = DIRECTION('',(0.,0.,1.));
#2033 = DIRECTION('',(1.,0.,0.));
#2034 = DEFINITIONAL_REPRESENTATION('',(#2035),#2039);
#2035 = LINE('',#2036,#2037);
#2036 = CARTESIAN_POINT('',(2.5,0.));
#2037 = VECTOR('',#2038,1.);
#2038 = DIRECTION('',(0.,1.));
#2039 = ( GEOMETRIC_REPRESENTATION_CONTEXT(2) 
PARAMETRIC_REPRESENTATION_CONTEXT() REPRESENTATION_CONTEXT('2D SPACE',''
  ) );
#2040 = ORIENTED_EDGE('',*,*,#2041,.F.);
#2041 = EDGE_CURVE('',#1793,#2014,#2042,.T.);
#2042 = SURFACE_CURVE('',#2043,(#2048,#2060),.PCURVE_S1.);
#2043 = ELLIPSE('',#2044,2.12132034356,1.5);
#2044 = AXIS2_PLACEMENT_3D('',#2045,#2046,#2047);
#2045 = CARTESIAN_POINT('',(170.5000001,16.0000001,22.5000001));
#2046 = DIRECTION('',(0.,-0.707106781187,0.707106781187));
#2047 = DIRECTION('',(0.,0.707106781187,0.707106781187));
#2048 = PCURVE('',#1834,#2049);
#2049 = DEFINITIONAL_REPRESENTATION('',(#2050),#2059);
#2050 = B_SPLINE_CURVE_WITH_KNOTS('',7,(#2051,#2052,#2053,#2054,#2055,
    #2056,#2057,#2058),.UNSPECIFIED.,.F.,.F.,(8,8),(4.712388980385,
    6.28318530718),.PIECEWISE_BEZIER_KNOTS.);
#2051 = CARTESIAN_POINT('',(0.,8.5));
#2052 = CARTESIAN_POINT('',(-0.224399475256,8.836599212885));
#2053 = CARTESIAN_POINT('',(-0.448798950513,9.17319705898));
#2054 = CARTESIAN_POINT('',(-0.673198425769,9.482120238658));
#2055 = CARTESIAN_POINT('',(-0.897597901026,9.735643756943));
#2056 = CARTESIAN_POINT('',(-1.121997376282,9.911876991083));
#2057 = CARTESIAN_POINT('',(-1.346396851538,10.));
#2058 = CARTESIAN_POINT('',(-1.570796326795,10.));
#2059 = ( GEOMETRIC_REPRESENTATION_CONTEXT(2) 
PARAMETRIC_REPRESENTATION_CONTEXT() REPRESENTATION_CONTEXT('2D SPACE',''
  ) );
#2060 = PCURVE('',#1808,#2061);
#2061 = DEFINITIONAL_REPRESENTATION('',(#2062),#2071);
#2062 = B_SPLINE_CURVE_WITH_KNOTS('',7,(#2063,#2064,#2065,#2066,#2067,
    #2068,#2069,#2070),.UNSPECIFIED.,.F.,.F.,(8,8),(4.712388980385,
    6.28318530718),.PIECEWISE_BEZIER_KNOTS.);
#2063 = CARTESIAN_POINT('',(0.,4.5));
#2064 = CARTESIAN_POINT('',(0.224399475256,4.836599212885));
#2065 = CARTESIAN_POINT('',(0.448798950513,5.173197058977));
#2066 = CARTESIAN_POINT('',(0.673198425769,5.482120238663));
#2067 = CARTESIAN_POINT('',(0.897597901026,5.735643756936));
#2068 = CARTESIAN_POINT('',(1.121997376282,5.911876991086));
#2069 = CARTESIAN_POINT('',(1.346396851538,6.));
#2070 = CARTESIAN_POINT('',(1.570796326795,6.));
#2071 = ( GEOMETRIC_REPRESENTATION_CONTEXT(2) 
PARAMETRIC_REPRESENTATION_CONTEXT() REPRESENTATION_CONTEXT('2D SPACE',''
  ) );
#2072 = ORIENTED_EDGE('',*,*,#1820,.F.);
#2073 = ADVANCED_FACE('',(#2074),#1808,.T.);
#2074 = FACE_BOUND('',#2075,.T.);
#2075 = EDGE_LOOP('',(#2076,#2077,#2103,#2104));
#2076 = ORIENTED_EDGE('',*,*,#1976,.T.);
#2077 = ORIENTED_EDGE('',*,*,#2078,.T.);
#2078 = EDGE_CURVE('',#1949,#2014,#2079,.T.);
#2079 = SURFACE_CURVE('',#2080,(#2084,#2091),.PCURVE_S1.);
#2080 = LINE('',#2081,#2082);
#2081 = CARTESIAN_POINT('',(170.5000001,17.5000001,18.0000001));
#2082 = VECTOR('',#2083,1.);
#2083 = DIRECTION('',(0.,0.,1.));
#2084 = PCURVE('',#1808,#2085);
#2085 = DEFINITIONAL_REPRESENTATION('',(#2086),#2090);
#2086 = LINE('',#2087,#2088);
#2087 = CARTESIAN_POINT('',(1.570796326795,0.));
#2088 = VECTOR('',#2089,1.);
#2089 = DIRECTION('',(0.,1.));
#2090 = ( GEOMETRIC_REPRESENTATION_CONTEXT(2) 
PARAMETRIC_REPRESENTATION_CONTEXT() REPRESENTATION_CONTEXT('2D SPACE',''
  ) );
#2091 = PCURVE('',#2092,#2097);
#2092 = PLANE('',#2093);
#2093 = AXIS2_PLACEMENT_3D('',#2094,#2095,#2096);
#2094 = CARTESIAN_POINT('',(168.0000001,17.5000001,18.0000001));
#2095 = DIRECTION('',(0.,1.,0.));
#2096 = DIRECTION('',(0.,0.,1.));
#2097 = DEFINITIONAL_REPRESENTATION('',(#2098),#2102);
#2098 = LINE('',#2099,#2100);
#2099 = CARTESIAN_POINT('',(0.,2.5));
#2100 = VECTOR('',#2101,1.);
#2101 = DIRECTION('',(1.,0.));
#2102 = ( GEOMETRIC_REPRESENTATION_CONTEXT(2) 
PARAMETRIC_REPRESENTATION_CONTEXT() REPRESENTATION_CONTEXT('2D SPACE',''
  ) );
#2103 = ORIENTED_EDGE('',*,*,#2041,.F.);
#2104 = ORIENTED_EDGE('',*,*,#1792,.F.);
#2105 = ADVANCED_FACE('',(#2106),#1899,.F.);
#2106 = FACE_BOUND('',#2107,.F.);
#2107 = EDGE_LOOP('',(#2108,#2131,#2159,#2180));
#2108 = ORIENTED_EDGE('',*,*,#2109,.F.);
#2109 = EDGE_CURVE('',#2110,#1850,#2112,.T.);
#2110 = VERTEX_POINT('',#2111);
#2111 = CARTESIAN_POINT('',(168.0000001,7.5000001,18.0000001));
#2112 = SURFACE_CURVE('',#2113,(#2117,#2124),.PCURVE_S1.);
#2113 = LINE('',#2114,#2115);
#2114 = CARTESIAN_POINT('',(168.0000001,7.5000001,18.0000001));
#2115 = VECTOR('',#2116,1.);
#2116 = DIRECTION('',(1.,0.,0.));
#2117 = PCURVE('',#1899,#2118);
#2118 = DEFINITIONAL_REPRESENTATION('',(#2119),#2123);
#2119 = LINE('',#2120,#2121);
#2120 = CARTESIAN_POINT('',(0.,0.));
#2121 = VECTOR('',#2122,1.);
#2122 = DIRECTION('',(0.,1.));
#2123 = ( GEOMETRIC_REPRESENTATION_CONTEXT(2) 
PARAMETRIC_REPRESENTATION_CONTEXT() REPRESENTATION_CONTEXT('2D SPACE',''
  ) );
#2124 = PCURVE('',#1964,#2125);
#2125 = DEFINITIONAL_REPRESENTATION('',(#2126),#2130);
#2126 = LINE('',#2127,#2128);
#2127 = CARTESIAN_POINT('',(0.,0.));
#2128 = VECTOR('',#2129,1.);
#2129 = DIRECTION('',(1.,0.));
#2130 = ( GEOMETRIC_REPRESENTATION_CONTEXT(2) 
PARAMETRIC_REPRESENTATION_CONTEXT() REPRESENTATION_CONTEXT('2D SPACE',''
  ) );
#2131 = ORIENTED_EDGE('',*,*,#2132,.T.);
#2132 = EDGE_CURVE('',#2110,#2133,#2135,.T.);
#2133 = VERTEX_POINT('',#2134);
#2134 = CARTESIAN_POINT('',(168.0000001,7.5000001,24.0000001));
#2135 = SURFACE_CURVE('',#2136,(#2140,#2147),.PCURVE_S1.);
#2136 = LINE('',#2137,#2138);
#2137 = CARTESIAN_POINT('',(168.0000001,7.5000001,18.0000001));
#2138 = VECTOR('',#2139,1.);
#2139 = DIRECTION('',(0.,0.,1.));
#2140 = PCURVE('',#1899,#2141);
#2141 = DEFINITIONAL_REPRESENTATION('',(#2142),#2146);
#2142 = LINE('',#2143,#2144);
#2143 = CARTESIAN_POINT('',(0.,0.));
#2144 = VECTOR('',#2145,1.);
#2145 = DIRECTION('',(1.,0.));
#2146 = ( GEOMETRIC_REPRESENTATION_CONTEXT(2) 
PARAMETRIC_REPRESENTATION_CONTEXT() REPRESENTATION_CONTEXT('2D SPACE',''
  ) );
#2147 = PCURVE('',#2148,#2153);
#2148 = PLANE('',#2149);
#2149 = AXIS2_PLACEMENT_3D('',#2150,#2151,#2152);
#2150 = CARTESIAN_POINT('',(168.0000001,7.5000001,18.0000001));
#2151 = DIRECTION('',(1.,0.,0.));
#2152 = DIRECTION('',(0.,0.,1.));
#2153 = DEFINITIONAL_REPRESENTATION('',(#2154),#2158);
#2154 = LINE('',#2155,#2156);
#2155 = CARTESIAN_POINT('',(0.,0.));
#2156 = VECTOR('',#2157,1.);
#2157 = DIRECTION('',(1.,0.));
#2158 = ( GEOMETRIC_REPRESENTATION_CONTEXT(2) 
PARAMETRIC_REPRESENTATION_CONTEXT() REPRESENTATION_CONTEXT('2D SPACE',''
  ) );
#2159 = ORIENTED_EDGE('',*,*,#2160,.T.);
#2160 = EDGE_CURVE('',#2133,#1884,#2161,.T.);
#2161 = SURFACE_CURVE('',#2162,(#2166,#2173),.PCURVE_S1.);
#2162 = LINE('',#2163,#2164);
#2163 = CARTESIAN_POINT('',(168.0000001,7.5000001,24.0000001));
#2164 = VECTOR('',#2165,1.);
#2165 = DIRECTION('',(1.,0.,0.));
#2166 = PCURVE('',#1899,#2167);
#2167 = DEFINITIONAL_REPRESENTATION('',(#2168),#2172);
#2168 = LINE('',#2169,#2170);
#2169 = CARTESIAN_POINT('',(6.,0.));
#2170 = VECTOR('',#2171,1.);
#2171 = DIRECTION('',(0.,1.));
#2172 = ( GEOMETRIC_REPRESENTATION_CONTEXT(2) 
PARAMETRIC_REPRESENTATION_CONTEXT() REPRESENTATION_CONTEXT('2D SPACE',''
  ) );
#2173 = PCURVE('',#2029,#2174);
#2174 = DEFINITIONAL_REPRESENTATION('',(#2175),#2179);
#2175 = LINE('',#2176,#2177);
#2176 = CARTESIAN_POINT('',(0.,0.));
#2177 = VECTOR('',#2178,1.);
#2178 = DIRECTION('',(1.,0.));
#2179 = ( GEOMETRIC_REPRESENTATION_CONTEXT(2) 
PARAMETRIC_REPRESENTATION_CONTEXT() REPRESENTATION_CONTEXT('2D SPACE',''
  ) );
#2180 = ORIENTED_EDGE('',*,*,#1883,.F.);
#2181 = ADVANCED_FACE('',(#2182),#1964,.F.);
#2182 = FACE_BOUND('',#2183,.F.);
#2183 = EDGE_LOOP('',(#2184,#2207,#2228,#2229));
#2184 = ORIENTED_EDGE('',*,*,#2185,.F.);
#2185 = EDGE_CURVE('',#2186,#1949,#2188,.T.);
#2186 = VERTEX_POINT('',#2187);
#2187 = CARTESIAN_POINT('',(168.0000001,17.5000001,18.0000001));
#2188 = SURFACE_CURVE('',#2189,(#2193,#2200),.PCURVE_S1.);
#2189 = LINE('',#2190,#2191);
#2190 = CARTESIAN_POINT('',(168.0000001,17.5000001,18.0000001));
#2191 = VECTOR('',#2192,1.);
#2192 = DIRECTION('',(1.,0.,0.));
#2193 = PCURVE('',#1964,#2194);
#2194 = DEFINITIONAL_REPRESENTATION('',(#2195),#2199);
#2195 = LINE('',#2196,#2197);
#2196 = CARTESIAN_POINT('',(0.,10.));
#2197 = VECTOR('',#2198,1.);
#2198 = DIRECTION('',(1.,0.));
#2199 = ( GEOMETRIC_REPRESENTATION_CONTEXT(2) 
PARAMETRIC_REPRESENTATION_CONTEXT() REPRESENTATION_CONTEXT('2D SPACE',''
  ) );
#2200 = PCURVE('',#2092,#2201);
#2201 = DEFINITIONAL_REPRESENTATION('',(#2202),#2206);
#2202 = LINE('',#2203,#2204);
#2203 = CARTESIAN_POINT('',(0.,0.));
#2204 = VECTOR('',#2205,1.);
#2205 = DIRECTION('',(0.,1.));
#2206 = ( GEOMETRIC_REPRESENTATION_CONTEXT(2) 
PARAMETRIC_REPRESENTATION_CONTEXT() REPRESENTATION_CONTEXT('2D SPACE',''
  ) );
#2207 = ORIENTED_EDGE('',*,*,#2208,.F.);
#2208 = EDGE_CURVE('',#2110,#2186,#2209,.T.);
#2209 = SURFACE_CURVE('',#2210,(#2214,#2221),.PCURVE_S1.);
#2210 = LINE('',#2211,#2212);
#2211 = CARTESIAN_POINT('',(168.0000001,7.5000001,18.0000001));
#2212 = VECTOR('',#2213,1.);
#2213 = DIRECTION('',(0.,1.,0.));
#2214 = PCURVE('',#1964,#2215);
#2215 = DEFINITIONAL_REPRESENTATION('',(#2216),#2220);
#2216 = LINE('',#2217,#2218);
#2217 = CARTESIAN_POINT('',(0.,0.));
#2218 = VECTOR('',#2219,1.);
#2219 = DIRECTION('',(0.,1.));
#2220 = ( GEOMETRIC_REPRESENTATION_CONTEXT(2) 
PARAMETRIC_REPRESENTATION_CONTEXT() REPRESENTATION_CONTEXT('2D SPACE',''
  ) );
#2221 = PCURVE('',#2148,#2222);
#2222 = DEFINITIONAL_REPRESENTATION('',(#2223),#2227);
#2223 = LINE('',#2224,#2225);
#2224 = CARTESIAN_POINT('',(0.,0.));
#2225 = VECTOR('',#2226,1.);
#2226 = DIRECTION('',(0.,-1.));
#2227 = ( GEOMETRIC_REPRESENTATION_CONTEXT(2) 
PARAMETRIC_REPRESENTATION_CONTEXT() REPRESENTATION_CONTEXT('2D SPACE',''
  ) );
#2228 = ORIENTED_EDGE('',*,*,#2109,.T.);
#2229 = ORIENTED_EDGE('',*,*,#1948,.T.);
#2230 = ADVANCED_FACE('',(#2231),#2029,.T.);
#2231 = FACE_BOUND('',#2232,.T.);
#2232 = EDGE_LOOP('',(#2233,#2256,#2277,#2278));
#2233 = ORIENTED_EDGE('',*,*,#2234,.F.);
#2234 = EDGE_CURVE('',#2235,#2014,#2237,.T.);
#2235 = VERTEX_POINT('',#2236);
#2236 = CARTESIAN_POINT('',(168.0000001,17.5000001,24.0000001));
#2237 = SURFACE_CURVE('',#2238,(#2242,#2249),.PCURVE_S1.);
#2238 = LINE('',#2239,#2240);
#2239 = CARTESIAN_POINT('',(168.0000001,17.5000001,24.0000001));
#2240 = VECTOR('',#2241,1.);
#2241 = DIRECTION('',(1.,0.,0.));
#2242 = PCURVE('',#2029,#2243);
#2243 = DEFINITIONAL_REPRESENTATION('',(#2244),#2248);
#2244 = LINE('',#2245,#2246);
#2245 = CARTESIAN_POINT('',(0.,10.));
#2246 = VECTOR('',#2247,1.);
#2247 = DIRECTION('',(1.,0.));
#2248 = ( GEOMETRIC_REPRESENTATION_CONTEXT(2) 
PARAMETRIC_REPRESENTATION_CONTEXT() REPRESENTATION_CONTEXT('2D SPACE',''
  ) );
#2249 = PCURVE('',#2092,#2250);
#2250 = DEFINITIONAL_REPRESENTATION('',(#2251),#2255);
#2251 = LINE('',#2252,#2253);
#2252 = CARTESIAN_POINT('',(6.,0.));
#2253 = VECTOR('',#2254,1.);
#2254 = DIRECTION('',(0.,1.));
#2255 = ( GEOMETRIC_REPRESENTATION_CONTEXT(2) 
PARAMETRIC_REPRESENTATION_CONTEXT() REPRESENTATION_CONTEXT('2D SPACE',''
  ) );
#2256 = ORIENTED_EDGE('',*,*,#2257,.F.);
#2257 = EDGE_CURVE('',#2133,#2235,#2258,.T.);
#2258 = SURFACE_CURVE('',#2259,(#2263,#2270),.PCURVE_S1.);
#2259 = LINE('',#2260,#2261);
#2260 = CARTESIAN_POINT('',(168.0000001,7.5000001,24.0000001));
#2261 = VECTOR('',#2262,1.);
#2262 = DIRECTION('',(0.,1.,0.));
#2263 = PCURVE('',#2029,#2264);
#2264 = DEFINITIONAL_REPRESENTATION('',(#2265),#2269);
#2265 = LINE('',#2266,#2267);
#2266 = CARTESIAN_POINT('',(0.,0.));
#2267 = VECTOR('',#2268,1.);
#2268 = DIRECTION('',(0.,1.));
#2269 = ( GEOMETRIC_REPRESENTATION_CONTEXT(2) 
PARAMETRIC_REPRESENTATION_CONTEXT() REPRESENTATION_CONTEXT('2D SPACE',''
  ) );
#2270 = PCURVE('',#2148,#2271);
#2271 = DEFINITIONAL_REPRESENTATION('',(#2272),#2276);
#2272 = LINE('',#2273,#2274);
#2273 = CARTESIAN_POINT('',(6.,0.));
#2274 = VECTOR('',#2275,1.);
#2275 = DIRECTION('',(0.,-1.));
#2276 = ( GEOMETRIC_REPRESENTATION_CONTEXT(2) 
PARAMETRIC_REPRESENTATION_CONTEXT() REPRESENTATION_CONTEXT('2D SPACE',''
  ) );
#2277 = ORIENTED_EDGE('',*,*,#2160,.T.);
#2278 = ORIENTED_EDGE('',*,*,#2013,.T.);
#2279 = ADVANCED_FACE('',(#2280),#2092,.T.);
#2280 = FACE_BOUND('',#2281,.T.);
#2281 = EDGE_LOOP('',(#2282,#2283,#2304,#2305));
#2282 = ORIENTED_EDGE('',*,*,#2185,.F.);
#2283 = ORIENTED_EDGE('',*,*,#2284,.T.);
#2284 = EDGE_CURVE('',#2186,#2235,#2285,.T.);
#2285 = SURFACE_CURVE('',#2286,(#2290,#2297),.PCURVE_S1.);
#2286 = LINE('',#2287,#2288);
#2287 = CARTESIAN_POINT('',(168.0000001,17.5000001,18.0000001));
#2288 = VECTOR('',#2289,1.);
#2289 = DIRECTION('',(0.,0.,1.));
#2290 = PCURVE('',#2092,#2291);
#2291 = DEFINITIONAL_REPRESENTATION('',(#2292),#2296);
#2292 = LINE('',#2293,#2294);
#2293 = CARTESIAN_POINT('',(0.,0.));
#2294 = VECTOR('',#2295,1.);
#2295 = DIRECTION('',(1.,0.));
#2296 = ( GEOMETRIC_REPRESENTATION_CONTEXT(2) 
PARAMETRIC_REPRESENTATION_CONTEXT() REPRESENTATION_CONTEXT('2D SPACE',''
  ) );
#2297 = PCURVE('',#2148,#2298);
#2298 = DEFINITIONAL_REPRESENTATION('',(#2299),#2303);
#2299 = LINE('',#2300,#2301);
#2300 = CARTESIAN_POINT('',(0.,-10.));
#2301 = VECTOR('',#2302,1.);
#2302 = DIRECTION('',(1.,0.));
#2303 = ( GEOMETRIC_REPRESENTATION_CONTEXT(2) 
PARAMETRIC_REPRESENTATION_CONTEXT() REPRESENTATION_CONTEXT('2D SPACE',''
  ) );
#2304 = ORIENTED_EDGE('',*,*,#2234,.T.);
#2305 = ORIENTED_EDGE('',*,*,#2078,.F.);
#2306 = ADVANCED_FACE('',(#2307),#2148,.F.);
#2307 = FACE_BOUND('',#2308,.F.);
#2308 = EDGE_LOOP('',(#2309,#2310,#2311,#2312));
#2309 = ORIENTED_EDGE('',*,*,#2132,.F.);
#2310 = ORIENTED_EDGE('',*,*,#2208,.T.);
#2311 = ORIENTED_EDGE('',*,*,#2284,.T.);
#2312 = ORIENTED_EDGE('',*,*,#2257,.F.);
#2313 = ( GEOMETRIC_REPRESENTATION_CONTEXT(3) 
GLOBAL_UNCERTAINTY_ASSIGNED_CONTEXT((#2317)) 
GLOBAL_UNIT_ASSIGNED_CONTEXT((#2314,#2315,#2316)) REPRESENTATION_CONTEXT
('Context #1','3D Context with UNIT and UNCERTAINTY') );
#2314 = ( LENGTH_UNIT() NAMED_UNIT(*) SI_UNIT(.MILLI.,.METRE.) );
#2315 = ( NAMED_UNIT(*) PLANE_ANGLE_UNIT() SI_UNIT($,.RADIAN.) );
#2316 = ( NAMED_UNIT(*) SI_UNIT($,.STERADIAN.) SOLID_ANGLE_UNIT() );
#2317 = UNCERTAINTY_MEASURE_WITH_UNIT(LENGTH_MEASURE(2.E-07),#2314,
  'distance_accuracy_value','confusion accuracy');
#2318 = CONTEXT_DEPENDENT_SHAPE_REPRESENTATION(#2319,#2321);
#2319 = ( REPRESENTATION_RELATIONSHIP('','',#1722,#10) 
REPRESENTATION_RELATIONSHIP_WITH_TRANSFORMATION(#2320) 
SHAPE_REPRESENTATION_RELATIONSHIP() );
#2320 = ITEM_DEFINED_TRANSFORMATION('','',#11,#23);
#2321 = PRODUCT_DEFINITION_SHAPE('Placement','Placement of an item',
  #2322);
#2322 = NEXT_ASSEMBLY_USAGE_OCCURRENCE('3','','',#5,#1717,$);
#2323 = PRODUCT_RELATED_PRODUCT_CATEGORY('part',$,(#1719));
#2324 = SHAPE_DEFINITION_REPRESENTATION(#2325,#2331);
#2325 = PRODUCT_DEFINITION_SHAPE('','',#2326);
#2326 = PRODUCT_DEFINITION('design','',#2327,#2330);
#2327 = PRODUCT_DEFINITION_FORMATION('','',#2328);
#2328 = PRODUCT('Open CASCADE STEP translator 7.8 1.4',
  'Open CASCADE STEP translator 7.8 1.4','',(#2329));
#2329 = PRODUCT_CONTEXT('',#2,'mechanical');
#2330 = PRODUCT_DEFINITION_CONTEXT('part definition',#2,'design');
#2331 = ADVANCED_BREP_SHAPE_REPRESENTATION('',(#11,#2332),#3242);
#2332 = MANIFOLD_SOLID_BREP('',#2333);
#2333 = CLOSED_SHELL('',(#2334,#2747,#2846,#2895,#2944,#2994,#3049,#3104
    ,#3130,#3135,#3190,#3216,#3221,#3230,#3234,#3238));
#2334 = ADVANCED_FACE('',(#2335,#2454,#2505,#2556,#2626,#2677),#2349,.F.
  );
#2335 = FACE_BOUND('',#2336,.F.);
#2336 = EDGE_LOOP('',(#2337,#2372,#2400,#2428));
#2337 = ORIENTED_EDGE('',*,*,#2338,.T.);
#2338 = EDGE_CURVE('',#2339,#2341,#2343,.T.);
#2339 = VERTEX_POINT('',#2340);
#2340 = CARTESIAN_POINT('',(85.0000001,50.0000001,18.0000001));
#2341 = VERTEX_POINT('',#2342);
#2342 = CARTESIAN_POINT('',(85.0000001,-49.9999999,18.0000001));
#2343 = SURFACE_CURVE('',#2344,(#2348,#2360),.PCURVE_S1.);
#2344 = LINE('',#2345,#2346);
#2345 = CARTESIAN_POINT('',(85.0000001,50.0000001,18.0000001));
#2346 = VECTOR('',#2347,1.);
#2347 = DIRECTION('',(0.,-1.,0.));
#2348 = PCURVE('',#2349,#2354);
#2349 = PLANE('',#2350);
#2350 = AXIS2_PLACEMENT_3D('',#2351,#2352,#2353);
#2351 = CARTESIAN_POINT('',(85.0000001,50.0000001,18.0000001));
#2352 = DIRECTION('',(-0.984695707294,0.,0.17428242607));
#2353 = DIRECTION('',(0.17428242607,0.,0.984695707294));
#2354 = DEFINITIONAL_REPRESENTATION('',(#2355),#2359);
#2355 = LINE('',#2356,#2357);
#2356 = CARTESIAN_POINT('',(0.,0.));
#2357 = VECTOR('',#2358,1.);
#2358 = DIRECTION('',(0.,-1.));
#2359 = ( GEOMETRIC_REPRESENTATION_CONTEXT(2) 
PARAMETRIC_REPRESENTATION_CONTEXT() REPRESENTATION_CONTEXT('2D SPACE',''
  ) );
#2360 = PCURVE('',#2361,#2366);
#2361 = PLANE('',#2362);
#2362 = AXIS2_PLACEMENT_3D('',#2363,#2364,#2365);
#2363 = CARTESIAN_POINT('',(77.0000001,50.0000001,18.0000001));
#2364 = DIRECTION('',(-0.,0.,1.));
#2365 = DIRECTION('',(1.,0.,0.));
#2366 = DEFINITIONAL_REPRESENTATION('',(#2367),#2371);
#2367 = LINE('',#2368,#2369);
#2368 = CARTESIAN_POINT('',(8.,0.));
#2369 = VECTOR('',#2370,1.);
#2370 = DIRECTION('',(0.,-1.));
#2371 = ( GEOMETRIC_REPRESENTATION_CONTEXT(2) 
PARAMETRIC_REPRESENTATION_CONTEXT() REPRESENTATION_CONTEXT('2D SPACE',''
  ) );
#2372 = ORIENTED_EDGE('',*,*,#2373,.T.);
#2373 = EDGE_CURVE('',#2341,#2374,#2376,.T.);
#2374 = VERTEX_POINT('',#2375);
#2375 = CARTESIAN_POINT('',(105.0000001,-49.9999999,131.0000001));
#2376 = SURFACE_CURVE('',#2377,(#2381,#2388),.PCURVE_S1.);
#2377 = LINE('',#2378,#2379);
#2378 = CARTESIAN_POINT('',(85.0000001,-49.9999999,18.0000001));
#2379 = VECTOR('',#2380,1.);
#2380 = DIRECTION('',(0.17428242607,0.,0.984695707294));
#2381 = PCURVE('',#2349,#2382);
#2382 = DEFINITIONAL_REPRESENTATION('',(#2383),#2387);
#2383 = LINE('',#2384,#2385);
#2384 = CARTESIAN_POINT('',(0.,-100.));
#2385 = VECTOR('',#2386,1.);
#2386 = DIRECTION('',(1.,0.));
#2387 = ( GEOMETRIC_REPRESENTATION_CONTEXT(2) 
PARAMETRIC_REPRESENTATION_CONTEXT() REPRESENTATION_CONTEXT('2D SPACE',''
  ) );
#2388 = PCURVE('',#2389,#2394);
#2389 = PLANE('',#2390);
#2390 = AXIS2_PLACEMENT_3D('',#2391,#2392,#2393);
#2391 = CARTESIAN_POINT('',(91.0000001,-49.9999999,74.5000001));
#2392 = DIRECTION('',(-0.,-1.,-0.));
#2393 = DIRECTION('',(0.,0.,-1.));
#2394 = DEFINITIONAL_REPRESENTATION('',(#2395),#2399);
#2395 = LINE('',#2396,#2397);
#2396 = CARTESIAN_POINT('',(56.5,-6.));
#2397 = VECTOR('',#2398,1.);
#2398 = DIRECTION('',(-0.984695707294,0.17428242607));
#2399 = ( GEOMETRIC_REPRESENTATION_CONTEXT(2) 
PARAMETRIC_REPRESENTATION_CONTEXT() REPRESENTATION_CONTEXT('2D SPACE',''
  ) );
#2400 = ORIENTED_EDGE('',*,*,#2401,.F.);
#2401 = EDGE_CURVE('',#2402,#2374,#2404,.T.);
#2402 = VERTEX_POINT('',#2403);
#2403 = CARTESIAN_POINT('',(105.0000001,50.0000001,131.0000001));
#2404 = SURFACE_CURVE('',#2405,(#2409,#2416),.PCURVE_S1.);
#2405 = LINE('',#2406,#2407);
#2406 = CARTESIAN_POINT('',(105.0000001,50.0000001,131.0000001));
#2407 = VECTOR('',#2408,1.);
#2408 = DIRECTION('',(0.,-1.,0.));
#2409 = PCURVE('',#2349,#2410);
#2410 = DEFINITIONAL_REPRESENTATION('',(#2411),#2415);
#2411 = LINE('',#2412,#2413);
#2412 = CARTESIAN_POINT('',(114.75626344561,0.));
#2413 = VECTOR('',#2414,1.);
#2414 = DIRECTION('',(0.,-1.));
#2415 = ( GEOMETRIC_REPRESENTATION_CONTEXT(2) 
PARAMETRIC_REPRESENTATION_CONTEXT() REPRESENTATION_CONTEXT('2D SPACE',''
  ) );
#2416 = PCURVE('',#2417,#2422);
#2417 = PLANE('',#2418);
#2418 = AXIS2_PLACEMENT_3D('',#2419,#2420,#2421);
#2419 = CARTESIAN_POINT('',(105.0000001,50.0000001,131.0000001));
#2420 = DIRECTION('',(-0.,-0.,-1.));
#2421 = DIRECTION('',(-1.,0.,0.));
#2422 = DEFINITIONAL_REPRESENTATION('',(#2423),#2427);
#2423 = LINE('',#2424,#2425);
#2424 = CARTESIAN_POINT('',(0.,0.));
#2425 = VECTOR('',#2426,1.);
#2426 = DIRECTION('',(0.,-1.));
#2427 = ( GEOMETRIC_REPRESENTATION_CONTEXT(2) 
PARAMETRIC_REPRESENTATION_CONTEXT() REPRESENTATION_CONTEXT('2D SPACE',''
  ) );
#2428 = ORIENTED_EDGE('',*,*,#2429,.F.);
#2429 = EDGE_CURVE('',#2339,#2402,#2430,.T.);
#2430 = SURFACE_CURVE('',#2431,(#2435,#2442),.PCURVE_S1.);
#2431 = LINE('',#2432,#2433);
#2432 = CARTESIAN_POINT('',(85.0000001,50.0000001,18.0000001));
#2433 = VECTOR('',#2434,1.);
#2434 = DIRECTION('',(0.17428242607,0.,0.984695707294));
#2435 = PCURVE('',#2349,#2436);
#2436 = DEFINITIONAL_REPRESENTATION('',(#2437),#2441);
#2437 = LINE('',#2438,#2439);
#2438 = CARTESIAN_POINT('',(0.,0.));
#2439 = VECTOR('',#2440,1.);
#2440 = DIRECTION('',(1.,0.));
#2441 = ( GEOMETRIC_REPRESENTATION_CONTEXT(2) 
PARAMETRIC_REPRESENTATION_CONTEXT() REPRESENTATION_CONTEXT('2D SPACE',''
  ) );
#2442 = PCURVE('',#2443,#2448);
#2443 = PLANE('',#2444);
#2444 = AXIS2_PLACEMENT_3D('',#2445,#2446,#2447);
#2445 = CARTESIAN_POINT('',(91.0000001,50.0000001,74.5000001));
#2446 = DIRECTION('',(-0.,-1.,-0.));
#2447 = DIRECTION('',(0.,0.,-1.));
#2448 = DEFINITIONAL_REPRESENTATION('',(#2449),#2453);
#2449 = LINE('',#2450,#2451);
#2450 = CARTESIAN_POINT('',(56.5,-6.));
#2451 = VECTOR('',#2452,1.);
#2452 = DIRECTION('',(-0.984695707294,0.17428242607));
#2453 = ( GEOMETRIC_REPRESENTATION_CONTEXT(2) 
PARAMETRIC_REPRESENTATION_CONTEXT() REPRESENTATION_CONTEXT('2D SPACE',''
  ) );
#2454 = FACE_BOUND('',#2455,.F.);
#2455 = EDGE_LOOP('',(#2456));
#2456 = ORIENTED_EDGE('',*,*,#2457,.F.);
#2457 = EDGE_CURVE('',#2458,#2458,#2460,.T.);
#2458 = VERTEX_POINT('',#2459);
#2459 = CARTESIAN_POINT('',(85.265486825664,-31.09039176082,19.5000001)
  );
#2460 = SURFACE_CURVE('',#2461,(#2466,#2473),.PCURVE_S1.);
#2461 = ELLIPSE('',#2462,0.825060693868,0.8);
#2462 = AXIS2_PLACEMENT_3D('',#2463,#2464,#2465);
#2463 = CARTESIAN_POINT('',(85.265486825664,-31.90282548432,19.5000001)
  );
#2464 = DIRECTION('',(-0.984695707294,-1.268000804374E-17,0.17428242607)
  );
#2465 = DIRECTION('',(-0.122282355921,0.712538205806,-0.690895310953));
#2466 = PCURVE('',#2349,#2467);
#2467 = DEFINITIONAL_REPRESENTATION('',(#2468),#2472);
#2468 = ELLIPSE('',#2469,0.825060693868,0.8);
#2469 = AXIS2_PLACEMENT_2D('',#2470,#2471);
#2470 = CARTESIAN_POINT('',(1.523313231579,-81.90282558432));
#2471 = DIRECTION('',(-0.70163331254,0.712538205806));
#2472 = ( GEOMETRIC_REPRESENTATION_CONTEXT(2) 
PARAMETRIC_REPRESENTATION_CONTEXT() REPRESENTATION_CONTEXT('2D SPACE',''
  ) );
#2473 = PCURVE('',#2474,#2479);
#2474 = CYLINDRICAL_SURFACE('',#2475,0.8);
#2475 = AXIS2_PLACEMENT_3D('',#2476,#2477,#2478);
#2476 = CARTESIAN_POINT('',(84.647187348059,-31.79339194846,19.5000001)
  );
#2477 = DIRECTION('',(-0.984695707294,0.17428242607,-0.));
#2478 = DIRECTION('',(0.17428242607,0.984695707294,0.));
#2479 = DEFINITIONAL_REPRESENTATION('',(#2480),#2504);
#2480 = B_SPLINE_CURVE_WITH_KNOTS('',8,(#2481,#2482,#2483,#2484,#2485,
    #2486,#2487,#2488,#2489,#2490,#2491,#2492,#2493,#2494,#2495,#2496,
    #2497,#2498,#2499,#2500,#2501,#2502,#2503),.UNSPECIFIED.,.F.,.F.,(9,
    7,7,9),(5.490076143391,7.060872470185,9.417066960378,11.77326145057)
  ,.UNSPECIFIED.);
#2481 = CARTESIAN_POINT('',(-6.28318530718,-0.486316263189));
#2482 = CARTESIAN_POINT('',(-6.08683576633,-0.4580824599));
#2483 = CARTESIAN_POINT('',(-5.890486225481,-0.436087571157));
#2484 = CARTESIAN_POINT('',(-5.694136684631,-0.421988762377));
#2485 = CARTESIAN_POINT('',(-5.497787143782,-0.4169358858));
#2486 = CARTESIAN_POINT('',(-5.301437602933,-0.421349983413));
#2487 = CARTESIAN_POINT('',(-5.105088062083,-0.434848027564));
#2488 = CARTESIAN_POINT('',(-4.908738521234,-0.456313899262));
#2489 = CARTESIAN_POINT('',(-4.417864669111,-0.525818161509));
#2490 = CARTESIAN_POINT('',(-4.123340357837,-0.581776386027));
#2491 = CARTESIAN_POINT('',(-3.828816046567,-0.646473811202));
#2492 = CARTESIAN_POINT('',(-3.534291735298,-0.711778060655));
#2493 = CARTESIAN_POINT('',(-3.239767424018,-0.76837914325));
#2494 = CARTESIAN_POINT('',(-2.945243112741,-0.808785217766));
#2495 = CARTESIAN_POINT('',(-2.650718801466,-0.829249603213));
#2496 = CARTESIAN_POINT('',(-2.061670178918,-0.830166222318));
#2497 = CARTESIAN_POINT('',(-1.767145867649,-0.810618459296));
#2498 = CARTESIAN_POINT('',(-1.472621556363,-0.771007818376));
#2499 = CARTESIAN_POINT('',(-1.178097245121,-0.714959964368));
#2500 = CARTESIAN_POINT('',(-0.883572933817,-0.649878753805));
#2501 = CARTESIAN_POINT('',(-0.589048622552,-0.585055171982));
#2502 = CARTESIAN_POINT('',(-0.294524311274,-0.528666968122));
#2503 = CARTESIAN_POINT('',(-1.33226762955E-14,-0.486316263189));
#2504 = ( GEOMETRIC_REPRESENTATION_CONTEXT(2) 
PARAMETRIC_REPRESENTATION_CONTEXT() REPRESENTATION_CONTEXT('2D SPACE',''
  ) );
#2505 = FACE_BOUND('',#2506,.F.);
#2506 = EDGE_LOOP('',(#2507));
#2507 = ORIENTED_EDGE('',*,*,#2508,.F.);
#2508 = EDGE_CURVE('',#2509,#2509,#2511,.T.);
#2509 = VERTEX_POINT('',#2510);
#2510 = CARTESIAN_POINT('',(85.796460276991,-31.18436936282,22.5000001)
  );
#2511 = SURFACE_CURVE('',#2512,(#2517,#2524),.PCURVE_S1.);
#2512 = ELLIPSE('',#2513,0.825060693868,0.8);
#2513 = AXIS2_PLACEMENT_3D('',#2514,#2515,#2516);
#2514 = CARTESIAN_POINT('',(85.796460276991,-31.99680308633,22.5000001)
  );
#2515 = DIRECTION('',(-0.984695707294,-1.268000804374E-17,0.17428242607)
  );
#2516 = DIRECTION('',(-0.122282355921,0.712538205806,-0.690895310953));
#2517 = PCURVE('',#2349,#2518);
#2518 = DEFINITIONAL_REPRESENTATION('',(#2519),#2523);
#2519 = ELLIPSE('',#2520,0.825060693868,0.8);
#2520 = AXIS2_PLACEMENT_2D('',#2521,#2522);
#2521 = CARTESIAN_POINT('',(4.569939694737,-81.99680318633));
#2522 = DIRECTION('',(-0.70163331254,0.712538205806));
#2523 = ( GEOMETRIC_REPRESENTATION_CONTEXT(2) 
PARAMETRIC_REPRESENTATION_CONTEXT() REPRESENTATION_CONTEXT('2D SPACE',''
  ) );
#2524 = PCURVE('',#2525,#2530);
#2525 = CYLINDRICAL_SURFACE('',#2526,0.8);
#2526 = AXIS2_PLACEMENT_3D('',#2527,#2528,#2529);
#2527 = CARTESIAN_POINT('',(84.647187348059,-31.79339194846,22.5000001)
  );
#2528 = DIRECTION('',(-0.984695707294,0.17428242607,-0.));
#2529 = DIRECTION('',(0.17428242607,0.984695707294,0.));
#2530 = DEFINITIONAL_REPRESENTATION('',(#2531),#2555);
#2531 = B_SPLINE_CURVE_WITH_KNOTS('',8,(#2532,#2533,#2534,#2535,#2536,
    #2537,#2538,#2539,#2540,#2541,#2542,#2543,#2544,#2545,#2546,#2547,
    #2548,#2549,#2550,#2551,#2552,#2553,#2554),.UNSPECIFIED.,.F.,.F.,(9,
    7,7,9),(5.490076143391,7.060872470185,9.417066960378,11.77326145057)
  ,.UNSPECIFIED.);
#2532 = CARTESIAN_POINT('',(-6.28318530718,-1.025542185872));
#2533 = CARTESIAN_POINT('',(-6.08683576633,-0.997308382583));
#2534 = CARTESIAN_POINT('',(-5.890486225481,-0.97531349384));
#2535 = CARTESIAN_POINT('',(-5.694136684631,-0.96121468506));
#2536 = CARTESIAN_POINT('',(-5.497787143782,-0.956161808483));
#2537 = CARTESIAN_POINT('',(-5.301437602933,-0.960575906096));
#2538 = CARTESIAN_POINT('',(-5.105088062083,-0.974073950247));
#2539 = CARTESIAN_POINT('',(-4.908738521234,-0.995539821945));
#2540 = CARTESIAN_POINT('',(-4.417864669111,-1.065044084192));
#2541 = CARTESIAN_POINT('',(-4.123340357839,-1.121002308711));
#2542 = CARTESIAN_POINT('',(-3.828816046557,-1.185699733879));
#2543 = CARTESIAN_POINT('',(-3.534291735304,-1.251003983346));
#2544 = CARTESIAN_POINT('',(-3.239767424007,-1.307605065927));
#2545 = CARTESIAN_POINT('',(-2.945243112743,-1.34801114045));
#2546 = CARTESIAN_POINT('',(-2.650718801466,-1.368475525896));
#2547 = CARTESIAN_POINT('',(-2.061670178918,-1.369392145));
#2548 = CARTESIAN_POINT('',(-1.767145867645,-1.349844381979));
#2549 = CARTESIAN_POINT('',(-1.47262155638,-1.31023374106));
#2550 = CARTESIAN_POINT('',(-1.178097245105,-1.254185887048));
#2551 = CARTESIAN_POINT('',(-0.883572933826,-1.189104676488));
#2552 = CARTESIAN_POINT('',(-0.589048622549,-1.124281094665));
#2553 = CARTESIAN_POINT('',(-0.294524311274,-1.067892890805));
#2554 = CARTESIAN_POINT('',(-1.33226762955E-14,-1.025542185872));
#2555 = ( GEOMETRIC_REPRESENTATION_CONTEXT(2) 
PARAMETRIC_REPRESENTATION_CONTEXT() REPRESENTATION_CONTEXT('2D SPACE',''
  ) );
#2556 = FACE_BOUND('',#2557,.F.);
#2557 = EDGE_LOOP('',(#2558,#2600));
#2558 = ORIENTED_EDGE('',*,*,#2559,.F.);
#2559 = EDGE_CURVE('',#2560,#2562,#2564,.T.);
#2560 = VERTEX_POINT('',#2561);
#2561 = CARTESIAN_POINT('',(85.129890055199,-29.06612165312,
    18.733878346874));
#2562 = VERTEX_POINT('',#2563);
#2563 = CARTESIAN_POINT('',(85.30415939119,-28.08149990477,
    19.718500095224));
#2564 = SURFACE_CURVE('',#2565,(#2570,#2577),.PCURVE_S1.);
#2565 = ELLIPSE('',#2566,0.825060693868,0.8);
#2566 = AXIS2_PLACEMENT_3D('',#2567,#2568,#2569);
#2567 = CARTESIAN_POINT('',(85.265486825664,-28.85619902117,19.5000001)
  );
#2568 = DIRECTION('',(-0.984695707294,-1.268000804374E-17,0.17428242607)
  );
#2569 = DIRECTION('',(-0.122282355921,0.712538205806,-0.690895310953));
#2570 = PCURVE('',#2349,#2571);
#2571 = DEFINITIONAL_REPRESENTATION('',(#2572),#2576);
#2572 = ELLIPSE('',#2573,0.825060693868,0.8);
#2573 = AXIS2_PLACEMENT_2D('',#2574,#2575);
#2574 = CARTESIAN_POINT('',(1.523313231579,-78.85619912117));
#2575 = DIRECTION('',(-0.70163331254,0.712538205806));
#2576 = ( GEOMETRIC_REPRESENTATION_CONTEXT(2) 
PARAMETRIC_REPRESENTATION_CONTEXT() REPRESENTATION_CONTEXT('2D SPACE',''
  ) );
#2577 = PCURVE('',#2578,#2583);
#2578 = CYLINDRICAL_SURFACE('',#2579,0.8);
#2579 = AXIS2_PLACEMENT_3D('',#2580,#2581,#2582);
#2580 = CARTESIAN_POINT('',(85.170034626268,-28.83930482658,19.5000001)
  );
#2581 = DIRECTION('',(-0.984695707294,0.17428242607,-0.));
#2582 = DIRECTION('',(0.17428242607,0.984695707294,0.));
#2583 = DEFINITIONAL_REPRESENTATION('',(#2584),#2599);
#2584 = B_SPLINE_CURVE_WITH_KNOTS('',7,(#2585,#2586,#2587,#2588,#2589,
    #2590,#2591,#2592,#2593,#2594,#2595,#2596,#2597,#2598),
  .UNSPECIFIED.,.F.,.F.,(8,6,8),(1.069745821372,3.14159265359,
    5.213439485807),.UNSPECIFIED.);
#2585 = CARTESIAN_POINT('',(-4.420330322018,5.999999714845E-07));
#2586 = CARTESIAN_POINT('',(-4.12435220313,-5.238710570124E-02));
#2587 = CARTESIAN_POINT('',(-3.828374084242,-0.114680949618));
#2588 = CARTESIAN_POINT('',(-3.532395965353,-0.179393491598));
#2589 = CARTESIAN_POINT('',(-3.236417846466,-0.236872827662));
#2590 = CARTESIAN_POINT('',(-2.940439727577,-0.278113861431));
#2591 = CARTESIAN_POINT('',(-2.644461608689,-0.298740461015));
#2592 = CARTESIAN_POINT('',(-2.052505370913,-0.298740461015));
#2593 = CARTESIAN_POINT('',(-1.756527252024,-0.278113861431));
#2594 = CARTESIAN_POINT('',(-1.460549133136,-0.236872827662));
#2595 = CARTESIAN_POINT('',(-1.164571014248,-0.179393491598));
#2596 = CARTESIAN_POINT('',(-0.86859289536,-0.114680949618));
#2597 = CARTESIAN_POINT('',(-0.572614776471,-5.238710570124E-02));
#2598 = CARTESIAN_POINT('',(-0.276636657583,5.999999714845E-07));
#2599 = ( GEOMETRIC_REPRESENTATION_CONTEXT(2) 
PARAMETRIC_REPRESENTATION_CONTEXT() REPRESENTATION_CONTEXT('2D SPACE',''
  ) );
#2600 = ORIENTED_EDGE('',*,*,#2601,.T.);
#2601 = EDGE_CURVE('',#2560,#2562,#2602,.T.);
#2602 = SURFACE_CURVE('',#2603,(#2607,#2614),.PCURVE_S1.);
#2603 = LINE('',#2604,#2605);
#2604 = CARTESIAN_POINT('',(87.145343011359,-17.67881245081,
    30.121187549181));
#2605 = VECTOR('',#2606,1.);
#2606 = DIRECTION('',(0.124182887175,0.70163331254,0.70163331254));
#2607 = PCURVE('',#2349,#2608);
#2608 = DEFINITIONAL_REPRESENTATION('',(#2609),#2613);
#2609 = LINE('',#2610,#2611);
#2610 = CARTESIAN_POINT('',(12.309576815858,-67.67881255081));
#2611 = VECTOR('',#2612,1.);
#2612 = DIRECTION('',(0.712538205806,0.70163331254));
#2613 = ( GEOMETRIC_REPRESENTATION_CONTEXT(2) 
PARAMETRIC_REPRESENTATION_CONTEXT() REPRESENTATION_CONTEXT('2D SPACE',''
  ) );
#2614 = PCURVE('',#2615,#2620);
#2615 = PLANE('',#2616);
#2616 = AXIS2_PLACEMENT_3D('',#2617,#2618,#2619);
#2617 = CARTESIAN_POINT('',(84.647187348059,-31.79339194846,-10.4999999)
  );
#2618 = DIRECTION('',(0.984695707294,-0.17428242607,0.));
#2619 = DIRECTION('',(0.17428242607,0.984695707294,0.));
#2620 = DEFINITIONAL_REPRESENTATION('',(#2621),#2625);
#2621 = LINE('',#2622,#2623);
#2622 = CARTESIAN_POINT('',(14.333950471296,40.621187449181));
#2623 = VECTOR('',#2624,1.);
#2624 = DIRECTION('',(0.712538205806,0.70163331254));
#2625 = ( GEOMETRIC_REPRESENTATION_CONTEXT(2) 
PARAMETRIC_REPRESENTATION_CONTEXT() REPRESENTATION_CONTEXT('2D SPACE',''
  ) );
#2626 = FACE_BOUND('',#2627,.F.);
#2627 = EDGE_LOOP('',(#2628));
#2628 = ORIENTED_EDGE('',*,*,#2629,.F.);
#2629 = EDGE_CURVE('',#2630,#2630,#2632,.T.);
#2630 = VERTEX_POINT('',#2631);
#2631 = CARTESIAN_POINT('',(85.796460276991,-28.13774289966,22.5000001)
  );
#2632 = SURFACE_CURVE('',#2633,(#2638,#2645),.PCURVE_S1.);
#2633 = ELLIPSE('',#2634,0.825060693868,0.8);
#2634 = AXIS2_PLACEMENT_3D('',#2635,#2636,#2637);
#2635 = CARTESIAN_POINT('',(85.796460276991,-28.95017662317,22.5000001)
  );
#2636 = DIRECTION('',(-0.984695707294,-1.268000804374E-17,0.17428242607)
  );
#2637 = DIRECTION('',(-0.122282355921,0.712538205806,-0.690895310953));
#2638 = PCURVE('',#2349,#2639);
#2639 = DEFINITIONAL_REPRESENTATION('',(#2640),#2644);
#2640 = ELLIPSE('',#2641,0.825060693868,0.8);
#2641 = AXIS2_PLACEMENT_2D('',#2642,#2643);
#2642 = CARTESIAN_POINT('',(4.569939694737,-78.95017672317));
#2643 = DIRECTION('',(-0.70163331254,0.712538205806));
#2644 = ( GEOMETRIC_REPRESENTATION_CONTEXT(2) 
PARAMETRIC_REPRESENTATION_CONTEXT() REPRESENTATION_CONTEXT('2D SPACE',''
  ) );
#2645 = PCURVE('',#2646,#2651);
#2646 = CYLINDRICAL_SURFACE('',#2647,0.8);
#2647 = AXIS2_PLACEMENT_3D('',#2648,#2649,#2650);
#2648 = CARTESIAN_POINT('',(85.170034626268,-28.83930482658,22.5000001)
  );
#2649 = DIRECTION('',(-0.984695707294,0.17428242607,-0.));
#2650 = DIRECTION('',(0.17428242607,0.984695707294,0.));
#2651 = DEFINITIONAL_REPRESENTATION('',(#2652),#2676);
#2652 = B_SPLINE_CURVE_WITH_KNOTS('',8,(#2653,#2654,#2655,#2656,#2657,
    #2658,#2659,#2660,#2661,#2662,#2663,#2664,#2665,#2666,#2667,#2668,
    #2669,#2670,#2671,#2672,#2673,#2674,#2675),.UNSPECIFIED.,.F.,.F.,(9,
    7,7,9),(5.490076143391,7.060872470185,9.417066960378,11.77326145057)
  ,.UNSPECIFIED.);
#2653 = CARTESIAN_POINT('',(-6.28318530718,-0.494568734544));
#2654 = CARTESIAN_POINT('',(-6.08683576633,-0.466334931256));
#2655 = CARTESIAN_POINT('',(-5.890486225481,-0.444340042512));
#2656 = CARTESIAN_POINT('',(-5.694136684632,-0.430241233732));
#2657 = CARTESIAN_POINT('',(-5.497787143782,-0.425188357155));
#2658 = CARTESIAN_POINT('',(-5.301437602933,-0.429602454768));
#2659 = CARTESIAN_POINT('',(-5.105088062083,-0.443100498919));
#2660 = CARTESIAN_POINT('',(-4.908738521234,-0.464566370617));
#2661 = CARTESIAN_POINT('',(-4.417864669111,-0.534070632865));
#2662 = CARTESIAN_POINT('',(-4.123340357839,-0.590028857381));
#2663 = CARTESIAN_POINT('',(-3.828816046563,-0.654726282559));
#2664 = CARTESIAN_POINT('',(-3.534291735295,-0.720030532007));
#2665 = CARTESIAN_POINT('',(-3.239767424016,-0.776631614608));
#2666 = CARTESIAN_POINT('',(-2.945243112742,-0.81703768912));
#2667 = CARTESIAN_POINT('',(-2.650718801466,-0.837502074568));
#2668 = CARTESIAN_POINT('',(-2.061670178918,-0.838418693673));
#2669 = CARTESIAN_POINT('',(-1.767145867648,-0.818870930652));
#2670 = CARTESIAN_POINT('',(-1.472621556369,-0.779260289729));
#2671 = CARTESIAN_POINT('',(-1.178097245125,-0.723212435726));
#2672 = CARTESIAN_POINT('',(-0.883572933823,-0.658131225158));
#2673 = CARTESIAN_POINT('',(-0.589048622551,-0.593307643338));
#2674 = CARTESIAN_POINT('',(-0.294524311274,-0.536919439477));
#2675 = CARTESIAN_POINT('',(-1.33226762955E-14,-0.494568734544));
#2676 = ( GEOMETRIC_REPRESENTATION_CONTEXT(2) 
PARAMETRIC_REPRESENTATION_CONTEXT() REPRESENTATION_CONTEXT('2D SPACE',''
  ) );
#2677 = FACE_BOUND('',#2678,.F.);
#2678 = EDGE_LOOP('',(#2679,#2721));
#2679 = ORIENTED_EDGE('',*,*,#2680,.F.);
#2680 = EDGE_CURVE('',#2681,#2683,#2685,.T.);
#2681 = VERTEX_POINT('',#2682);
#2682 = CARTESIAN_POINT('',(85.659089133376,-26.07614686142,
    21.723853138572));
#2683 = VERTEX_POINT('',#2684);
#2684 = CARTESIAN_POINT('',(85.82865572567,-25.11809561496,
    22.681904385034));
#2685 = SURFACE_CURVE('',#2686,(#2691,#2698),.PCURVE_S1.);
#2686 = ELLIPSE('',#2687,0.825060693868,0.8);
#2687 = AXIS2_PLACEMENT_3D('',#2688,#2689,#2690);
#2688 = CARTESIAN_POINT('',(85.796460276991,-25.90355016001,22.5000001)
  );
#2689 = DIRECTION('',(-0.984695707294,-1.268000804374E-17,0.17428242607)
  );
#2690 = DIRECTION('',(-0.122282355921,0.712538205806,-0.690895310953));
#2691 = PCURVE('',#2349,#2692);
#2692 = DEFINITIONAL_REPRESENTATION('',(#2693),#2697);
#2693 = ELLIPSE('',#2694,0.825060693868,0.8);
#2694 = AXIS2_PLACEMENT_2D('',#2695,#2696);
#2695 = CARTESIAN_POINT('',(4.569939694737,-75.90355026001));
#2696 = DIRECTION('',(-0.70163331254,0.712538205806));
#2697 = ( GEOMETRIC_REPRESENTATION_CONTEXT(2) 
PARAMETRIC_REPRESENTATION_CONTEXT() REPRESENTATION_CONTEXT('2D SPACE',''
  ) );
#2698 = PCURVE('',#2699,#2704);
#2699 = CYLINDRICAL_SURFACE('',#2700,0.8);
#2700 = AXIS2_PLACEMENT_3D('',#2701,#2702,#2703);
#2701 = CARTESIAN_POINT('',(85.692881904477,-25.8852177047,22.5000001));
#2702 = DIRECTION('',(-0.984695707294,0.17428242607,-0.));
#2703 = DIRECTION('',(0.17428242607,0.984695707294,0.));
#2704 = DEFINITIONAL_REPRESENTATION('',(#2705),#2720);
#2705 = B_SPLINE_CURVE_WITH_KNOTS('',7,(#2706,#2707,#2708,#2709,#2710,
    #2711,#2712,#2713,#2714,#2715,#2716,#2717,#2718,#2719),
  .UNSPECIFIED.,.F.,.F.,(8,6,8),(1.022492405793,3.14159265359,
    5.260692901387),.UNSPECIFIED.);
#2706 = CARTESIAN_POINT('',(-4.467583737598,5.999999714845E-07));
#2707 = CARTESIAN_POINT('',(-4.16485513077,-5.213596733215E-02));
#2708 = CARTESIAN_POINT('',(-3.862126523942,-0.115517940005));
#2709 = CARTESIAN_POINT('',(-3.559397917112,-0.1823507201));
#2710 = CARTESIAN_POINT('',(-3.256669310287,-0.24227195554));
#2711 = CARTESIAN_POINT('',(-2.953940703456,-0.285414564128));
#2712 = CARTESIAN_POINT('',(-2.651212096629,-0.30699293237));
#2713 = CARTESIAN_POINT('',(-2.045754882973,-0.30699293237));
#2714 = CARTESIAN_POINT('',(-1.743026276144,-0.285414564128));
#2715 = CARTESIAN_POINT('',(-1.440297669317,-0.24227195554));
#2716 = CARTESIAN_POINT('',(-1.137569062488,-0.182350720101));
#2717 = CARTESIAN_POINT('',(-0.83484045566,-0.115517940004));
#2718 = CARTESIAN_POINT('',(-0.532111848832,-5.213596733216E-02));
#2719 = CARTESIAN_POINT('',(-0.229383242004,5.999999643791E-07));
#2720 = ( GEOMETRIC_REPRESENTATION_CONTEXT(2) 
PARAMETRIC_REPRESENTATION_CONTEXT() REPRESENTATION_CONTEXT('2D SPACE',''
  ) );
#2721 = ORIENTED_EDGE('',*,*,#2722,.T.);
#2722 = EDGE_CURVE('',#2681,#2683,#2723,.T.);
#2723 = SURFACE_CURVE('',#2724,(#2728,#2735),.PCURVE_S1.);
#2724 = LINE('',#2725,#2726);
#2725 = CARTESIAN_POINT('',(87.145343011359,-17.67881245081,
    30.121187549181));
#2726 = VECTOR('',#2727,1.);
#2727 = DIRECTION('',(0.124182887175,0.70163331254,0.70163331254));
#2728 = PCURVE('',#2349,#2729);
#2729 = DEFINITIONAL_REPRESENTATION('',(#2730),#2734);
#2730 = LINE('',#2731,#2732);
#2731 = CARTESIAN_POINT('',(12.309576815858,-67.67881255081));
#2732 = VECTOR('',#2733,1.);
#2733 = DIRECTION('',(0.712538205806,0.70163331254));
#2734 = ( GEOMETRIC_REPRESENTATION_CONTEXT(2) 
PARAMETRIC_REPRESENTATION_CONTEXT() REPRESENTATION_CONTEXT('2D SPACE',''
  ) );
#2735 = PCURVE('',#2736,#2741);
#2736 = PLANE('',#2737);
#2737 = AXIS2_PLACEMENT_3D('',#2738,#2739,#2740);
#2738 = CARTESIAN_POINT('',(84.647187348059,-31.79339194846,-10.4999999)
  );
#2739 = DIRECTION('',(0.984695707294,-0.17428242607,0.));
#2740 = DIRECTION('',(0.17428242607,0.984695707294,0.));
#2741 = DEFINITIONAL_REPRESENTATION('',(#2742),#2746);
#2742 = LINE('',#2743,#2744);
#2743 = CARTESIAN_POINT('',(14.333950471296,40.621187449181));
#2744 = VECTOR('',#2745,1.);
#2745 = DIRECTION('',(0.712538205806,0.70163331254));
#2746 = ( GEOMETRIC_REPRESENTATION_CONTEXT(2) 
PARAMETRIC_REPRESENTATION_CONTEXT() REPRESENTATION_CONTEXT('2D SPACE',''
  ) );
#2747 = ADVANCED_FACE('',(#2748),#2361,.F.);
#2748 = FACE_BOUND('',#2749,.F.);
#2749 = EDGE_LOOP('',(#2750,#2780,#2803,#2824,#2825));
#2750 = ORIENTED_EDGE('',*,*,#2751,.T.);
#2751 = EDGE_CURVE('',#2752,#2754,#2756,.T.);
#2752 = VERTEX_POINT('',#2753);
#2753 = CARTESIAN_POINT('',(77.0000001,50.0000001,18.0000001));
#2754 = VERTEX_POINT('',#2755);
#2755 = CARTESIAN_POINT('',(77.0000001,44.0000001,18.0000001));
#2756 = SURFACE_CURVE('',#2757,(#2761,#2768),.PCURVE_S1.);
#2757 = LINE('',#2758,#2759);
#2758 = CARTESIAN_POINT('',(77.0000001,50.0000001,18.0000001));
#2759 = VECTOR('',#2760,1.);
#2760 = DIRECTION('',(0.,-1.,0.));
#2761 = PCURVE('',#2361,#2762);
#2762 = DEFINITIONAL_REPRESENTATION('',(#2763),#2767);
#2763 = LINE('',#2764,#2765);
#2764 = CARTESIAN_POINT('',(0.,0.));
#2765 = VECTOR('',#2766,1.);
#2766 = DIRECTION('',(0.,-1.));
#2767 = ( GEOMETRIC_REPRESENTATION_CONTEXT(2) 
PARAMETRIC_REPRESENTATION_CONTEXT() REPRESENTATION_CONTEXT('2D SPACE',''
  ) );
#2768 = PCURVE('',#2769,#2774);
#2769 = PLANE('',#2770);
#2770 = AXIS2_PLACEMENT_3D('',#2771,#2772,#2773);
#2771 = CARTESIAN_POINT('',(97.0000001,50.0000001,131.0000001));
#2772 = DIRECTION('',(0.984695707294,0.,-0.17428242607));
#2773 = DIRECTION('',(-0.17428242607,0.,-0.984695707294));
#2774 = DEFINITIONAL_REPRESENTATION('',(#2775),#2779);
#2775 = LINE('',#2776,#2777);
#2776 = CARTESIAN_POINT('',(114.75626344561,0.));
#2777 = VECTOR('',#2778,1.);
#2778 = DIRECTION('',(-0.,-1.));
#2779 = ( GEOMETRIC_REPRESENTATION_CONTEXT(2) 
PARAMETRIC_REPRESENTATION_CONTEXT() REPRESENTATION_CONTEXT('2D SPACE',''
  ) );
#2780 = ORIENTED_EDGE('',*,*,#2781,.T.);
#2781 = EDGE_CURVE('',#2754,#2782,#2784,.T.);
#2782 = VERTEX_POINT('',#2783);
#2783 = CARTESIAN_POINT('',(77.0000001,-49.9999999,18.0000001));
#2784 = SURFACE_CURVE('',#2785,(#2789,#2796),.PCURVE_S1.);
#2785 = LINE('',#2786,#2787);
#2786 = CARTESIAN_POINT('',(77.0000001,50.0000001,18.0000001));
#2787 = VECTOR('',#2788,1.);
#2788 = DIRECTION('',(0.,-1.,0.));
#2789 = PCURVE('',#2361,#2790);
#2790 = DEFINITIONAL_REPRESENTATION('',(#2791),#2795);
#2791 = LINE('',#2792,#2793);
#2792 = CARTESIAN_POINT('',(0.,0.));
#2793 = VECTOR('',#2794,1.);
#2794 = DIRECTION('',(0.,-1.));
#2795 = ( GEOMETRIC_REPRESENTATION_CONTEXT(2) 
PARAMETRIC_REPRESENTATION_CONTEXT() REPRESENTATION_CONTEXT('2D SPACE',''
  ) );
#2796 = PCURVE('',#2769,#2797);
#2797 = DEFINITIONAL_REPRESENTATION('',(#2798),#2802);
#2798 = LINE('',#2799,#2800);
#2799 = CARTESIAN_POINT('',(114.75626344561,0.));
#2800 = VECTOR('',#2801,1.);
#2801 = DIRECTION('',(-0.,-1.));
#2802 = ( GEOMETRIC_REPRESENTATION_CONTEXT(2) 
PARAMETRIC_REPRESENTATION_CONTEXT() REPRESENTATION_CONTEXT('2D SPACE',''
  ) );
#2803 = ORIENTED_EDGE('',*,*,#2804,.T.);
#2804 = EDGE_CURVE('',#2782,#2341,#2805,.T.);
#2805 = SURFACE_CURVE('',#2806,(#2810,#2817),.PCURVE_S1.);
#2806 = LINE('',#2807,#2808);
#2807 = CARTESIAN_POINT('',(77.0000001,-49.9999999,18.0000001));
#2808 = VECTOR('',#2809,1.);
#2809 = DIRECTION('',(1.,0.,0.));
#2810 = PCURVE('',#2361,#2811);
#2811 = DEFINITIONAL_REPRESENTATION('',(#2812),#2816);
#2812 = LINE('',#2813,#2814);
#2813 = CARTESIAN_POINT('',(0.,-100.));
#2814 = VECTOR('',#2815,1.);
#2815 = DIRECTION('',(1.,0.));
#2816 = ( GEOMETRIC_REPRESENTATION_CONTEXT(2) 
PARAMETRIC_REPRESENTATION_CONTEXT() REPRESENTATION_CONTEXT('2D SPACE',''
  ) );
#2817 = PCURVE('',#2389,#2818);
#2818 = DEFINITIONAL_REPRESENTATION('',(#2819),#2823);
#2819 = LINE('',#2820,#2821);
#2820 = CARTESIAN_POINT('',(56.5,-14.));
#2821 = VECTOR('',#2822,1.);
#2822 = DIRECTION('',(0.,1.));
#2823 = ( GEOMETRIC_REPRESENTATION_CONTEXT(2) 
PARAMETRIC_REPRESENTATION_CONTEXT() REPRESENTATION_CONTEXT('2D SPACE',''
  ) );
#2824 = ORIENTED_EDGE('',*,*,#2338,.F.);
#2825 = ORIENTED_EDGE('',*,*,#2826,.F.);
#2826 = EDGE_CURVE('',#2752,#2339,#2827,.T.);
#2827 = SURFACE_CURVE('',#2828,(#2832,#2839),.PCURVE_S1.);
#2828 = LINE('',#2829,#2830);
#2829 = CARTESIAN_POINT('',(77.0000001,50.0000001,18.0000001));
#2830 = VECTOR('',#2831,1.);
#2831 = DIRECTION('',(1.,0.,0.));
#2832 = PCURVE('',#2361,#2833);
#2833 = DEFINITIONAL_REPRESENTATION('',(#2834),#2838);
#2834 = LINE('',#2835,#2836);
#2835 = CARTESIAN_POINT('',(0.,0.));
#2836 = VECTOR('',#2837,1.);
#2837 = DIRECTION('',(1.,0.));
#2838 = ( GEOMETRIC_REPRESENTATION_CONTEXT(2) 
PARAMETRIC_REPRESENTATION_CONTEXT() REPRESENTATION_CONTEXT('2D SPACE',''
  ) );
#2839 = PCURVE('',#2443,#2840);
#2840 = DEFINITIONAL_REPRESENTATION('',(#2841),#2845);
#2841 = LINE('',#2842,#2843);
#2842 = CARTESIAN_POINT('',(56.5,-14.));
#2843 = VECTOR('',#2844,1.);
#2844 = DIRECTION('',(0.,1.));
#2845 = ( GEOMETRIC_REPRESENTATION_CONTEXT(2) 
PARAMETRIC_REPRESENTATION_CONTEXT() REPRESENTATION_CONTEXT('2D SPACE',''
  ) );
#2846 = ADVANCED_FACE('',(#2847),#2443,.F.);
#2847 = FACE_BOUND('',#2848,.F.);
#2848 = EDGE_LOOP('',(#2849,#2850,#2873,#2894));
#2849 = ORIENTED_EDGE('',*,*,#2429,.T.);
#2850 = ORIENTED_EDGE('',*,*,#2851,.T.);
#2851 = EDGE_CURVE('',#2402,#2852,#2854,.T.);
#2852 = VERTEX_POINT('',#2853);
#2853 = CARTESIAN_POINT('',(97.0000001,50.0000001,131.0000001));
#2854 = SURFACE_CURVE('',#2855,(#2859,#2866),.PCURVE_S1.);
#2855 = LINE('',#2856,#2857);
#2856 = CARTESIAN_POINT('',(105.0000001,50.0000001,131.0000001));
#2857 = VECTOR('',#2858,1.);
#2858 = DIRECTION('',(-1.,0.,0.));
#2859 = PCURVE('',#2443,#2860);
#2860 = DEFINITIONAL_REPRESENTATION('',(#2861),#2865);
#2861 = LINE('',#2862,#2863);
#2862 = CARTESIAN_POINT('',(-56.5,14.));
#2863 = VECTOR('',#2864,1.);
#2864 = DIRECTION('',(0.,-1.));
#2865 = ( GEOMETRIC_REPRESENTATION_CONTEXT(2) 
PARAMETRIC_REPRESENTATION_CONTEXT() REPRESENTATION_CONTEXT('2D SPACE',''
  ) );
#2866 = PCURVE('',#2417,#2867);
#2867 = DEFINITIONAL_REPRESENTATION('',(#2868),#2872);
#2868 = LINE('',#2869,#2870);
#2869 = CARTESIAN_POINT('',(0.,0.));
#2870 = VECTOR('',#2871,1.);
#2871 = DIRECTION('',(1.,0.));
#2872 = ( GEOMETRIC_REPRESENTATION_CONTEXT(2) 
PARAMETRIC_REPRESENTATION_CONTEXT() REPRESENTATION_CONTEXT('2D SPACE',''
  ) );
#2873 = ORIENTED_EDGE('',*,*,#2874,.T.);
#2874 = EDGE_CURVE('',#2852,#2752,#2875,.T.);
#2875 = SURFACE_CURVE('',#2876,(#2880,#2887),.PCURVE_S1.);
#2876 = LINE('',#2877,#2878);
#2877 = CARTESIAN_POINT('',(97.0000001,50.0000001,131.0000001));
#2878 = VECTOR('',#2879,1.);
#2879 = DIRECTION('',(-0.17428242607,0.,-0.984695707294));
#2880 = PCURVE('',#2443,#2881);
#2881 = DEFINITIONAL_REPRESENTATION('',(#2882),#2886);
#2882 = LINE('',#2883,#2884);
#2883 = CARTESIAN_POINT('',(-56.5,6.));
#2884 = VECTOR('',#2885,1.);
#2885 = DIRECTION('',(0.984695707294,-0.17428242607));
#2886 = ( GEOMETRIC_REPRESENTATION_CONTEXT(2) 
PARAMETRIC_REPRESENTATION_CONTEXT() REPRESENTATION_CONTEXT('2D SPACE',''
  ) );
#2887 = PCURVE('',#2769,#2888);
#2888 = DEFINITIONAL_REPRESENTATION('',(#2889),#2893);
#2889 = LINE('',#2890,#2891);
#2890 = CARTESIAN_POINT('',(0.,0.));
#2891 = VECTOR('',#2892,1.);
#2892 = DIRECTION('',(1.,0.));
#2893 = ( GEOMETRIC_REPRESENTATION_CONTEXT(2) 
PARAMETRIC_REPRESENTATION_CONTEXT() REPRESENTATION_CONTEXT('2D SPACE',''
  ) );
#2894 = ORIENTED_EDGE('',*,*,#2826,.T.);
#2895 = ADVANCED_FACE('',(#2896),#2389,.T.);
#2896 = FACE_BOUND('',#2897,.T.);
#2897 = EDGE_LOOP('',(#2898,#2899,#2922,#2943));
#2898 = ORIENTED_EDGE('',*,*,#2373,.T.);
#2899 = ORIENTED_EDGE('',*,*,#2900,.T.);
#2900 = EDGE_CURVE('',#2374,#2901,#2903,.T.);
#2901 = VERTEX_POINT('',#2902);
#2902 = CARTESIAN_POINT('',(97.0000001,-49.9999999,131.0000001));
#2903 = SURFACE_CURVE('',#2904,(#2908,#2915),.PCURVE_S1.);
#2904 = LINE('',#2905,#2906);
#2905 = CARTESIAN_POINT('',(105.0000001,-49.9999999,131.0000001));
#2906 = VECTOR('',#2907,1.);
#2907 = DIRECTION('',(-1.,0.,0.));
#2908 = PCURVE('',#2389,#2909);
#2909 = DEFINITIONAL_REPRESENTATION('',(#2910),#2914);
#2910 = LINE('',#2911,#2912);
#2911 = CARTESIAN_POINT('',(-56.5,14.));
#2912 = VECTOR('',#2913,1.);
#2913 = DIRECTION('',(0.,-1.));
#2914 = ( GEOMETRIC_REPRESENTATION_CONTEXT(2) 
PARAMETRIC_REPRESENTATION_CONTEXT() REPRESENTATION_CONTEXT('2D SPACE',''
  ) );
#2915 = PCURVE('',#2417,#2916);
#2916 = DEFINITIONAL_REPRESENTATION('',(#2917),#2921);
#2917 = LINE('',#2918,#2919);
#2918 = CARTESIAN_POINT('',(0.,-100.));
#2919 = VECTOR('',#2920,1.);
#2920 = DIRECTION('',(1.,0.));
#2921 = ( GEOMETRIC_REPRESENTATION_CONTEXT(2) 
PARAMETRIC_REPRESENTATION_CONTEXT() REPRESENTATION_CONTEXT('2D SPACE',''
  ) );
#2922 = ORIENTED_EDGE('',*,*,#2923,.T.);
#2923 = EDGE_CURVE('',#2901,#2782,#2924,.T.);
#2924 = SURFACE_CURVE('',#2925,(#2929,#2936),.PCURVE_S1.);
#2925 = LINE('',#2926,#2927);
#2926 = CARTESIAN_POINT('',(97.0000001,-49.9999999,131.0000001));
#2927 = VECTOR('',#2928,1.);
#2928 = DIRECTION('',(-0.17428242607,0.,-0.984695707294));
#2929 = PCURVE('',#2389,#2930);
#2930 = DEFINITIONAL_REPRESENTATION('',(#2931),#2935);
#2931 = LINE('',#2932,#2933);
#2932 = CARTESIAN_POINT('',(-56.5,6.));
#2933 = VECTOR('',#2934,1.);
#2934 = DIRECTION('',(0.984695707294,-0.17428242607));
#2935 = ( GEOMETRIC_REPRESENTATION_CONTEXT(2) 
PARAMETRIC_REPRESENTATION_CONTEXT() REPRESENTATION_CONTEXT('2D SPACE',''
  ) );
#2936 = PCURVE('',#2769,#2937);
#2937 = DEFINITIONAL_REPRESENTATION('',(#2938),#2942);
#2938 = LINE('',#2939,#2940);
#2939 = CARTESIAN_POINT('',(-0.,-100.));
#2940 = VECTOR('',#2941,1.);
#2941 = DIRECTION('',(1.,0.));
#2942 = ( GEOMETRIC_REPRESENTATION_CONTEXT(2) 
PARAMETRIC_REPRESENTATION_CONTEXT() REPRESENTATION_CONTEXT('2D SPACE',''
  ) );
#2943 = ORIENTED_EDGE('',*,*,#2804,.T.);
#2944 = ADVANCED_FACE('',(#2945),#2417,.F.);
#2945 = FACE_BOUND('',#2946,.F.);
#2946 = EDGE_LOOP('',(#2947,#2948,#2949,#2972,#2993));
#2947 = ORIENTED_EDGE('',*,*,#2401,.T.);
#2948 = ORIENTED_EDGE('',*,*,#2900,.T.);
#2949 = ORIENTED_EDGE('',*,*,#2950,.F.);
#2950 = EDGE_CURVE('',#2951,#2901,#2953,.T.);
#2951 = VERTEX_POINT('',#2952);
#2952 = CARTESIAN_POINT('',(97.0000001,10.0000001,131.0000001));
#2953 = SURFACE_CURVE('',#2954,(#2958,#2965),.PCURVE_S1.);
#2954 = LINE('',#2955,#2956);
#2955 = CARTESIAN_POINT('',(97.0000001,50.0000001,131.0000001));
#2956 = VECTOR('',#2957,1.);
#2957 = DIRECTION('',(0.,-1.,0.));
#2958 = PCURVE('',#2417,#2959);
#2959 = DEFINITIONAL_REPRESENTATION('',(#2960),#2964);
#2960 = LINE('',#2961,#2962);
#2961 = CARTESIAN_POINT('',(8.,0.));
#2962 = VECTOR('',#2963,1.);
#2963 = DIRECTION('',(0.,-1.));
#2964 = ( GEOMETRIC_REPRESENTATION_CONTEXT(2) 
PARAMETRIC_REPRESENTATION_CONTEXT() REPRESENTATION_CONTEXT('2D SPACE',''
  ) );
#2965 = PCURVE('',#2769,#2966);
#2966 = DEFINITIONAL_REPRESENTATION('',(#2967),#2971);
#2967 = LINE('',#2968,#2969);
#2968 = CARTESIAN_POINT('',(0.,0.));
#2969 = VECTOR('',#2970,1.);
#2970 = DIRECTION('',(-0.,-1.));
#2971 = ( GEOMETRIC_REPRESENTATION_CONTEXT(2) 
PARAMETRIC_REPRESENTATION_CONTEXT() REPRESENTATION_CONTEXT('2D SPACE',''
  ) );
#2972 = ORIENTED_EDGE('',*,*,#2973,.F.);
#2973 = EDGE_CURVE('',#2852,#2951,#2974,.T.);
#2974 = SURFACE_CURVE('',#2975,(#2979,#2986),.PCURVE_S1.);
#2975 = LINE('',#2976,#2977);
#2976 = CARTESIAN_POINT('',(97.0000001,50.0000001,131.0000001));
#2977 = VECTOR('',#2978,1.);
#2978 = DIRECTION('',(0.,-1.,0.));
#2979 = PCURVE('',#2417,#2980);
#2980 = DEFINITIONAL_REPRESENTATION('',(#2981),#2985);
#2981 = LINE('',#2982,#2983);
#2982 = CARTESIAN_POINT('',(8.,0.));
#2983 = VECTOR('',#2984,1.);
#2984 = DIRECTION('',(0.,-1.));
#2985 = ( GEOMETRIC_REPRESENTATION_CONTEXT(2) 
PARAMETRIC_REPRESENTATION_CONTEXT() REPRESENTATION_CONTEXT('2D SPACE',''
  ) );
#2986 = PCURVE('',#2769,#2987);
#2987 = DEFINITIONAL_REPRESENTATION('',(#2988),#2992);
#2988 = LINE('',#2989,#2990);
#2989 = CARTESIAN_POINT('',(0.,0.));
#2990 = VECTOR('',#2991,1.);
#2991 = DIRECTION('',(-0.,-1.));
#2992 = ( GEOMETRIC_REPRESENTATION_CONTEXT(2) 
PARAMETRIC_REPRESENTATION_CONTEXT() REPRESENTATION_CONTEXT('2D SPACE',''
  ) );
#2993 = ORIENTED_EDGE('',*,*,#2851,.F.);
#2994 = ADVANCED_FACE('',(#2995),#2474,.F.);
#2995 = FACE_BOUND('',#2996,.T.);
#2996 = EDGE_LOOP('',(#2997,#3026,#3047,#3048));
#2997 = ORIENTED_EDGE('',*,*,#2998,.F.);
#2998 = EDGE_CURVE('',#2999,#2999,#3001,.T.);
#2999 = VERTEX_POINT('',#3000);
#3000 = CARTESIAN_POINT('',(84.786613288914,-31.00563538263,19.5000001)
  );
#3001 = SURFACE_CURVE('',#3002,(#3007,#3014),.PCURVE_S1.);
#3002 = CIRCLE('',#3003,0.8);
#3003 = AXIS2_PLACEMENT_3D('',#3004,#3005,#3006);
#3004 = CARTESIAN_POINT('',(84.647187348059,-31.79339194846,19.5000001)
  );
#3005 = DIRECTION('',(0.984695707294,-0.17428242607,0.));
#3006 = DIRECTION('',(0.17428242607,0.984695707294,0.));
#3007 = PCURVE('',#2474,#3008);
#3008 = DEFINITIONAL_REPRESENTATION('',(#3009),#3013);
#3009 = LINE('',#3010,#3011);
#3010 = CARTESIAN_POINT('',(-0.,0.));
#3011 = VECTOR('',#3012,1.);
#3012 = DIRECTION('',(-1.,0.));
#3013 = ( GEOMETRIC_REPRESENTATION_CONTEXT(2) 
PARAMETRIC_REPRESENTATION_CONTEXT() REPRESENTATION_CONTEXT('2D SPACE',''
  ) );
#3014 = PCURVE('',#3015,#3020);
#3015 = PLANE('',#3016);
#3016 = AXIS2_PLACEMENT_3D('',#3017,#3018,#3019);
#3017 = CARTESIAN_POINT('',(84.647187348059,-31.79339194846,-10.4999999)
  );
#3018 = DIRECTION('',(0.984695707294,-0.17428242607,0.));
#3019 = DIRECTION('',(0.17428242607,0.984695707294,0.));
#3020 = DEFINITIONAL_REPRESENTATION('',(#3021),#3025);
#3021 = CIRCLE('',#3022,0.8);
#3022 = AXIS2_PLACEMENT_2D('',#3023,#3024);
#3023 = CARTESIAN_POINT('',(0.,30.));
#3024 = DIRECTION('',(1.,0.));
#3025 = ( GEOMETRIC_REPRESENTATION_CONTEXT(2) 
PARAMETRIC_REPRESENTATION_CONTEXT() REPRESENTATION_CONTEXT('2D SPACE',''
  ) );
#3026 = ORIENTED_EDGE('',*,*,#3027,.T.);
#3027 = EDGE_CURVE('',#2999,#2458,#3028,.T.);
#3028 = SEAM_CURVE('',#3029,(#3033,#3040),.PCURVE_S1.);
#3029 = LINE('',#3030,#3031);
#3030 = CARTESIAN_POINT('',(84.786613288914,-31.00563538263,19.5000001)
  );
#3031 = VECTOR('',#3032,1.);
#3032 = DIRECTION('',(0.984695707294,-0.17428242607,0.));
#3033 = PCURVE('',#2474,#3034);
#3034 = DEFINITIONAL_REPRESENTATION('',(#3035),#3039);
#3035 = LINE('',#3036,#3037);
#3036 = CARTESIAN_POINT('',(-6.28318530718,0.));
#3037 = VECTOR('',#3038,1.);
#3038 = DIRECTION('',(-0.,-1.));
#3039 = ( GEOMETRIC_REPRESENTATION_CONTEXT(2) 
PARAMETRIC_REPRESENTATION_CONTEXT() REPRESENTATION_CONTEXT('2D SPACE',''
  ) );
#3040 = PCURVE('',#2474,#3041);
#3041 = DEFINITIONAL_REPRESENTATION('',(#3042),#3046);
#3042 = LINE('',#3043,#3044);
#3043 = CARTESIAN_POINT('',(-0.,0.));
#3044 = VECTOR('',#3045,1.);
#3045 = DIRECTION('',(-0.,-1.));
#3046 = ( GEOMETRIC_REPRESENTATION_CONTEXT(2) 
PARAMETRIC_REPRESENTATION_CONTEXT() REPRESENTATION_CONTEXT('2D SPACE',''
  ) );
#3047 = ORIENTED_EDGE('',*,*,#2457,.F.);
#3048 = ORIENTED_EDGE('',*,*,#3027,.F.);
#3049 = ADVANCED_FACE('',(#3050),#2525,.F.);
#3050 = FACE_BOUND('',#3051,.T.);
#3051 = EDGE_LOOP('',(#3052,#3081,#3102,#3103));
#3052 = ORIENTED_EDGE('',*,*,#3053,.F.);
#3053 = EDGE_CURVE('',#3054,#3054,#3056,.T.);
#3054 = VERTEX_POINT('',#3055);
#3055 = CARTESIAN_POINT('',(84.786613288914,-31.00563538263,22.5000001)
  );
#3056 = SURFACE_CURVE('',#3057,(#3062,#3069),.PCURVE_S1.);
#3057 = CIRCLE('',#3058,0.8);
#3058 = AXIS2_PLACEMENT_3D('',#3059,#3060,#3061);
#3059 = CARTESIAN_POINT('',(84.647187348059,-31.79339194846,22.5000001)
  );
#3060 = DIRECTION('',(0.984695707294,-0.17428242607,0.));
#3061 = DIRECTION('',(0.17428242607,0.984695707294,0.));
#3062 = PCURVE('',#2525,#3063);
#3063 = DEFINITIONAL_REPRESENTATION('',(#3064),#3068);
#3064 = LINE('',#3065,#3066);
#3065 = CARTESIAN_POINT('',(-0.,0.));
#3066 = VECTOR('',#3067,1.);
#3067 = DIRECTION('',(-1.,0.));
#3068 = ( GEOMETRIC_REPRESENTATION_CONTEXT(2) 
PARAMETRIC_REPRESENTATION_CONTEXT() REPRESENTATION_CONTEXT('2D SPACE',''
  ) );
#3069 = PCURVE('',#3070,#3075);
#3070 = PLANE('',#3071);
#3071 = AXIS2_PLACEMENT_3D('',#3072,#3073,#3074);
#3072 = CARTESIAN_POINT('',(84.647187348059,-31.79339194846,-10.4999999)
  );
#3073 = DIRECTION('',(0.984695707294,-0.17428242607,0.));
#3074 = DIRECTION('',(0.17428242607,0.984695707294,0.));
#3075 = DEFINITIONAL_REPRESENTATION('',(#3076),#3080);
#3076 = CIRCLE('',#3077,0.8);
#3077 = AXIS2_PLACEMENT_2D('',#3078,#3079);
#3078 = CARTESIAN_POINT('',(0.,33.));
#3079 = DIRECTION('',(1.,0.));
#3080 = ( GEOMETRIC_REPRESENTATION_CONTEXT(2) 
PARAMETRIC_REPRESENTATION_CONTEXT() REPRESENTATION_CONTEXT('2D SPACE',''
  ) );
#3081 = ORIENTED_EDGE('',*,*,#3082,.T.);
#3082 = EDGE_CURVE('',#3054,#2509,#3083,.T.);
#3083 = SEAM_CURVE('',#3084,(#3088,#3095),.PCURVE_S1.);
#3084 = LINE('',#3085,#3086);
#3085 = CARTESIAN_POINT('',(84.786613288914,-31.00563538263,22.5000001)
  );
#3086 = VECTOR('',#3087,1.);
#3087 = DIRECTION('',(0.984695707294,-0.17428242607,0.));
#3088 = PCURVE('',#2525,#3089);
#3089 = DEFINITIONAL_REPRESENTATION('',(#3090),#3094);
#3090 = LINE('',#3091,#3092);
#3091 = CARTESIAN_POINT('',(-6.28318530718,0.));
#3092 = VECTOR('',#3093,1.);
#3093 = DIRECTION('',(-0.,-1.));
#3094 = ( GEOMETRIC_REPRESENTATION_CONTEXT(2) 
PARAMETRIC_REPRESENTATION_CONTEXT() REPRESENTATION_CONTEXT('2D SPACE',''
  ) );
#3095 = PCURVE('',#2525,#3096);
#3096 = DEFINITIONAL_REPRESENTATION('',(#3097),#3101);
#3097 = LINE('',#3098,#3099);
#3098 = CARTESIAN_POINT('',(-0.,0.));
#3099 = VECTOR('',#3100,1.);
#3100 = DIRECTION('',(-0.,-1.));
#3101 = ( GEOMETRIC_REPRESENTATION_CONTEXT(2) 
PARAMETRIC_REPRESENTATION_CONTEXT() REPRESENTATION_CONTEXT('2D SPACE',''
  ) );
#3102 = ORIENTED_EDGE('',*,*,#2508,.F.);
#3103 = ORIENTED_EDGE('',*,*,#3082,.F.);
#3104 = ADVANCED_FACE('',(#3105),#2578,.F.);
#3105 = FACE_BOUND('',#3106,.T.);
#3106 = EDGE_LOOP('',(#3107,#3129));
#3107 = ORIENTED_EDGE('',*,*,#3108,.F.);
#3108 = EDGE_CURVE('',#2562,#2560,#3109,.T.);
#3109 = SURFACE_CURVE('',#3110,(#3115,#3122),.PCURVE_S1.);
#3110 = CIRCLE('',#3111,0.8);
#3111 = AXIS2_PLACEMENT_3D('',#3112,#3113,#3114);
#3112 = CARTESIAN_POINT('',(85.170034626268,-28.83930482658,19.5000001)
  );
#3113 = DIRECTION('',(0.984695707294,-0.17428242607,0.));
#3114 = DIRECTION('',(0.17428242607,0.984695707294,0.));
#3115 = PCURVE('',#2578,#3116);
#3116 = DEFINITIONAL_REPRESENTATION('',(#3117),#3121);
#3117 = LINE('',#3118,#3119);
#3118 = CARTESIAN_POINT('',(-0.,0.));
#3119 = VECTOR('',#3120,1.);
#3120 = DIRECTION('',(-1.,0.));
#3121 = ( GEOMETRIC_REPRESENTATION_CONTEXT(2) 
PARAMETRIC_REPRESENTATION_CONTEXT() REPRESENTATION_CONTEXT('2D SPACE',''
  ) );
#3122 = PCURVE('',#2615,#3123);
#3123 = DEFINITIONAL_REPRESENTATION('',(#3124),#3128);
#3124 = CIRCLE('',#3125,0.8);
#3125 = AXIS2_PLACEMENT_2D('',#3126,#3127);
#3126 = CARTESIAN_POINT('',(3.,30.));
#3127 = DIRECTION('',(1.,0.));
#3128 = ( GEOMETRIC_REPRESENTATION_CONTEXT(2) 
PARAMETRIC_REPRESENTATION_CONTEXT() REPRESENTATION_CONTEXT('2D SPACE',''
  ) );
#3129 = ORIENTED_EDGE('',*,*,#2559,.F.);
#3130 = ADVANCED_FACE('',(#3131),#2615,.T.);
#3131 = FACE_BOUND('',#3132,.T.);
#3132 = EDGE_LOOP('',(#3133,#3134));
#3133 = ORIENTED_EDGE('',*,*,#2601,.T.);
#3134 = ORIENTED_EDGE('',*,*,#3108,.T.);
#3135 = ADVANCED_FACE('',(#3136),#2646,.F.);
#3136 = FACE_BOUND('',#3137,.T.);
#3137 = EDGE_LOOP('',(#3138,#3167,#3188,#3189));
#3138 = ORIENTED_EDGE('',*,*,#3139,.F.);
#3139 = EDGE_CURVE('',#3140,#3140,#3142,.T.);
#3140 = VERTEX_POINT('',#3141);
#3141 = CARTESIAN_POINT('',(85.309460567124,-28.05154826075,22.5000001)
  );
#3142 = SURFACE_CURVE('',#3143,(#3148,#3155),.PCURVE_S1.);
#3143 = CIRCLE('',#3144,0.8);
#3144 = AXIS2_PLACEMENT_3D('',#3145,#3146,#3147);
#3145 = CARTESIAN_POINT('',(85.170034626268,-28.83930482658,22.5000001)
  );
#3146 = DIRECTION('',(0.984695707294,-0.17428242607,0.));
#3147 = DIRECTION('',(0.17428242607,0.984695707294,0.));
#3148 = PCURVE('',#2646,#3149);
#3149 = DEFINITIONAL_REPRESENTATION('',(#3150),#3154);
#3150 = LINE('',#3151,#3152);
#3151 = CARTESIAN_POINT('',(-0.,0.));
#3152 = VECTOR('',#3153,1.);
#3153 = DIRECTION('',(-1.,0.));
#3154 = ( GEOMETRIC_REPRESENTATION_CONTEXT(2) 
PARAMETRIC_REPRESENTATION_CONTEXT() REPRESENTATION_CONTEXT('2D SPACE',''
  ) );
#3155 = PCURVE('',#3156,#3161);
#3156 = PLANE('',#3157);
#3157 = AXIS2_PLACEMENT_3D('',#3158,#3159,#3160);
#3158 = CARTESIAN_POINT('',(84.647187348059,-31.79339194846,-10.4999999)
  );
#3159 = DIRECTION('',(0.984695707294,-0.17428242607,0.));
#3160 = DIRECTION('',(0.17428242607,0.984695707294,0.));
#3161 = DEFINITIONAL_REPRESENTATION('',(#3162),#3166);
#3162 = CIRCLE('',#3163,0.8);
#3163 = AXIS2_PLACEMENT_2D('',#3164,#3165);
#3164 = CARTESIAN_POINT('',(3.,33.));
#3165 = DIRECTION('',(1.,0.));
#3166 = ( GEOMETRIC_REPRESENTATION_CONTEXT(2) 
PARAMETRIC_REPRESENTATION_CONTEXT() REPRESENTATION_CONTEXT('2D SPACE',''
  ) );
#3167 = ORIENTED_EDGE('',*,*,#3168,.T.);
#3168 = EDGE_CURVE('',#3140,#2630,#3169,.T.);
#3169 = SEAM_CURVE('',#3170,(#3174,#3181),.PCURVE_S1.);
#3170 = LINE('',#3171,#3172);
#3171 = CARTESIAN_POINT('',(85.309460567124,-28.05154826075,22.5000001)
  );
#3172 = VECTOR('',#3173,1.);
#3173 = DIRECTION('',(0.984695707294,-0.17428242607,0.));
#3174 = PCURVE('',#2646,#3175);
#3175 = DEFINITIONAL_REPRESENTATION('',(#3176),#3180);
#3176 = LINE('',#3177,#3178);
#3177 = CARTESIAN_POINT('',(-6.28318530718,0.));
#3178 = VECTOR('',#3179,1.);
#3179 = DIRECTION('',(-0.,-1.));
#3180 = ( GEOMETRIC_REPRESENTATION_CONTEXT(2) 
PARAMETRIC_REPRESENTATION_CONTEXT() REPRESENTATION_CONTEXT('2D SPACE',''
  ) );
#3181 = PCURVE('',#2646,#3182);
#3182 = DEFINITIONAL_REPRESENTATION('',(#3183),#3187);
#3183 = LINE('',#3184,#3185);
#3184 = CARTESIAN_POINT('',(-0.,0.));
#3185 = VECTOR('',#3186,1.);
#3186 = DIRECTION('',(-0.,-1.));
#3187 = ( GEOMETRIC_REPRESENTATION_CONTEXT(2) 
PARAMETRIC_REPRESENTATION_CONTEXT() REPRESENTATION_CONTEXT('2D SPACE',''
  ) );
#3188 = ORIENTED_EDGE('',*,*,#2629,.F.);
#3189 = ORIENTED_EDGE('',*,*,#3168,.F.);
#3190 = ADVANCED_FACE('',(#3191),#2699,.F.);
#3191 = FACE_BOUND('',#3192,.T.);
#3192 = EDGE_LOOP('',(#3193,#3215));
#3193 = ORIENTED_EDGE('',*,*,#3194,.F.);
#3194 = EDGE_CURVE('',#2683,#2681,#3195,.T.);
#3195 = SURFACE_CURVE('',#3196,(#3201,#3208),.PCURVE_S1.);
#3196 = CIRCLE('',#3197,0.8);
#3197 = AXIS2_PLACEMENT_3D('',#3198,#3199,#3200);
#3198 = CARTESIAN_POINT('',(85.692881904477,-25.8852177047,22.5000001));
#3199 = DIRECTION('',(0.984695707294,-0.17428242607,0.));
#3200 = DIRECTION('',(0.17428242607,0.984695707294,0.));
#3201 = PCURVE('',#2699,#3202);
#3202 = DEFINITIONAL_REPRESENTATION('',(#3203),#3207);
#3203 = LINE('',#3204,#3205);
#3204 = CARTESIAN_POINT('',(-0.,0.));
#3205 = VECTOR('',#3206,1.);
#3206 = DIRECTION('',(-1.,0.));
#3207 = ( GEOMETRIC_REPRESENTATION_CONTEXT(2) 
PARAMETRIC_REPRESENTATION_CONTEXT() REPRESENTATION_CONTEXT('2D SPACE',''
  ) );
#3208 = PCURVE('',#2736,#3209);
#3209 = DEFINITIONAL_REPRESENTATION('',(#3210),#3214);
#3210 = CIRCLE('',#3211,0.8);
#3211 = AXIS2_PLACEMENT_2D('',#3212,#3213);
#3212 = CARTESIAN_POINT('',(6.,33.));
#3213 = DIRECTION('',(1.,0.));
#3214 = ( GEOMETRIC_REPRESENTATION_CONTEXT(2) 
PARAMETRIC_REPRESENTATION_CONTEXT() REPRESENTATION_CONTEXT('2D SPACE',''
  ) );
#3215 = ORIENTED_EDGE('',*,*,#2680,.F.);
#3216 = ADVANCED_FACE('',(#3217),#2736,.T.);
#3217 = FACE_BOUND('',#3218,.T.);
#3218 = EDGE_LOOP('',(#3219,#3220));
#3219 = ORIENTED_EDGE('',*,*,#2722,.T.);
#3220 = ORIENTED_EDGE('',*,*,#3194,.T.);
#3221 = ADVANCED_FACE('',(#3222),#2769,.F.);
#3222 = FACE_BOUND('',#3223,.F.);
#3223 = EDGE_LOOP('',(#3224,#3225,#3226,#3227,#3228,#3229));
#3224 = ORIENTED_EDGE('',*,*,#2973,.T.);
#3225 = ORIENTED_EDGE('',*,*,#2950,.T.);
#3226 = ORIENTED_EDGE('',*,*,#2923,.T.);
#3227 = ORIENTED_EDGE('',*,*,#2781,.F.);
#3228 = ORIENTED_EDGE('',*,*,#2751,.F.);
#3229 = ORIENTED_EDGE('',*,*,#2874,.F.);
#3230 = ADVANCED_FACE('',(#3231),#3015,.T.);
#3231 = FACE_BOUND('',#3232,.T.);
#3232 = EDGE_LOOP('',(#3233));
#3233 = ORIENTED_EDGE('',*,*,#2998,.T.);
#3234 = ADVANCED_FACE('',(#3235),#3070,.T.);
#3235 = FACE_BOUND('',#3236,.T.);
#3236 = EDGE_LOOP('',(#3237));
#3237 = ORIENTED_EDGE('',*,*,#3053,.T.);
#3238 = ADVANCED_FACE('',(#3239),#3156,.T.);
#3239 = FACE_BOUND('',#3240,.T.);
#3240 = EDGE_LOOP('',(#3241));
#3241 = ORIENTED_EDGE('',*,*,#3139,.T.);
#3242 = ( GEOMETRIC_REPRESENTATION_CONTEXT(3) 
GLOBAL_UNCERTAINTY_ASSIGNED_CONTEXT((#3246)) 
GLOBAL_UNIT_ASSIGNED_CONTEXT((#3243,#3244,#3245)) REPRESENTATION_CONTEXT
('Context #1','3D Context with UNIT and UNCERTAINTY') );
#3243 = ( LENGTH_UNIT() NAMED_UNIT(*) SI_UNIT(.MILLI.,.METRE.) );
#3244 = ( NAMED_UNIT(*) PLANE_ANGLE_UNIT() SI_UNIT($,.RADIAN.) );
#3245 = ( NAMED_UNIT(*) SI_UNIT($,.STERADIAN.) SOLID_ANGLE_UNIT() );
#3246 = UNCERTAINTY_MEASURE_WITH_UNIT(LENGTH_MEASURE(1.E-07),#3243,
  'distance_accuracy_value','confusion accuracy');
#3247 = CONTEXT_DEPENDENT_SHAPE_REPRESENTATION(#3248,#3250);
#3248 = ( REPRESENTATION_RELATIONSHIP('','',#2331,#10) 
REPRESENTATION_RELATIONSHIP_WITH_TRANSFORMATION(#3249) 
SHAPE_REPRESENTATION_RELATIONSHIP() );
#3249 = ITEM_DEFINED_TRANSFORMATION('','',#11,#27);
#3250 = PRODUCT_DEFINITION_SHAPE('Placement','Placement of an item',
  #3251);
#3251 = NEXT_ASSEMBLY_USAGE_OCCURRENCE('4','','',#5,#2326,$);
#3252 = PRODUCT_RELATED_PRODUCT_CATEGORY('part',$,(#2328));
#3253 = SHAPE_DEFINITION_REPRESENTATION(#3254,#3260);
#3254 = PRODUCT_DEFINITION_SHAPE('','',#3255);
#3255 = PRODUCT_DEFINITION('design','',#3256,#3259);
#3256 = PRODUCT_DEFINITION_FORMATION('','',#3257);
#3257 = PRODUCT('Open CASCADE STEP translator 7.8 1.5',
  'Open CASCADE STEP translator 7.8 1.5','',(#3258));
#3258 = PRODUCT_CONTEXT('',#2,'mechanical');
#3259 = PRODUCT_DEFINITION_CONTEXT('part definition',#2,'design');
#3260 = ADVANCED_BREP_SHAPE_REPRESENTATION('',(#11,#3261),#3615);
#3261 = MANIFOLD_SOLID_BREP('',#3262);
#3262 = CLOSED_SHELL('',(#3263,#3406,#3482,#3531,#3580,#3608));
#3263 = ADVANCED_FACE('',(#3264),#3278,.T.);
#3264 = FACE_BOUND('',#3265,.T.);
#3265 = EDGE_LOOP('',(#3266,#3301,#3329,#3352,#3380));
#3266 = ORIENTED_EDGE('',*,*,#3267,.F.);
#3267 = EDGE_CURVE('',#3268,#3270,#3272,.T.);
#3268 = VERTEX_POINT('',#3269);
#3269 = CARTESIAN_POINT('',(97.0000001,10.0000001,131.0000001));
#3270 = VERTEX_POINT('',#3271);
#3271 = CARTESIAN_POINT('',(97.0000001,10.0000001,139.0000001));
#3272 = SURFACE_CURVE('',#3273,(#3277,#3289),.PCURVE_S1.);
#3273 = LINE('',#3274,#3275);
#3274 = CARTESIAN_POINT('',(97.0000001,10.0000001,131.0000001));
#3275 = VECTOR('',#3276,1.);
#3276 = DIRECTION('',(0.,0.,1.));
#3277 = PCURVE('',#3278,#3283);
#3278 = PLANE('',#3279);
#3279 = AXIS2_PLACEMENT_3D('',#3280,#3281,#3282);
#3280 = CARTESIAN_POINT('',(97.0000001,10.0000001,131.0000001));
#3281 = DIRECTION('',(1.,0.,0.));
#3282 = DIRECTION('',(0.,0.,1.));
#3283 = DEFINITIONAL_REPRESENTATION('',(#3284),#3288);
#3284 = LINE('',#3285,#3286);
#3285 = CARTESIAN_POINT('',(0.,0.));
#3286 = VECTOR('',#3287,1.);
#3287 = DIRECTION('',(1.,0.));
#3288 = ( GEOMETRIC_REPRESENTATION_CONTEXT(2) 
PARAMETRIC_REPRESENTATION_CONTEXT() REPRESENTATION_CONTEXT('2D SPACE',''
  ) );
#3289 = PCURVE('',#3290,#3295);
#3290 = PLANE('',#3291);
#3291 = AXIS2_PLACEMENT_3D('',#3292,#3293,#3294);
#3292 = CARTESIAN_POINT('',(94.0000001,10.0000001,131.0000001));
#3293 = DIRECTION('',(0.,1.,0.));
#3294 = DIRECTION('',(0.,0.,1.));
#3295 = DEFINITIONAL_REPRESENTATION('',(#3296),#3300);
#3296 = LINE('',#3297,#3298);
#3297 = CARTESIAN_POINT('',(0.,3.));
#3298 = VECTOR('',#3299,1.);
#3299 = DIRECTION('',(1.,0.));
#3300 = ( GEOMETRIC_REPRESENTATION_CONTEXT(2) 
PARAMETRIC_REPRESENTATION_CONTEXT() REPRESENTATION_CONTEXT('2D SPACE',''
  ) );
#3301 = ORIENTED_EDGE('',*,*,#3302,.F.);
#3302 = EDGE_CURVE('',#3303,#3268,#3305,.T.);
#3303 = VERTEX_POINT('',#3304);
#3304 = CARTESIAN_POINT('',(97.0000001,50.0000001,131.0000001));
#3305 = SURFACE_CURVE('',#3306,(#3310,#3317),.PCURVE_S1.);
#3306 = LINE('',#3307,#3308);
#3307 = CARTESIAN_POINT('',(97.0000001,50.0000001,131.0000001));
#3308 = VECTOR('',#3309,1.);
#3309 = DIRECTION('',(0.,-1.,0.));
#3310 = PCURVE('',#3278,#3311);
#3311 = DEFINITIONAL_REPRESENTATION('',(#3312),#3316);
#3312 = LINE('',#3313,#3314);
#3313 = CARTESIAN_POINT('',(0.,-40.));
#3314 = VECTOR('',#3315,1.);
#3315 = DIRECTION('',(0.,1.));
#3316 = ( GEOMETRIC_REPRESENTATION_CONTEXT(2) 
PARAMETRIC_REPRESENTATION_CONTEXT() REPRESENTATION_CONTEXT('2D SPACE',''
  ) );
#3317 = PCURVE('',#3318,#3323);
#3318 = PLANE('',#3319);
#3319 = AXIS2_PLACEMENT_3D('',#3320,#3321,#3322);
#3320 = CARTESIAN_POINT('',(94.0000001,10.0000001,131.0000001));
#3321 = DIRECTION('',(0.,0.,1.));
#3322 = DIRECTION('',(1.,0.,0.));
#3323 = DEFINITIONAL_REPRESENTATION('',(#3324),#3328);
#3324 = LINE('',#3325,#3326);
#3325 = CARTESIAN_POINT('',(3.,40.));
#3326 = VECTOR('',#3327,1.);
#3327 = DIRECTION('',(0.,-1.));
#3328 = ( GEOMETRIC_REPRESENTATION_CONTEXT(2) 
PARAMETRIC_REPRESENTATION_CONTEXT() REPRESENTATION_CONTEXT('2D SPACE',''
  ) );
#3329 = ORIENTED_EDGE('',*,*,#3330,.T.);
#3330 = EDGE_CURVE('',#3303,#3331,#3333,.T.);
#3331 = VERTEX_POINT('',#3332);
#3332 = CARTESIAN_POINT('',(97.0000001,90.0000001,131.0000001));
#3333 = SURFACE_CURVE('',#3334,(#3338,#3345),.PCURVE_S1.);
#3334 = LINE('',#3335,#3336);
#3335 = CARTESIAN_POINT('',(97.0000001,10.0000001,131.0000001));
#3336 = VECTOR('',#3337,1.);
#3337 = DIRECTION('',(0.,1.,0.));
#3338 = PCURVE('',#3278,#3339);
#3339 = DEFINITIONAL_REPRESENTATION('',(#3340),#3344);
#3340 = LINE('',#3341,#3342);
#3341 = CARTESIAN_POINT('',(0.,0.));
#3342 = VECTOR('',#3343,1.);
#3343 = DIRECTION('',(0.,-1.));
#3344 = ( GEOMETRIC_REPRESENTATION_CONTEXT(2) 
PARAMETRIC_REPRESENTATION_CONTEXT() REPRESENTATION_CONTEXT('2D SPACE',''
  ) );
#3345 = PCURVE('',#3318,#3346);
#3346 = DEFINITIONAL_REPRESENTATION('',(#3347),#3351);
#3347 = LINE('',#3348,#3349);
#3348 = CARTESIAN_POINT('',(3.,0.));
#3349 = VECTOR('',#3350,1.);
#3350 = DIRECTION('',(0.,1.));
#3351 = ( GEOMETRIC_REPRESENTATION_CONTEXT(2) 
PARAMETRIC_REPRESENTATION_CONTEXT() REPRESENTATION_CONTEXT('2D SPACE',''
  ) );
#3352 = ORIENTED_EDGE('',*,*,#3353,.T.);
#3353 = EDGE_CURVE('',#3331,#3354,#3356,.T.);
#3354 = VERTEX_POINT('',#3355);
#3355 = CARTESIAN_POINT('',(97.0000001,90.0000001,139.0000001));
#3356 = SURFACE_CURVE('',#3357,(#3361,#3368),.PCURVE_S1.);
#3357 = LINE('',#3358,#3359);
#3358 = CARTESIAN_POINT('',(97.0000001,90.0000001,131.0000001));
#3359 = VECTOR('',#3360,1.);
#3360 = DIRECTION('',(0.,0.,1.));
#3361 = PCURVE('',#3278,#3362);
#3362 = DEFINITIONAL_REPRESENTATION('',(#3363),#3367);
#3363 = LINE('',#3364,#3365);
#3364 = CARTESIAN_POINT('',(0.,-80.));
#3365 = VECTOR('',#3366,1.);
#3366 = DIRECTION('',(1.,0.));
#3367 = ( GEOMETRIC_REPRESENTATION_CONTEXT(2) 
PARAMETRIC_REPRESENTATION_CONTEXT() REPRESENTATION_CONTEXT('2D SPACE',''
  ) );
#3368 = PCURVE('',#3369,#3374);
#3369 = PLANE('',#3370);
#3370 = AXIS2_PLACEMENT_3D('',#3371,#3372,#3373);
#3371 = CARTESIAN_POINT('',(94.0000001,90.0000001,131.0000001));
#3372 = DIRECTION('',(0.,1.,0.));
#3373 = DIRECTION('',(0.,0.,1.));
#3374 = DEFINITIONAL_REPRESENTATION('',(#3375),#3379);
#3375 = LINE('',#3376,#3377);
#3376 = CARTESIAN_POINT('',(0.,3.));
#3377 = VECTOR('',#3378,1.);
#3378 = DIRECTION('',(1.,0.));
#3379 = ( GEOMETRIC_REPRESENTATION_CONTEXT(2) 
PARAMETRIC_REPRESENTATION_CONTEXT() REPRESENTATION_CONTEXT('2D SPACE',''
  ) );
#3380 = ORIENTED_EDGE('',*,*,#3381,.F.);
#3381 = EDGE_CURVE('',#3270,#3354,#3382,.T.);
#3382 = SURFACE_CURVE('',#3383,(#3387,#3394),.PCURVE_S1.);
#3383 = LINE('',#3384,#3385);
#3384 = CARTESIAN_POINT('',(97.0000001,10.0000001,139.0000001));
#3385 = VECTOR('',#3386,1.);
#3386 = DIRECTION('',(0.,1.,0.));
#3387 = PCURVE('',#3278,#3388);
#3388 = DEFINITIONAL_REPRESENTATION('',(#3389),#3393);
#3389 = LINE('',#3390,#3391);
#3390 = CARTESIAN_POINT('',(8.,0.));
#3391 = VECTOR('',#3392,1.);
#3392 = DIRECTION('',(0.,-1.));
#3393 = ( GEOMETRIC_REPRESENTATION_CONTEXT(2) 
PARAMETRIC_REPRESENTATION_CONTEXT() REPRESENTATION_CONTEXT('2D SPACE',''
  ) );
#3394 = PCURVE('',#3395,#3400);
#3395 = PLANE('',#3396);
#3396 = AXIS2_PLACEMENT_3D('',#3397,#3398,#3399);
#3397 = CARTESIAN_POINT('',(94.0000001,10.0000001,139.0000001));
#3398 = DIRECTION('',(0.,0.,1.));
#3399 = DIRECTION('',(1.,0.,0.));
#3400 = DEFINITIONAL_REPRESENTATION('',(#3401),#3405);
#3401 = LINE('',#3402,#3403);
#3402 = CARTESIAN_POINT('',(3.,0.));
#3403 = VECTOR('',#3404,1.);
#3404 = DIRECTION('',(0.,1.));
#3405 = ( GEOMETRIC_REPRESENTATION_CONTEXT(2) 
PARAMETRIC_REPRESENTATION_CONTEXT() REPRESENTATION_CONTEXT('2D SPACE',''
  ) );
#3406 = ADVANCED_FACE('',(#3407),#3290,.F.);
#3407 = FACE_BOUND('',#3408,.F.);
#3408 = EDGE_LOOP('',(#3409,#3432,#3460,#3481));
#3409 = ORIENTED_EDGE('',*,*,#3410,.F.);
#3410 = EDGE_CURVE('',#3411,#3268,#3413,.T.);
#3411 = VERTEX_POINT('',#3412);
#3412 = CARTESIAN_POINT('',(94.0000001,10.0000001,131.0000001));
#3413 = SURFACE_CURVE('',#3414,(#3418,#3425),.PCURVE_S1.);
#3414 = LINE('',#3415,#3416);
#3415 = CARTESIAN_POINT('',(94.0000001,10.0000001,131.0000001));
#3416 = VECTOR('',#3417,1.);
#3417 = DIRECTION('',(1.,0.,0.));
#3418 = PCURVE('',#3290,#3419);
#3419 = DEFINITIONAL_REPRESENTATION('',(#3420),#3424);
#3420 = LINE('',#3421,#3422);
#3421 = CARTESIAN_POINT('',(0.,0.));
#3422 = VECTOR('',#3423,1.);
#3423 = DIRECTION('',(0.,1.));
#3424 = ( GEOMETRIC_REPRESENTATION_CONTEXT(2) 
PARAMETRIC_REPRESENTATION_CONTEXT() REPRESENTATION_CONTEXT('2D SPACE',''
  ) );
#3425 = PCURVE('',#3318,#3426);
#3426 = DEFINITIONAL_REPRESENTATION('',(#3427),#3431);
#3427 = LINE('',#3428,#3429);
#3428 = CARTESIAN_POINT('',(0.,0.));
#3429 = VECTOR('',#3430,1.);
#3430 = DIRECTION('',(1.,0.));
#3431 = ( GEOMETRIC_REPRESENTATION_CONTEXT(2) 
PARAMETRIC_REPRESENTATION_CONTEXT() REPRESENTATION_CONTEXT('2D SPACE',''
  ) );
#3432 = ORIENTED_EDGE('',*,*,#3433,.T.);
#3433 = EDGE_CURVE('',#3411,#3434,#3436,.T.);
#3434 = VERTEX_POINT('',#3435);
#3435 = CARTESIAN_POINT('',(94.0000001,10.0000001,139.0000001));
#3436 = SURFACE_CURVE('',#3437,(#3441,#3448),.PCURVE_S1.);
#3437 = LINE('',#3438,#3439);
#3438 = CARTESIAN_POINT('',(94.0000001,10.0000001,131.0000001));
#3439 = VECTOR('',#3440,1.);
#3440 = DIRECTION('',(0.,0.,1.));
#3441 = PCURVE('',#3290,#3442);
#3442 = DEFINITIONAL_REPRESENTATION('',(#3443),#3447);
#3443 = LINE('',#3444,#3445);
#3444 = CARTESIAN_POINT('',(0.,0.));
#3445 = VECTOR('',#3446,1.);
#3446 = DIRECTION('',(1.,0.));
#3447 = ( GEOMETRIC_REPRESENTATION_CONTEXT(2) 
PARAMETRIC_REPRESENTATION_CONTEXT() REPRESENTATION_CONTEXT('2D SPACE',''
  ) );
#3448 = PCURVE('',#3449,#3454);
#3449 = PLANE('',#3450);
#3450 = AXIS2_PLACEMENT_3D('',#3451,#3452,#3453);
#3451 = CARTESIAN_POINT('',(94.0000001,10.0000001,131.0000001));
#3452 = DIRECTION('',(1.,0.,0.));
#3453 = DIRECTION('',(0.,0.,1.));
#3454 = DEFINITIONAL_REPRESENTATION('',(#3455),#3459);
#3455 = LINE('',#3456,#3457);
#3456 = CARTESIAN_POINT('',(0.,0.));
#3457 = VECTOR('',#3458,1.);
#3458 = DIRECTION('',(1.,0.));
#3459 = ( GEOMETRIC_REPRESENTATION_CONTEXT(2) 
PARAMETRIC_REPRESENTATION_CONTEXT() REPRESENTATION_CONTEXT('2D SPACE',''
  ) );
#3460 = ORIENTED_EDGE('',*,*,#3461,.T.);
#3461 = EDGE_CURVE('',#3434,#3270,#3462,.T.);
#3462 = SURFACE_CURVE('',#3463,(#3467,#3474),.PCURVE_S1.);
#3463 = LINE('',#3464,#3465);
#3464 = CARTESIAN_POINT('',(94.0000001,10.0000001,139.0000001));
#3465 = VECTOR('',#3466,1.);
#3466 = DIRECTION('',(1.,0.,0.));
#3467 = PCURVE('',#3290,#3468);
#3468 = DEFINITIONAL_REPRESENTATION('',(#3469),#3473);
#3469 = LINE('',#3470,#3471);
#3470 = CARTESIAN_POINT('',(8.,0.));
#3471 = VECTOR('',#3472,1.);
#3472 = DIRECTION('',(0.,1.));
#3473 = ( GEOMETRIC_REPRESENTATION_CONTEXT(2) 
PARAMETRIC_REPRESENTATION_CONTEXT() REPRESENTATION_CONTEXT('2D SPACE',''
  ) );
#3474 = PCURVE('',#3395,#3475);
#3475 = DEFINITIONAL_REPRESENTATION('',(#3476),#3480);
#3476 = LINE('',#3477,#3478);
#3477 = CARTESIAN_POINT('',(0.,0.));
#3478 = VECTOR('',#3479,1.);
#3479 = DIRECTION('',(1.,0.));
#3480 = ( GEOMETRIC_REPRESENTATION_CONTEXT(2) 
PARAMETRIC_REPRESENTATION_CONTEXT() REPRESENTATION_CONTEXT('2D SPACE',''
  ) );
#3481 = ORIENTED_EDGE('',*,*,#3267,.F.);
#3482 = ADVANCED_FACE('',(#3483),#3395,.T.);
#3483 = FACE_BOUND('',#3484,.T.);
#3484 = EDGE_LOOP('',(#3485,#3508,#3509,#3510));
#3485 = ORIENTED_EDGE('',*,*,#3486,.F.);
#3486 = EDGE_CURVE('',#3434,#3487,#3489,.T.);
#3487 = VERTEX_POINT('',#3488);
#3488 = CARTESIAN_POINT('',(94.0000001,90.0000001,139.0000001));
#3489 = SURFACE_CURVE('',#3490,(#3494,#3501),.PCURVE_S1.);
#3490 = LINE('',#3491,#3492);
#3491 = CARTESIAN_POINT('',(94.0000001,10.0000001,139.0000001));
#3492 = VECTOR('',#3493,1.);
#3493 = DIRECTION('',(0.,1.,0.));
#3494 = PCURVE('',#3395,#3495);
#3495 = DEFINITIONAL_REPRESENTATION('',(#3496),#3500);
#3496 = LINE('',#3497,#3498);
#3497 = CARTESIAN_POINT('',(0.,0.));
#3498 = VECTOR('',#3499,1.);
#3499 = DIRECTION('',(0.,1.));
#3500 = ( GEOMETRIC_REPRESENTATION_CONTEXT(2) 
PARAMETRIC_REPRESENTATION_CONTEXT() REPRESENTATION_CONTEXT('2D SPACE',''
  ) );
#3501 = PCURVE('',#3449,#3502);
#3502 = DEFINITIONAL_REPRESENTATION('',(#3503),#3507);
#3503 = LINE('',#3504,#3505);
#3504 = CARTESIAN_POINT('',(8.,0.));
#3505 = VECTOR('',#3506,1.);
#3506 = DIRECTION('',(0.,-1.));
#3507 = ( GEOMETRIC_REPRESENTATION_CONTEXT(2) 
PARAMETRIC_REPRESENTATION_CONTEXT() REPRESENTATION_CONTEXT('2D SPACE',''
  ) );
#3508 = ORIENTED_EDGE('',*,*,#3461,.T.);
#3509 = ORIENTED_EDGE('',*,*,#3381,.T.);
#3510 = ORIENTED_EDGE('',*,*,#3511,.F.);
#3511 = EDGE_CURVE('',#3487,#3354,#3512,.T.);
#3512 = SURFACE_CURVE('',#3513,(#3517,#3524),.PCURVE_S1.);
#3513 = LINE('',#3514,#3515);
#3514 = CARTESIAN_POINT('',(94.0000001,90.0000001,139.0000001));
#3515 = VECTOR('',#3516,1.);
#3516 = DIRECTION('',(1.,0.,0.));
#3517 = PCURVE('',#3395,#3518);
#3518 = DEFINITIONAL_REPRESENTATION('',(#3519),#3523);
#3519 = LINE('',#3520,#3521);
#3520 = CARTESIAN_POINT('',(0.,80.));
#3521 = VECTOR('',#3522,1.);
#3522 = DIRECTION('',(1.,0.));
#3523 = ( GEOMETRIC_REPRESENTATION_CONTEXT(2) 
PARAMETRIC_REPRESENTATION_CONTEXT() REPRESENTATION_CONTEXT('2D SPACE',''
  ) );
#3524 = PCURVE('',#3369,#3525);
#3525 = DEFINITIONAL_REPRESENTATION('',(#3526),#3530);
#3526 = LINE('',#3527,#3528);
#3527 = CARTESIAN_POINT('',(8.,0.));
#3528 = VECTOR('',#3529,1.);
#3529 = DIRECTION('',(0.,1.));
#3530 = ( GEOMETRIC_REPRESENTATION_CONTEXT(2) 
PARAMETRIC_REPRESENTATION_CONTEXT() REPRESENTATION_CONTEXT('2D SPACE',''
  ) );
#3531 = ADVANCED_FACE('',(#3532),#3369,.T.);
#3532 = FACE_BOUND('',#3533,.T.);
#3533 = EDGE_LOOP('',(#3534,#3557,#3578,#3579));
#3534 = ORIENTED_EDGE('',*,*,#3535,.F.);
#3535 = EDGE_CURVE('',#3536,#3331,#3538,.T.);
#3536 = VERTEX_POINT('',#3537);
#3537 = CARTESIAN_POINT('',(94.0000001,90.0000001,131.0000001));
#3538 = SURFACE_CURVE('',#3539,(#3543,#3550),.PCURVE_S1.);
#3539 = LINE('',#3540,#3541);
#3540 = CARTESIAN_POINT('',(94.0000001,90.0000001,131.0000001));
#3541 = VECTOR('',#3542,1.);
#3542 = DIRECTION('',(1.,0.,0.));
#3543 = PCURVE('',#3369,#3544);
#3544 = DEFINITIONAL_REPRESENTATION('',(#3545),#3549);
#3545 = LINE('',#3546,#3547);
#3546 = CARTESIAN_POINT('',(0.,0.));
#3547 = VECTOR('',#3548,1.);
#3548 = DIRECTION('',(0.,1.));
#3549 = ( GEOMETRIC_REPRESENTATION_CONTEXT(2) 
PARAMETRIC_REPRESENTATION_CONTEXT() REPRESENTATION_CONTEXT('2D SPACE',''
  ) );
#3550 = PCURVE('',#3318,#3551);
#3551 = DEFINITIONAL_REPRESENTATION('',(#3552),#3556);
#3552 = LINE('',#3553,#3554);
#3553 = CARTESIAN_POINT('',(0.,80.));
#3554 = VECTOR('',#3555,1.);
#3555 = DIRECTION('',(1.,0.));
#3556 = ( GEOMETRIC_REPRESENTATION_CONTEXT(2) 
PARAMETRIC_REPRESENTATION_CONTEXT() REPRESENTATION_CONTEXT('2D SPACE',''
  ) );
#3557 = ORIENTED_EDGE('',*,*,#3558,.T.);
#3558 = EDGE_CURVE('',#3536,#3487,#3559,.T.);
#3559 = SURFACE_CURVE('',#3560,(#3564,#3571),.PCURVE_S1.);
#3560 = LINE('',#3561,#3562);
#3561 = CARTESIAN_POINT('',(94.0000001,90.0000001,131.0000001));
#3562 = VECTOR('',#3563,1.);
#3563 = DIRECTION('',(0.,0.,1.));
#3564 = PCURVE('',#3369,#3565);
#3565 = DEFINITIONAL_REPRESENTATION('',(#3566),#3570);
#3566 = LINE('',#3567,#3568);
#3567 = CARTESIAN_POINT('',(0.,0.));
#3568 = VECTOR('',#3569,1.);
#3569 = DIRECTION('',(1.,0.));
#3570 = ( GEOMETRIC_REPRESENTATION_CONTEXT(2) 
PARAMETRIC_REPRESENTATION_CONTEXT() REPRESENTATION_CONTEXT('2D SPACE',''
  ) );
#3571 = PCURVE('',#3449,#3572);
#3572 = DEFINITIONAL_REPRESENTATION('',(#3573),#3577);
#3573 = LINE('',#3574,#3575);
#3574 = CARTESIAN_POINT('',(0.,-80.));
#3575 = VECTOR('',#3576,1.);
#3576 = DIRECTION('',(1.,0.));
#3577 = ( GEOMETRIC_REPRESENTATION_CONTEXT(2) 
PARAMETRIC_REPRESENTATION_CONTEXT() REPRESENTATION_CONTEXT('2D SPACE',''
  ) );
#3578 = ORIENTED_EDGE('',*,*,#3511,.T.);
#3579 = ORIENTED_EDGE('',*,*,#3353,.F.);
#3580 = ADVANCED_FACE('',(#3581),#3318,.F.);
#3581 = FACE_BOUND('',#3582,.F.);
#3582 = EDGE_LOOP('',(#3583,#3604,#3605,#3606,#3607));
#3583 = ORIENTED_EDGE('',*,*,#3584,.F.);
#3584 = EDGE_CURVE('',#3411,#3536,#3585,.T.);
#3585 = SURFACE_CURVE('',#3586,(#3590,#3597),.PCURVE_S1.);
#3586 = LINE('',#3587,#3588);
#3587 = CARTESIAN_POINT('',(94.0000001,10.0000001,131.0000001));
#3588 = VECTOR('',#3589,1.);
#3589 = DIRECTION('',(0.,1.,0.));
#3590 = PCURVE('',#3318,#3591);
#3591 = DEFINITIONAL_REPRESENTATION('',(#3592),#3596);
#3592 = LINE('',#3593,#3594);
#3593 = CARTESIAN_POINT('',(0.,0.));
#3594 = VECTOR('',#3595,1.);
#3595 = DIRECTION('',(0.,1.));
#3596 = ( GEOMETRIC_REPRESENTATION_CONTEXT(2) 
PARAMETRIC_REPRESENTATION_CONTEXT() REPRESENTATION_CONTEXT('2D SPACE',''
  ) );
#3597 = PCURVE('',#3449,#3598);
#3598 = DEFINITIONAL_REPRESENTATION('',(#3599),#3603);
#3599 = LINE('',#3600,#3601);
#3600 = CARTESIAN_POINT('',(0.,0.));
#3601 = VECTOR('',#3602,1.);
#3602 = DIRECTION('',(0.,-1.));
#3603 = ( GEOMETRIC_REPRESENTATION_CONTEXT(2) 
PARAMETRIC_REPRESENTATION_CONTEXT() REPRESENTATION_CONTEXT('2D SPACE',''
  ) );
#3604 = ORIENTED_EDGE('',*,*,#3410,.T.);
#3605 = ORIENTED_EDGE('',*,*,#3302,.F.);
#3606 = ORIENTED_EDGE('',*,*,#3330,.T.);
#3607 = ORIENTED_EDGE('',*,*,#3535,.F.);
#3608 = ADVANCED_FACE('',(#3609),#3449,.F.);
#3609 = FACE_BOUND('',#3610,.F.);
#3610 = EDGE_LOOP('',(#3611,#3612,#3613,#3614));
#3611 = ORIENTED_EDGE('',*,*,#3433,.F.);
#3612 = ORIENTED_EDGE('',*,*,#3584,.T.);
#3613 = ORIENTED_EDGE('',*,*,#3558,.T.);
#3614 = ORIENTED_EDGE('',*,*,#3486,.F.);
#3615 = ( GEOMETRIC_REPRESENTATION_CONTEXT(3) 
GLOBAL_UNCERTAINTY_ASSIGNED_CONTEXT((#3619)) 
GLOBAL_UNIT_ASSIGNED_CONTEXT((#3616,#3617,#3618)) REPRESENTATION_CONTEXT
('Context #1','3D Context with UNIT and UNCERTAINTY') );
#3616 = ( LENGTH_UNIT() NAMED_UNIT(*) SI_UNIT(.MILLI.,.METRE.) );
#3617 = ( NAMED_UNIT(*) PLANE_ANGLE_UNIT() SI_UNIT($,.RADIAN.) );
#3618 = ( NAMED_UNIT(*) SI_UNIT($,.STERADIAN.) SOLID_ANGLE_UNIT() );
#3619 = UNCERTAINTY_MEASURE_WITH_UNIT(LENGTH_MEASURE(1.E-07),#3616,
  'distance_accuracy_value','confusion accuracy');
#3620 = CONTEXT_DEPENDENT_SHAPE_REPRESENTATION(#3621,#3623);
#3621 = ( REPRESENTATION_RELATIONSHIP('','',#3260,#10) 
REPRESENTATION_RELATIONSHIP_WITH_TRANSFORMATION(#3622) 
SHAPE_REPRESENTATION_RELATIONSHIP() );
#3622 = ITEM_DEFINED_TRANSFORMATION('','',#11,#31);
#3623 = PRODUCT_DEFINITION_SHAPE('Placement','Placement of an item',
  #3624);
#3624 = NEXT_ASSEMBLY_USAGE_OCCURRENCE('5','','',#5,#3255,$);
#3625 = PRODUCT_RELATED_PRODUCT_CATEGORY('part',$,(#3257));
#3626 = SHAPE_DEFINITION_REPRESENTATION(#3627,#3633);
#3627 = PRODUCT_DEFINITION_SHAPE('','',#3628);
#3628 = PRODUCT_DEFINITION('design','',#3629,#3632);
#3629 = PRODUCT_DEFINITION_FORMATION('','',#3630);
#3630 = PRODUCT('Open CASCADE STEP translator 7.8 1.6',
  'Open CASCADE STEP translator 7.8 1.6','',(#3631));
#3631 = PRODUCT_CONTEXT('',#2,'mechanical');
#3632 = PRODUCT_DEFINITION_CONTEXT('part definition',#2,'design');
#3633 = ADVANCED_BREP_SHAPE_REPRESENTATION('',(#11,#3634),#3886);
#3634 = MANIFOLD_SOLID_BREP('',#3635);
#3635 = CLOSED_SHELL('',(#3636,#3756,#3827,#3874,#3880));
#3636 = ADVANCED_FACE('',(#3637),#3651,.F.);
#3637 = FACE_BOUND('',#3638,.F.);
#3638 = EDGE_LOOP('',(#3639,#3674,#3702,#3730));
#3639 = ORIENTED_EDGE('',*,*,#3640,.T.);
#3640 = EDGE_CURVE('',#3641,#3643,#3645,.T.);
#3641 = VERTEX_POINT('',#3642);
#3642 = CARTESIAN_POINT('',(70.0000001,50.0000001,18.0000001));
#3643 = VERTEX_POINT('',#3644);
#3644 = CARTESIAN_POINT('',(70.0000001,44.0000001,18.0000001));
#3645 = SURFACE_CURVE('',#3646,(#3650,#3662),.PCURVE_S1.);
#3646 = LINE('',#3647,#3648);
#3647 = CARTESIAN_POINT('',(70.0000001,50.0000001,18.0000001));
#3648 = VECTOR('',#3649,1.);
#3649 = DIRECTION('',(0.,-1.,0.));
#3650 = PCURVE('',#3651,#3656);
#3651 = PLANE('',#3652);
#3652 = AXIS2_PLACEMENT_3D('',#3653,#3654,#3655);
#3653 = CARTESIAN_POINT('',(70.0000001,50.0000001,18.0000001));
#3654 = DIRECTION('',(-0.,0.,1.));
#3655 = DIRECTION('',(1.,0.,0.));
#3656 = DEFINITIONAL_REPRESENTATION('',(#3657),#3661);
#3657 = LINE('',#3658,#3659);
#3658 = CARTESIAN_POINT('',(0.,0.));
#3659 = VECTOR('',#3660,1.);
#3660 = DIRECTION('',(0.,-1.));
#3661 = ( GEOMETRIC_REPRESENTATION_CONTEXT(2) 
PARAMETRIC_REPRESENTATION_CONTEXT() REPRESENTATION_CONTEXT('2D SPACE',''
  ) );
#3662 = PCURVE('',#3663,#3668);
#3663 = PLANE('',#3664);
#3664 = AXIS2_PLACEMENT_3D('',#3665,#3666,#3667);
#3665 = CARTESIAN_POINT('',(77.0000001,50.0000001,66.0000001));
#3666 = DIRECTION('',(0.989532981063,0.,-0.144306893072));
#3667 = DIRECTION('',(-0.144306893072,0.,-0.989532981063));
#3668 = DEFINITIONAL_REPRESENTATION('',(#3669),#3673);
#3669 = LINE('',#3670,#3671);
#3670 = CARTESIAN_POINT('',(48.50773134254,0.));
#3671 = VECTOR('',#3672,1.);
#3672 = DIRECTION('',(-0.,-1.));
#3673 = ( GEOMETRIC_REPRESENTATION_CONTEXT(2) 
PARAMETRIC_REPRESENTATION_CONTEXT() REPRESENTATION_CONTEXT('2D SPACE',''
  ) );
#3674 = ORIENTED_EDGE('',*,*,#3675,.T.);
#3675 = EDGE_CURVE('',#3643,#3676,#3678,.T.);
#3676 = VERTEX_POINT('',#3677);
#3677 = CARTESIAN_POINT('',(77.0000001,44.0000001,18.0000001));
#3678 = SURFACE_CURVE('',#3679,(#3683,#3690),.PCURVE_S1.);
#3679 = LINE('',#3680,#3681);
#3680 = CARTESIAN_POINT('',(70.0000001,44.0000001,18.0000001));
#3681 = VECTOR('',#3682,1.);
#3682 = DIRECTION('',(1.,0.,0.));
#3683 = PCURVE('',#3651,#3684);
#3684 = DEFINITIONAL_REPRESENTATION('',(#3685),#3689);
#3685 = LINE('',#3686,#3687);
#3686 = CARTESIAN_POINT('',(0.,-6.));
#3687 = VECTOR('',#3688,1.);
#3688 = DIRECTION('',(1.,0.));
#3689 = ( GEOMETRIC_REPRESENTATION_CONTEXT(2) 
PARAMETRIC_REPRESENTATION_CONTEXT() REPRESENTATION_CONTEXT('2D SPACE',''
  ) );
#3690 = PCURVE('',#3691,#3696);
#3691 = PLANE('',#3692);
#3692 = AXIS2_PLACEMENT_3D('',#3693,#3694,#3695);
#3693 = CARTESIAN_POINT('',(75.123067264365,44.0000001,40.376932935635)
  );
#3694 = DIRECTION('',(-0.,-1.,-0.));
#3695 = DIRECTION('',(0.,0.,-1.));
#3696 = DEFINITIONAL_REPRESENTATION('',(#3697),#3701);
#3697 = LINE('',#3698,#3699);
#3698 = CARTESIAN_POINT('',(22.376932835635,-5.123067164365));
#3699 = VECTOR('',#3700,1.);
#3700 = DIRECTION('',(0.,1.));
#3701 = ( GEOMETRIC_REPRESENTATION_CONTEXT(2) 
PARAMETRIC_REPRESENTATION_CONTEXT() REPRESENTATION_CONTEXT('2D SPACE',''
  ) );
#3702 = ORIENTED_EDGE('',*,*,#3703,.F.);
#3703 = EDGE_CURVE('',#3704,#3676,#3706,.T.);
#3704 = VERTEX_POINT('',#3705);
#3705 = CARTESIAN_POINT('',(77.0000001,50.0000001,18.0000001));
#3706 = SURFACE_CURVE('',#3707,(#3711,#3718),.PCURVE_S1.);
#3707 = LINE('',#3708,#3709);
#3708 = CARTESIAN_POINT('',(77.0000001,50.0000001,18.0000001));
#3709 = VECTOR('',#3710,1.);
#3710 = DIRECTION('',(0.,-1.,0.));
#3711 = PCURVE('',#3651,#3712);
#3712 = DEFINITIONAL_REPRESENTATION('',(#3713),#3717);
#3713 = LINE('',#3714,#3715);
#3714 = CARTESIAN_POINT('',(7.,0.));
#3715 = VECTOR('',#3716,1.);
#3716 = DIRECTION('',(0.,-1.));
#3717 = ( GEOMETRIC_REPRESENTATION_CONTEXT(2) 
PARAMETRIC_REPRESENTATION_CONTEXT() REPRESENTATION_CONTEXT('2D SPACE',''
  ) );
#3718 = PCURVE('',#3719,#3724);
#3719 = PLANE('',#3720);
#3720 = AXIS2_PLACEMENT_3D('',#3721,#3722,#3723);
#3721 = CARTESIAN_POINT('',(77.0000001,50.0000001,18.0000001));
#3722 = DIRECTION('',(-1.,0.,0.));
#3723 = DIRECTION('',(0.,0.,1.));
#3724 = DEFINITIONAL_REPRESENTATION('',(#3725),#3729);
#3725 = LINE('',#3726,#3727);
#3726 = CARTESIAN_POINT('',(0.,0.));
#3727 = VECTOR('',#3728,1.);
#3728 = DIRECTION('',(0.,-1.));
#3729 = ( GEOMETRIC_REPRESENTATION_CONTEXT(2) 
PARAMETRIC_REPRESENTATION_CONTEXT() REPRESENTATION_CONTEXT('2D SPACE',''
  ) );
#3730 = ORIENTED_EDGE('',*,*,#3731,.F.);
#3731 = EDGE_CURVE('',#3641,#3704,#3732,.T.);
#3732 = SURFACE_CURVE('',#3733,(#3737,#3744),.PCURVE_S1.);
#3733 = LINE('',#3734,#3735);
#3734 = CARTESIAN_POINT('',(70.0000001,50.0000001,18.0000001));
#3735 = VECTOR('',#3736,1.);
#3736 = DIRECTION('',(1.,0.,0.));
#3737 = PCURVE('',#3651,#3738);
#3738 = DEFINITIONAL_REPRESENTATION('',(#3739),#3743);
#3739 = LINE('',#3740,#3741);
#3740 = CARTESIAN_POINT('',(0.,0.));
#3741 = VECTOR('',#3742,1.);
#3742 = DIRECTION('',(1.,0.));
#3743 = ( GEOMETRIC_REPRESENTATION_CONTEXT(2) 
PARAMETRIC_REPRESENTATION_CONTEXT() REPRESENTATION_CONTEXT('2D SPACE',''
  ) );
#3744 = PCURVE('',#3745,#3750);
#3745 = PLANE('',#3746);
#3746 = AXIS2_PLACEMENT_3D('',#3747,#3748,#3749);
#3747 = CARTESIAN_POINT('',(75.123067264365,50.0000001,40.376932935635)
  );
#3748 = DIRECTION('',(-0.,-1.,-0.));
#3749 = DIRECTION('',(0.,0.,-1.));
#3750 = DEFINITIONAL_REPRESENTATION('',(#3751),#3755);
#3751 = LINE('',#3752,#3753);
#3752 = CARTESIAN_POINT('',(22.376932835635,-5.123067164365));
#3753 = VECTOR('',#3754,1.);
#3754 = DIRECTION('',(0.,1.));
#3755 = ( GEOMETRIC_REPRESENTATION_CONTEXT(2) 
PARAMETRIC_REPRESENTATION_CONTEXT() REPRESENTATION_CONTEXT('2D SPACE',''
  ) );
#3756 = ADVANCED_FACE('',(#3757),#3663,.F.);
#3757 = FACE_BOUND('',#3758,.F.);
#3758 = EDGE_LOOP('',(#3759,#3784,#3805,#3806));
#3759 = ORIENTED_EDGE('',*,*,#3760,.T.);
#3760 = EDGE_CURVE('',#3761,#3763,#3765,.T.);
#3761 = VERTEX_POINT('',#3762);
#3762 = CARTESIAN_POINT('',(77.0000001,50.0000001,66.0000001));
#3763 = VERTEX_POINT('',#3764);
#3764 = CARTESIAN_POINT('',(77.0000001,44.0000001,66.0000001));
#3765 = SURFACE_CURVE('',#3766,(#3770,#3777),.PCURVE_S1.);
#3766 = LINE('',#3767,#3768);
#3767 = CARTESIAN_POINT('',(77.0000001,50.0000001,66.0000001));
#3768 = VECTOR('',#3769,1.);
#3769 = DIRECTION('',(0.,-1.,0.));
#3770 = PCURVE('',#3663,#3771);
#3771 = DEFINITIONAL_REPRESENTATION('',(#3772),#3776);
#3772 = LINE('',#3773,#3774);
#3773 = CARTESIAN_POINT('',(0.,0.));
#3774 = VECTOR('',#3775,1.);
#3775 = DIRECTION('',(-0.,-1.));
#3776 = ( GEOMETRIC_REPRESENTATION_CONTEXT(2) 
PARAMETRIC_REPRESENTATION_CONTEXT() REPRESENTATION_CONTEXT('2D SPACE',''
  ) );
#3777 = PCURVE('',#3719,#3778);
#3778 = DEFINITIONAL_REPRESENTATION('',(#3779),#3783);
#3779 = LINE('',#3780,#3781);
#3780 = CARTESIAN_POINT('',(48.,0.));
#3781 = VECTOR('',#3782,1.);
#3782 = DIRECTION('',(0.,-1.));
#3783 = ( GEOMETRIC_REPRESENTATION_CONTEXT(2) 
PARAMETRIC_REPRESENTATION_CONTEXT() REPRESENTATION_CONTEXT('2D SPACE',''
  ) );
#3784 = ORIENTED_EDGE('',*,*,#3785,.T.);
#3785 = EDGE_CURVE('',#3763,#3643,#3786,.T.);
#3786 = SURFACE_CURVE('',#3787,(#3791,#3798),.PCURVE_S1.);
#3787 = LINE('',#3788,#3789);
#3788 = CARTESIAN_POINT('',(77.0000001,44.0000001,66.0000001));
#3789 = VECTOR('',#3790,1.);
#3790 = DIRECTION('',(-0.144306893072,0.,-0.989532981063));
#3791 = PCURVE('',#3663,#3792);
#3792 = DEFINITIONAL_REPRESENTATION('',(#3793),#3797);
#3793 = LINE('',#3794,#3795);
#3794 = CARTESIAN_POINT('',(-0.,-6.));
#3795 = VECTOR('',#3796,1.);
#3796 = DIRECTION('',(1.,0.));
#3797 = ( GEOMETRIC_REPRESENTATION_CONTEXT(2) 
PARAMETRIC_REPRESENTATION_CONTEXT() REPRESENTATION_CONTEXT('2D SPACE',''
  ) );
#3798 = PCURVE('',#3691,#3799);
#3799 = DEFINITIONAL_REPRESENTATION('',(#3800),#3804);
#3800 = LINE('',#3801,#3802);
#3801 = CARTESIAN_POINT('',(-25.62306716436,1.876932835635));
#3802 = VECTOR('',#3803,1.);
#3803 = DIRECTION('',(0.989532981063,-0.144306893072));
#3804 = ( GEOMETRIC_REPRESENTATION_CONTEXT(2) 
PARAMETRIC_REPRESENTATION_CONTEXT() REPRESENTATION_CONTEXT('2D SPACE',''
  ) );
#3805 = ORIENTED_EDGE('',*,*,#3640,.F.);
#3806 = ORIENTED_EDGE('',*,*,#3807,.F.);
#3807 = EDGE_CURVE('',#3761,#3641,#3808,.T.);
#3808 = SURFACE_CURVE('',#3809,(#3813,#3820),.PCURVE_S1.);
#3809 = LINE('',#3810,#3811);
#3810 = CARTESIAN_POINT('',(77.0000001,50.0000001,66.0000001));
#3811 = VECTOR('',#3812,1.);
#3812 = DIRECTION('',(-0.144306893072,0.,-0.989532981063));
#3813 = PCURVE('',#3663,#3814);
#3814 = DEFINITIONAL_REPRESENTATION('',(#3815),#3819);
#3815 = LINE('',#3816,#3817);
#3816 = CARTESIAN_POINT('',(0.,0.));
#3817 = VECTOR('',#3818,1.);
#3818 = DIRECTION('',(1.,0.));
#3819 = ( GEOMETRIC_REPRESENTATION_CONTEXT(2) 
PARAMETRIC_REPRESENTATION_CONTEXT() REPRESENTATION_CONTEXT('2D SPACE',''
  ) );
#3820 = PCURVE('',#3745,#3821);
#3821 = DEFINITIONAL_REPRESENTATION('',(#3822),#3826);
#3822 = LINE('',#3823,#3824);
#3823 = CARTESIAN_POINT('',(-25.62306716436,1.876932835635));
#3824 = VECTOR('',#3825,1.);
#3825 = DIRECTION('',(0.989532981063,-0.144306893072));
#3826 = ( GEOMETRIC_REPRESENTATION_CONTEXT(2) 
PARAMETRIC_REPRESENTATION_CONTEXT() REPRESENTATION_CONTEXT('2D SPACE',''
  ) );
#3827 = ADVANCED_FACE('',(#3828),#3719,.F.);
#3828 = FACE_BOUND('',#3829,.F.);
#3829 = EDGE_LOOP('',(#3830,#3831,#3852,#3853));
#3830 = ORIENTED_EDGE('',*,*,#3703,.T.);
#3831 = ORIENTED_EDGE('',*,*,#3832,.T.);
#3832 = EDGE_CURVE('',#3676,#3763,#3833,.T.);
#3833 = SURFACE_CURVE('',#3834,(#3838,#3845),.PCURVE_S1.);
#3834 = LINE('',#3835,#3836);
#3835 = CARTESIAN_POINT('',(77.0000001,44.0000001,18.0000001));
#3836 = VECTOR('',#3837,1.);
#3837 = DIRECTION('',(0.,0.,1.));
#3838 = PCURVE('',#3719,#3839);
#3839 = DEFINITIONAL_REPRESENTATION('',(#3840),#3844);
#3840 = LINE('',#3841,#3842);
#3841 = CARTESIAN_POINT('',(0.,-6.));
#3842 = VECTOR('',#3843,1.);
#3843 = DIRECTION('',(1.,0.));
#3844 = ( GEOMETRIC_REPRESENTATION_CONTEXT(2) 
PARAMETRIC_REPRESENTATION_CONTEXT() REPRESENTATION_CONTEXT('2D SPACE',''
  ) );
#3845 = PCURVE('',#3691,#3846);
#3846 = DEFINITIONAL_REPRESENTATION('',(#3847),#3851);
#3847 = LINE('',#3848,#3849);
#3848 = CARTESIAN_POINT('',(22.376932835635,1.876932835635));
#3849 = VECTOR('',#3850,1.);
#3850 = DIRECTION('',(-1.,0.));
#3851 = ( GEOMETRIC_REPRESENTATION_CONTEXT(2) 
PARAMETRIC_REPRESENTATION_CONTEXT() REPRESENTATION_CONTEXT('2D SPACE',''
  ) );
#3852 = ORIENTED_EDGE('',*,*,#3760,.F.);
#3853 = ORIENTED_EDGE('',*,*,#3854,.F.);
#3854 = EDGE_CURVE('',#3704,#3761,#3855,.T.);
#3855 = SURFACE_CURVE('',#3856,(#3860,#3867),.PCURVE_S1.);
#3856 = LINE('',#3857,#3858);
#3857 = CARTESIAN_POINT('',(77.0000001,50.0000001,18.0000001));
#3858 = VECTOR('',#3859,1.);
#3859 = DIRECTION('',(0.,0.,1.));
#3860 = PCURVE('',#3719,#3861);
#3861 = DEFINITIONAL_REPRESENTATION('',(#3862),#3866);
#3862 = LINE('',#3863,#3864);
#3863 = CARTESIAN_POINT('',(0.,0.));
#3864 = VECTOR('',#3865,1.);
#3865 = DIRECTION('',(1.,0.));
#3866 = ( GEOMETRIC_REPRESENTATION_CONTEXT(2) 
PARAMETRIC_REPRESENTATION_CONTEXT() REPRESENTATION_CONTEXT('2D SPACE',''
  ) );
#3867 = PCURVE('',#3745,#3868);
#3868 = DEFINITIONAL_REPRESENTATION('',(#3869),#3873);
#3869 = LINE('',#3870,#3871);
#3870 = CARTESIAN_POINT('',(22.376932835635,1.876932835635));
#3871 = VECTOR('',#3872,1.);
#3872 = DIRECTION('',(-1.,0.));
#3873 = ( GEOMETRIC_REPRESENTATION_CONTEXT(2) 
PARAMETRIC_REPRESENTATION_CONTEXT() REPRESENTATION_CONTEXT('2D SPACE',''
  ) );
#3874 = ADVANCED_FACE('',(#3875),#3745,.F.);
#3875 = FACE_BOUND('',#3876,.F.);
#3876 = EDGE_LOOP('',(#3877,#3878,#3879));
#3877 = ORIENTED_EDGE('',*,*,#3731,.T.);
#3878 = ORIENTED_EDGE('',*,*,#3854,.T.);
#3879 = ORIENTED_EDGE('',*,*,#3807,.T.);
#3880 = ADVANCED_FACE('',(#3881),#3691,.T.);
#3881 = FACE_BOUND('',#3882,.T.);
#3882 = EDGE_LOOP('',(#3883,#3884,#3885));
#3883 = ORIENTED_EDGE('',*,*,#3675,.T.);
#3884 = ORIENTED_EDGE('',*,*,#3832,.T.);
#3885 = ORIENTED_EDGE('',*,*,#3785,.T.);
#3886 = ( GEOMETRIC_REPRESENTATION_CONTEXT(3) 
GLOBAL_UNCERTAINTY_ASSIGNED_CONTEXT((#3890)) 
GLOBAL_UNIT_ASSIGNED_CONTEXT((#3887,#3888,#3889)) REPRESENTATION_CONTEXT
('Context #1','3D Context with UNIT and UNCERTAINTY') );
#3887 = ( LENGTH_UNIT() NAMED_UNIT(*) SI_UNIT(.MILLI.,.METRE.) );
#3888 = ( NAMED_UNIT(*) PLANE_ANGLE_UNIT() SI_UNIT($,.RADIAN.) );
#3889 = ( NAMED_UNIT(*) SI_UNIT($,.STERADIAN.) SOLID_ANGLE_UNIT() );
#3890 = UNCERTAINTY_MEASURE_WITH_UNIT(LENGTH_MEASURE(1.E-07),#3887,
  'distance_accuracy_value','confusion accuracy');
#3891 = CONTEXT_DEPENDENT_SHAPE_REPRESENTATION(#3892,#3894);
#3892 = ( REPRESENTATION_RELATIONSHIP('','',#3633,#10) 
REPRESENTATION_RELATIONSHIP_WITH_TRANSFORMATION(#3893) 
SHAPE_REPRESENTATION_RELATIONSHIP() );
#3893 = ITEM_DEFINED_TRANSFORMATION('','',#11,#35);
#3894 = PRODUCT_DEFINITION_SHAPE('Placement','Placement of an item',
  #3895);
#3895 = NEXT_ASSEMBLY_USAGE_OCCURRENCE('6','','',#5,#3628,$);
#3896 = PRODUCT_RELATED_PRODUCT_CATEGORY('part',$,(#3630));
ENDSEC;
END-ISO-10303-21;
