ISO-10303-21;
HEADER;
FILE_DESCRIPTION(('Open CASCADE Model'),'2;1');
FILE_NAME('Open CASCADE Shape Model','2026-04-17T21:37:40',('Author'),(
    'Open CASCADE'),'Open CASCADE STEP processor 7.8','Open CASCADE 7.8'
  ,'Unknown');
FILE_SCHEMA(('AUTOMOTIVE_DESIGN { 1 0 10303 214 1 1 1 1 }'));
ENDSEC;
DATA;
#1 = APPLICATION_PROTOCOL_DEFINITION('international standard',
  'automotive_design',2000,#2);
#2 = APPLICATION_CONTEXT(
  'core data for automotive mechanical design processes');
#3 = SHAPE_DEFINITION_REPRESENTATION(#4,#10);
#4 = PRODUCT_DEFINITION_SHAPE('','',#5);
#5 = PRODUCT_DEFINITION('design','',#6,#9);
#6 = PRODUCT_DEFINITION_FORMATION('','',#7);
#7 = PRODUCT('Open CASCADE STEP translator 7.8 1',
  'Open CASCADE STEP translator 7.8 1','',(#8));
#8 = PRODUCT_CONTEXT('',#2,'mechanical');
#9 = PRODUCT_DEFINITION_CONTEXT('part definition',#2,'design');
#10 = SHAPE_REPRESENTATION('',(#11,#15,#19,#23,#27,#31,#35,#39,#43,#47,
    #51,#55,#59,#63,#67,#71,#75,#79,#83,#87,#91,#95,#99,#103,#107,#111,
    #115,#119,#123),#127);
#11 = AXIS2_PLACEMENT_3D('',#12,#13,#14);
#12 = CARTESIAN_POINT('',(0.,0.,0.));
#13 = DIRECTION('',(0.,0.,1.));
#14 = DIRECTION('',(1.,0.,-0.));
#15 = AXIS2_PLACEMENT_3D('',#16,#17,#18);
#16 = CARTESIAN_POINT('',(0.,0.,0.));
#17 = DIRECTION('',(0.,0.,1.));
#18 = DIRECTION('',(1.,0.,-0.));
#19 = AXIS2_PLACEMENT_3D('',#20,#21,#22);
#20 = CARTESIAN_POINT('',(0.,0.,0.));
#21 = DIRECTION('',(0.,0.,1.));
#22 = DIRECTION('',(1.,0.,-0.));
#23 = AXIS2_PLACEMENT_3D('',#24,#25,#26);
#24 = CARTESIAN_POINT('',(0.,0.,0.));
#25 = DIRECTION('',(0.,0.,1.));
#26 = DIRECTION('',(1.,0.,-0.));
#27 = AXIS2_PLACEMENT_3D('',#28,#29,#30);
#28 = CARTESIAN_POINT('',(0.,0.,0.));
#29 = DIRECTION('',(0.,0.,1.));
#30 = DIRECTION('',(1.,0.,-0.));
#31 = AXIS2_PLACEMENT_3D('',#32,#33,#34);
#32 = CARTESIAN_POINT('',(0.,0.,0.));
#33 = DIRECTION('',(0.,0.,1.));
#34 = DIRECTION('',(1.,0.,-0.));
#35 = AXIS2_PLACEMENT_3D('',#36,#37,#38);
#36 = CARTESIAN_POINT('',(0.,0.,0.));
#37 = DIRECTION('',(0.,0.,1.));
#38 = DIRECTION('',(1.,0.,-0.));
#39 = AXIS2_PLACEMENT_3D('',#40,#41,#42);
#40 = CARTESIAN_POINT('',(0.,0.,0.));
#41 = DIRECTION('',(0.,0.,1.));
#42 = DIRECTION('',(1.,0.,-0.));
#43 = AXIS2_PLACEMENT_3D('',#44,#45,#46);
#44 = CARTESIAN_POINT('',(0.,0.,0.));
#45 = DIRECTION('',(0.,0.,1.));
#46 = DIRECTION('',(1.,0.,-0.));
#47 = AXIS2_PLACEMENT_3D('',#48,#49,#50);
#48 = CARTESIAN_POINT('',(0.,0.,0.));
#49 = DIRECTION('',(0.,0.,1.));
#50 = DIRECTION('',(1.,0.,-0.));
#51 = AXIS2_PLACEMENT_3D('',#52,#53,#54);
#52 = CARTESIAN_POINT('',(0.,0.,0.));
#53 = DIRECTION('',(0.,0.,1.));
#54 = DIRECTION('',(1.,0.,-0.));
#55 = AXIS2_PLACEMENT_3D('',#56,#57,#58);
#56 = CARTESIAN_POINT('',(0.,0.,0.));
#57 = DIRECTION('',(0.,0.,1.));
#58 = DIRECTION('',(1.,0.,-0.));
#59 = AXIS2_PLACEMENT_3D('',#60,#61,#62);
#60 = CARTESIAN_POINT('',(0.,0.,0.));
#61 = DIRECTION('',(0.,0.,1.));
#62 = DIRECTION('',(1.,0.,-0.));
#63 = AXIS2_PLACEMENT_3D('',#64,#65,#66);
#64 = CARTESIAN_POINT('',(0.,0.,0.));
#65 = DIRECTION('',(0.,0.,1.));
#66 = DIRECTION('',(1.,0.,-0.));
#67 = AXIS2_PLACEMENT_3D('',#68,#69,#70);
#68 = CARTESIAN_POINT('',(0.,0.,0.));
#69 = DIRECTION('',(0.,0.,1.));
#70 = DIRECTION('',(1.,0.,-0.));
#71 = AXIS2_PLACEMENT_3D('',#72,#73,#74);
#72 = CARTESIAN_POINT('',(0.,0.,0.));
#73 = DIRECTION('',(0.,0.,1.));
#74 = DIRECTION('',(1.,0.,-0.));
#75 = AXIS2_PLACEMENT_3D('',#76,#77,#78);
#76 = CARTESIAN_POINT('',(0.,0.,0.));
#77 = DIRECTION('',(0.,0.,1.));
#78 = DIRECTION('',(1.,0.,-0.));
#79 = AXIS2_PLACEMENT_3D('',#80,#81,#82);
#80 = CARTESIAN_POINT('',(0.,0.,0.));
#81 = DIRECTION('',(0.,0.,1.));
#82 = DIRECTION('',(1.,0.,-0.));
#83 = AXIS2_PLACEMENT_3D('',#84,#85,#86);
#84 = CARTESIAN_POINT('',(0.,0.,0.));
#85 = DIRECTION('',(0.,0.,1.));
#86 = DIRECTION('',(1.,0.,-0.));
#87 = AXIS2_PLACEMENT_3D('',#88,#89,#90);
#88 = CARTESIAN_POINT('',(0.,0.,0.));
#89 = DIRECTION('',(0.,0.,1.));
#90 = DIRECTION('',(1.,0.,-0.));
#91 = AXIS2_PLACEMENT_3D('',#92,#93,#94);
#92 = CARTESIAN_POINT('',(0.,0.,0.));
#93 = DIRECTION('',(0.,0.,1.));
#94 = DIRECTION('',(1.,0.,-0.));
#95 = AXIS2_PLACEMENT_3D('',#96,#97,#98);
#96 = CARTESIAN_POINT('',(0.,0.,0.));
#97 = DIRECTION('',(0.,0.,1.));
#98 = DIRECTION('',(1.,0.,-0.));
#99 = AXIS2_PLACEMENT_3D('',#100,#101,#102);
#100 = CARTESIAN_POINT('',(0.,0.,0.));
#101 = DIRECTION('',(0.,0.,1.));
#102 = DIRECTION('',(1.,0.,-0.));
#103 = AXIS2_PLACEMENT_3D('',#104,#105,#106);
#104 = CARTESIAN_POINT('',(0.,0.,0.));
#105 = DIRECTION('',(0.,0.,1.));
#106 = DIRECTION('',(1.,0.,-0.));
#107 = AXIS2_PLACEMENT_3D('',#108,#109,#110);
#108 = CARTESIAN_POINT('',(0.,0.,0.));
#109 = DIRECTION('',(0.,0.,1.));
#110 = DIRECTION('',(1.,0.,-0.));
#111 = AXIS2_PLACEMENT_3D('',#112,#113,#114);
#112 = CARTESIAN_POINT('',(0.,0.,0.));
#113 = DIRECTION('',(0.,0.,1.));
#114 = DIRECTION('',(1.,0.,-0.));
#115 = AXIS2_PLACEMENT_3D('',#116,#117,#118);
#116 = CARTESIAN_POINT('',(0.,0.,0.));
#117 = DIRECTION('',(0.,0.,1.));
#118 = DIRECTION('',(1.,0.,-0.));
#119 = AXIS2_PLACEMENT_3D('',#120,#121,#122);
#120 = CARTESIAN_POINT('',(0.,0.,0.));
#121 = DIRECTION('',(0.,0.,1.));
#122 = DIRECTION('',(1.,0.,-0.));
#123 = AXIS2_PLACEMENT_3D('',#124,#125,#126);
#124 = CARTESIAN_POINT('',(0.,0.,0.));
#125 = DIRECTION('',(0.,0.,1.));
#126 = DIRECTION('',(1.,0.,-0.));
#127 = ( GEOMETRIC_REPRESENTATION_CONTEXT(3) 
GLOBAL_UNCERTAINTY_ASSIGNED_CONTEXT((#131)) GLOBAL_UNIT_ASSIGNED_CONTEXT
((#128,#129,#130)) REPRESENTATION_CONTEXT('Context #1',
  '3D Context with UNIT and UNCERTAINTY') );
#128 = ( LENGTH_UNIT() NAMED_UNIT(*) SI_UNIT(.MILLI.,.METRE.) );
#129 = ( NAMED_UNIT(*) PLANE_ANGLE_UNIT() SI_UNIT($,.RADIAN.) );
#130 = ( NAMED_UNIT(*) SI_UNIT($,.STERADIAN.) SOLID_ANGLE_UNIT() );
#131 = UNCERTAINTY_MEASURE_WITH_UNIT(LENGTH_MEASURE(1.E-07),#128,
  'distance_accuracy_value','confusion accuracy');
#132 = PRODUCT_RELATED_PRODUCT_CATEGORY('part',$,(#7));
#133 = SHAPE_DEFINITION_REPRESENTATION(#134,#140);
#134 = PRODUCT_DEFINITION_SHAPE('','',#135);
#135 = PRODUCT_DEFINITION('design','',#136,#139);
#136 = PRODUCT_DEFINITION_FORMATION('','',#137);
#137 = PRODUCT('Open CASCADE STEP translator 7.8 1.1',
  'Open CASCADE STEP translator 7.8 1.1','',(#138));
#138 = PRODUCT_CONTEXT('',#2,'mechanical');
#139 = PRODUCT_DEFINITION_CONTEXT('part definition',#2,'design');
#140 = ADVANCED_BREP_SHAPE_REPRESENTATION('',(#11,#141),#2145);
#141 = MANIFOLD_SOLID_BREP('',#142);
#142 = CLOSED_SHELL('',(#143,#263,#1248,#1324,#1430,#1526,#1553,#1579,
    #1607,#1612,#1638,#1666,#1671,#1697,#1725,#1730,#1756,#1784,#1789,
    #1815,#1843,#1848,#1874,#1902,#1907,#1933,#1961,#1966,#1992,#2020,
    #2025,#2051,#2079,#2084,#2111,#2138));
#143 = ADVANCED_FACE('',(#144),#158,.F.);
#144 = FACE_BOUND('',#145,.F.);
#145 = EDGE_LOOP('',(#146,#181,#209,#237));
#146 = ORIENTED_EDGE('',*,*,#147,.T.);
#147 = EDGE_CURVE('',#148,#150,#152,.T.);
#148 = VERTEX_POINT('',#149);
#149 = CARTESIAN_POINT('',(0.,0.,0.));
#150 = VERTEX_POINT('',#151);
#151 = CARTESIAN_POINT('',(120.,0.,0.));
#152 = SURFACE_CURVE('',#153,(#157,#169),.PCURVE_S1.);
#153 = LINE('',#154,#155);
#154 = CARTESIAN_POINT('',(0.,0.,0.));
#155 = VECTOR('',#156,1.);
#156 = DIRECTION('',(1.,0.,0.));
#157 = PCURVE('',#158,#163);
#158 = PLANE('',#159);
#159 = AXIS2_PLACEMENT_3D('',#160,#161,#162);
#160 = CARTESIAN_POINT('',(0.,0.,0.));
#161 = DIRECTION('',(0.,0.,1.));
#162 = DIRECTION('',(0.,1.,0.));
#163 = DEFINITIONAL_REPRESENTATION('',(#164),#168);
#164 = LINE('',#165,#166);
#165 = CARTESIAN_POINT('',(0.,0.));
#166 = VECTOR('',#167,1.);
#167 = DIRECTION('',(0.,-1.));
#168 = ( GEOMETRIC_REPRESENTATION_CONTEXT(2) 
PARAMETRIC_REPRESENTATION_CONTEXT() REPRESENTATION_CONTEXT('2D SPACE',''
  ) );
#169 = PCURVE('',#170,#175);
#170 = PLANE('',#171);
#171 = AXIS2_PLACEMENT_3D('',#172,#173,#174);
#172 = CARTESIAN_POINT('',(0.,0.,105.));
#173 = DIRECTION('',(-0.,1.,0.));
#174 = DIRECTION('',(0.,0.,-1.));
#175 = DEFINITIONAL_REPRESENTATION('',(#176),#180);
#176 = LINE('',#177,#178);
#177 = CARTESIAN_POINT('',(105.,0.));
#178 = VECTOR('',#179,1.);
#179 = DIRECTION('',(0.,-1.));
#180 = ( GEOMETRIC_REPRESENTATION_CONTEXT(2) 
PARAMETRIC_REPRESENTATION_CONTEXT() REPRESENTATION_CONTEXT('2D SPACE',''
  ) );
#181 = ORIENTED_EDGE('',*,*,#182,.T.);
#182 = EDGE_CURVE('',#150,#183,#185,.T.);
#183 = VERTEX_POINT('',#184);
#184 = CARTESIAN_POINT('',(120.,100.,0.));
#185 = SURFACE_CURVE('',#186,(#190,#197),.PCURVE_S1.);
#186 = LINE('',#187,#188);
#187 = CARTESIAN_POINT('',(120.,0.,0.));
#188 = VECTOR('',#189,1.);
#189 = DIRECTION('',(0.,1.,0.));
#190 = PCURVE('',#158,#191);
#191 = DEFINITIONAL_REPRESENTATION('',(#192),#196);
#192 = LINE('',#193,#194);
#193 = CARTESIAN_POINT('',(0.,-120.));
#194 = VECTOR('',#195,1.);
#195 = DIRECTION('',(1.,0.));
#196 = ( GEOMETRIC_REPRESENTATION_CONTEXT(2) 
PARAMETRIC_REPRESENTATION_CONTEXT() REPRESENTATION_CONTEXT('2D SPACE',''
  ) );
#197 = PCURVE('',#198,#203);
#198 = PLANE('',#199);
#199 = AXIS2_PLACEMENT_3D('',#200,#201,#202);
#200 = CARTESIAN_POINT('',(120.,34.160291968737,45.501557568158));
#201 = DIRECTION('',(1.,0.,0.));
#202 = DIRECTION('',(-0.,0.,1.));
#203 = DEFINITIONAL_REPRESENTATION('',(#204),#208);
#204 = LINE('',#205,#206);
#205 = CARTESIAN_POINT('',(-45.50155756815,34.160291968737));
#206 = VECTOR('',#207,1.);
#207 = DIRECTION('',(0.,-1.));
#208 = ( GEOMETRIC_REPRESENTATION_CONTEXT(2) 
PARAMETRIC_REPRESENTATION_CONTEXT() REPRESENTATION_CONTEXT('2D SPACE',''
  ) );
#209 = ORIENTED_EDGE('',*,*,#210,.F.);
#210 = EDGE_CURVE('',#211,#183,#213,.T.);
#211 = VERTEX_POINT('',#212);
#212 = CARTESIAN_POINT('',(0.,100.,0.));
#213 = SURFACE_CURVE('',#214,(#218,#225),.PCURVE_S1.);
#214 = LINE('',#215,#216);
#215 = CARTESIAN_POINT('',(0.,100.,0.));
#216 = VECTOR('',#217,1.);
#217 = DIRECTION('',(1.,0.,0.));
#218 = PCURVE('',#158,#219);
#219 = DEFINITIONAL_REPRESENTATION('',(#220),#224);
#220 = LINE('',#221,#222);
#221 = CARTESIAN_POINT('',(100.,0.));
#222 = VECTOR('',#223,1.);
#223 = DIRECTION('',(0.,-1.));
#224 = ( GEOMETRIC_REPRESENTATION_CONTEXT(2) 
PARAMETRIC_REPRESENTATION_CONTEXT() REPRESENTATION_CONTEXT('2D SPACE',''
  ) );
#225 = PCURVE('',#226,#231);
#226 = PLANE('',#227);
#227 = AXIS2_PLACEMENT_3D('',#228,#229,#230);
#228 = CARTESIAN_POINT('',(0.,100.,0.));
#229 = DIRECTION('',(0.,-1.,0.));
#230 = DIRECTION('',(0.,0.,1.));
#231 = DEFINITIONAL_REPRESENTATION('',(#232),#236);
#232 = LINE('',#233,#234);
#233 = CARTESIAN_POINT('',(0.,0.));
#234 = VECTOR('',#235,1.);
#235 = DIRECTION('',(0.,-1.));
#236 = ( GEOMETRIC_REPRESENTATION_CONTEXT(2) 
PARAMETRIC_REPRESENTATION_CONTEXT() REPRESENTATION_CONTEXT('2D SPACE',''
  ) );
#237 = ORIENTED_EDGE('',*,*,#238,.F.);
#238 = EDGE_CURVE('',#148,#211,#239,.T.);
#239 = SURFACE_CURVE('',#240,(#244,#251),.PCURVE_S1.);
#240 = LINE('',#241,#242);
#241 = CARTESIAN_POINT('',(0.,0.,0.));
#242 = VECTOR('',#243,1.);
#243 = DIRECTION('',(0.,1.,0.));
#244 = PCURVE('',#158,#245);
#245 = DEFINITIONAL_REPRESENTATION('',(#246),#250);
#246 = LINE('',#247,#248);
#247 = CARTESIAN_POINT('',(0.,0.));
#248 = VECTOR('',#249,1.);
#249 = DIRECTION('',(1.,0.));
#250 = ( GEOMETRIC_REPRESENTATION_CONTEXT(2) 
PARAMETRIC_REPRESENTATION_CONTEXT() REPRESENTATION_CONTEXT('2D SPACE',''
  ) );
#251 = PCURVE('',#252,#257);
#252 = PLANE('',#253);
#253 = AXIS2_PLACEMENT_3D('',#254,#255,#256);
#254 = CARTESIAN_POINT('',(0.,34.160291968737,45.501557568158));
#255 = DIRECTION('',(1.,0.,0.));
#256 = DIRECTION('',(-0.,0.,1.));
#257 = DEFINITIONAL_REPRESENTATION('',(#258),#262);
#258 = LINE('',#259,#260);
#259 = CARTESIAN_POINT('',(-45.50155756815,34.160291968737));
#260 = VECTOR('',#261,1.);
#261 = DIRECTION('',(0.,-1.));
#262 = ( GEOMETRIC_REPRESENTATION_CONTEXT(2) 
PARAMETRIC_REPRESENTATION_CONTEXT() REPRESENTATION_CONTEXT('2D SPACE',''
  ) );
#263 = ADVANCED_FACE('',(#264,#339,#440,#541,#642,#743,#844,#945,#1046,
    #1147),#170,.F.);
#264 = FACE_BOUND('',#265,.F.);
#265 = EDGE_LOOP('',(#266,#296,#317,#318));
#266 = ORIENTED_EDGE('',*,*,#267,.T.);
#267 = EDGE_CURVE('',#268,#270,#272,.T.);
#268 = VERTEX_POINT('',#269);
#269 = CARTESIAN_POINT('',(0.,0.,105.));
#270 = VERTEX_POINT('',#271);
#271 = CARTESIAN_POINT('',(120.,0.,105.));
#272 = SURFACE_CURVE('',#273,(#277,#284),.PCURVE_S1.);
#273 = LINE('',#274,#275);
#274 = CARTESIAN_POINT('',(0.,0.,105.));
#275 = VECTOR('',#276,1.);
#276 = DIRECTION('',(1.,0.,0.));
#277 = PCURVE('',#170,#278);
#278 = DEFINITIONAL_REPRESENTATION('',(#279),#283);
#279 = LINE('',#280,#281);
#280 = CARTESIAN_POINT('',(0.,0.));
#281 = VECTOR('',#282,1.);
#282 = DIRECTION('',(0.,-1.));
#283 = ( GEOMETRIC_REPRESENTATION_CONTEXT(2) 
PARAMETRIC_REPRESENTATION_CONTEXT() REPRESENTATION_CONTEXT('2D SPACE',''
  ) );
#284 = PCURVE('',#285,#290);
#285 = PLANE('',#286);
#286 = AXIS2_PLACEMENT_3D('',#287,#288,#289);
#287 = CARTESIAN_POINT('',(0.,15.,105.));
#288 = DIRECTION('',(0.,0.,-1.));
#289 = DIRECTION('',(0.,-1.,0.));
#290 = DEFINITIONAL_REPRESENTATION('',(#291),#295);
#291 = LINE('',#292,#293);
#292 = CARTESIAN_POINT('',(15.,0.));
#293 = VECTOR('',#294,1.);
#294 = DIRECTION('',(0.,-1.));
#295 = ( GEOMETRIC_REPRESENTATION_CONTEXT(2) 
PARAMETRIC_REPRESENTATION_CONTEXT() REPRESENTATION_CONTEXT('2D SPACE',''
  ) );
#296 = ORIENTED_EDGE('',*,*,#297,.T.);
#297 = EDGE_CURVE('',#270,#150,#298,.T.);
#298 = SURFACE_CURVE('',#299,(#303,#310),.PCURVE_S1.);
#299 = LINE('',#300,#301);
#300 = CARTESIAN_POINT('',(120.,0.,105.));
#301 = VECTOR('',#302,1.);
#302 = DIRECTION('',(0.,0.,-1.));
#303 = PCURVE('',#170,#304);
#304 = DEFINITIONAL_REPRESENTATION('',(#305),#309);
#305 = LINE('',#306,#307);
#306 = CARTESIAN_POINT('',(0.,-120.));
#307 = VECTOR('',#308,1.);
#308 = DIRECTION('',(1.,0.));
#309 = ( GEOMETRIC_REPRESENTATION_CONTEXT(2) 
PARAMETRIC_REPRESENTATION_CONTEXT() REPRESENTATION_CONTEXT('2D SPACE',''
  ) );
#310 = PCURVE('',#198,#311);
#311 = DEFINITIONAL_REPRESENTATION('',(#312),#316);
#312 = LINE('',#313,#314);
#313 = CARTESIAN_POINT('',(59.498442431842,34.160291968737));
#314 = VECTOR('',#315,1.);
#315 = DIRECTION('',(-1.,0.));
#316 = ( GEOMETRIC_REPRESENTATION_CONTEXT(2) 
PARAMETRIC_REPRESENTATION_CONTEXT() REPRESENTATION_CONTEXT('2D SPACE',''
  ) );
#317 = ORIENTED_EDGE('',*,*,#147,.F.);
#318 = ORIENTED_EDGE('',*,*,#319,.F.);
#319 = EDGE_CURVE('',#268,#148,#320,.T.);
#320 = SURFACE_CURVE('',#321,(#325,#332),.PCURVE_S1.);
#321 = LINE('',#322,#323);
#322 = CARTESIAN_POINT('',(0.,0.,105.));
#323 = VECTOR('',#324,1.);
#324 = DIRECTION('',(0.,0.,-1.));
#325 = PCURVE('',#170,#326);
#326 = DEFINITIONAL_REPRESENTATION('',(#327),#331);
#327 = LINE('',#328,#329);
#328 = CARTESIAN_POINT('',(0.,0.));
#329 = VECTOR('',#330,1.);
#330 = DIRECTION('',(1.,0.));
#331 = ( GEOMETRIC_REPRESENTATION_CONTEXT(2) 
PARAMETRIC_REPRESENTATION_CONTEXT() REPRESENTATION_CONTEXT('2D SPACE',''
  ) );
#332 = PCURVE('',#252,#333);
#333 = DEFINITIONAL_REPRESENTATION('',(#334),#338);
#334 = LINE('',#335,#336);
#335 = CARTESIAN_POINT('',(59.498442431842,34.160291968737));
#336 = VECTOR('',#337,1.);
#337 = DIRECTION('',(-1.,0.));
#338 = ( GEOMETRIC_REPRESENTATION_CONTEXT(2) 
PARAMETRIC_REPRESENTATION_CONTEXT() REPRESENTATION_CONTEXT('2D SPACE',''
  ) );
#339 = FACE_BOUND('',#340,.F.);
#340 = EDGE_LOOP('',(#341,#369,#395,#421));
#341 = ORIENTED_EDGE('',*,*,#342,.F.);
#342 = EDGE_CURVE('',#343,#345,#347,.T.);
#343 = VERTEX_POINT('',#344);
#344 = CARTESIAN_POINT('',(81.328691620985,0.,70.621584839799));
#345 = VERTEX_POINT('',#346);
#346 = CARTESIAN_POINT('',(80.390608469021,-2.22044604925E-16,
    69.683501687834));
#347 = SURFACE_CURVE('',#348,(#352,#358),.PCURVE_S1.);
#348 = LINE('',#349,#350);
#349 = CARTESIAN_POINT('',(46.729184719829,0.,36.022077938642));
#350 = VECTOR('',#351,1.);
#351 = DIRECTION('',(-0.707106781187,0.,-0.707106781187));
#352 = PCURVE('',#170,#353);
#353 = DEFINITIONAL_REPRESENTATION('',(#354),#357);
#354 = B_SPLINE_CURVE_WITH_KNOTS('',1,(#355,#356),.UNSPECIFIED.,.F.,.F.,
  (2,2),(-49.46776695296,-47.06776695296),.PIECEWISE_BEZIER_KNOTS.);
#355 = CARTESIAN_POINT('',(33.99892859876,-81.70817818242));
#356 = CARTESIAN_POINT('',(35.695984873607,-80.01112190757));
#357 = ( GEOMETRIC_REPRESENTATION_CONTEXT(2) 
PARAMETRIC_REPRESENTATION_CONTEXT() REPRESENTATION_CONTEXT('2D SPACE',''
  ) );
#358 = PCURVE('',#359,#364);
#359 = PLANE('',#360);
#360 = AXIS2_PLACEMENT_3D('',#361,#362,#363);
#361 = CARTESIAN_POINT('',(35.604816049064,-25.,24.897709267878));
#362 = DIRECTION('',(0.707106781187,0.,-0.707106781187));
#363 = DIRECTION('',(0.707106781187,0.,0.707106781187));
#364 = DEFINITIONAL_REPRESENTATION('',(#365),#368);
#365 = B_SPLINE_CURVE_WITH_KNOTS('',1,(#366,#367),.UNSPECIFIED.,.F.,.F.,
  (2,2),(-49.46776695296,-47.06776695296),.PIECEWISE_BEZIER_KNOTS.);
#366 = CARTESIAN_POINT('',(65.2,-25.));
#367 = CARTESIAN_POINT('',(62.8,-25.));
#368 = ( GEOMETRIC_REPRESENTATION_CONTEXT(2) 
PARAMETRIC_REPRESENTATION_CONTEXT() REPRESENTATION_CONTEXT('2D SPACE',''
  ) );
#369 = ORIENTED_EDGE('',*,*,#370,.T.);
#370 = EDGE_CURVE('',#343,#371,#373,.T.);
#371 = VERTEX_POINT('',#372);
#372 = CARTESIAN_POINT('',(80.975138230392,0.,70.975138230392));
#373 = SURFACE_CURVE('',#374,(#378,#384),.PCURVE_S1.);
#374 = LINE('',#375,#376);
#375 = CARTESIAN_POINT('',(80.975138230392,0.,70.975138230392));
#376 = VECTOR('',#377,1.);
#377 = DIRECTION('',(-0.707106781187,-0.,0.707106781187));
#378 = PCURVE('',#170,#379);
#379 = DEFINITIONAL_REPRESENTATION('',(#380),#383);
#380 = B_SPLINE_CURVE_WITH_KNOTS('',1,(#381,#382),.UNSPECIFIED.,.F.,.F.,
  (2,2),(-0.5000006,6.000000057284E-07),.PIECEWISE_BEZIER_KNOTS.);
#381 = CARTESIAN_POINT('',(34.378415584465,-81.32869204525));
#382 = CARTESIAN_POINT('',(34.024861345344,-80.97513780612));
#383 = ( GEOMETRIC_REPRESENTATION_CONTEXT(2) 
PARAMETRIC_REPRESENTATION_CONTEXT() REPRESENTATION_CONTEXT('2D SPACE',''
  ) );
#384 = PCURVE('',#385,#390);
#385 = CYLINDRICAL_SURFACE('',#386,1.2);
#386 = AXIS2_PLACEMENT_3D('',#387,#388,#389);
#387 = CARTESIAN_POINT('',(80.50609665441,-1.,70.50609665441));
#388 = DIRECTION('',(-0.707106781187,-0.,0.707106781187));
#389 = DIRECTION('',(0.,1.,0.));
#390 = DEFINITIONAL_REPRESENTATION('',(#391),#394);
#391 = B_SPLINE_CURVE_WITH_KNOTS('',1,(#392,#393),.UNSPECIFIED.,.F.,.F.,
  (2,2),(-0.5000006,6.000000057284E-07),.PIECEWISE_BEZIER_KNOTS.);
#392 = CARTESIAN_POINT('',(-0.585685543457,-0.5000006));
#393 = CARTESIAN_POINT('',(-0.585685543457,6.000000056868E-07));
#394 = ( GEOMETRIC_REPRESENTATION_CONTEXT(2) 
PARAMETRIC_REPRESENTATION_CONTEXT() REPRESENTATION_CONTEXT('2D SPACE',''
  ) );
#395 = ORIENTED_EDGE('',*,*,#396,.T.);
#396 = EDGE_CURVE('',#371,#397,#399,.T.);
#397 = VERTEX_POINT('',#398);
#398 = CARTESIAN_POINT('',(80.037055078428,-2.22044604925E-16,
    70.037055078428));
#399 = SURFACE_CURVE('',#400,(#404,#410),.PCURVE_S1.);
#400 = LINE('',#401,#402);
#401 = CARTESIAN_POINT('',(46.375631329235,0.,36.375631329235));
#402 = VECTOR('',#403,1.);
#403 = DIRECTION('',(-0.707106781187,0.,-0.707106781187));
#404 = PCURVE('',#170,#405);
#405 = DEFINITIONAL_REPRESENTATION('',(#406),#409);
#406 = B_SPLINE_CURVE_WITH_KNOTS('',1,(#407,#408),.UNSPECIFIED.,.F.,.F.,
  (2,2),(-49.46776695296,-47.06776695296),.PIECEWISE_BEZIER_KNOTS.);
#407 = CARTESIAN_POINT('',(33.645375208166,-81.35462479183));
#408 = CARTESIAN_POINT('',(35.342431483014,-79.65756851698));
#409 = ( GEOMETRIC_REPRESENTATION_CONTEXT(2) 
PARAMETRIC_REPRESENTATION_CONTEXT() REPRESENTATION_CONTEXT('2D SPACE',''
  ) );
#410 = PCURVE('',#411,#416);
#411 = PLANE('',#412);
#412 = AXIS2_PLACEMENT_3D('',#413,#414,#415);
#413 = CARTESIAN_POINT('',(35.251262658471,-25.,25.251262658471));
#414 = DIRECTION('',(0.707106781187,0.,-0.707106781187));
#415 = DIRECTION('',(0.707106781187,0.,0.707106781187));
#416 = DEFINITIONAL_REPRESENTATION('',(#417),#420);
#417 = B_SPLINE_CURVE_WITH_KNOTS('',1,(#418,#419),.UNSPECIFIED.,.F.,.F.,
  (2,2),(-49.46776695296,-47.06776695296),.PIECEWISE_BEZIER_KNOTS.);
#418 = CARTESIAN_POINT('',(65.2,-25.));
#419 = CARTESIAN_POINT('',(62.8,-25.));
#420 = ( GEOMETRIC_REPRESENTATION_CONTEXT(2) 
PARAMETRIC_REPRESENTATION_CONTEXT() REPRESENTATION_CONTEXT('2D SPACE',''
  ) );
#421 = ORIENTED_EDGE('',*,*,#422,.F.);
#422 = EDGE_CURVE('',#345,#397,#423,.T.);
#423 = SURFACE_CURVE('',#424,(#428,#434),.PCURVE_S1.);
#424 = LINE('',#425,#426);
#425 = CARTESIAN_POINT('',(80.037055078428,0.,70.037055078428));
#426 = VECTOR('',#427,1.);
#427 = DIRECTION('',(-0.707106781187,-0.,0.707106781187));
#428 = PCURVE('',#170,#429);
#429 = DEFINITIONAL_REPRESENTATION('',(#430),#433);
#430 = B_SPLINE_CURVE_WITH_KNOTS('',1,(#431,#432),.UNSPECIFIED.,.F.,.F.,
  (2,2),(-0.5000006,6.000000057284E-07),.PIECEWISE_BEZIER_KNOTS.);
#431 = CARTESIAN_POINT('',(35.31649873643,-80.39060889328));
#432 = CARTESIAN_POINT('',(34.962944497308,-80.03705465416));
#433 = ( GEOMETRIC_REPRESENTATION_CONTEXT(2) 
PARAMETRIC_REPRESENTATION_CONTEXT() REPRESENTATION_CONTEXT('2D SPACE',''
  ) );
#434 = PCURVE('',#385,#435);
#435 = DEFINITIONAL_REPRESENTATION('',(#436),#439);
#436 = B_SPLINE_CURVE_WITH_KNOTS('',1,(#437,#438),.UNSPECIFIED.,.F.,.F.,
  (2,2),(-0.5000006,6.000000057284E-07),.PIECEWISE_BEZIER_KNOTS.);
#437 = CARTESIAN_POINT('',(-5.697499763722,-0.5000006));
#438 = CARTESIAN_POINT('',(-5.697499763722,6.0000000577E-07));
#439 = ( GEOMETRIC_REPRESENTATION_CONTEXT(2) 
PARAMETRIC_REPRESENTATION_CONTEXT() REPRESENTATION_CONTEXT('2D SPACE',''
  ) );
#440 = FACE_BOUND('',#441,.F.);
#441 = EDGE_LOOP('',(#442,#470,#496,#522));
#442 = ORIENTED_EDGE('',*,*,#443,.F.);
#443 = EDGE_CURVE('',#444,#446,#448,.T.);
#444 = VERTEX_POINT('',#445);
#445 = CARTESIAN_POINT('',(75.671837371493,0.,64.964730590307));
#446 = VERTEX_POINT('',#447);
#447 = CARTESIAN_POINT('',(74.733754219528,-2.22044604925E-16,
    64.026647438342));
#448 = SURFACE_CURVE('',#449,(#453,#459),.PCURVE_S1.);
#449 = LINE('',#450,#451);
#450 = CARTESIAN_POINT('',(46.729184719829,0.,36.022077938642));
#451 = VECTOR('',#452,1.);
#452 = DIRECTION('',(-0.707106781187,0.,-0.707106781187));
#453 = PCURVE('',#170,#454);
#454 = DEFINITIONAL_REPRESENTATION('',(#455),#458);
#455 = B_SPLINE_CURVE_WITH_KNOTS('',1,(#456,#457),.UNSPECIFIED.,.F.,.F.,
  (2,2),(-41.46776695296,-39.06776695296),.PIECEWISE_BEZIER_KNOTS.);
#456 = CARTESIAN_POINT('',(39.655782848252,-76.05132393293));
#457 = CARTESIAN_POINT('',(41.3528391231,-74.35426765808));
#458 = ( GEOMETRIC_REPRESENTATION_CONTEXT(2) 
PARAMETRIC_REPRESENTATION_CONTEXT() REPRESENTATION_CONTEXT('2D SPACE',''
  ) );
#459 = PCURVE('',#460,#465);
#460 = PLANE('',#461);
#461 = AXIS2_PLACEMENT_3D('',#462,#463,#464);
#462 = CARTESIAN_POINT('',(35.604816049064,-25.,24.897709267878));
#463 = DIRECTION('',(0.707106781187,0.,-0.707106781187));
#464 = DIRECTION('',(0.707106781187,0.,0.707106781187));
#465 = DEFINITIONAL_REPRESENTATION('',(#466),#469);
#466 = B_SPLINE_CURVE_WITH_KNOTS('',1,(#467,#468),.UNSPECIFIED.,.F.,.F.,
  (2,2),(-41.46776695296,-39.06776695296),.PIECEWISE_BEZIER_KNOTS.);
#467 = CARTESIAN_POINT('',(57.2,-25.));
#468 = CARTESIAN_POINT('',(54.8,-25.));
#469 = ( GEOMETRIC_REPRESENTATION_CONTEXT(2) 
PARAMETRIC_REPRESENTATION_CONTEXT() REPRESENTATION_CONTEXT('2D SPACE',''
  ) );
#470 = ORIENTED_EDGE('',*,*,#471,.T.);
#471 = EDGE_CURVE('',#444,#472,#474,.T.);
#472 = VERTEX_POINT('',#473);
#473 = CARTESIAN_POINT('',(75.3182839809,0.,65.3182839809));
#474 = SURFACE_CURVE('',#475,(#479,#485),.PCURVE_S1.);
#475 = LINE('',#476,#477);
#476 = CARTESIAN_POINT('',(75.3182839809,0.,65.3182839809));
#477 = VECTOR('',#478,1.);
#478 = DIRECTION('',(-0.707106781187,-0.,0.707106781187));
#479 = PCURVE('',#170,#480);
#480 = DEFINITIONAL_REPRESENTATION('',(#481),#484);
#481 = B_SPLINE_CURVE_WITH_KNOTS('',1,(#482,#483),.UNSPECIFIED.,.F.,.F.,
  (2,2),(-0.5000006,6.000000057284E-07),.PIECEWISE_BEZIER_KNOTS.);
#482 = CARTESIAN_POINT('',(40.035269833957,-75.67183779575));
#483 = CARTESIAN_POINT('',(39.681715594836,-75.31828355663));
#484 = ( GEOMETRIC_REPRESENTATION_CONTEXT(2) 
PARAMETRIC_REPRESENTATION_CONTEXT() REPRESENTATION_CONTEXT('2D SPACE',''
  ) );
#485 = PCURVE('',#486,#491);
#486 = CYLINDRICAL_SURFACE('',#487,1.2);
#487 = AXIS2_PLACEMENT_3D('',#488,#489,#490);
#488 = CARTESIAN_POINT('',(74.849242404917,-1.,64.849242404918));
#489 = DIRECTION('',(-0.707106781187,-0.,0.707106781187));
#490 = DIRECTION('',(0.,1.,0.));
#491 = DEFINITIONAL_REPRESENTATION('',(#492),#495);
#492 = B_SPLINE_CURVE_WITH_KNOTS('',1,(#493,#494),.UNSPECIFIED.,.F.,.F.,
  (2,2),(-0.5000006,6.000000057284E-07),.PIECEWISE_BEZIER_KNOTS.);
#493 = CARTESIAN_POINT('',(-0.585685543457,-0.5000006));
#494 = CARTESIAN_POINT('',(-0.585685543457,6.000000056868E-07));
#495 = ( GEOMETRIC_REPRESENTATION_CONTEXT(2) 
PARAMETRIC_REPRESENTATION_CONTEXT() REPRESENTATION_CONTEXT('2D SPACE',''
  ) );
#496 = ORIENTED_EDGE('',*,*,#497,.T.);
#497 = EDGE_CURVE('',#472,#498,#500,.T.);
#498 = VERTEX_POINT('',#499);
#499 = CARTESIAN_POINT('',(74.380200828935,-2.22044604925E-16,
    64.380200828935));
#500 = SURFACE_CURVE('',#501,(#505,#511),.PCURVE_S1.);
#501 = LINE('',#502,#503);
#502 = CARTESIAN_POINT('',(46.375631329235,0.,36.375631329235));
#503 = VECTOR('',#504,1.);
#504 = DIRECTION('',(-0.707106781187,0.,-0.707106781187));
#505 = PCURVE('',#170,#506);
#506 = DEFINITIONAL_REPRESENTATION('',(#507),#510);
#507 = B_SPLINE_CURVE_WITH_KNOTS('',1,(#508,#509),.UNSPECIFIED.,.F.,.F.,
  (2,2),(-41.46776695296,-39.06776695296),.PIECEWISE_BEZIER_KNOTS.);
#508 = CARTESIAN_POINT('',(39.302229457659,-75.69777054234));
#509 = CARTESIAN_POINT('',(40.999285732506,-74.00071426749));
#510 = ( GEOMETRIC_REPRESENTATION_CONTEXT(2) 
PARAMETRIC_REPRESENTATION_CONTEXT() REPRESENTATION_CONTEXT('2D SPACE',''
  ) );
#511 = PCURVE('',#512,#517);
#512 = PLANE('',#513);
#513 = AXIS2_PLACEMENT_3D('',#514,#515,#516);
#514 = CARTESIAN_POINT('',(35.251262658471,-25.,25.251262658471));
#515 = DIRECTION('',(0.707106781187,0.,-0.707106781187));
#516 = DIRECTION('',(0.707106781187,0.,0.707106781187));
#517 = DEFINITIONAL_REPRESENTATION('',(#518),#521);
#518 = B_SPLINE_CURVE_WITH_KNOTS('',1,(#519,#520),.UNSPECIFIED.,.F.,.F.,
  (2,2),(-41.46776695296,-39.06776695296),.PIECEWISE_BEZIER_KNOTS.);
#519 = CARTESIAN_POINT('',(57.2,-25.));
#520 = CARTESIAN_POINT('',(54.8,-25.));
#521 = ( GEOMETRIC_REPRESENTATION_CONTEXT(2) 
PARAMETRIC_REPRESENTATION_CONTEXT() REPRESENTATION_CONTEXT('2D SPACE',''
  ) );
#522 = ORIENTED_EDGE('',*,*,#523,.F.);
#523 = EDGE_CURVE('',#446,#498,#524,.T.);
#524 = SURFACE_CURVE('',#525,(#529,#535),.PCURVE_S1.);
#525 = LINE('',#526,#527);
#526 = CARTESIAN_POINT('',(74.380200828935,0.,64.380200828935));
#527 = VECTOR('',#528,1.);
#528 = DIRECTION('',(-0.707106781187,-0.,0.707106781187));
#529 = PCURVE('',#170,#530);
#530 = DEFINITIONAL_REPRESENTATION('',(#531),#534);
#531 = B_SPLINE_CURVE_WITH_KNOTS('',1,(#532,#533),.UNSPECIFIED.,.F.,.F.,
  (2,2),(-0.5000006,6.000000057284E-07),.PIECEWISE_BEZIER_KNOTS.);
#532 = CARTESIAN_POINT('',(40.973352985922,-74.73375464379));
#533 = CARTESIAN_POINT('',(40.619798746801,-74.38020040467));
#534 = ( GEOMETRIC_REPRESENTATION_CONTEXT(2) 
PARAMETRIC_REPRESENTATION_CONTEXT() REPRESENTATION_CONTEXT('2D SPACE',''
  ) );
#535 = PCURVE('',#486,#536);
#536 = DEFINITIONAL_REPRESENTATION('',(#537),#540);
#537 = B_SPLINE_CURVE_WITH_KNOTS('',1,(#538,#539),.UNSPECIFIED.,.F.,.F.,
  (2,2),(-0.5000006,6.000000057284E-07),.PIECEWISE_BEZIER_KNOTS.);
#538 = CARTESIAN_POINT('',(-5.697499763722,-0.5000006));
#539 = CARTESIAN_POINT('',(-5.697499763722,6.0000000577E-07));
#540 = ( GEOMETRIC_REPRESENTATION_CONTEXT(2) 
PARAMETRIC_REPRESENTATION_CONTEXT() REPRESENTATION_CONTEXT('2D SPACE',''
  ) );
#541 = FACE_BOUND('',#542,.F.);
#542 = EDGE_LOOP('',(#543,#571,#597,#623));
#543 = ORIENTED_EDGE('',*,*,#544,.F.);
#544 = EDGE_CURVE('',#545,#547,#549,.T.);
#545 = VERTEX_POINT('',#546);
#546 = CARTESIAN_POINT('',(70.014983122001,0.,59.307876340814));
#547 = VERTEX_POINT('',#548);
#548 = CARTESIAN_POINT('',(69.076899970036,-2.22044604925E-16,
    58.369793188849));
#549 = SURFACE_CURVE('',#550,(#554,#560),.PCURVE_S1.);
#550 = LINE('',#551,#552);
#551 = CARTESIAN_POINT('',(46.729184719829,0.,36.022077938642));
#552 = VECTOR('',#553,1.);
#553 = DIRECTION('',(-0.707106781187,0.,-0.707106781187));
#554 = PCURVE('',#170,#555);
#555 = DEFINITIONAL_REPRESENTATION('',(#556),#559);
#556 = B_SPLINE_CURVE_WITH_KNOTS('',1,(#557,#558),.UNSPECIFIED.,.F.,.F.,
  (2,2),(-33.46776695296,-31.06776695296),.PIECEWISE_BEZIER_KNOTS.);
#557 = CARTESIAN_POINT('',(45.312637097744,-70.39446968344));
#558 = CARTESIAN_POINT('',(47.009693372592,-68.69741340859));
#559 = ( GEOMETRIC_REPRESENTATION_CONTEXT(2) 
PARAMETRIC_REPRESENTATION_CONTEXT() REPRESENTATION_CONTEXT('2D SPACE',''
  ) );
#560 = PCURVE('',#561,#566);
#561 = PLANE('',#562);
#562 = AXIS2_PLACEMENT_3D('',#563,#564,#565);
#563 = CARTESIAN_POINT('',(35.604816049064,-25.,24.897709267878));
#564 = DIRECTION('',(0.707106781187,0.,-0.707106781187));
#565 = DIRECTION('',(0.707106781187,0.,0.707106781187));
#566 = DEFINITIONAL_REPRESENTATION('',(#567),#570);
#567 = B_SPLINE_CURVE_WITH_KNOTS('',1,(#568,#569),.UNSPECIFIED.,.F.,.F.,
  (2,2),(-33.46776695296,-31.06776695296),.PIECEWISE_BEZIER_KNOTS.);
#568 = CARTESIAN_POINT('',(49.2,-25.));
#569 = CARTESIAN_POINT('',(46.8,-25.));
#570 = ( GEOMETRIC_REPRESENTATION_CONTEXT(2) 
PARAMETRIC_REPRESENTATION_CONTEXT() REPRESENTATION_CONTEXT('2D SPACE',''
  ) );
#571 = ORIENTED_EDGE('',*,*,#572,.T.);
#572 = EDGE_CURVE('',#545,#573,#575,.T.);
#573 = VERTEX_POINT('',#574);
#574 = CARTESIAN_POINT('',(69.661429731407,0.,59.661429731407));
#575 = SURFACE_CURVE('',#576,(#580,#586),.PCURVE_S1.);
#576 = LINE('',#577,#578);
#577 = CARTESIAN_POINT('',(69.661429731407,0.,59.661429731407));
#578 = VECTOR('',#579,1.);
#579 = DIRECTION('',(-0.707106781187,-0.,0.707106781187));
#580 = PCURVE('',#170,#581);
#581 = DEFINITIONAL_REPRESENTATION('',(#582),#585);
#582 = B_SPLINE_CURVE_WITH_KNOTS('',1,(#583,#584),.UNSPECIFIED.,.F.,.F.,
  (2,2),(-0.5000006,6.000000007041E-07),.PIECEWISE_BEZIER_KNOTS.);
#583 = CARTESIAN_POINT('',(45.69212408345,-70.01498354626));
#584 = CARTESIAN_POINT('',(45.338569844328,-69.66142930714));
#585 = ( GEOMETRIC_REPRESENTATION_CONTEXT(2) 
PARAMETRIC_REPRESENTATION_CONTEXT() REPRESENTATION_CONTEXT('2D SPACE',''
  ) );
#586 = PCURVE('',#587,#592);
#587 = CYLINDRICAL_SURFACE('',#588,1.2);
#588 = AXIS2_PLACEMENT_3D('',#589,#590,#591);
#589 = CARTESIAN_POINT('',(69.192388155425,-1.,59.192388155425));
#590 = DIRECTION('',(-0.707106781187,-0.,0.707106781187));
#591 = DIRECTION('',(0.,1.,0.));
#592 = DEFINITIONAL_REPRESENTATION('',(#593),#596);
#593 = B_SPLINE_CURVE_WITH_KNOTS('',1,(#594,#595),.UNSPECIFIED.,.F.,.F.,
  (2,2),(-0.5000006,6.000000007041E-07),.PIECEWISE_BEZIER_KNOTS.);
#594 = CARTESIAN_POINT('',(-0.585685543457,-0.5000006));
#595 = CARTESIAN_POINT('',(-0.585685543457,6.000000006625E-07));
#596 = ( GEOMETRIC_REPRESENTATION_CONTEXT(2) 
PARAMETRIC_REPRESENTATION_CONTEXT() REPRESENTATION_CONTEXT('2D SPACE',''
  ) );
#597 = ORIENTED_EDGE('',*,*,#598,.T.);
#598 = EDGE_CURVE('',#573,#599,#601,.T.);
#599 = VERTEX_POINT('',#600);
#600 = CARTESIAN_POINT('',(68.723346579443,-2.22044604925E-16,
    58.723346579443));
#601 = SURFACE_CURVE('',#602,(#606,#612),.PCURVE_S1.);
#602 = LINE('',#603,#604);
#603 = CARTESIAN_POINT('',(46.375631329235,0.,36.375631329235));
#604 = VECTOR('',#605,1.);
#605 = DIRECTION('',(-0.707106781187,0.,-0.707106781187));
#606 = PCURVE('',#170,#607);
#607 = DEFINITIONAL_REPRESENTATION('',(#608),#611);
#608 = B_SPLINE_CURVE_WITH_KNOTS('',1,(#609,#610),.UNSPECIFIED.,.F.,.F.,
  (2,2),(-33.46776695296,-31.06776695296),.PIECEWISE_BEZIER_KNOTS.);
#609 = CARTESIAN_POINT('',(44.959083707151,-70.04091629284));
#610 = CARTESIAN_POINT('',(46.656139981999,-68.343860018));
#611 = ( GEOMETRIC_REPRESENTATION_CONTEXT(2) 
PARAMETRIC_REPRESENTATION_CONTEXT() REPRESENTATION_CONTEXT('2D SPACE',''
  ) );
#612 = PCURVE('',#613,#618);
#613 = PLANE('',#614);
#614 = AXIS2_PLACEMENT_3D('',#615,#616,#617);
#615 = CARTESIAN_POINT('',(35.251262658471,-25.,25.251262658471));
#616 = DIRECTION('',(0.707106781187,0.,-0.707106781187));
#617 = DIRECTION('',(0.707106781187,0.,0.707106781187));
#618 = DEFINITIONAL_REPRESENTATION('',(#619),#622);
#619 = B_SPLINE_CURVE_WITH_KNOTS('',1,(#620,#621),.UNSPECIFIED.,.F.,.F.,
  (2,2),(-33.46776695296,-31.06776695296),.PIECEWISE_BEZIER_KNOTS.);
#620 = CARTESIAN_POINT('',(49.2,-25.));
#621 = CARTESIAN_POINT('',(46.8,-25.));
#622 = ( GEOMETRIC_REPRESENTATION_CONTEXT(2) 
PARAMETRIC_REPRESENTATION_CONTEXT() REPRESENTATION_CONTEXT('2D SPACE',''
  ) );
#623 = ORIENTED_EDGE('',*,*,#624,.F.);
#624 = EDGE_CURVE('',#547,#599,#625,.T.);
#625 = SURFACE_CURVE('',#626,(#630,#636),.PCURVE_S1.);
#626 = LINE('',#627,#628);
#627 = CARTESIAN_POINT('',(68.723346579443,0.,58.723346579443));
#628 = VECTOR('',#629,1.);
#629 = DIRECTION('',(-0.707106781187,-0.,0.707106781187));
#630 = PCURVE('',#170,#631);
#631 = DEFINITIONAL_REPRESENTATION('',(#632),#635);
#632 = B_SPLINE_CURVE_WITH_KNOTS('',1,(#633,#634),.UNSPECIFIED.,.F.,.F.,
  (2,2),(-0.5000006,6.000000057284E-07),.PIECEWISE_BEZIER_KNOTS.);
#633 = CARTESIAN_POINT('',(46.630207235415,-69.0769003943));
#634 = CARTESIAN_POINT('',(46.276652996293,-68.72334615517));
#635 = ( GEOMETRIC_REPRESENTATION_CONTEXT(2) 
PARAMETRIC_REPRESENTATION_CONTEXT() REPRESENTATION_CONTEXT('2D SPACE',''
  ) );
#636 = PCURVE('',#587,#637);
#637 = DEFINITIONAL_REPRESENTATION('',(#638),#641);
#638 = B_SPLINE_CURVE_WITH_KNOTS('',1,(#639,#640),.UNSPECIFIED.,.F.,.F.,
  (2,2),(-0.5000006,6.000000057284E-07),.PIECEWISE_BEZIER_KNOTS.);
#639 = CARTESIAN_POINT('',(-5.697499763722,-0.5000006));
#640 = CARTESIAN_POINT('',(-5.697499763722,6.0000000577E-07));
#641 = ( GEOMETRIC_REPRESENTATION_CONTEXT(2) 
PARAMETRIC_REPRESENTATION_CONTEXT() REPRESENTATION_CONTEXT('2D SPACE',''
  ) );
#642 = FACE_BOUND('',#643,.F.);
#643 = EDGE_LOOP('',(#644,#672,#698,#724));
#644 = ORIENTED_EDGE('',*,*,#645,.F.);
#645 = EDGE_CURVE('',#646,#648,#650,.T.);
#646 = VERTEX_POINT('',#647);
#647 = CARTESIAN_POINT('',(64.358128872508,0.,53.651022091322));
#648 = VERTEX_POINT('',#649);
#649 = CARTESIAN_POINT('',(63.420045720544,-2.22044604925E-16,
    52.712938939357));
#650 = SURFACE_CURVE('',#651,(#655,#661),.PCURVE_S1.);
#651 = LINE('',#652,#653);
#652 = CARTESIAN_POINT('',(46.729184719829,0.,36.022077938642));
#653 = VECTOR('',#654,1.);
#654 = DIRECTION('',(-0.707106781187,0.,-0.707106781187));
#655 = PCURVE('',#170,#656);
#656 = DEFINITIONAL_REPRESENTATION('',(#657),#660);
#657 = B_SPLINE_CURVE_WITH_KNOTS('',1,(#658,#659),.UNSPECIFIED.,.F.,.F.,
  (2,2),(-25.46776695296,-23.06776695296),.PIECEWISE_BEZIER_KNOTS.);
#658 = CARTESIAN_POINT('',(50.969491347237,-64.73761543395));
#659 = CARTESIAN_POINT('',(52.666547622084,-63.0405591591));
#660 = ( GEOMETRIC_REPRESENTATION_CONTEXT(2) 
PARAMETRIC_REPRESENTATION_CONTEXT() REPRESENTATION_CONTEXT('2D SPACE',''
  ) );
#661 = PCURVE('',#662,#667);
#662 = PLANE('',#663);
#663 = AXIS2_PLACEMENT_3D('',#664,#665,#666);
#664 = CARTESIAN_POINT('',(35.604816049064,-25.,24.897709267878));
#665 = DIRECTION('',(0.707106781187,0.,-0.707106781187));
#666 = DIRECTION('',(0.707106781187,0.,0.707106781187));
#667 = DEFINITIONAL_REPRESENTATION('',(#668),#671);
#668 = B_SPLINE_CURVE_WITH_KNOTS('',1,(#669,#670),.UNSPECIFIED.,.F.,.F.,
  (2,2),(-25.46776695296,-23.06776695296),.PIECEWISE_BEZIER_KNOTS.);
#669 = CARTESIAN_POINT('',(41.2,-25.));
#670 = CARTESIAN_POINT('',(38.8,-25.));
#671 = ( GEOMETRIC_REPRESENTATION_CONTEXT(2) 
PARAMETRIC_REPRESENTATION_CONTEXT() REPRESENTATION_CONTEXT('2D SPACE',''
  ) );
#672 = ORIENTED_EDGE('',*,*,#673,.T.);
#673 = EDGE_CURVE('',#646,#674,#676,.T.);
#674 = VERTEX_POINT('',#675);
#675 = CARTESIAN_POINT('',(64.004575481915,0.,54.004575481915));
#676 = SURFACE_CURVE('',#677,(#681,#687),.PCURVE_S1.);
#677 = LINE('',#678,#679);
#678 = CARTESIAN_POINT('',(64.004575481915,0.,54.004575481915));
#679 = VECTOR('',#680,1.);
#680 = DIRECTION('',(-0.707106781187,-0.,0.707106781187));
#681 = PCURVE('',#170,#682);
#682 = DEFINITIONAL_REPRESENTATION('',(#683),#686);
#683 = B_SPLINE_CURVE_WITH_KNOTS('',1,(#684,#685),.UNSPECIFIED.,.F.,.F.,
  (2,2),(-0.5000006,5.999999906555E-07),.PIECEWISE_BEZIER_KNOTS.);
#684 = CARTESIAN_POINT('',(51.348978332942,-64.35812929677));
#685 = CARTESIAN_POINT('',(50.995424093821,-64.00457505765));
#686 = ( GEOMETRIC_REPRESENTATION_CONTEXT(2) 
PARAMETRIC_REPRESENTATION_CONTEXT() REPRESENTATION_CONTEXT('2D SPACE',''
  ) );
#687 = PCURVE('',#688,#693);
#688 = CYLINDRICAL_SURFACE('',#689,1.2);
#689 = AXIS2_PLACEMENT_3D('',#690,#691,#692);
#690 = CARTESIAN_POINT('',(63.535533905933,-1.,53.535533905933));
#691 = DIRECTION('',(-0.707106781187,-0.,0.707106781187));
#692 = DIRECTION('',(0.,1.,0.));
#693 = DEFINITIONAL_REPRESENTATION('',(#694),#697);
#694 = B_SPLINE_CURVE_WITH_KNOTS('',1,(#695,#696),.UNSPECIFIED.,.F.,.F.,
  (2,2),(-0.5000006,5.999999906555E-07),.PIECEWISE_BEZIER_KNOTS.);
#695 = CARTESIAN_POINT('',(-0.585685543457,-0.5000006));
#696 = CARTESIAN_POINT('',(-0.585685543457,5.999999956099E-07));
#697 = ( GEOMETRIC_REPRESENTATION_CONTEXT(2) 
PARAMETRIC_REPRESENTATION_CONTEXT() REPRESENTATION_CONTEXT('2D SPACE',''
  ) );
#698 = ORIENTED_EDGE('',*,*,#699,.T.);
#699 = EDGE_CURVE('',#674,#700,#702,.T.);
#700 = VERTEX_POINT('',#701);
#701 = CARTESIAN_POINT('',(63.06649232995,-2.22044604925E-16,
    53.06649232995));
#702 = SURFACE_CURVE('',#703,(#707,#713),.PCURVE_S1.);
#703 = LINE('',#704,#705);
#704 = CARTESIAN_POINT('',(46.375631329235,0.,36.375631329235));
#705 = VECTOR('',#706,1.);
#706 = DIRECTION('',(-0.707106781187,0.,-0.707106781187));
#707 = PCURVE('',#170,#708);
#708 = DEFINITIONAL_REPRESENTATION('',(#709),#712);
#709 = B_SPLINE_CURVE_WITH_KNOTS('',1,(#710,#711),.UNSPECIFIED.,.F.,.F.,
  (2,2),(-25.46776695296,-23.06776695296),.PIECEWISE_BEZIER_KNOTS.);
#710 = CARTESIAN_POINT('',(50.615937956643,-64.38406204335));
#711 = CARTESIAN_POINT('',(52.312994231491,-62.6870057685));
#712 = ( GEOMETRIC_REPRESENTATION_CONTEXT(2) 
PARAMETRIC_REPRESENTATION_CONTEXT() REPRESENTATION_CONTEXT('2D SPACE',''
  ) );
#713 = PCURVE('',#714,#719);
#714 = PLANE('',#715);
#715 = AXIS2_PLACEMENT_3D('',#716,#717,#718);
#716 = CARTESIAN_POINT('',(35.251262658471,-25.,25.251262658471));
#717 = DIRECTION('',(0.707106781187,0.,-0.707106781187));
#718 = DIRECTION('',(0.707106781187,0.,0.707106781187));
#719 = DEFINITIONAL_REPRESENTATION('',(#720),#723);
#720 = B_SPLINE_CURVE_WITH_KNOTS('',1,(#721,#722),.UNSPECIFIED.,.F.,.F.,
  (2,2),(-25.46776695296,-23.06776695296),.PIECEWISE_BEZIER_KNOTS.);
#721 = CARTESIAN_POINT('',(41.2,-25.));
#722 = CARTESIAN_POINT('',(38.8,-25.));
#723 = ( GEOMETRIC_REPRESENTATION_CONTEXT(2) 
PARAMETRIC_REPRESENTATION_CONTEXT() REPRESENTATION_CONTEXT('2D SPACE',''
  ) );
#724 = ORIENTED_EDGE('',*,*,#725,.F.);
#725 = EDGE_CURVE('',#648,#700,#726,.T.);
#726 = SURFACE_CURVE('',#727,(#731,#737),.PCURVE_S1.);
#727 = LINE('',#728,#729);
#728 = CARTESIAN_POINT('',(63.06649232995,0.,53.06649232995));
#729 = VECTOR('',#730,1.);
#730 = DIRECTION('',(-0.707106781187,-0.,0.707106781187));
#731 = PCURVE('',#170,#732);
#732 = DEFINITIONAL_REPRESENTATION('',(#733),#736);
#733 = B_SPLINE_CURVE_WITH_KNOTS('',1,(#734,#735),.UNSPECIFIED.,.F.,.F.,
  (2,2),(-0.5000006,6.000000007041E-07),.PIECEWISE_BEZIER_KNOTS.);
#734 = CARTESIAN_POINT('',(52.287061484907,-63.4200461448));
#735 = CARTESIAN_POINT('',(51.933507245786,-63.06649190568));
#736 = ( GEOMETRIC_REPRESENTATION_CONTEXT(2) 
PARAMETRIC_REPRESENTATION_CONTEXT() REPRESENTATION_CONTEXT('2D SPACE',''
  ) );
#737 = PCURVE('',#688,#738);
#738 = DEFINITIONAL_REPRESENTATION('',(#739),#742);
#739 = B_SPLINE_CURVE_WITH_KNOTS('',1,(#740,#741),.UNSPECIFIED.,.F.,.F.,
  (2,2),(-0.5000006,6.000000007041E-07),.PIECEWISE_BEZIER_KNOTS.);
#740 = CARTESIAN_POINT('',(-5.697499763722,-0.5000006));
#741 = CARTESIAN_POINT('',(-5.697499763722,6.000000007458E-07));
#742 = ( GEOMETRIC_REPRESENTATION_CONTEXT(2) 
PARAMETRIC_REPRESENTATION_CONTEXT() REPRESENTATION_CONTEXT('2D SPACE',''
  ) );
#743 = FACE_BOUND('',#744,.F.);
#744 = EDGE_LOOP('',(#745,#773,#799,#825));
#745 = ORIENTED_EDGE('',*,*,#746,.F.);
#746 = EDGE_CURVE('',#747,#749,#751,.T.);
#747 = VERTEX_POINT('',#748);
#748 = CARTESIAN_POINT('',(58.701274623016,0.,47.994167841829));
#749 = VERTEX_POINT('',#750);
#750 = CARTESIAN_POINT('',(57.763191471051,-2.22044604925E-16,
    47.056084689865));
#751 = SURFACE_CURVE('',#752,(#756,#762),.PCURVE_S1.);
#752 = LINE('',#753,#754);
#753 = CARTESIAN_POINT('',(46.729184719829,0.,36.022077938642));
#754 = VECTOR('',#755,1.);
#755 = DIRECTION('',(-0.707106781187,0.,-0.707106781187));
#756 = PCURVE('',#170,#757);
#757 = DEFINITIONAL_REPRESENTATION('',(#758),#761);
#758 = B_SPLINE_CURVE_WITH_KNOTS('',1,(#759,#760),.UNSPECIFIED.,.F.,.F.,
  (2,2),(-17.46776695296,-15.06776695296),.PIECEWISE_BEZIER_KNOTS.);
#759 = CARTESIAN_POINT('',(56.626345596729,-59.08076118445));
#760 = CARTESIAN_POINT('',(58.323401871577,-57.38370490961));
#761 = ( GEOMETRIC_REPRESENTATION_CONTEXT(2) 
PARAMETRIC_REPRESENTATION_CONTEXT() REPRESENTATION_CONTEXT('2D SPACE',''
  ) );
#762 = PCURVE('',#763,#768);
#763 = PLANE('',#764);
#764 = AXIS2_PLACEMENT_3D('',#765,#766,#767);
#765 = CARTESIAN_POINT('',(35.604816049064,-25.,24.897709267878));
#766 = DIRECTION('',(0.707106781187,0.,-0.707106781187));
#767 = DIRECTION('',(0.707106781187,0.,0.707106781187));
#768 = DEFINITIONAL_REPRESENTATION('',(#769),#772);
#769 = B_SPLINE_CURVE_WITH_KNOTS('',1,(#770,#771),.UNSPECIFIED.,.F.,.F.,
  (2,2),(-17.46776695296,-15.06776695296),.PIECEWISE_BEZIER_KNOTS.);
#770 = CARTESIAN_POINT('',(33.2,-25.));
#771 = CARTESIAN_POINT('',(30.8,-25.));
#772 = ( GEOMETRIC_REPRESENTATION_CONTEXT(2) 
PARAMETRIC_REPRESENTATION_CONTEXT() REPRESENTATION_CONTEXT('2D SPACE',''
  ) );
#773 = ORIENTED_EDGE('',*,*,#774,.T.);
#774 = EDGE_CURVE('',#747,#775,#777,.T.);
#775 = VERTEX_POINT('',#776);
#776 = CARTESIAN_POINT('',(58.347721232423,0.,48.347721232423));
#777 = SURFACE_CURVE('',#778,(#782,#788),.PCURVE_S1.);
#778 = LINE('',#779,#780);
#779 = CARTESIAN_POINT('',(58.347721232423,0.,48.347721232423));
#780 = VECTOR('',#781,1.);
#781 = DIRECTION('',(-0.707106781187,-0.,0.707106781187));
#782 = PCURVE('',#170,#783);
#783 = DEFINITIONAL_REPRESENTATION('',(#784),#787);
#784 = B_SPLINE_CURVE_WITH_KNOTS('',1,(#785,#786),.UNSPECIFIED.,.F.,.F.,
  (2,2),(-0.5000006,6.000000007041E-07),.PIECEWISE_BEZIER_KNOTS.);
#785 = CARTESIAN_POINT('',(57.005832582435,-58.70127504728));
#786 = CARTESIAN_POINT('',(56.652278343313,-58.34772080815));
#787 = ( GEOMETRIC_REPRESENTATION_CONTEXT(2) 
PARAMETRIC_REPRESENTATION_CONTEXT() REPRESENTATION_CONTEXT('2D SPACE',''
  ) );
#788 = PCURVE('',#789,#794);
#789 = CYLINDRICAL_SURFACE('',#790,1.2);
#790 = AXIS2_PLACEMENT_3D('',#791,#792,#793);
#791 = CARTESIAN_POINT('',(57.87867965644,-1.,47.87867965644));
#792 = DIRECTION('',(-0.707106781187,-0.,0.707106781187));
#793 = DIRECTION('',(0.,1.,0.));
#794 = DEFINITIONAL_REPRESENTATION('',(#795),#798);
#795 = B_SPLINE_CURVE_WITH_KNOTS('',1,(#796,#797),.UNSPECIFIED.,.F.,.F.,
  (2,2),(-0.5000006,6.000000007041E-07),.PIECEWISE_BEZIER_KNOTS.);
#796 = CARTESIAN_POINT('',(-0.585685543457,-0.5000006));
#797 = CARTESIAN_POINT('',(-0.585685543457,6.000000006625E-07));
#798 = ( GEOMETRIC_REPRESENTATION_CONTEXT(2) 
PARAMETRIC_REPRESENTATION_CONTEXT() REPRESENTATION_CONTEXT('2D SPACE',''
  ) );
#799 = ORIENTED_EDGE('',*,*,#800,.T.);
#800 = EDGE_CURVE('',#775,#801,#803,.T.);
#801 = VERTEX_POINT('',#802);
#802 = CARTESIAN_POINT('',(57.409638080458,-2.22044604925E-16,
    47.409638080458));
#803 = SURFACE_CURVE('',#804,(#808,#814),.PCURVE_S1.);
#804 = LINE('',#805,#806);
#805 = CARTESIAN_POINT('',(46.375631329235,0.,36.375631329235));
#806 = VECTOR('',#807,1.);
#807 = DIRECTION('',(-0.707106781187,0.,-0.707106781187));
#808 = PCURVE('',#170,#809);
#809 = DEFINITIONAL_REPRESENTATION('',(#810),#813);
#810 = B_SPLINE_CURVE_WITH_KNOTS('',1,(#811,#812),.UNSPECIFIED.,.F.,.F.,
  (2,2),(-17.46776695296,-15.06776695296),.PIECEWISE_BEZIER_KNOTS.);
#811 = CARTESIAN_POINT('',(56.272792206136,-58.72720779386));
#812 = CARTESIAN_POINT('',(57.969848480984,-57.03015151901));
#813 = ( GEOMETRIC_REPRESENTATION_CONTEXT(2) 
PARAMETRIC_REPRESENTATION_CONTEXT() REPRESENTATION_CONTEXT('2D SPACE',''
  ) );
#814 = PCURVE('',#815,#820);
#815 = PLANE('',#816);
#816 = AXIS2_PLACEMENT_3D('',#817,#818,#819);
#817 = CARTESIAN_POINT('',(35.251262658471,-25.,25.251262658471));
#818 = DIRECTION('',(0.707106781187,0.,-0.707106781187));
#819 = DIRECTION('',(0.707106781187,0.,0.707106781187));
#820 = DEFINITIONAL_REPRESENTATION('',(#821),#824);
#821 = B_SPLINE_CURVE_WITH_KNOTS('',1,(#822,#823),.UNSPECIFIED.,.F.,.F.,
  (2,2),(-17.46776695296,-15.06776695296),.PIECEWISE_BEZIER_KNOTS.);
#822 = CARTESIAN_POINT('',(33.2,-25.));
#823 = CARTESIAN_POINT('',(30.8,-25.));
#824 = ( GEOMETRIC_REPRESENTATION_CONTEXT(2) 
PARAMETRIC_REPRESENTATION_CONTEXT() REPRESENTATION_CONTEXT('2D SPACE',''
  ) );
#825 = ORIENTED_EDGE('',*,*,#826,.F.);
#826 = EDGE_CURVE('',#749,#801,#827,.T.);
#827 = SURFACE_CURVE('',#828,(#832,#838),.PCURVE_S1.);
#828 = LINE('',#829,#830);
#829 = CARTESIAN_POINT('',(57.409638080458,0.,47.409638080458));
#830 = VECTOR('',#831,1.);
#831 = DIRECTION('',(-0.707106781187,-0.,0.707106781187));
#832 = PCURVE('',#170,#833);
#833 = DEFINITIONAL_REPRESENTATION('',(#834),#837);
#834 = B_SPLINE_CURVE_WITH_KNOTS('',1,(#835,#836),.UNSPECIFIED.,.F.,.F.,
  (2,2),(-0.5000006,6.000000007041E-07),.PIECEWISE_BEZIER_KNOTS.);
#835 = CARTESIAN_POINT('',(57.943915734399,-57.76319189531));
#836 = CARTESIAN_POINT('',(57.590361495278,-57.40963765619));
#837 = ( GEOMETRIC_REPRESENTATION_CONTEXT(2) 
PARAMETRIC_REPRESENTATION_CONTEXT() REPRESENTATION_CONTEXT('2D SPACE',''
  ) );
#838 = PCURVE('',#789,#839);
#839 = DEFINITIONAL_REPRESENTATION('',(#840),#843);
#840 = B_SPLINE_CURVE_WITH_KNOTS('',1,(#841,#842),.UNSPECIFIED.,.F.,.F.,
  (2,2),(-0.5000006,6.000000007041E-07),.PIECEWISE_BEZIER_KNOTS.);
#841 = CARTESIAN_POINT('',(-5.697499763722,-0.5000006));
#842 = CARTESIAN_POINT('',(-5.697499763722,6.000000007458E-07));
#843 = ( GEOMETRIC_REPRESENTATION_CONTEXT(2) 
PARAMETRIC_REPRESENTATION_CONTEXT() REPRESENTATION_CONTEXT('2D SPACE',''
  ) );
#844 = FACE_BOUND('',#845,.F.);
#845 = EDGE_LOOP('',(#846,#874,#900,#926));
#846 = ORIENTED_EDGE('',*,*,#847,.F.);
#847 = EDGE_CURVE('',#848,#850,#852,.T.);
#848 = VERTEX_POINT('',#849);
#849 = CARTESIAN_POINT('',(53.044420373524,0.,42.337313592337));
#850 = VERTEX_POINT('',#851);
#851 = CARTESIAN_POINT('',(52.106337221559,-2.22044604925E-16,
    41.399230440372));
#852 = SURFACE_CURVE('',#853,(#857,#863),.PCURVE_S1.);
#853 = LINE('',#854,#855);
#854 = CARTESIAN_POINT('',(46.729184719829,0.,36.022077938642));
#855 = VECTOR('',#856,1.);
#856 = DIRECTION('',(-0.707106781187,0.,-0.707106781187));
#857 = PCURVE('',#170,#858);
#858 = DEFINITIONAL_REPRESENTATION('',(#859),#862);
#859 = B_SPLINE_CURVE_WITH_KNOTS('',1,(#860,#861),.UNSPECIFIED.,.F.,.F.,
  (2,2),(-9.467766952966,-7.067766952966),.PIECEWISE_BEZIER_KNOTS.);
#860 = CARTESIAN_POINT('',(62.283199846221,-53.42390693496));
#861 = CARTESIAN_POINT('',(63.980256121069,-51.72685066011));
#862 = ( GEOMETRIC_REPRESENTATION_CONTEXT(2) 
PARAMETRIC_REPRESENTATION_CONTEXT() REPRESENTATION_CONTEXT('2D SPACE',''
  ) );
#863 = PCURVE('',#864,#869);
#864 = PLANE('',#865);
#865 = AXIS2_PLACEMENT_3D('',#866,#867,#868);
#866 = CARTESIAN_POINT('',(35.604816049064,-25.,24.897709267878));
#867 = DIRECTION('',(0.707106781187,0.,-0.707106781187));
#868 = DIRECTION('',(0.707106781187,0.,0.707106781187));
#869 = DEFINITIONAL_REPRESENTATION('',(#870),#873);
#870 = B_SPLINE_CURVE_WITH_KNOTS('',1,(#871,#872),.UNSPECIFIED.,.F.,.F.,
  (2,2),(-9.467766952966,-7.067766952966),.PIECEWISE_BEZIER_KNOTS.);
#871 = CARTESIAN_POINT('',(25.2,-25.));
#872 = CARTESIAN_POINT('',(22.8,-25.));
#873 = ( GEOMETRIC_REPRESENTATION_CONTEXT(2) 
PARAMETRIC_REPRESENTATION_CONTEXT() REPRESENTATION_CONTEXT('2D SPACE',''
  ) );
#874 = ORIENTED_EDGE('',*,*,#875,.T.);
#875 = EDGE_CURVE('',#848,#876,#878,.T.);
#876 = VERTEX_POINT('',#877);
#877 = CARTESIAN_POINT('',(52.69086698293,0.,42.69086698293));
#878 = SURFACE_CURVE('',#879,(#883,#889),.PCURVE_S1.);
#879 = LINE('',#880,#881);
#880 = CARTESIAN_POINT('',(52.69086698293,0.,42.69086698293));
#881 = VECTOR('',#882,1.);
#882 = DIRECTION('',(-0.707106781187,-0.,0.707106781187));
#883 = PCURVE('',#170,#884);
#884 = DEFINITIONAL_REPRESENTATION('',(#885),#888);
#885 = B_SPLINE_CURVE_WITH_KNOTS('',1,(#886,#887),.UNSPECIFIED.,.F.,.F.,
  (2,2),(-0.5000006,6.000000007041E-07),.PIECEWISE_BEZIER_KNOTS.);
#886 = CARTESIAN_POINT('',(62.662686831927,-53.04442079778));
#887 = CARTESIAN_POINT('',(62.309132592806,-52.69086655866));
#888 = ( GEOMETRIC_REPRESENTATION_CONTEXT(2) 
PARAMETRIC_REPRESENTATION_CONTEXT() REPRESENTATION_CONTEXT('2D SPACE',''
  ) );
#889 = PCURVE('',#890,#895);
#890 = CYLINDRICAL_SURFACE('',#891,1.2);
#891 = AXIS2_PLACEMENT_3D('',#892,#893,#894);
#892 = CARTESIAN_POINT('',(52.221825406948,-1.,42.221825406948));
#893 = DIRECTION('',(-0.707106781187,-0.,0.707106781187));
#894 = DIRECTION('',(0.,1.,0.));
#895 = DEFINITIONAL_REPRESENTATION('',(#896),#899);
#896 = B_SPLINE_CURVE_WITH_KNOTS('',1,(#897,#898),.UNSPECIFIED.,.F.,.F.,
  (2,2),(-0.5000006,6.000000007041E-07),.PIECEWISE_BEZIER_KNOTS.);
#897 = CARTESIAN_POINT('',(-0.585685543457,-0.5000006));
#898 = CARTESIAN_POINT('',(-0.585685543457,6.000000006625E-07));
#899 = ( GEOMETRIC_REPRESENTATION_CONTEXT(2) 
PARAMETRIC_REPRESENTATION_CONTEXT() REPRESENTATION_CONTEXT('2D SPACE',''
  ) );
#900 = ORIENTED_EDGE('',*,*,#901,.T.);
#901 = EDGE_CURVE('',#876,#902,#904,.T.);
#902 = VERTEX_POINT('',#903);
#903 = CARTESIAN_POINT('',(51.752783830966,-2.22044604925E-16,
    41.752783830966));
#904 = SURFACE_CURVE('',#905,(#909,#915),.PCURVE_S1.);
#905 = LINE('',#906,#907);
#906 = CARTESIAN_POINT('',(46.375631329235,0.,36.375631329235));
#907 = VECTOR('',#908,1.);
#908 = DIRECTION('',(-0.707106781187,0.,-0.707106781187));
#909 = PCURVE('',#170,#910);
#910 = DEFINITIONAL_REPRESENTATION('',(#911),#914);
#911 = B_SPLINE_CURVE_WITH_KNOTS('',1,(#912,#913),.UNSPECIFIED.,.F.,.F.,
  (2,2),(-9.467766952966,-7.067766952966),.PIECEWISE_BEZIER_KNOTS.);
#912 = CARTESIAN_POINT('',(61.929646455628,-53.07035354437));
#913 = CARTESIAN_POINT('',(63.626702730476,-51.37329726952));
#914 = ( GEOMETRIC_REPRESENTATION_CONTEXT(2) 
PARAMETRIC_REPRESENTATION_CONTEXT() REPRESENTATION_CONTEXT('2D SPACE',''
  ) );
#915 = PCURVE('',#916,#921);
#916 = PLANE('',#917);
#917 = AXIS2_PLACEMENT_3D('',#918,#919,#920);
#918 = CARTESIAN_POINT('',(35.251262658471,-25.,25.251262658471));
#919 = DIRECTION('',(0.707106781187,0.,-0.707106781187));
#920 = DIRECTION('',(0.707106781187,0.,0.707106781187));
#921 = DEFINITIONAL_REPRESENTATION('',(#922),#925);
#922 = B_SPLINE_CURVE_WITH_KNOTS('',1,(#923,#924),.UNSPECIFIED.,.F.,.F.,
  (2,2),(-9.467766952966,-7.067766952966),.PIECEWISE_BEZIER_KNOTS.);
#923 = CARTESIAN_POINT('',(25.2,-25.));
#924 = CARTESIAN_POINT('',(22.8,-25.));
#925 = ( GEOMETRIC_REPRESENTATION_CONTEXT(2) 
PARAMETRIC_REPRESENTATION_CONTEXT() REPRESENTATION_CONTEXT('2D SPACE',''
  ) );
#926 = ORIENTED_EDGE('',*,*,#927,.F.);
#927 = EDGE_CURVE('',#850,#902,#928,.T.);
#928 = SURFACE_CURVE('',#929,(#933,#939),.PCURVE_S1.);
#929 = LINE('',#930,#931);
#930 = CARTESIAN_POINT('',(51.752783830966,0.,41.752783830966));
#931 = VECTOR('',#932,1.);
#932 = DIRECTION('',(-0.707106781187,-0.,0.707106781187));
#933 = PCURVE('',#170,#934);
#934 = DEFINITIONAL_REPRESENTATION('',(#935),#938);
#935 = B_SPLINE_CURVE_WITH_KNOTS('',1,(#936,#937),.UNSPECIFIED.,.F.,.F.,
  (2,2),(-0.5000006,6.000000007041E-07),.PIECEWISE_BEZIER_KNOTS.);
#936 = CARTESIAN_POINT('',(63.600769983892,-52.10633764582));
#937 = CARTESIAN_POINT('',(63.24721574477,-51.7527834067));
#938 = ( GEOMETRIC_REPRESENTATION_CONTEXT(2) 
PARAMETRIC_REPRESENTATION_CONTEXT() REPRESENTATION_CONTEXT('2D SPACE',''
  ) );
#939 = PCURVE('',#890,#940);
#940 = DEFINITIONAL_REPRESENTATION('',(#941),#944);
#941 = B_SPLINE_CURVE_WITH_KNOTS('',1,(#942,#943),.UNSPECIFIED.,.F.,.F.,
  (2,2),(-0.5000006,6.000000007041E-07),.PIECEWISE_BEZIER_KNOTS.);
#942 = CARTESIAN_POINT('',(-5.697499763722,-0.5000006));
#943 = CARTESIAN_POINT('',(-5.697499763722,6.000000007458E-07));
#944 = ( GEOMETRIC_REPRESENTATION_CONTEXT(2) 
PARAMETRIC_REPRESENTATION_CONTEXT() REPRESENTATION_CONTEXT('2D SPACE',''
  ) );
#945 = FACE_BOUND('',#946,.F.);
#946 = EDGE_LOOP('',(#947,#975,#1001,#1027));
#947 = ORIENTED_EDGE('',*,*,#948,.F.);
#948 = EDGE_CURVE('',#949,#951,#953,.T.);
#949 = VERTEX_POINT('',#950);
#950 = CARTESIAN_POINT('',(47.387566124031,0.,36.680459342845));
#951 = VERTEX_POINT('',#952);
#952 = CARTESIAN_POINT('',(46.449482972067,-2.22044604925E-16,
    35.74237619088));
#953 = SURFACE_CURVE('',#954,(#958,#964),.PCURVE_S1.);
#954 = LINE('',#955,#956);
#955 = CARTESIAN_POINT('',(46.729184719829,0.,36.022077938642));
#956 = VECTOR('',#957,1.);
#957 = DIRECTION('',(-0.707106781187,0.,-0.707106781187));
#958 = PCURVE('',#170,#959);
#959 = DEFINITIONAL_REPRESENTATION('',(#960),#963);
#960 = B_SPLINE_CURVE_WITH_KNOTS('',1,(#961,#962),.UNSPECIFIED.,.F.,.F.,
  (2,2),(-1.467766952966,0.932233047034),.PIECEWISE_BEZIER_KNOTS.);
#961 = CARTESIAN_POINT('',(67.940054095714,-47.76705268547));
#962 = CARTESIAN_POINT('',(69.637110370562,-46.06999641062));
#963 = ( GEOMETRIC_REPRESENTATION_CONTEXT(2) 
PARAMETRIC_REPRESENTATION_CONTEXT() REPRESENTATION_CONTEXT('2D SPACE',''
  ) );
#964 = PCURVE('',#965,#970);
#965 = PLANE('',#966);
#966 = AXIS2_PLACEMENT_3D('',#967,#968,#969);
#967 = CARTESIAN_POINT('',(35.604816049064,-25.,24.897709267878));
#968 = DIRECTION('',(0.707106781187,0.,-0.707106781187));
#969 = DIRECTION('',(0.707106781187,0.,0.707106781187));
#970 = DEFINITIONAL_REPRESENTATION('',(#971),#974);
#971 = B_SPLINE_CURVE_WITH_KNOTS('',1,(#972,#973),.UNSPECIFIED.,.F.,.F.,
  (2,2),(-1.467766952966,0.932233047034),.PIECEWISE_BEZIER_KNOTS.);
#972 = CARTESIAN_POINT('',(17.2,-25.));
#973 = CARTESIAN_POINT('',(14.8,-25.));
#974 = ( GEOMETRIC_REPRESENTATION_CONTEXT(2) 
PARAMETRIC_REPRESENTATION_CONTEXT() REPRESENTATION_CONTEXT('2D SPACE',''
  ) );
#975 = ORIENTED_EDGE('',*,*,#976,.T.);
#976 = EDGE_CURVE('',#949,#977,#979,.T.);
#977 = VERTEX_POINT('',#978);
#978 = CARTESIAN_POINT('',(47.034012733438,0.,37.034012733438));
#979 = SURFACE_CURVE('',#980,(#984,#990),.PCURVE_S1.);
#980 = LINE('',#981,#982);
#981 = CARTESIAN_POINT('',(47.034012733438,0.,37.034012733438));
#982 = VECTOR('',#983,1.);
#983 = DIRECTION('',(-0.707106781187,-0.,0.707106781187));
#984 = PCURVE('',#170,#985);
#985 = DEFINITIONAL_REPRESENTATION('',(#986),#989);
#986 = B_SPLINE_CURVE_WITH_KNOTS('',1,(#987,#988),.UNSPECIFIED.,.F.,.F.,
  (2,2),(-0.5000006,6.000000007041E-07),.PIECEWISE_BEZIER_KNOTS.);
#987 = CARTESIAN_POINT('',(68.319541081419,-47.38756654829));
#988 = CARTESIAN_POINT('',(67.965986842298,-47.03401230917));
#989 = ( GEOMETRIC_REPRESENTATION_CONTEXT(2) 
PARAMETRIC_REPRESENTATION_CONTEXT() REPRESENTATION_CONTEXT('2D SPACE',''
  ) );
#990 = PCURVE('',#991,#996);
#991 = CYLINDRICAL_SURFACE('',#992,1.2);
#992 = AXIS2_PLACEMENT_3D('',#993,#994,#995);
#993 = CARTESIAN_POINT('',(46.564971157456,-1.,36.564971157456));
#994 = DIRECTION('',(-0.707106781187,-0.,0.707106781187));
#995 = DIRECTION('',(0.,1.,0.));
#996 = DEFINITIONAL_REPRESENTATION('',(#997),#1000);
#997 = B_SPLINE_CURVE_WITH_KNOTS('',1,(#998,#999),.UNSPECIFIED.,.F.,.F.,
  (2,2),(-0.5000006,6.000000007041E-07),.PIECEWISE_BEZIER_KNOTS.);
#998 = CARTESIAN_POINT('',(-0.585685543457,-0.5000006));
#999 = CARTESIAN_POINT('',(-0.585685543457,6.000000006625E-07));
#1000 = ( GEOMETRIC_REPRESENTATION_CONTEXT(2) 
PARAMETRIC_REPRESENTATION_CONTEXT() REPRESENTATION_CONTEXT('2D SPACE',''
  ) );
#1001 = ORIENTED_EDGE('',*,*,#1002,.T.);
#1002 = EDGE_CURVE('',#977,#1003,#1005,.T.);
#1003 = VERTEX_POINT('',#1004);
#1004 = CARTESIAN_POINT('',(46.095929581473,-2.22044604925E-16,
    36.095929581473));
#1005 = SURFACE_CURVE('',#1006,(#1010,#1016),.PCURVE_S1.);
#1006 = LINE('',#1007,#1008);
#1007 = CARTESIAN_POINT('',(46.375631329235,0.,36.375631329235));
#1008 = VECTOR('',#1009,1.);
#1009 = DIRECTION('',(-0.707106781187,0.,-0.707106781187));
#1010 = PCURVE('',#170,#1011);
#1011 = DEFINITIONAL_REPRESENTATION('',(#1012),#1015);
#1012 = B_SPLINE_CURVE_WITH_KNOTS('',1,(#1013,#1014),.UNSPECIFIED.,.F.,
  .F.,(2,2),(-1.467766952966,0.932233047034),.PIECEWISE_BEZIER_KNOTS.);
#1013 = CARTESIAN_POINT('',(67.586500705121,-47.41349929487));
#1014 = CARTESIAN_POINT('',(69.283556979968,-45.71644302003));
#1015 = ( GEOMETRIC_REPRESENTATION_CONTEXT(2) 
PARAMETRIC_REPRESENTATION_CONTEXT() REPRESENTATION_CONTEXT('2D SPACE',''
  ) );
#1016 = PCURVE('',#1017,#1022);
#1017 = PLANE('',#1018);
#1018 = AXIS2_PLACEMENT_3D('',#1019,#1020,#1021);
#1019 = CARTESIAN_POINT('',(35.251262658471,-25.,25.251262658471));
#1020 = DIRECTION('',(0.707106781187,0.,-0.707106781187));
#1021 = DIRECTION('',(0.707106781187,0.,0.707106781187));
#1022 = DEFINITIONAL_REPRESENTATION('',(#1023),#1026);
#1023 = B_SPLINE_CURVE_WITH_KNOTS('',1,(#1024,#1025),.UNSPECIFIED.,.F.,
  .F.,(2,2),(-1.467766952966,0.932233047034),.PIECEWISE_BEZIER_KNOTS.);
#1024 = CARTESIAN_POINT('',(17.2,-25.));
#1025 = CARTESIAN_POINT('',(14.8,-25.));
#1026 = ( GEOMETRIC_REPRESENTATION_CONTEXT(2) 
PARAMETRIC_REPRESENTATION_CONTEXT() REPRESENTATION_CONTEXT('2D SPACE',''
  ) );
#1027 = ORIENTED_EDGE('',*,*,#1028,.F.);
#1028 = EDGE_CURVE('',#951,#1003,#1029,.T.);
#1029 = SURFACE_CURVE('',#1030,(#1034,#1040),.PCURVE_S1.);
#1030 = LINE('',#1031,#1032);
#1031 = CARTESIAN_POINT('',(46.095929581473,0.,36.095929581473));
#1032 = VECTOR('',#1033,1.);
#1033 = DIRECTION('',(-0.707106781187,-0.,0.707106781187));
#1034 = PCURVE('',#170,#1035);
#1035 = DEFINITIONAL_REPRESENTATION('',(#1036),#1039);
#1036 = B_SPLINE_CURVE_WITH_KNOTS('',1,(#1037,#1038),.UNSPECIFIED.,.F.,
  .F.,(2,2),(-0.5000006,6.000000007041E-07),.PIECEWISE_BEZIER_KNOTS.);
#1037 = CARTESIAN_POINT('',(69.257624233384,-46.44948339633));
#1038 = CARTESIAN_POINT('',(68.904069994263,-46.0959291572));
#1039 = ( GEOMETRIC_REPRESENTATION_CONTEXT(2) 
PARAMETRIC_REPRESENTATION_CONTEXT() REPRESENTATION_CONTEXT('2D SPACE',''
  ) );
#1040 = PCURVE('',#991,#1041);
#1041 = DEFINITIONAL_REPRESENTATION('',(#1042),#1045);
#1042 = B_SPLINE_CURVE_WITH_KNOTS('',1,(#1043,#1044),.UNSPECIFIED.,.F.,
  .F.,(2,2),(-0.5000006,6.000000007041E-07),.PIECEWISE_BEZIER_KNOTS.);
#1043 = CARTESIAN_POINT('',(-5.697499763722,-0.5000006));
#1044 = CARTESIAN_POINT('',(-5.697499763722,6.000000007458E-07));
#1045 = ( GEOMETRIC_REPRESENTATION_CONTEXT(2) 
PARAMETRIC_REPRESENTATION_CONTEXT() REPRESENTATION_CONTEXT('2D SPACE',''
  ) );
#1046 = FACE_BOUND('',#1047,.F.);
#1047 = EDGE_LOOP('',(#1048,#1076,#1102,#1128));
#1048 = ORIENTED_EDGE('',*,*,#1049,.F.);
#1049 = EDGE_CURVE('',#1050,#1052,#1054,.T.);
#1050 = VERTEX_POINT('',#1051);
#1051 = CARTESIAN_POINT('',(41.730711874539,0.,31.023605093352));
#1052 = VERTEX_POINT('',#1053);
#1053 = CARTESIAN_POINT('',(40.792628722574,-2.22044604925E-16,
    30.085521941388));
#1054 = SURFACE_CURVE('',#1055,(#1059,#1065),.PCURVE_S1.);
#1055 = LINE('',#1056,#1057);
#1056 = CARTESIAN_POINT('',(46.729184719829,0.,36.022077938642));
#1057 = VECTOR('',#1058,1.);
#1058 = DIRECTION('',(-0.707106781187,0.,-0.707106781187));
#1059 = PCURVE('',#170,#1060);
#1060 = DEFINITIONAL_REPRESENTATION('',(#1061),#1064);
#1061 = B_SPLINE_CURVE_WITH_KNOTS('',1,(#1062,#1063),.UNSPECIFIED.,.F.,
  .F.,(2,2),(6.532233047034,8.932233047034),.PIECEWISE_BEZIER_KNOTS.);
#1062 = CARTESIAN_POINT('',(73.596908345206,-42.11019843598));
#1063 = CARTESIAN_POINT('',(75.293964620054,-40.41314216113));
#1064 = ( GEOMETRIC_REPRESENTATION_CONTEXT(2) 
PARAMETRIC_REPRESENTATION_CONTEXT() REPRESENTATION_CONTEXT('2D SPACE',''
  ) );
#1065 = PCURVE('',#1066,#1071);
#1066 = PLANE('',#1067);
#1067 = AXIS2_PLACEMENT_3D('',#1068,#1069,#1070);
#1068 = CARTESIAN_POINT('',(35.604816049064,-25.,24.897709267878));
#1069 = DIRECTION('',(0.707106781187,0.,-0.707106781187));
#1070 = DIRECTION('',(0.707106781187,0.,0.707106781187));
#1071 = DEFINITIONAL_REPRESENTATION('',(#1072),#1075);
#1072 = B_SPLINE_CURVE_WITH_KNOTS('',1,(#1073,#1074),.UNSPECIFIED.,.F.,
  .F.,(2,2),(6.532233047034,8.932233047034),.PIECEWISE_BEZIER_KNOTS.);
#1073 = CARTESIAN_POINT('',(9.2,-25.));
#1074 = CARTESIAN_POINT('',(6.8,-25.));
#1075 = ( GEOMETRIC_REPRESENTATION_CONTEXT(2) 
PARAMETRIC_REPRESENTATION_CONTEXT() REPRESENTATION_CONTEXT('2D SPACE',''
  ) );
#1076 = ORIENTED_EDGE('',*,*,#1077,.T.);
#1077 = EDGE_CURVE('',#1050,#1078,#1080,.T.);
#1078 = VERTEX_POINT('',#1079);
#1079 = CARTESIAN_POINT('',(41.377158483946,0.,31.377158483946));
#1080 = SURFACE_CURVE('',#1081,(#1085,#1091),.PCURVE_S1.);
#1081 = LINE('',#1082,#1083);
#1082 = CARTESIAN_POINT('',(41.377158483946,0.,31.377158483946));
#1083 = VECTOR('',#1084,1.);
#1084 = DIRECTION('',(-0.707106781187,-0.,0.707106781187));
#1085 = PCURVE('',#170,#1086);
#1086 = DEFINITIONAL_REPRESENTATION('',(#1087),#1090);
#1087 = B_SPLINE_CURVE_WITH_KNOTS('',1,(#1088,#1089),.UNSPECIFIED.,.F.,
  .F.,(2,2),(-0.5000006,6.000000032163E-07),.PIECEWISE_BEZIER_KNOTS.);
#1088 = CARTESIAN_POINT('',(73.976395330912,-41.7307122988));
#1089 = CARTESIAN_POINT('',(73.62284109179,-41.37715805968));
#1090 = ( GEOMETRIC_REPRESENTATION_CONTEXT(2) 
PARAMETRIC_REPRESENTATION_CONTEXT() REPRESENTATION_CONTEXT('2D SPACE',''
  ) );
#1091 = PCURVE('',#1092,#1097);
#1092 = CYLINDRICAL_SURFACE('',#1093,1.2);
#1093 = AXIS2_PLACEMENT_3D('',#1094,#1095,#1096);
#1094 = CARTESIAN_POINT('',(40.908116907963,-1.,30.908116907963));
#1095 = DIRECTION('',(-0.707106781187,-0.,0.707106781187));
#1096 = DIRECTION('',(0.,1.,0.));
#1097 = DEFINITIONAL_REPRESENTATION('',(#1098),#1101);
#1098 = B_SPLINE_CURVE_WITH_KNOTS('',1,(#1099,#1100),.UNSPECIFIED.,.F.,
  .F.,(2,2),(-0.5000006,6.000000032163E-07),.PIECEWISE_BEZIER_KNOTS.);
#1099 = CARTESIAN_POINT('',(-0.585685543457,-0.5000006));
#1100 = CARTESIAN_POINT('',(-0.585685543457,6.000000006625E-07));
#1101 = ( GEOMETRIC_REPRESENTATION_CONTEXT(2) 
PARAMETRIC_REPRESENTATION_CONTEXT() REPRESENTATION_CONTEXT('2D SPACE',''
  ) );
#1102 = ORIENTED_EDGE('',*,*,#1103,.T.);
#1103 = EDGE_CURVE('',#1078,#1104,#1106,.T.);
#1104 = VERTEX_POINT('',#1105);
#1105 = CARTESIAN_POINT('',(40.439075331981,-2.22044604925E-16,
    30.439075331981));
#1106 = SURFACE_CURVE('',#1107,(#1111,#1117),.PCURVE_S1.);
#1107 = LINE('',#1108,#1109);
#1108 = CARTESIAN_POINT('',(46.375631329235,0.,36.375631329235));
#1109 = VECTOR('',#1110,1.);
#1110 = DIRECTION('',(-0.707106781187,0.,-0.707106781187));
#1111 = PCURVE('',#170,#1112);
#1112 = DEFINITIONAL_REPRESENTATION('',(#1113),#1116);
#1113 = B_SPLINE_CURVE_WITH_KNOTS('',1,(#1114,#1115),.UNSPECIFIED.,.F.,
  .F.,(2,2),(6.532233047034,8.932233047034),.PIECEWISE_BEZIER_KNOTS.);
#1114 = CARTESIAN_POINT('',(73.243354954613,-41.75664504538));
#1115 = CARTESIAN_POINT('',(74.940411229461,-40.05958877053));
#1116 = ( GEOMETRIC_REPRESENTATION_CONTEXT(2) 
PARAMETRIC_REPRESENTATION_CONTEXT() REPRESENTATION_CONTEXT('2D SPACE',''
  ) );
#1117 = PCURVE('',#1118,#1123);
#1118 = PLANE('',#1119);
#1119 = AXIS2_PLACEMENT_3D('',#1120,#1121,#1122);
#1120 = CARTESIAN_POINT('',(35.251262658471,-25.,25.251262658471));
#1121 = DIRECTION('',(0.707106781187,0.,-0.707106781187));
#1122 = DIRECTION('',(0.707106781187,0.,0.707106781187));
#1123 = DEFINITIONAL_REPRESENTATION('',(#1124),#1127);
#1124 = B_SPLINE_CURVE_WITH_KNOTS('',1,(#1125,#1126),.UNSPECIFIED.,.F.,
  .F.,(2,2),(6.532233047034,8.932233047034),.PIECEWISE_BEZIER_KNOTS.);
#1125 = CARTESIAN_POINT('',(9.2,-25.));
#1126 = CARTESIAN_POINT('',(6.8,-25.));
#1127 = ( GEOMETRIC_REPRESENTATION_CONTEXT(2) 
PARAMETRIC_REPRESENTATION_CONTEXT() REPRESENTATION_CONTEXT('2D SPACE',''
  ) );
#1128 = ORIENTED_EDGE('',*,*,#1129,.F.);
#1129 = EDGE_CURVE('',#1052,#1104,#1130,.T.);
#1130 = SURFACE_CURVE('',#1131,(#1135,#1141),.PCURVE_S1.);
#1131 = LINE('',#1132,#1133);
#1132 = CARTESIAN_POINT('',(40.439075331981,0.,30.439075331981));
#1133 = VECTOR('',#1134,1.);
#1134 = DIRECTION('',(-0.707106781187,-0.,0.707106781187));
#1135 = PCURVE('',#170,#1136);
#1136 = DEFINITIONAL_REPRESENTATION('',(#1137),#1140);
#1137 = B_SPLINE_CURVE_WITH_KNOTS('',1,(#1138,#1139),.UNSPECIFIED.,.F.,
  .F.,(2,2),(-0.5000006,5.999999956798E-07),.PIECEWISE_BEZIER_KNOTS.);
#1138 = CARTESIAN_POINT('',(74.914478482876,-40.79262914683));
#1139 = CARTESIAN_POINT('',(74.560924243755,-40.43907490771));
#1140 = ( GEOMETRIC_REPRESENTATION_CONTEXT(2) 
PARAMETRIC_REPRESENTATION_CONTEXT() REPRESENTATION_CONTEXT('2D SPACE',''
  ) );
#1141 = PCURVE('',#1092,#1142);
#1142 = DEFINITIONAL_REPRESENTATION('',(#1143),#1146);
#1143 = B_SPLINE_CURVE_WITH_KNOTS('',1,(#1144,#1145),.UNSPECIFIED.,.F.,
  .F.,(2,2),(-0.5000006,5.999999956798E-07),.PIECEWISE_BEZIER_KNOTS.);
#1144 = CARTESIAN_POINT('',(-5.697499763722,-0.5000006));
#1145 = CARTESIAN_POINT('',(-5.697499763722,5.999999982336E-07));
#1146 = ( GEOMETRIC_REPRESENTATION_CONTEXT(2) 
PARAMETRIC_REPRESENTATION_CONTEXT() REPRESENTATION_CONTEXT('2D SPACE',''
  ) );
#1147 = FACE_BOUND('',#1148,.F.);
#1148 = EDGE_LOOP('',(#1149,#1177,#1203,#1229));
#1149 = ORIENTED_EDGE('',*,*,#1150,.F.);
#1150 = EDGE_CURVE('',#1151,#1153,#1155,.T.);
#1151 = VERTEX_POINT('',#1152);
#1152 = CARTESIAN_POINT('',(36.073857625046,0.,25.36675084386));
#1153 = VERTEX_POINT('',#1154);
#1154 = CARTESIAN_POINT('',(35.135774473082,-2.22044604925E-16,
    24.428667691895));
#1155 = SURFACE_CURVE('',#1156,(#1160,#1166),.PCURVE_S1.);
#1156 = LINE('',#1157,#1158);
#1157 = CARTESIAN_POINT('',(46.729184719829,0.,36.022077938642));
#1158 = VECTOR('',#1159,1.);
#1159 = DIRECTION('',(-0.707106781187,0.,-0.707106781187));
#1160 = PCURVE('',#170,#1161);
#1161 = DEFINITIONAL_REPRESENTATION('',(#1162),#1165);
#1162 = B_SPLINE_CURVE_WITH_KNOTS('',1,(#1163,#1164),.UNSPECIFIED.,.F.,
  .F.,(2,2),(14.532233047034,16.932233047034),.PIECEWISE_BEZIER_KNOTS.);
#1163 = CARTESIAN_POINT('',(79.253762594699,-36.45334418648));
#1164 = CARTESIAN_POINT('',(80.950818869546,-34.75628791164));
#1165 = ( GEOMETRIC_REPRESENTATION_CONTEXT(2) 
PARAMETRIC_REPRESENTATION_CONTEXT() REPRESENTATION_CONTEXT('2D SPACE',''
  ) );
#1166 = PCURVE('',#1167,#1172);
#1167 = PLANE('',#1168);
#1168 = AXIS2_PLACEMENT_3D('',#1169,#1170,#1171);
#1169 = CARTESIAN_POINT('',(35.604816049064,-25.,24.897709267878));
#1170 = DIRECTION('',(0.707106781187,0.,-0.707106781187));
#1171 = DIRECTION('',(0.707106781187,0.,0.707106781187));
#1172 = DEFINITIONAL_REPRESENTATION('',(#1173),#1176);
#1173 = B_SPLINE_CURVE_WITH_KNOTS('',1,(#1174,#1175),.UNSPECIFIED.,.F.,
  .F.,(2,2),(14.532233047034,16.932233047034),.PIECEWISE_BEZIER_KNOTS.);
#1174 = CARTESIAN_POINT('',(1.2,-25.));
#1175 = CARTESIAN_POINT('',(-1.2,-25.));
#1176 = ( GEOMETRIC_REPRESENTATION_CONTEXT(2) 
PARAMETRIC_REPRESENTATION_CONTEXT() REPRESENTATION_CONTEXT('2D SPACE',''
  ) );
#1177 = ORIENTED_EDGE('',*,*,#1178,.T.);
#1178 = EDGE_CURVE('',#1151,#1179,#1181,.T.);
#1179 = VERTEX_POINT('',#1180);
#1180 = CARTESIAN_POINT('',(35.720304234453,0.,25.720304234453));
#1181 = SURFACE_CURVE('',#1182,(#1186,#1192),.PCURVE_S1.);
#1182 = LINE('',#1183,#1184);
#1183 = CARTESIAN_POINT('',(35.720304234453,0.,25.720304234453));
#1184 = VECTOR('',#1185,1.);
#1185 = DIRECTION('',(-0.707106781187,-0.,0.707106781187));
#1186 = PCURVE('',#170,#1187);
#1187 = DEFINITIONAL_REPRESENTATION('',(#1188),#1191);
#1188 = B_SPLINE_CURVE_WITH_KNOTS('',1,(#1189,#1190),.UNSPECIFIED.,.F.,
  .F.,(2,2),(-0.5000006,6.000000032163E-07),.PIECEWISE_BEZIER_KNOTS.);
#1189 = CARTESIAN_POINT('',(79.633249580404,-36.07385804931));
#1190 = CARTESIAN_POINT('',(79.279695341283,-35.72030381018));
#1191 = ( GEOMETRIC_REPRESENTATION_CONTEXT(2) 
PARAMETRIC_REPRESENTATION_CONTEXT() REPRESENTATION_CONTEXT('2D SPACE',''
  ) );
#1192 = PCURVE('',#1193,#1198);
#1193 = CYLINDRICAL_SURFACE('',#1194,1.2);
#1194 = AXIS2_PLACEMENT_3D('',#1195,#1196,#1197);
#1195 = CARTESIAN_POINT('',(35.251262658471,-1.,25.251262658471));
#1196 = DIRECTION('',(-0.707106781187,-0.,0.707106781187));
#1197 = DIRECTION('',(0.,1.,0.));
#1198 = DEFINITIONAL_REPRESENTATION('',(#1199),#1202);
#1199 = B_SPLINE_CURVE_WITH_KNOTS('',1,(#1200,#1201),.UNSPECIFIED.,.F.,
  .F.,(2,2),(-0.5000006,6.000000032163E-07),.PIECEWISE_BEZIER_KNOTS.);
#1200 = CARTESIAN_POINT('',(-0.585685543457,-0.5000006));
#1201 = CARTESIAN_POINT('',(-0.585685543457,6.000000006625E-07));
#1202 = ( GEOMETRIC_REPRESENTATION_CONTEXT(2) 
PARAMETRIC_REPRESENTATION_CONTEXT() REPRESENTATION_CONTEXT('2D SPACE',''
  ) );
#1203 = ORIENTED_EDGE('',*,*,#1204,.T.);
#1204 = EDGE_CURVE('',#1179,#1205,#1207,.T.);
#1205 = VERTEX_POINT('',#1206);
#1206 = CARTESIAN_POINT('',(34.782221082488,-2.22044604925E-16,
    24.782221082488));
#1207 = SURFACE_CURVE('',#1208,(#1212,#1218),.PCURVE_S1.);
#1208 = LINE('',#1209,#1210);
#1209 = CARTESIAN_POINT('',(46.375631329235,0.,36.375631329235));
#1210 = VECTOR('',#1211,1.);
#1211 = DIRECTION('',(-0.707106781187,0.,-0.707106781187));
#1212 = PCURVE('',#170,#1213);
#1213 = DEFINITIONAL_REPRESENTATION('',(#1214),#1217);
#1214 = B_SPLINE_CURVE_WITH_KNOTS('',1,(#1215,#1216),.UNSPECIFIED.,.F.,
  .F.,(2,2),(14.532233047034,16.932233047034),.PIECEWISE_BEZIER_KNOTS.);
#1215 = CARTESIAN_POINT('',(78.900209204105,-36.09979079589));
#1216 = CARTESIAN_POINT('',(80.597265478953,-34.40273452104));
#1217 = ( GEOMETRIC_REPRESENTATION_CONTEXT(2) 
PARAMETRIC_REPRESENTATION_CONTEXT() REPRESENTATION_CONTEXT('2D SPACE',''
  ) );
#1218 = PCURVE('',#1219,#1224);
#1219 = PLANE('',#1220);
#1220 = AXIS2_PLACEMENT_3D('',#1221,#1222,#1223);
#1221 = CARTESIAN_POINT('',(35.251262658471,-25.,25.251262658471));
#1222 = DIRECTION('',(0.707106781187,0.,-0.707106781187));
#1223 = DIRECTION('',(0.707106781187,0.,0.707106781187));
#1224 = DEFINITIONAL_REPRESENTATION('',(#1225),#1228);
#1225 = B_SPLINE_CURVE_WITH_KNOTS('',1,(#1226,#1227),.UNSPECIFIED.,.F.,
  .F.,(2,2),(14.532233047034,16.932233047034),.PIECEWISE_BEZIER_KNOTS.);
#1226 = CARTESIAN_POINT('',(1.2,-25.));
#1227 = CARTESIAN_POINT('',(-1.2,-25.));
#1228 = ( GEOMETRIC_REPRESENTATION_CONTEXT(2) 
PARAMETRIC_REPRESENTATION_CONTEXT() REPRESENTATION_CONTEXT('2D SPACE',''
  ) );
#1229 = ORIENTED_EDGE('',*,*,#1230,.F.);
#1230 = EDGE_CURVE('',#1153,#1205,#1231,.T.);
#1231 = SURFACE_CURVE('',#1232,(#1236,#1242),.PCURVE_S1.);
#1232 = LINE('',#1233,#1234);
#1233 = CARTESIAN_POINT('',(34.782221082488,0.,24.782221082488));
#1234 = VECTOR('',#1235,1.);
#1235 = DIRECTION('',(-0.707106781187,-0.,0.707106781187));
#1236 = PCURVE('',#170,#1237);
#1237 = DEFINITIONAL_REPRESENTATION('',(#1238),#1241);
#1238 = B_SPLINE_CURVE_WITH_KNOTS('',1,(#1239,#1240),.UNSPECIFIED.,.F.,
  .F.,(2,2),(-0.5000006,5.999999956798E-07),.PIECEWISE_BEZIER_KNOTS.);
#1239 = CARTESIAN_POINT('',(80.571332732369,-35.13577489734));
#1240 = CARTESIAN_POINT('',(80.217778493247,-34.78222065822));
#1241 = ( GEOMETRIC_REPRESENTATION_CONTEXT(2) 
PARAMETRIC_REPRESENTATION_CONTEXT() REPRESENTATION_CONTEXT('2D SPACE',''
  ) );
#1242 = PCURVE('',#1193,#1243);
#1243 = DEFINITIONAL_REPRESENTATION('',(#1244),#1247);
#1244 = B_SPLINE_CURVE_WITH_KNOTS('',1,(#1245,#1246),.UNSPECIFIED.,.F.,
  .F.,(2,2),(-0.5000006,5.999999956798E-07),.PIECEWISE_BEZIER_KNOTS.);
#1245 = CARTESIAN_POINT('',(-5.697499763722,-0.5000006));
#1246 = CARTESIAN_POINT('',(-5.697499763722,5.999999982336E-07));
#1247 = ( GEOMETRIC_REPRESENTATION_CONTEXT(2) 
PARAMETRIC_REPRESENTATION_CONTEXT() REPRESENTATION_CONTEXT('2D SPACE',''
  ) );
#1248 = ADVANCED_FACE('',(#1249),#226,.F.);
#1249 = FACE_BOUND('',#1250,.F.);
#1250 = EDGE_LOOP('',(#1251,#1252,#1275,#1303));
#1251 = ORIENTED_EDGE('',*,*,#210,.T.);
#1252 = ORIENTED_EDGE('',*,*,#1253,.T.);
#1253 = EDGE_CURVE('',#183,#1254,#1256,.T.);
#1254 = VERTEX_POINT('',#1255);
#1255 = CARTESIAN_POINT('',(120.,100.,10.));
#1256 = SURFACE_CURVE('',#1257,(#1261,#1268),.PCURVE_S1.);
#1257 = LINE('',#1258,#1259);
#1258 = CARTESIAN_POINT('',(120.,100.,0.));
#1259 = VECTOR('',#1260,1.);
#1260 = DIRECTION('',(0.,0.,1.));
#1261 = PCURVE('',#226,#1262);
#1262 = DEFINITIONAL_REPRESENTATION('',(#1263),#1267);
#1263 = LINE('',#1264,#1265);
#1264 = CARTESIAN_POINT('',(0.,-120.));
#1265 = VECTOR('',#1266,1.);
#1266 = DIRECTION('',(1.,0.));
#1267 = ( GEOMETRIC_REPRESENTATION_CONTEXT(2) 
PARAMETRIC_REPRESENTATION_CONTEXT() REPRESENTATION_CONTEXT('2D SPACE',''
  ) );
#1268 = PCURVE('',#198,#1269);
#1269 = DEFINITIONAL_REPRESENTATION('',(#1270),#1274);
#1270 = LINE('',#1271,#1272);
#1271 = CARTESIAN_POINT('',(-45.50155756815,-65.83970803126));
#1272 = VECTOR('',#1273,1.);
#1273 = DIRECTION('',(1.,0.));
#1274 = ( GEOMETRIC_REPRESENTATION_CONTEXT(2) 
PARAMETRIC_REPRESENTATION_CONTEXT() REPRESENTATION_CONTEXT('2D SPACE',''
  ) );
#1275 = ORIENTED_EDGE('',*,*,#1276,.F.);
#1276 = EDGE_CURVE('',#1277,#1254,#1279,.T.);
#1277 = VERTEX_POINT('',#1278);
#1278 = CARTESIAN_POINT('',(0.,100.,10.));
#1279 = SURFACE_CURVE('',#1280,(#1284,#1291),.PCURVE_S1.);
#1280 = LINE('',#1281,#1282);
#1281 = CARTESIAN_POINT('',(0.,100.,10.));
#1282 = VECTOR('',#1283,1.);
#1283 = DIRECTION('',(1.,0.,0.));
#1284 = PCURVE('',#226,#1285);
#1285 = DEFINITIONAL_REPRESENTATION('',(#1286),#1290);
#1286 = LINE('',#1287,#1288);
#1287 = CARTESIAN_POINT('',(10.,0.));
#1288 = VECTOR('',#1289,1.);
#1289 = DIRECTION('',(0.,-1.));
#1290 = ( GEOMETRIC_REPRESENTATION_CONTEXT(2) 
PARAMETRIC_REPRESENTATION_CONTEXT() REPRESENTATION_CONTEXT('2D SPACE',''
  ) );
#1291 = PCURVE('',#1292,#1297);
#1292 = PLANE('',#1293);
#1293 = AXIS2_PLACEMENT_3D('',#1294,#1295,#1296);
#1294 = CARTESIAN_POINT('',(0.,100.,10.));
#1295 = DIRECTION('',(0.,-0.707106781187,-0.707106781187));
#1296 = DIRECTION('',(0.,-0.707106781187,0.707106781187));
#1297 = DEFINITIONAL_REPRESENTATION('',(#1298),#1302);
#1298 = LINE('',#1299,#1300);
#1299 = CARTESIAN_POINT('',(0.,0.));
#1300 = VECTOR('',#1301,1.);
#1301 = DIRECTION('',(0.,-1.));
#1302 = ( GEOMETRIC_REPRESENTATION_CONTEXT(2) 
PARAMETRIC_REPRESENTATION_CONTEXT() REPRESENTATION_CONTEXT('2D SPACE',''
  ) );
#1303 = ORIENTED_EDGE('',*,*,#1304,.F.);
#1304 = EDGE_CURVE('',#211,#1277,#1305,.T.);
#1305 = SURFACE_CURVE('',#1306,(#1310,#1317),.PCURVE_S1.);
#1306 = LINE('',#1307,#1308);
#1307 = CARTESIAN_POINT('',(0.,100.,0.));
#1308 = VECTOR('',#1309,1.);
#1309 = DIRECTION('',(0.,0.,1.));
#1310 = PCURVE('',#226,#1311);
#1311 = DEFINITIONAL_REPRESENTATION('',(#1312),#1316);
#1312 = LINE('',#1313,#1314);
#1313 = CARTESIAN_POINT('',(0.,0.));
#1314 = VECTOR('',#1315,1.);
#1315 = DIRECTION('',(1.,0.));
#1316 = ( GEOMETRIC_REPRESENTATION_CONTEXT(2) 
PARAMETRIC_REPRESENTATION_CONTEXT() REPRESENTATION_CONTEXT('2D SPACE',''
  ) );
#1317 = PCURVE('',#252,#1318);
#1318 = DEFINITIONAL_REPRESENTATION('',(#1319),#1323);
#1319 = LINE('',#1320,#1321);
#1320 = CARTESIAN_POINT('',(-45.50155756815,-65.83970803126));
#1321 = VECTOR('',#1322,1.);
#1322 = DIRECTION('',(1.,0.));
#1323 = ( GEOMETRIC_REPRESENTATION_CONTEXT(2) 
PARAMETRIC_REPRESENTATION_CONTEXT() REPRESENTATION_CONTEXT('2D SPACE',''
  ) );
#1324 = ADVANCED_FACE('',(#1325),#252,.F.);
#1325 = FACE_BOUND('',#1326,.F.);
#1326 = EDGE_LOOP('',(#1327,#1328,#1329,#1352,#1380,#1408,#1429));
#1327 = ORIENTED_EDGE('',*,*,#238,.T.);
#1328 = ORIENTED_EDGE('',*,*,#1304,.T.);
#1329 = ORIENTED_EDGE('',*,*,#1330,.T.);
#1330 = EDGE_CURVE('',#1277,#1331,#1333,.T.);
#1331 = VERTEX_POINT('',#1332);
#1332 = CARTESIAN_POINT('',(0.,2.584746094441E-15,110.));
#1333 = SURFACE_CURVE('',#1334,(#1338,#1345),.PCURVE_S1.);
#1334 = LINE('',#1335,#1336);
#1335 = CARTESIAN_POINT('',(0.,100.,10.));
#1336 = VECTOR('',#1337,1.);
#1337 = DIRECTION('',(0.,-0.707106781187,0.707106781187));
#1338 = PCURVE('',#252,#1339);
#1339 = DEFINITIONAL_REPRESENTATION('',(#1340),#1344);
#1340 = LINE('',#1341,#1342);
#1341 = CARTESIAN_POINT('',(-35.50155756815,-65.83970803126));
#1342 = VECTOR('',#1343,1.);
#1343 = DIRECTION('',(0.707106781187,0.707106781187));
#1344 = ( GEOMETRIC_REPRESENTATION_CONTEXT(2) 
PARAMETRIC_REPRESENTATION_CONTEXT() REPRESENTATION_CONTEXT('2D SPACE',''
  ) );
#1345 = PCURVE('',#1292,#1346);
#1346 = DEFINITIONAL_REPRESENTATION('',(#1347),#1351);
#1347 = LINE('',#1348,#1349);
#1348 = CARTESIAN_POINT('',(0.,0.));
#1349 = VECTOR('',#1350,1.);
#1350 = DIRECTION('',(1.,0.));
#1351 = ( GEOMETRIC_REPRESENTATION_CONTEXT(2) 
PARAMETRIC_REPRESENTATION_CONTEXT() REPRESENTATION_CONTEXT('2D SPACE',''
  ) );
#1352 = ORIENTED_EDGE('',*,*,#1353,.T.);
#1353 = EDGE_CURVE('',#1331,#1354,#1356,.T.);
#1354 = VERTEX_POINT('',#1355);
#1355 = CARTESIAN_POINT('',(0.,15.,110.));
#1356 = SURFACE_CURVE('',#1357,(#1361,#1368),.PCURVE_S1.);
#1357 = LINE('',#1358,#1359);
#1358 = CARTESIAN_POINT('',(0.,5.169492188881E-15,110.));
#1359 = VECTOR('',#1360,1.);
#1360 = DIRECTION('',(0.,1.,0.));
#1361 = PCURVE('',#252,#1362);
#1362 = DEFINITIONAL_REPRESENTATION('',(#1363),#1367);
#1363 = LINE('',#1364,#1365);
#1364 = CARTESIAN_POINT('',(64.498442431842,34.160291968737));
#1365 = VECTOR('',#1366,1.);
#1366 = DIRECTION('',(0.,-1.));
#1367 = ( GEOMETRIC_REPRESENTATION_CONTEXT(2) 
PARAMETRIC_REPRESENTATION_CONTEXT() REPRESENTATION_CONTEXT('2D SPACE',''
  ) );
#1368 = PCURVE('',#1369,#1374);
#1369 = PLANE('',#1370);
#1370 = AXIS2_PLACEMENT_3D('',#1371,#1372,#1373);
#1371 = CARTESIAN_POINT('',(0.,5.169492188881E-15,110.));
#1372 = DIRECTION('',(0.,0.,1.));
#1373 = DIRECTION('',(0.,1.,0.));
#1374 = DEFINITIONAL_REPRESENTATION('',(#1375),#1379);
#1375 = LINE('',#1376,#1377);
#1376 = CARTESIAN_POINT('',(0.,0.));
#1377 = VECTOR('',#1378,1.);
#1378 = DIRECTION('',(1.,0.));
#1379 = ( GEOMETRIC_REPRESENTATION_CONTEXT(2) 
PARAMETRIC_REPRESENTATION_CONTEXT() REPRESENTATION_CONTEXT('2D SPACE',''
  ) );
#1380 = ORIENTED_EDGE('',*,*,#1381,.T.);
#1381 = EDGE_CURVE('',#1354,#1382,#1384,.T.);
#1382 = VERTEX_POINT('',#1383);
#1383 = CARTESIAN_POINT('',(0.,15.,105.));
#1384 = SURFACE_CURVE('',#1385,(#1389,#1396),.PCURVE_S1.);
#1385 = LINE('',#1386,#1387);
#1386 = CARTESIAN_POINT('',(0.,15.,110.));
#1387 = VECTOR('',#1388,1.);
#1388 = DIRECTION('',(0.,0.,-1.));
#1389 = PCURVE('',#252,#1390);
#1390 = DEFINITIONAL_REPRESENTATION('',(#1391),#1395);
#1391 = LINE('',#1392,#1393);
#1392 = CARTESIAN_POINT('',(64.498442431842,19.160291968737));
#1393 = VECTOR('',#1394,1.);
#1394 = DIRECTION('',(-1.,0.));
#1395 = ( GEOMETRIC_REPRESENTATION_CONTEXT(2) 
PARAMETRIC_REPRESENTATION_CONTEXT() REPRESENTATION_CONTEXT('2D SPACE',''
  ) );
#1396 = PCURVE('',#1397,#1402);
#1397 = PLANE('',#1398);
#1398 = AXIS2_PLACEMENT_3D('',#1399,#1400,#1401);
#1399 = CARTESIAN_POINT('',(0.,15.,110.));
#1400 = DIRECTION('',(-0.,1.,0.));
#1401 = DIRECTION('',(0.,0.,-1.));
#1402 = DEFINITIONAL_REPRESENTATION('',(#1403),#1407);
#1403 = LINE('',#1404,#1405);
#1404 = CARTESIAN_POINT('',(0.,0.));
#1405 = VECTOR('',#1406,1.);
#1406 = DIRECTION('',(1.,0.));
#1407 = ( GEOMETRIC_REPRESENTATION_CONTEXT(2) 
PARAMETRIC_REPRESENTATION_CONTEXT() REPRESENTATION_CONTEXT('2D SPACE',''
  ) );
#1408 = ORIENTED_EDGE('',*,*,#1409,.T.);
#1409 = EDGE_CURVE('',#1382,#268,#1410,.T.);
#1410 = SURFACE_CURVE('',#1411,(#1415,#1422),.PCURVE_S1.);
#1411 = LINE('',#1412,#1413);
#1412 = CARTESIAN_POINT('',(0.,15.,105.));
#1413 = VECTOR('',#1414,1.);
#1414 = DIRECTION('',(0.,-1.,0.));
#1415 = PCURVE('',#252,#1416);
#1416 = DEFINITIONAL_REPRESENTATION('',(#1417),#1421);
#1417 = LINE('',#1418,#1419);
#1418 = CARTESIAN_POINT('',(59.498442431842,19.160291968737));
#1419 = VECTOR('',#1420,1.);
#1420 = DIRECTION('',(0.,1.));
#1421 = ( GEOMETRIC_REPRESENTATION_CONTEXT(2) 
PARAMETRIC_REPRESENTATION_CONTEXT() REPRESENTATION_CONTEXT('2D SPACE',''
  ) );
#1422 = PCURVE('',#285,#1423);
#1423 = DEFINITIONAL_REPRESENTATION('',(#1424),#1428);
#1424 = LINE('',#1425,#1426);
#1425 = CARTESIAN_POINT('',(0.,-0.));
#1426 = VECTOR('',#1427,1.);
#1427 = DIRECTION('',(1.,0.));
#1428 = ( GEOMETRIC_REPRESENTATION_CONTEXT(2) 
PARAMETRIC_REPRESENTATION_CONTEXT() REPRESENTATION_CONTEXT('2D SPACE',''
  ) );
#1429 = ORIENTED_EDGE('',*,*,#319,.T.);
#1430 = ADVANCED_FACE('',(#1431),#198,.T.);
#1431 = FACE_BOUND('',#1432,.T.);
#1432 = EDGE_LOOP('',(#1433,#1434,#1435,#1458,#1481,#1504,#1525));
#1433 = ORIENTED_EDGE('',*,*,#182,.T.);
#1434 = ORIENTED_EDGE('',*,*,#1253,.T.);
#1435 = ORIENTED_EDGE('',*,*,#1436,.T.);
#1436 = EDGE_CURVE('',#1254,#1437,#1439,.T.);
#1437 = VERTEX_POINT('',#1438);
#1438 = CARTESIAN_POINT('',(120.,2.584746094441E-15,110.));
#1439 = SURFACE_CURVE('',#1440,(#1444,#1451),.PCURVE_S1.);
#1440 = LINE('',#1441,#1442);
#1441 = CARTESIAN_POINT('',(120.,100.,10.));
#1442 = VECTOR('',#1443,1.);
#1443 = DIRECTION('',(0.,-0.707106781187,0.707106781187));
#1444 = PCURVE('',#198,#1445);
#1445 = DEFINITIONAL_REPRESENTATION('',(#1446),#1450);
#1446 = LINE('',#1447,#1448);
#1447 = CARTESIAN_POINT('',(-35.50155756815,-65.83970803126));
#1448 = VECTOR('',#1449,1.);
#1449 = DIRECTION('',(0.707106781187,0.707106781187));
#1450 = ( GEOMETRIC_REPRESENTATION_CONTEXT(2) 
PARAMETRIC_REPRESENTATION_CONTEXT() REPRESENTATION_CONTEXT('2D SPACE',''
  ) );
#1451 = PCURVE('',#1292,#1452);
#1452 = DEFINITIONAL_REPRESENTATION('',(#1453),#1457);
#1453 = LINE('',#1454,#1455);
#1454 = CARTESIAN_POINT('',(0.,-120.));
#1455 = VECTOR('',#1456,1.);
#1456 = DIRECTION('',(1.,0.));
#1457 = ( GEOMETRIC_REPRESENTATION_CONTEXT(2) 
PARAMETRIC_REPRESENTATION_CONTEXT() REPRESENTATION_CONTEXT('2D SPACE',''
  ) );
#1458 = ORIENTED_EDGE('',*,*,#1459,.T.);
#1459 = EDGE_CURVE('',#1437,#1460,#1462,.T.);
#1460 = VERTEX_POINT('',#1461);
#1461 = CARTESIAN_POINT('',(120.,15.,110.));
#1462 = SURFACE_CURVE('',#1463,(#1467,#1474),.PCURVE_S1.);
#1463 = LINE('',#1464,#1465);
#1464 = CARTESIAN_POINT('',(120.,5.169492188881E-15,110.));
#1465 = VECTOR('',#1466,1.);
#1466 = DIRECTION('',(0.,1.,0.));
#1467 = PCURVE('',#198,#1468);
#1468 = DEFINITIONAL_REPRESENTATION('',(#1469),#1473);
#1469 = LINE('',#1470,#1471);
#1470 = CARTESIAN_POINT('',(64.498442431842,34.160291968737));
#1471 = VECTOR('',#1472,1.);
#1472 = DIRECTION('',(0.,-1.));
#1473 = ( GEOMETRIC_REPRESENTATION_CONTEXT(2) 
PARAMETRIC_REPRESENTATION_CONTEXT() REPRESENTATION_CONTEXT('2D SPACE',''
  ) );
#1474 = PCURVE('',#1369,#1475);
#1475 = DEFINITIONAL_REPRESENTATION('',(#1476),#1480);
#1476 = LINE('',#1477,#1478);
#1477 = CARTESIAN_POINT('',(0.,-120.));
#1478 = VECTOR('',#1479,1.);
#1479 = DIRECTION('',(1.,0.));
#1480 = ( GEOMETRIC_REPRESENTATION_CONTEXT(2) 
PARAMETRIC_REPRESENTATION_CONTEXT() REPRESENTATION_CONTEXT('2D SPACE',''
  ) );
#1481 = ORIENTED_EDGE('',*,*,#1482,.T.);
#1482 = EDGE_CURVE('',#1460,#1483,#1485,.T.);
#1483 = VERTEX_POINT('',#1484);
#1484 = CARTESIAN_POINT('',(120.,15.,105.));
#1485 = SURFACE_CURVE('',#1486,(#1490,#1497),.PCURVE_S1.);
#1486 = LINE('',#1487,#1488);
#1487 = CARTESIAN_POINT('',(120.,15.,110.));
#1488 = VECTOR('',#1489,1.);
#1489 = DIRECTION('',(0.,0.,-1.));
#1490 = PCURVE('',#198,#1491);
#1491 = DEFINITIONAL_REPRESENTATION('',(#1492),#1496);
#1492 = LINE('',#1493,#1494);
#1493 = CARTESIAN_POINT('',(64.498442431842,19.160291968737));
#1494 = VECTOR('',#1495,1.);
#1495 = DIRECTION('',(-1.,0.));
#1496 = ( GEOMETRIC_REPRESENTATION_CONTEXT(2) 
PARAMETRIC_REPRESENTATION_CONTEXT() REPRESENTATION_CONTEXT('2D SPACE',''
  ) );
#1497 = PCURVE('',#1397,#1498);
#1498 = DEFINITIONAL_REPRESENTATION('',(#1499),#1503);
#1499 = LINE('',#1500,#1501);
#1500 = CARTESIAN_POINT('',(0.,-120.));
#1501 = VECTOR('',#1502,1.);
#1502 = DIRECTION('',(1.,0.));
#1503 = ( GEOMETRIC_REPRESENTATION_CONTEXT(2) 
PARAMETRIC_REPRESENTATION_CONTEXT() REPRESENTATION_CONTEXT('2D SPACE',''
  ) );
#1504 = ORIENTED_EDGE('',*,*,#1505,.T.);
#1505 = EDGE_CURVE('',#1483,#270,#1506,.T.);
#1506 = SURFACE_CURVE('',#1507,(#1511,#1518),.PCURVE_S1.);
#1507 = LINE('',#1508,#1509);
#1508 = CARTESIAN_POINT('',(120.,15.,105.));
#1509 = VECTOR('',#1510,1.);
#1510 = DIRECTION('',(0.,-1.,0.));
#1511 = PCURVE('',#198,#1512);
#1512 = DEFINITIONAL_REPRESENTATION('',(#1513),#1517);
#1513 = LINE('',#1514,#1515);
#1514 = CARTESIAN_POINT('',(59.498442431842,19.160291968737));
#1515 = VECTOR('',#1516,1.);
#1516 = DIRECTION('',(0.,1.));
#1517 = ( GEOMETRIC_REPRESENTATION_CONTEXT(2) 
PARAMETRIC_REPRESENTATION_CONTEXT() REPRESENTATION_CONTEXT('2D SPACE',''
  ) );
#1518 = PCURVE('',#285,#1519);
#1519 = DEFINITIONAL_REPRESENTATION('',(#1520),#1524);
#1520 = LINE('',#1521,#1522);
#1521 = CARTESIAN_POINT('',(0.,-120.));
#1522 = VECTOR('',#1523,1.);
#1523 = DIRECTION('',(1.,0.));
#1524 = ( GEOMETRIC_REPRESENTATION_CONTEXT(2) 
PARAMETRIC_REPRESENTATION_CONTEXT() REPRESENTATION_CONTEXT('2D SPACE',''
  ) );
#1525 = ORIENTED_EDGE('',*,*,#297,.T.);
#1526 = ADVANCED_FACE('',(#1527),#285,.F.);
#1527 = FACE_BOUND('',#1528,.F.);
#1528 = EDGE_LOOP('',(#1529,#1550,#1551,#1552));
#1529 = ORIENTED_EDGE('',*,*,#1530,.T.);
#1530 = EDGE_CURVE('',#1382,#1483,#1531,.T.);
#1531 = SURFACE_CURVE('',#1532,(#1536,#1543),.PCURVE_S1.);
#1532 = LINE('',#1533,#1534);
#1533 = CARTESIAN_POINT('',(0.,15.,105.));
#1534 = VECTOR('',#1535,1.);
#1535 = DIRECTION('',(1.,0.,0.));
#1536 = PCURVE('',#285,#1537);
#1537 = DEFINITIONAL_REPRESENTATION('',(#1538),#1542);
#1538 = LINE('',#1539,#1540);
#1539 = CARTESIAN_POINT('',(0.,-0.));
#1540 = VECTOR('',#1541,1.);
#1541 = DIRECTION('',(0.,-1.));
#1542 = ( GEOMETRIC_REPRESENTATION_CONTEXT(2) 
PARAMETRIC_REPRESENTATION_CONTEXT() REPRESENTATION_CONTEXT('2D SPACE',''
  ) );
#1543 = PCURVE('',#1397,#1544);
#1544 = DEFINITIONAL_REPRESENTATION('',(#1545),#1549);
#1545 = LINE('',#1546,#1547);
#1546 = CARTESIAN_POINT('',(5.,0.));
#1547 = VECTOR('',#1548,1.);
#1548 = DIRECTION('',(0.,-1.));
#1549 = ( GEOMETRIC_REPRESENTATION_CONTEXT(2) 
PARAMETRIC_REPRESENTATION_CONTEXT() REPRESENTATION_CONTEXT('2D SPACE',''
  ) );
#1550 = ORIENTED_EDGE('',*,*,#1505,.T.);
#1551 = ORIENTED_EDGE('',*,*,#267,.F.);
#1552 = ORIENTED_EDGE('',*,*,#1409,.F.);
#1553 = ADVANCED_FACE('',(#1554),#359,.T.);
#1554 = FACE_BOUND('',#1555,.T.);
#1555 = EDGE_LOOP('',(#1556,#1557));
#1556 = ORIENTED_EDGE('',*,*,#342,.F.);
#1557 = ORIENTED_EDGE('',*,*,#1558,.T.);
#1558 = EDGE_CURVE('',#343,#345,#1559,.T.);
#1559 = SURFACE_CURVE('',#1560,(#1565,#1572),.PCURVE_S1.);
#1560 = CIRCLE('',#1561,1.2);
#1561 = AXIS2_PLACEMENT_3D('',#1562,#1563,#1564);
#1562 = CARTESIAN_POINT('',(80.859650045003,-1.,70.152543263817));
#1563 = DIRECTION('',(0.707106781187,0.,-0.707106781187));
#1564 = DIRECTION('',(0.,1.,0.));
#1565 = PCURVE('',#359,#1566);
#1566 = DEFINITIONAL_REPRESENTATION('',(#1567),#1571);
#1567 = CIRCLE('',#1568,1.2);
#1568 = AXIS2_PLACEMENT_2D('',#1569,#1570);
#1569 = CARTESIAN_POINT('',(64.,-24.));
#1570 = DIRECTION('',(0.,-1.));
#1571 = ( GEOMETRIC_REPRESENTATION_CONTEXT(2) 
PARAMETRIC_REPRESENTATION_CONTEXT() REPRESENTATION_CONTEXT('2D SPACE',''
  ) );
#1572 = PCURVE('',#385,#1573);
#1573 = DEFINITIONAL_REPRESENTATION('',(#1574),#1578);
#1574 = LINE('',#1575,#1576);
#1575 = CARTESIAN_POINT('',(-0.,-0.5));
#1576 = VECTOR('',#1577,1.);
#1577 = DIRECTION('',(-1.,0.));
#1578 = ( GEOMETRIC_REPRESENTATION_CONTEXT(2) 
PARAMETRIC_REPRESENTATION_CONTEXT() REPRESENTATION_CONTEXT('2D SPACE',''
  ) );
#1579 = ADVANCED_FACE('',(#1580),#385,.T.);
#1580 = FACE_BOUND('',#1581,.F.);
#1581 = EDGE_LOOP('',(#1582,#1604,#1605,#1606));
#1582 = ORIENTED_EDGE('',*,*,#1583,.F.);
#1583 = EDGE_CURVE('',#371,#397,#1584,.T.);
#1584 = SURFACE_CURVE('',#1585,(#1590,#1597),.PCURVE_S1.);
#1585 = CIRCLE('',#1586,1.2);
#1586 = AXIS2_PLACEMENT_3D('',#1587,#1588,#1589);
#1587 = CARTESIAN_POINT('',(80.50609665441,-1.,70.50609665441));
#1588 = DIRECTION('',(0.707106781187,0.,-0.707106781187));
#1589 = DIRECTION('',(0.,1.,0.));
#1590 = PCURVE('',#385,#1591);
#1591 = DEFINITIONAL_REPRESENTATION('',(#1592),#1596);
#1592 = LINE('',#1593,#1594);
#1593 = CARTESIAN_POINT('',(-0.,0.));
#1594 = VECTOR('',#1595,1.);
#1595 = DIRECTION('',(-1.,0.));
#1596 = ( GEOMETRIC_REPRESENTATION_CONTEXT(2) 
PARAMETRIC_REPRESENTATION_CONTEXT() REPRESENTATION_CONTEXT('2D SPACE',''
  ) );
#1597 = PCURVE('',#411,#1598);
#1598 = DEFINITIONAL_REPRESENTATION('',(#1599),#1603);
#1599 = CIRCLE('',#1600,1.2);
#1600 = AXIS2_PLACEMENT_2D('',#1601,#1602);
#1601 = CARTESIAN_POINT('',(64.,-24.));
#1602 = DIRECTION('',(0.,-1.));
#1603 = ( GEOMETRIC_REPRESENTATION_CONTEXT(2) 
PARAMETRIC_REPRESENTATION_CONTEXT() REPRESENTATION_CONTEXT('2D SPACE',''
  ) );
#1604 = ORIENTED_EDGE('',*,*,#370,.F.);
#1605 = ORIENTED_EDGE('',*,*,#1558,.T.);
#1606 = ORIENTED_EDGE('',*,*,#422,.T.);
#1607 = ADVANCED_FACE('',(#1608),#411,.F.);
#1608 = FACE_BOUND('',#1609,.F.);
#1609 = EDGE_LOOP('',(#1610,#1611));
#1610 = ORIENTED_EDGE('',*,*,#396,.F.);
#1611 = ORIENTED_EDGE('',*,*,#1583,.T.);
#1612 = ADVANCED_FACE('',(#1613),#460,.T.);
#1613 = FACE_BOUND('',#1614,.T.);
#1614 = EDGE_LOOP('',(#1615,#1616));
#1615 = ORIENTED_EDGE('',*,*,#443,.F.);
#1616 = ORIENTED_EDGE('',*,*,#1617,.T.);
#1617 = EDGE_CURVE('',#444,#446,#1618,.T.);
#1618 = SURFACE_CURVE('',#1619,(#1624,#1631),.PCURVE_S1.);
#1619 = CIRCLE('',#1620,1.2);
#1620 = AXIS2_PLACEMENT_3D('',#1621,#1622,#1623);
#1621 = CARTESIAN_POINT('',(75.202795795511,-1.,64.495689014324));
#1622 = DIRECTION('',(0.707106781187,0.,-0.707106781187));
#1623 = DIRECTION('',(0.,1.,0.));
#1624 = PCURVE('',#460,#1625);
#1625 = DEFINITIONAL_REPRESENTATION('',(#1626),#1630);
#1626 = CIRCLE('',#1627,1.2);
#1627 = AXIS2_PLACEMENT_2D('',#1628,#1629);
#1628 = CARTESIAN_POINT('',(56.,-24.));
#1629 = DIRECTION('',(0.,-1.));
#1630 = ( GEOMETRIC_REPRESENTATION_CONTEXT(2) 
PARAMETRIC_REPRESENTATION_CONTEXT() REPRESENTATION_CONTEXT('2D SPACE',''
  ) );
#1631 = PCURVE('',#486,#1632);
#1632 = DEFINITIONAL_REPRESENTATION('',(#1633),#1637);
#1633 = LINE('',#1634,#1635);
#1634 = CARTESIAN_POINT('',(-0.,-0.5));
#1635 = VECTOR('',#1636,1.);
#1636 = DIRECTION('',(-1.,0.));
#1637 = ( GEOMETRIC_REPRESENTATION_CONTEXT(2) 
PARAMETRIC_REPRESENTATION_CONTEXT() REPRESENTATION_CONTEXT('2D SPACE',''
  ) );
#1638 = ADVANCED_FACE('',(#1639),#486,.T.);
#1639 = FACE_BOUND('',#1640,.F.);
#1640 = EDGE_LOOP('',(#1641,#1663,#1664,#1665));
#1641 = ORIENTED_EDGE('',*,*,#1642,.F.);
#1642 = EDGE_CURVE('',#472,#498,#1643,.T.);
#1643 = SURFACE_CURVE('',#1644,(#1649,#1656),.PCURVE_S1.);
#1644 = CIRCLE('',#1645,1.2);
#1645 = AXIS2_PLACEMENT_3D('',#1646,#1647,#1648);
#1646 = CARTESIAN_POINT('',(74.849242404917,-1.,64.849242404918));
#1647 = DIRECTION('',(0.707106781187,0.,-0.707106781187));
#1648 = DIRECTION('',(0.,1.,0.));
#1649 = PCURVE('',#486,#1650);
#1650 = DEFINITIONAL_REPRESENTATION('',(#1651),#1655);
#1651 = LINE('',#1652,#1653);
#1652 = CARTESIAN_POINT('',(-0.,0.));
#1653 = VECTOR('',#1654,1.);
#1654 = DIRECTION('',(-1.,0.));
#1655 = ( GEOMETRIC_REPRESENTATION_CONTEXT(2) 
PARAMETRIC_REPRESENTATION_CONTEXT() REPRESENTATION_CONTEXT('2D SPACE',''
  ) );
#1656 = PCURVE('',#512,#1657);
#1657 = DEFINITIONAL_REPRESENTATION('',(#1658),#1662);
#1658 = CIRCLE('',#1659,1.2);
#1659 = AXIS2_PLACEMENT_2D('',#1660,#1661);
#1660 = CARTESIAN_POINT('',(56.,-24.));
#1661 = DIRECTION('',(0.,-1.));
#1662 = ( GEOMETRIC_REPRESENTATION_CONTEXT(2) 
PARAMETRIC_REPRESENTATION_CONTEXT() REPRESENTATION_CONTEXT('2D SPACE',''
  ) );
#1663 = ORIENTED_EDGE('',*,*,#471,.F.);
#1664 = ORIENTED_EDGE('',*,*,#1617,.T.);
#1665 = ORIENTED_EDGE('',*,*,#523,.T.);
#1666 = ADVANCED_FACE('',(#1667),#512,.F.);
#1667 = FACE_BOUND('',#1668,.F.);
#1668 = EDGE_LOOP('',(#1669,#1670));
#1669 = ORIENTED_EDGE('',*,*,#497,.F.);
#1670 = ORIENTED_EDGE('',*,*,#1642,.T.);
#1671 = ADVANCED_FACE('',(#1672),#561,.T.);
#1672 = FACE_BOUND('',#1673,.T.);
#1673 = EDGE_LOOP('',(#1674,#1675));
#1674 = ORIENTED_EDGE('',*,*,#544,.F.);
#1675 = ORIENTED_EDGE('',*,*,#1676,.T.);
#1676 = EDGE_CURVE('',#545,#547,#1677,.T.);
#1677 = SURFACE_CURVE('',#1678,(#1683,#1690),.PCURVE_S1.);
#1678 = CIRCLE('',#1679,1.2);
#1679 = AXIS2_PLACEMENT_3D('',#1680,#1681,#1682);
#1680 = CARTESIAN_POINT('',(69.545941546018,-1.,58.838834764832));
#1681 = DIRECTION('',(0.707106781187,0.,-0.707106781187));
#1682 = DIRECTION('',(0.,1.,0.));
#1683 = PCURVE('',#561,#1684);
#1684 = DEFINITIONAL_REPRESENTATION('',(#1685),#1689);
#1685 = CIRCLE('',#1686,1.2);
#1686 = AXIS2_PLACEMENT_2D('',#1687,#1688);
#1687 = CARTESIAN_POINT('',(48.,-24.));
#1688 = DIRECTION('',(0.,-1.));
#1689 = ( GEOMETRIC_REPRESENTATION_CONTEXT(2) 
PARAMETRIC_REPRESENTATION_CONTEXT() REPRESENTATION_CONTEXT('2D SPACE',''
  ) );
#1690 = PCURVE('',#587,#1691);
#1691 = DEFINITIONAL_REPRESENTATION('',(#1692),#1696);
#1692 = LINE('',#1693,#1694);
#1693 = CARTESIAN_POINT('',(-0.,-0.5));
#1694 = VECTOR('',#1695,1.);
#1695 = DIRECTION('',(-1.,0.));
#1696 = ( GEOMETRIC_REPRESENTATION_CONTEXT(2) 
PARAMETRIC_REPRESENTATION_CONTEXT() REPRESENTATION_CONTEXT('2D SPACE',''
  ) );
#1697 = ADVANCED_FACE('',(#1698),#587,.T.);
#1698 = FACE_BOUND('',#1699,.F.);
#1699 = EDGE_LOOP('',(#1700,#1722,#1723,#1724));
#1700 = ORIENTED_EDGE('',*,*,#1701,.F.);
#1701 = EDGE_CURVE('',#573,#599,#1702,.T.);
#1702 = SURFACE_CURVE('',#1703,(#1708,#1715),.PCURVE_S1.);
#1703 = CIRCLE('',#1704,1.2);
#1704 = AXIS2_PLACEMENT_3D('',#1705,#1706,#1707);
#1705 = CARTESIAN_POINT('',(69.192388155425,-1.,59.192388155425));
#1706 = DIRECTION('',(0.707106781187,0.,-0.707106781187));
#1707 = DIRECTION('',(0.,1.,0.));
#1708 = PCURVE('',#587,#1709);
#1709 = DEFINITIONAL_REPRESENTATION('',(#1710),#1714);
#1710 = LINE('',#1711,#1712);
#1711 = CARTESIAN_POINT('',(-0.,0.));
#1712 = VECTOR('',#1713,1.);
#1713 = DIRECTION('',(-1.,0.));
#1714 = ( GEOMETRIC_REPRESENTATION_CONTEXT(2) 
PARAMETRIC_REPRESENTATION_CONTEXT() REPRESENTATION_CONTEXT('2D SPACE',''
  ) );
#1715 = PCURVE('',#613,#1716);
#1716 = DEFINITIONAL_REPRESENTATION('',(#1717),#1721);
#1717 = CIRCLE('',#1718,1.2);
#1718 = AXIS2_PLACEMENT_2D('',#1719,#1720);
#1719 = CARTESIAN_POINT('',(48.,-24.));
#1720 = DIRECTION('',(0.,-1.));
#1721 = ( GEOMETRIC_REPRESENTATION_CONTEXT(2) 
PARAMETRIC_REPRESENTATION_CONTEXT() REPRESENTATION_CONTEXT('2D SPACE',''
  ) );
#1722 = ORIENTED_EDGE('',*,*,#572,.F.);
#1723 = ORIENTED_EDGE('',*,*,#1676,.T.);
#1724 = ORIENTED_EDGE('',*,*,#624,.T.);
#1725 = ADVANCED_FACE('',(#1726),#613,.F.);
#1726 = FACE_BOUND('',#1727,.F.);
#1727 = EDGE_LOOP('',(#1728,#1729));
#1728 = ORIENTED_EDGE('',*,*,#598,.F.);
#1729 = ORIENTED_EDGE('',*,*,#1701,.T.);
#1730 = ADVANCED_FACE('',(#1731),#662,.T.);
#1731 = FACE_BOUND('',#1732,.T.);
#1732 = EDGE_LOOP('',(#1733,#1734));
#1733 = ORIENTED_EDGE('',*,*,#645,.F.);
#1734 = ORIENTED_EDGE('',*,*,#1735,.T.);
#1735 = EDGE_CURVE('',#646,#648,#1736,.T.);
#1736 = SURFACE_CURVE('',#1737,(#1742,#1749),.PCURVE_S1.);
#1737 = CIRCLE('',#1738,1.2);
#1738 = AXIS2_PLACEMENT_3D('',#1739,#1740,#1741);
#1739 = CARTESIAN_POINT('',(63.889087296526,-1.,53.181980515339));
#1740 = DIRECTION('',(0.707106781187,0.,-0.707106781187));
#1741 = DIRECTION('',(0.,1.,0.));
#1742 = PCURVE('',#662,#1743);
#1743 = DEFINITIONAL_REPRESENTATION('',(#1744),#1748);
#1744 = CIRCLE('',#1745,1.2);
#1745 = AXIS2_PLACEMENT_2D('',#1746,#1747);
#1746 = CARTESIAN_POINT('',(40.,-24.));
#1747 = DIRECTION('',(0.,-1.));
#1748 = ( GEOMETRIC_REPRESENTATION_CONTEXT(2) 
PARAMETRIC_REPRESENTATION_CONTEXT() REPRESENTATION_CONTEXT('2D SPACE',''
  ) );
#1749 = PCURVE('',#688,#1750);
#1750 = DEFINITIONAL_REPRESENTATION('',(#1751),#1755);
#1751 = LINE('',#1752,#1753);
#1752 = CARTESIAN_POINT('',(-0.,-0.5));
#1753 = VECTOR('',#1754,1.);
#1754 = DIRECTION('',(-1.,0.));
#1755 = ( GEOMETRIC_REPRESENTATION_CONTEXT(2) 
PARAMETRIC_REPRESENTATION_CONTEXT() REPRESENTATION_CONTEXT('2D SPACE',''
  ) );
#1756 = ADVANCED_FACE('',(#1757),#688,.T.);
#1757 = FACE_BOUND('',#1758,.F.);
#1758 = EDGE_LOOP('',(#1759,#1781,#1782,#1783));
#1759 = ORIENTED_EDGE('',*,*,#1760,.F.);
#1760 = EDGE_CURVE('',#674,#700,#1761,.T.);
#1761 = SURFACE_CURVE('',#1762,(#1767,#1774),.PCURVE_S1.);
#1762 = CIRCLE('',#1763,1.2);
#1763 = AXIS2_PLACEMENT_3D('',#1764,#1765,#1766);
#1764 = CARTESIAN_POINT('',(63.535533905933,-1.,53.535533905933));
#1765 = DIRECTION('',(0.707106781187,0.,-0.707106781187));
#1766 = DIRECTION('',(0.,1.,0.));
#1767 = PCURVE('',#688,#1768);
#1768 = DEFINITIONAL_REPRESENTATION('',(#1769),#1773);
#1769 = LINE('',#1770,#1771);
#1770 = CARTESIAN_POINT('',(-0.,0.));
#1771 = VECTOR('',#1772,1.);
#1772 = DIRECTION('',(-1.,0.));
#1773 = ( GEOMETRIC_REPRESENTATION_CONTEXT(2) 
PARAMETRIC_REPRESENTATION_CONTEXT() REPRESENTATION_CONTEXT('2D SPACE',''
  ) );
#1774 = PCURVE('',#714,#1775);
#1775 = DEFINITIONAL_REPRESENTATION('',(#1776),#1780);
#1776 = CIRCLE('',#1777,1.2);
#1777 = AXIS2_PLACEMENT_2D('',#1778,#1779);
#1778 = CARTESIAN_POINT('',(40.,-24.));
#1779 = DIRECTION('',(0.,-1.));
#1780 = ( GEOMETRIC_REPRESENTATION_CONTEXT(2) 
PARAMETRIC_REPRESENTATION_CONTEXT() REPRESENTATION_CONTEXT('2D SPACE',''
  ) );
#1781 = ORIENTED_EDGE('',*,*,#673,.F.);
#1782 = ORIENTED_EDGE('',*,*,#1735,.T.);
#1783 = ORIENTED_EDGE('',*,*,#725,.T.);
#1784 = ADVANCED_FACE('',(#1785),#714,.F.);
#1785 = FACE_BOUND('',#1786,.F.);
#1786 = EDGE_LOOP('',(#1787,#1788));
#1787 = ORIENTED_EDGE('',*,*,#699,.F.);
#1788 = ORIENTED_EDGE('',*,*,#1760,.T.);
#1789 = ADVANCED_FACE('',(#1790),#763,.T.);
#1790 = FACE_BOUND('',#1791,.T.);
#1791 = EDGE_LOOP('',(#1792,#1793));
#1792 = ORIENTED_EDGE('',*,*,#746,.F.);
#1793 = ORIENTED_EDGE('',*,*,#1794,.T.);
#1794 = EDGE_CURVE('',#747,#749,#1795,.T.);
#1795 = SURFACE_CURVE('',#1796,(#1801,#1808),.PCURVE_S1.);
#1796 = CIRCLE('',#1797,1.2);
#1797 = AXIS2_PLACEMENT_3D('',#1798,#1799,#1800);
#1798 = CARTESIAN_POINT('',(58.232233047034,-1.,47.525126265847));
#1799 = DIRECTION('',(0.707106781187,0.,-0.707106781187));
#1800 = DIRECTION('',(0.,1.,0.));
#1801 = PCURVE('',#763,#1802);
#1802 = DEFINITIONAL_REPRESENTATION('',(#1803),#1807);
#1803 = CIRCLE('',#1804,1.2);
#1804 = AXIS2_PLACEMENT_2D('',#1805,#1806);
#1805 = CARTESIAN_POINT('',(32.,-24.));
#1806 = DIRECTION('',(0.,-1.));
#1807 = ( GEOMETRIC_REPRESENTATION_CONTEXT(2) 
PARAMETRIC_REPRESENTATION_CONTEXT() REPRESENTATION_CONTEXT('2D SPACE',''
  ) );
#1808 = PCURVE('',#789,#1809);
#1809 = DEFINITIONAL_REPRESENTATION('',(#1810),#1814);
#1810 = LINE('',#1811,#1812);
#1811 = CARTESIAN_POINT('',(-0.,-0.5));
#1812 = VECTOR('',#1813,1.);
#1813 = DIRECTION('',(-1.,0.));
#1814 = ( GEOMETRIC_REPRESENTATION_CONTEXT(2) 
PARAMETRIC_REPRESENTATION_CONTEXT() REPRESENTATION_CONTEXT('2D SPACE',''
  ) );
#1815 = ADVANCED_FACE('',(#1816),#789,.T.);
#1816 = FACE_BOUND('',#1817,.F.);
#1817 = EDGE_LOOP('',(#1818,#1840,#1841,#1842));
#1818 = ORIENTED_EDGE('',*,*,#1819,.F.);
#1819 = EDGE_CURVE('',#775,#801,#1820,.T.);
#1820 = SURFACE_CURVE('',#1821,(#1826,#1833),.PCURVE_S1.);
#1821 = CIRCLE('',#1822,1.2);
#1822 = AXIS2_PLACEMENT_3D('',#1823,#1824,#1825);
#1823 = CARTESIAN_POINT('',(57.87867965644,-1.,47.87867965644));
#1824 = DIRECTION('',(0.707106781187,0.,-0.707106781187));
#1825 = DIRECTION('',(0.,1.,0.));
#1826 = PCURVE('',#789,#1827);
#1827 = DEFINITIONAL_REPRESENTATION('',(#1828),#1832);
#1828 = LINE('',#1829,#1830);
#1829 = CARTESIAN_POINT('',(-0.,0.));
#1830 = VECTOR('',#1831,1.);
#1831 = DIRECTION('',(-1.,0.));
#1832 = ( GEOMETRIC_REPRESENTATION_CONTEXT(2) 
PARAMETRIC_REPRESENTATION_CONTEXT() REPRESENTATION_CONTEXT('2D SPACE',''
  ) );
#1833 = PCURVE('',#815,#1834);
#1834 = DEFINITIONAL_REPRESENTATION('',(#1835),#1839);
#1835 = CIRCLE('',#1836,1.2);
#1836 = AXIS2_PLACEMENT_2D('',#1837,#1838);
#1837 = CARTESIAN_POINT('',(32.,-24.));
#1838 = DIRECTION('',(0.,-1.));
#1839 = ( GEOMETRIC_REPRESENTATION_CONTEXT(2) 
PARAMETRIC_REPRESENTATION_CONTEXT() REPRESENTATION_CONTEXT('2D SPACE',''
  ) );
#1840 = ORIENTED_EDGE('',*,*,#774,.F.);
#1841 = ORIENTED_EDGE('',*,*,#1794,.T.);
#1842 = ORIENTED_EDGE('',*,*,#826,.T.);
#1843 = ADVANCED_FACE('',(#1844),#815,.F.);
#1844 = FACE_BOUND('',#1845,.F.);
#1845 = EDGE_LOOP('',(#1846,#1847));
#1846 = ORIENTED_EDGE('',*,*,#800,.F.);
#1847 = ORIENTED_EDGE('',*,*,#1819,.T.);
#1848 = ADVANCED_FACE('',(#1849),#864,.T.);
#1849 = FACE_BOUND('',#1850,.T.);
#1850 = EDGE_LOOP('',(#1851,#1852));
#1851 = ORIENTED_EDGE('',*,*,#847,.F.);
#1852 = ORIENTED_EDGE('',*,*,#1853,.T.);
#1853 = EDGE_CURVE('',#848,#850,#1854,.T.);
#1854 = SURFACE_CURVE('',#1855,(#1860,#1867),.PCURVE_S1.);
#1855 = CIRCLE('',#1856,1.2);
#1856 = AXIS2_PLACEMENT_3D('',#1857,#1858,#1859);
#1857 = CARTESIAN_POINT('',(52.575378797541,-1.,41.868272016355));
#1858 = DIRECTION('',(0.707106781187,0.,-0.707106781187));
#1859 = DIRECTION('',(0.,1.,0.));
#1860 = PCURVE('',#864,#1861);
#1861 = DEFINITIONAL_REPRESENTATION('',(#1862),#1866);
#1862 = CIRCLE('',#1863,1.2);
#1863 = AXIS2_PLACEMENT_2D('',#1864,#1865);
#1864 = CARTESIAN_POINT('',(24.,-24.));
#1865 = DIRECTION('',(0.,-1.));
#1866 = ( GEOMETRIC_REPRESENTATION_CONTEXT(2) 
PARAMETRIC_REPRESENTATION_CONTEXT() REPRESENTATION_CONTEXT('2D SPACE',''
  ) );
#1867 = PCURVE('',#890,#1868);
#1868 = DEFINITIONAL_REPRESENTATION('',(#1869),#1873);
#1869 = LINE('',#1870,#1871);
#1870 = CARTESIAN_POINT('',(-0.,-0.5));
#1871 = VECTOR('',#1872,1.);
#1872 = DIRECTION('',(-1.,0.));
#1873 = ( GEOMETRIC_REPRESENTATION_CONTEXT(2) 
PARAMETRIC_REPRESENTATION_CONTEXT() REPRESENTATION_CONTEXT('2D SPACE',''
  ) );
#1874 = ADVANCED_FACE('',(#1875),#890,.T.);
#1875 = FACE_BOUND('',#1876,.F.);
#1876 = EDGE_LOOP('',(#1877,#1899,#1900,#1901));
#1877 = ORIENTED_EDGE('',*,*,#1878,.F.);
#1878 = EDGE_CURVE('',#876,#902,#1879,.T.);
#1879 = SURFACE_CURVE('',#1880,(#1885,#1892),.PCURVE_S1.);
#1880 = CIRCLE('',#1881,1.2);
#1881 = AXIS2_PLACEMENT_3D('',#1882,#1883,#1884);
#1882 = CARTESIAN_POINT('',(52.221825406948,-1.,42.221825406948));
#1883 = DIRECTION('',(0.707106781187,0.,-0.707106781187));
#1884 = DIRECTION('',(0.,1.,0.));
#1885 = PCURVE('',#890,#1886);
#1886 = DEFINITIONAL_REPRESENTATION('',(#1887),#1891);
#1887 = LINE('',#1888,#1889);
#1888 = CARTESIAN_POINT('',(-0.,0.));
#1889 = VECTOR('',#1890,1.);
#1890 = DIRECTION('',(-1.,0.));
#1891 = ( GEOMETRIC_REPRESENTATION_CONTEXT(2) 
PARAMETRIC_REPRESENTATION_CONTEXT() REPRESENTATION_CONTEXT('2D SPACE',''
  ) );
#1892 = PCURVE('',#916,#1893);
#1893 = DEFINITIONAL_REPRESENTATION('',(#1894),#1898);
#1894 = CIRCLE('',#1895,1.2);
#1895 = AXIS2_PLACEMENT_2D('',#1896,#1897);
#1896 = CARTESIAN_POINT('',(24.,-24.));
#1897 = DIRECTION('',(0.,-1.));
#1898 = ( GEOMETRIC_REPRESENTATION_CONTEXT(2) 
PARAMETRIC_REPRESENTATION_CONTEXT() REPRESENTATION_CONTEXT('2D SPACE',''
  ) );
#1899 = ORIENTED_EDGE('',*,*,#875,.F.);
#1900 = ORIENTED_EDGE('',*,*,#1853,.T.);
#1901 = ORIENTED_EDGE('',*,*,#927,.T.);
#1902 = ADVANCED_FACE('',(#1903),#916,.F.);
#1903 = FACE_BOUND('',#1904,.F.);
#1904 = EDGE_LOOP('',(#1905,#1906));
#1905 = ORIENTED_EDGE('',*,*,#901,.F.);
#1906 = ORIENTED_EDGE('',*,*,#1878,.T.);
#1907 = ADVANCED_FACE('',(#1908),#965,.T.);
#1908 = FACE_BOUND('',#1909,.T.);
#1909 = EDGE_LOOP('',(#1910,#1911));
#1910 = ORIENTED_EDGE('',*,*,#948,.F.);
#1911 = ORIENTED_EDGE('',*,*,#1912,.T.);
#1912 = EDGE_CURVE('',#949,#951,#1913,.T.);
#1913 = SURFACE_CURVE('',#1914,(#1919,#1926),.PCURVE_S1.);
#1914 = CIRCLE('',#1915,1.2);
#1915 = AXIS2_PLACEMENT_3D('',#1916,#1917,#1918);
#1916 = CARTESIAN_POINT('',(46.918524548049,-1.,36.211417766862));
#1917 = DIRECTION('',(0.707106781187,0.,-0.707106781187));
#1918 = DIRECTION('',(0.,1.,0.));
#1919 = PCURVE('',#965,#1920);
#1920 = DEFINITIONAL_REPRESENTATION('',(#1921),#1925);
#1921 = CIRCLE('',#1922,1.2);
#1922 = AXIS2_PLACEMENT_2D('',#1923,#1924);
#1923 = CARTESIAN_POINT('',(16.,-24.));
#1924 = DIRECTION('',(0.,-1.));
#1925 = ( GEOMETRIC_REPRESENTATION_CONTEXT(2) 
PARAMETRIC_REPRESENTATION_CONTEXT() REPRESENTATION_CONTEXT('2D SPACE',''
  ) );
#1926 = PCURVE('',#991,#1927);
#1927 = DEFINITIONAL_REPRESENTATION('',(#1928),#1932);
#1928 = LINE('',#1929,#1930);
#1929 = CARTESIAN_POINT('',(-0.,-0.5));
#1930 = VECTOR('',#1931,1.);
#1931 = DIRECTION('',(-1.,0.));
#1932 = ( GEOMETRIC_REPRESENTATION_CONTEXT(2) 
PARAMETRIC_REPRESENTATION_CONTEXT() REPRESENTATION_CONTEXT('2D SPACE',''
  ) );
#1933 = ADVANCED_FACE('',(#1934),#991,.T.);
#1934 = FACE_BOUND('',#1935,.F.);
#1935 = EDGE_LOOP('',(#1936,#1958,#1959,#1960));
#1936 = ORIENTED_EDGE('',*,*,#1937,.F.);
#1937 = EDGE_CURVE('',#977,#1003,#1938,.T.);
#1938 = SURFACE_CURVE('',#1939,(#1944,#1951),.PCURVE_S1.);
#1939 = CIRCLE('',#1940,1.2);
#1940 = AXIS2_PLACEMENT_3D('',#1941,#1942,#1943);
#1941 = CARTESIAN_POINT('',(46.564971157456,-1.,36.564971157456));
#1942 = DIRECTION('',(0.707106781187,0.,-0.707106781187));
#1943 = DIRECTION('',(0.,1.,0.));
#1944 = PCURVE('',#991,#1945);
#1945 = DEFINITIONAL_REPRESENTATION('',(#1946),#1950);
#1946 = LINE('',#1947,#1948);
#1947 = CARTESIAN_POINT('',(-0.,0.));
#1948 = VECTOR('',#1949,1.);
#1949 = DIRECTION('',(-1.,0.));
#1950 = ( GEOMETRIC_REPRESENTATION_CONTEXT(2) 
PARAMETRIC_REPRESENTATION_CONTEXT() REPRESENTATION_CONTEXT('2D SPACE',''
  ) );
#1951 = PCURVE('',#1017,#1952);
#1952 = DEFINITIONAL_REPRESENTATION('',(#1953),#1957);
#1953 = CIRCLE('',#1954,1.2);
#1954 = AXIS2_PLACEMENT_2D('',#1955,#1956);
#1955 = CARTESIAN_POINT('',(16.,-24.));
#1956 = DIRECTION('',(0.,-1.));
#1957 = ( GEOMETRIC_REPRESENTATION_CONTEXT(2) 
PARAMETRIC_REPRESENTATION_CONTEXT() REPRESENTATION_CONTEXT('2D SPACE',''
  ) );
#1958 = ORIENTED_EDGE('',*,*,#976,.F.);
#1959 = ORIENTED_EDGE('',*,*,#1912,.T.);
#1960 = ORIENTED_EDGE('',*,*,#1028,.T.);
#1961 = ADVANCED_FACE('',(#1962),#1017,.F.);
#1962 = FACE_BOUND('',#1963,.F.);
#1963 = EDGE_LOOP('',(#1964,#1965));
#1964 = ORIENTED_EDGE('',*,*,#1002,.F.);
#1965 = ORIENTED_EDGE('',*,*,#1937,.T.);
#1966 = ADVANCED_FACE('',(#1967),#1066,.T.);
#1967 = FACE_BOUND('',#1968,.T.);
#1968 = EDGE_LOOP('',(#1969,#1970));
#1969 = ORIENTED_EDGE('',*,*,#1049,.F.);
#1970 = ORIENTED_EDGE('',*,*,#1971,.T.);
#1971 = EDGE_CURVE('',#1050,#1052,#1972,.T.);
#1972 = SURFACE_CURVE('',#1973,(#1978,#1985),.PCURVE_S1.);
#1973 = CIRCLE('',#1974,1.2);
#1974 = AXIS2_PLACEMENT_3D('',#1975,#1976,#1977);
#1975 = CARTESIAN_POINT('',(41.261670298556,-1.,30.55456351737));
#1976 = DIRECTION('',(0.707106781187,0.,-0.707106781187));
#1977 = DIRECTION('',(0.,1.,0.));
#1978 = PCURVE('',#1066,#1979);
#1979 = DEFINITIONAL_REPRESENTATION('',(#1980),#1984);
#1980 = CIRCLE('',#1981,1.2);
#1981 = AXIS2_PLACEMENT_2D('',#1982,#1983);
#1982 = CARTESIAN_POINT('',(8.,-24.));
#1983 = DIRECTION('',(0.,-1.));
#1984 = ( GEOMETRIC_REPRESENTATION_CONTEXT(2) 
PARAMETRIC_REPRESENTATION_CONTEXT() REPRESENTATION_CONTEXT('2D SPACE',''
  ) );
#1985 = PCURVE('',#1092,#1986);
#1986 = DEFINITIONAL_REPRESENTATION('',(#1987),#1991);
#1987 = LINE('',#1988,#1989);
#1988 = CARTESIAN_POINT('',(-0.,-0.5));
#1989 = VECTOR('',#1990,1.);
#1990 = DIRECTION('',(-1.,0.));
#1991 = ( GEOMETRIC_REPRESENTATION_CONTEXT(2) 
PARAMETRIC_REPRESENTATION_CONTEXT() REPRESENTATION_CONTEXT('2D SPACE',''
  ) );
#1992 = ADVANCED_FACE('',(#1993),#1092,.T.);
#1993 = FACE_BOUND('',#1994,.F.);
#1994 = EDGE_LOOP('',(#1995,#2017,#2018,#2019));
#1995 = ORIENTED_EDGE('',*,*,#1996,.F.);
#1996 = EDGE_CURVE('',#1078,#1104,#1997,.T.);
#1997 = SURFACE_CURVE('',#1998,(#2003,#2010),.PCURVE_S1.);
#1998 = CIRCLE('',#1999,1.2);
#1999 = AXIS2_PLACEMENT_3D('',#2000,#2001,#2002);
#2000 = CARTESIAN_POINT('',(40.908116907963,-1.,30.908116907963));
#2001 = DIRECTION('',(0.707106781187,0.,-0.707106781187));
#2002 = DIRECTION('',(0.,1.,0.));
#2003 = PCURVE('',#1092,#2004);
#2004 = DEFINITIONAL_REPRESENTATION('',(#2005),#2009);
#2005 = LINE('',#2006,#2007);
#2006 = CARTESIAN_POINT('',(-0.,0.));
#2007 = VECTOR('',#2008,1.);
#2008 = DIRECTION('',(-1.,0.));
#2009 = ( GEOMETRIC_REPRESENTATION_CONTEXT(2) 
PARAMETRIC_REPRESENTATION_CONTEXT() REPRESENTATION_CONTEXT('2D SPACE',''
  ) );
#2010 = PCURVE('',#1118,#2011);
#2011 = DEFINITIONAL_REPRESENTATION('',(#2012),#2016);
#2012 = CIRCLE('',#2013,1.2);
#2013 = AXIS2_PLACEMENT_2D('',#2014,#2015);
#2014 = CARTESIAN_POINT('',(8.,-24.));
#2015 = DIRECTION('',(0.,-1.));
#2016 = ( GEOMETRIC_REPRESENTATION_CONTEXT(2) 
PARAMETRIC_REPRESENTATION_CONTEXT() REPRESENTATION_CONTEXT('2D SPACE',''
  ) );
#2017 = ORIENTED_EDGE('',*,*,#1077,.F.);
#2018 = ORIENTED_EDGE('',*,*,#1971,.T.);
#2019 = ORIENTED_EDGE('',*,*,#1129,.T.);
#2020 = ADVANCED_FACE('',(#2021),#1118,.F.);
#2021 = FACE_BOUND('',#2022,.F.);
#2022 = EDGE_LOOP('',(#2023,#2024));
#2023 = ORIENTED_EDGE('',*,*,#1103,.F.);
#2024 = ORIENTED_EDGE('',*,*,#1996,.T.);
#2025 = ADVANCED_FACE('',(#2026),#1167,.T.);
#2026 = FACE_BOUND('',#2027,.T.);
#2027 = EDGE_LOOP('',(#2028,#2029));
#2028 = ORIENTED_EDGE('',*,*,#1150,.F.);
#2029 = ORIENTED_EDGE('',*,*,#2030,.T.);
#2030 = EDGE_CURVE('',#1151,#1153,#2031,.T.);
#2031 = SURFACE_CURVE('',#2032,(#2037,#2044),.PCURVE_S1.);
#2032 = CIRCLE('',#2033,1.2);
#2033 = AXIS2_PLACEMENT_3D('',#2034,#2035,#2036);
#2034 = CARTESIAN_POINT('',(35.604816049064,-1.,24.897709267878));
#2035 = DIRECTION('',(0.707106781187,0.,-0.707106781187));
#2036 = DIRECTION('',(0.,1.,0.));
#2037 = PCURVE('',#1167,#2038);
#2038 = DEFINITIONAL_REPRESENTATION('',(#2039),#2043);
#2039 = CIRCLE('',#2040,1.2);
#2040 = AXIS2_PLACEMENT_2D('',#2041,#2042);
#2041 = CARTESIAN_POINT('',(-1.004859173558E-14,-24.));
#2042 = DIRECTION('',(0.,-1.));
#2043 = ( GEOMETRIC_REPRESENTATION_CONTEXT(2) 
PARAMETRIC_REPRESENTATION_CONTEXT() REPRESENTATION_CONTEXT('2D SPACE',''
  ) );
#2044 = PCURVE('',#1193,#2045);
#2045 = DEFINITIONAL_REPRESENTATION('',(#2046),#2050);
#2046 = LINE('',#2047,#2048);
#2047 = CARTESIAN_POINT('',(-0.,-0.5));
#2048 = VECTOR('',#2049,1.);
#2049 = DIRECTION('',(-1.,0.));
#2050 = ( GEOMETRIC_REPRESENTATION_CONTEXT(2) 
PARAMETRIC_REPRESENTATION_CONTEXT() REPRESENTATION_CONTEXT('2D SPACE',''
  ) );
#2051 = ADVANCED_FACE('',(#2052),#1193,.T.);
#2052 = FACE_BOUND('',#2053,.F.);
#2053 = EDGE_LOOP('',(#2054,#2076,#2077,#2078));
#2054 = ORIENTED_EDGE('',*,*,#2055,.F.);
#2055 = EDGE_CURVE('',#1179,#1205,#2056,.T.);
#2056 = SURFACE_CURVE('',#2057,(#2062,#2069),.PCURVE_S1.);
#2057 = CIRCLE('',#2058,1.2);
#2058 = AXIS2_PLACEMENT_3D('',#2059,#2060,#2061);
#2059 = CARTESIAN_POINT('',(35.251262658471,-1.,25.251262658471));
#2060 = DIRECTION('',(0.707106781187,0.,-0.707106781187));
#2061 = DIRECTION('',(0.,1.,0.));
#2062 = PCURVE('',#1193,#2063);
#2063 = DEFINITIONAL_REPRESENTATION('',(#2064),#2068);
#2064 = LINE('',#2065,#2066);
#2065 = CARTESIAN_POINT('',(-0.,0.));
#2066 = VECTOR('',#2067,1.);
#2067 = DIRECTION('',(-1.,0.));
#2068 = ( GEOMETRIC_REPRESENTATION_CONTEXT(2) 
PARAMETRIC_REPRESENTATION_CONTEXT() REPRESENTATION_CONTEXT('2D SPACE',''
  ) );
#2069 = PCURVE('',#1219,#2070);
#2070 = DEFINITIONAL_REPRESENTATION('',(#2071),#2075);
#2071 = CIRCLE('',#2072,1.2);
#2072 = AXIS2_PLACEMENT_2D('',#2073,#2074);
#2073 = CARTESIAN_POINT('',(-1.004859173558E-14,-24.));
#2074 = DIRECTION('',(0.,-1.));
#2075 = ( GEOMETRIC_REPRESENTATION_CONTEXT(2) 
PARAMETRIC_REPRESENTATION_CONTEXT() REPRESENTATION_CONTEXT('2D SPACE',''
  ) );
#2076 = ORIENTED_EDGE('',*,*,#1178,.F.);
#2077 = ORIENTED_EDGE('',*,*,#2030,.T.);
#2078 = ORIENTED_EDGE('',*,*,#1230,.T.);
#2079 = ADVANCED_FACE('',(#2080),#1219,.F.);
#2080 = FACE_BOUND('',#2081,.F.);
#2081 = EDGE_LOOP('',(#2082,#2083));
#2082 = ORIENTED_EDGE('',*,*,#1204,.F.);
#2083 = ORIENTED_EDGE('',*,*,#2055,.T.);
#2084 = ADVANCED_FACE('',(#2085),#1292,.F.);
#2085 = FACE_BOUND('',#2086,.F.);
#2086 = EDGE_LOOP('',(#2087,#2088,#2089,#2110));
#2087 = ORIENTED_EDGE('',*,*,#1276,.T.);
#2088 = ORIENTED_EDGE('',*,*,#1436,.T.);
#2089 = ORIENTED_EDGE('',*,*,#2090,.F.);
#2090 = EDGE_CURVE('',#1331,#1437,#2091,.T.);
#2091 = SURFACE_CURVE('',#2092,(#2096,#2103),.PCURVE_S1.);
#2092 = LINE('',#2093,#2094);
#2093 = CARTESIAN_POINT('',(0.,2.584746094441E-15,110.));
#2094 = VECTOR('',#2095,1.);
#2095 = DIRECTION('',(1.,0.,0.));
#2096 = PCURVE('',#1292,#2097);
#2097 = DEFINITIONAL_REPRESENTATION('',(#2098),#2102);
#2098 = LINE('',#2099,#2100);
#2099 = CARTESIAN_POINT('',(141.42135623731,0.));
#2100 = VECTOR('',#2101,1.);
#2101 = DIRECTION('',(0.,-1.));
#2102 = ( GEOMETRIC_REPRESENTATION_CONTEXT(2) 
PARAMETRIC_REPRESENTATION_CONTEXT() REPRESENTATION_CONTEXT('2D SPACE',''
  ) );
#2103 = PCURVE('',#1369,#2104);
#2104 = DEFINITIONAL_REPRESENTATION('',(#2105),#2109);
#2105 = LINE('',#2106,#2107);
#2106 = CARTESIAN_POINT('',(-2.584746094441E-15,0.));
#2107 = VECTOR('',#2108,1.);
#2108 = DIRECTION('',(0.,-1.));
#2109 = ( GEOMETRIC_REPRESENTATION_CONTEXT(2) 
PARAMETRIC_REPRESENTATION_CONTEXT() REPRESENTATION_CONTEXT('2D SPACE',''
  ) );
#2110 = ORIENTED_EDGE('',*,*,#1330,.F.);
#2111 = ADVANCED_FACE('',(#2112),#1369,.F.);
#2112 = FACE_BOUND('',#2113,.F.);
#2113 = EDGE_LOOP('',(#2114,#2115,#2116,#2137));
#2114 = ORIENTED_EDGE('',*,*,#2090,.T.);
#2115 = ORIENTED_EDGE('',*,*,#1459,.T.);
#2116 = ORIENTED_EDGE('',*,*,#2117,.F.);
#2117 = EDGE_CURVE('',#1354,#1460,#2118,.T.);
#2118 = SURFACE_CURVE('',#2119,(#2123,#2130),.PCURVE_S1.);
#2119 = LINE('',#2120,#2121);
#2120 = CARTESIAN_POINT('',(0.,15.,110.));
#2121 = VECTOR('',#2122,1.);
#2122 = DIRECTION('',(1.,0.,0.));
#2123 = PCURVE('',#1369,#2124);
#2124 = DEFINITIONAL_REPRESENTATION('',(#2125),#2129);
#2125 = LINE('',#2126,#2127);
#2126 = CARTESIAN_POINT('',(15.,0.));
#2127 = VECTOR('',#2128,1.);
#2128 = DIRECTION('',(0.,-1.));
#2129 = ( GEOMETRIC_REPRESENTATION_CONTEXT(2) 
PARAMETRIC_REPRESENTATION_CONTEXT() REPRESENTATION_CONTEXT('2D SPACE',''
  ) );
#2130 = PCURVE('',#1397,#2131);
#2131 = DEFINITIONAL_REPRESENTATION('',(#2132),#2136);
#2132 = LINE('',#2133,#2134);
#2133 = CARTESIAN_POINT('',(0.,0.));
#2134 = VECTOR('',#2135,1.);
#2135 = DIRECTION('',(0.,-1.));
#2136 = ( GEOMETRIC_REPRESENTATION_CONTEXT(2) 
PARAMETRIC_REPRESENTATION_CONTEXT() REPRESENTATION_CONTEXT('2D SPACE',''
  ) );
#2137 = ORIENTED_EDGE('',*,*,#1353,.F.);
#2138 = ADVANCED_FACE('',(#2139),#1397,.F.);
#2139 = FACE_BOUND('',#2140,.F.);
#2140 = EDGE_LOOP('',(#2141,#2142,#2143,#2144));
#2141 = ORIENTED_EDGE('',*,*,#2117,.T.);
#2142 = ORIENTED_EDGE('',*,*,#1482,.T.);
#2143 = ORIENTED_EDGE('',*,*,#1530,.F.);
#2144 = ORIENTED_EDGE('',*,*,#1381,.F.);
#2145 = ( GEOMETRIC_REPRESENTATION_CONTEXT(3) 
GLOBAL_UNCERTAINTY_ASSIGNED_CONTEXT((#2149)) 
GLOBAL_UNIT_ASSIGNED_CONTEXT((#2146,#2147,#2148)) REPRESENTATION_CONTEXT
('Context #1','3D Context with UNIT and UNCERTAINTY') );
#2146 = ( LENGTH_UNIT() NAMED_UNIT(*) SI_UNIT(.MILLI.,.METRE.) );
#2147 = ( NAMED_UNIT(*) PLANE_ANGLE_UNIT() SI_UNIT($,.RADIAN.) );
#2148 = ( NAMED_UNIT(*) SI_UNIT($,.STERADIAN.) SOLID_ANGLE_UNIT() );
#2149 = UNCERTAINTY_MEASURE_WITH_UNIT(LENGTH_MEASURE(1.E-07),#2146,
  'distance_accuracy_value','confusion accuracy');
#2150 = CONTEXT_DEPENDENT_SHAPE_REPRESENTATION(#2151,#2153);
#2151 = ( REPRESENTATION_RELATIONSHIP('','',#140,#10) 
REPRESENTATION_RELATIONSHIP_WITH_TRANSFORMATION(#2152) 
SHAPE_REPRESENTATION_RELATIONSHIP() );
#2152 = ITEM_DEFINED_TRANSFORMATION('','',#11,#15);
#2153 = PRODUCT_DEFINITION_SHAPE('Placement','Placement of an item',
  #2154);
#2154 = NEXT_ASSEMBLY_USAGE_OCCURRENCE('1','','',#5,#135,$);
#2155 = PRODUCT_RELATED_PRODUCT_CATEGORY('part',$,(#137));
#2156 = SHAPE_DEFINITION_REPRESENTATION(#2157,#2163);
#2157 = PRODUCT_DEFINITION_SHAPE('','',#2158);
#2158 = PRODUCT_DEFINITION('design','',#2159,#2162);
#2159 = PRODUCT_DEFINITION_FORMATION('','',#2160);
#2160 = PRODUCT('Open CASCADE STEP translator 7.8 1.2',
  'Open CASCADE STEP translator 7.8 1.2','',(#2161));
#2161 = PRODUCT_CONTEXT('',#2,'mechanical');
#2162 = PRODUCT_DEFINITION_CONTEXT('part definition',#2,'design');
#2163 = ADVANCED_BREP_SHAPE_REPRESENTATION('',(#11,#2164),#2262);
#2164 = MANIFOLD_SOLID_BREP('',#2165);
#2165 = CLOSED_SHELL('',(#2166,#2254,#2258));
#2166 = ADVANCED_FACE('',(#2167),#2181,.T.);
#2167 = FACE_BOUND('',#2168,.F.);
#2168 = EDGE_LOOP('',(#2169,#2199,#2226,#2227));
#2169 = ORIENTED_EDGE('',*,*,#2170,.T.);
#2170 = EDGE_CURVE('',#2171,#2173,#2175,.T.);
#2171 = VERTEX_POINT('',#2172);
#2172 = CARTESIAN_POINT('',(35.251262658471,-23.8,25.251262658471));
#2173 = VERTEX_POINT('',#2174);
#2174 = CARTESIAN_POINT('',(35.604816049064,-23.8,24.897709267878));
#2175 = SEAM_CURVE('',#2176,(#2180,#2192),.PCURVE_S1.);
#2176 = LINE('',#2177,#2178);
#2177 = CARTESIAN_POINT('',(35.251262658471,-23.8,25.251262658471));
#2178 = VECTOR('',#2179,1.);
#2179 = DIRECTION('',(0.707106781187,0.,-0.707106781187));
#2180 = PCURVE('',#2181,#2186);
#2181 = CYLINDRICAL_SURFACE('',#2182,1.2);
#2182 = AXIS2_PLACEMENT_3D('',#2183,#2184,#2185);
#2183 = CARTESIAN_POINT('',(35.251262658471,-25.,25.251262658471));
#2184 = DIRECTION('',(-0.707106781187,-0.,0.707106781187));
#2185 = DIRECTION('',(0.,1.,0.));
#2186 = DEFINITIONAL_REPRESENTATION('',(#2187),#2191);
#2187 = LINE('',#2188,#2189);
#2188 = CARTESIAN_POINT('',(-0.,0.));
#2189 = VECTOR('',#2190,1.);
#2190 = DIRECTION('',(-0.,-1.));
#2191 = ( GEOMETRIC_REPRESENTATION_CONTEXT(2) 
PARAMETRIC_REPRESENTATION_CONTEXT() REPRESENTATION_CONTEXT('2D SPACE',''
  ) );
#2192 = PCURVE('',#2181,#2193);
#2193 = DEFINITIONAL_REPRESENTATION('',(#2194),#2198);
#2194 = LINE('',#2195,#2196);
#2195 = CARTESIAN_POINT('',(-6.28318530718,0.));
#2196 = VECTOR('',#2197,1.);
#2197 = DIRECTION('',(-0.,-1.));
#2198 = ( GEOMETRIC_REPRESENTATION_CONTEXT(2) 
PARAMETRIC_REPRESENTATION_CONTEXT() REPRESENTATION_CONTEXT('2D SPACE',''
  ) );
#2199 = ORIENTED_EDGE('',*,*,#2200,.T.);
#2200 = EDGE_CURVE('',#2173,#2173,#2201,.T.);
#2201 = SURFACE_CURVE('',#2202,(#2207,#2214),.PCURVE_S1.);
#2202 = CIRCLE('',#2203,1.2);
#2203 = AXIS2_PLACEMENT_3D('',#2204,#2205,#2206);
#2204 = CARTESIAN_POINT('',(35.604816049064,-25.,24.897709267878));
#2205 = DIRECTION('',(0.707106781187,0.,-0.707106781187));
#2206 = DIRECTION('',(0.,1.,0.));
#2207 = PCURVE('',#2181,#2208);
#2208 = DEFINITIONAL_REPRESENTATION('',(#2209),#2213);
#2209 = LINE('',#2210,#2211);
#2210 = CARTESIAN_POINT('',(-0.,-0.5));
#2211 = VECTOR('',#2212,1.);
#2212 = DIRECTION('',(-1.,0.));
#2213 = ( GEOMETRIC_REPRESENTATION_CONTEXT(2) 
PARAMETRIC_REPRESENTATION_CONTEXT() REPRESENTATION_CONTEXT('2D SPACE',''
  ) );
#2214 = PCURVE('',#2215,#2220);
#2215 = PLANE('',#2216);
#2216 = AXIS2_PLACEMENT_3D('',#2217,#2218,#2219);
#2217 = CARTESIAN_POINT('',(35.604816049064,-25.,24.897709267878));
#2218 = DIRECTION('',(0.707106781187,0.,-0.707106781187));
#2219 = DIRECTION('',(0.707106781187,0.,0.707106781187));
#2220 = DEFINITIONAL_REPRESENTATION('',(#2221),#2225);
#2221 = CIRCLE('',#2222,1.2);
#2222 = AXIS2_PLACEMENT_2D('',#2223,#2224);
#2223 = CARTESIAN_POINT('',(-1.004859173558E-14,-7.105427357601E-15));
#2224 = DIRECTION('',(0.,-1.));
#2225 = ( GEOMETRIC_REPRESENTATION_CONTEXT(2) 
PARAMETRIC_REPRESENTATION_CONTEXT() REPRESENTATION_CONTEXT('2D SPACE',''
  ) );
#2226 = ORIENTED_EDGE('',*,*,#2170,.F.);
#2227 = ORIENTED_EDGE('',*,*,#2228,.F.);
#2228 = EDGE_CURVE('',#2171,#2171,#2229,.T.);
#2229 = SURFACE_CURVE('',#2230,(#2235,#2242),.PCURVE_S1.);
#2230 = CIRCLE('',#2231,1.2);
#2231 = AXIS2_PLACEMENT_3D('',#2232,#2233,#2234);
#2232 = CARTESIAN_POINT('',(35.251262658471,-25.,25.251262658471));
#2233 = DIRECTION('',(0.707106781187,0.,-0.707106781187));
#2234 = DIRECTION('',(0.,1.,0.));
#2235 = PCURVE('',#2181,#2236);
#2236 = DEFINITIONAL_REPRESENTATION('',(#2237),#2241);
#2237 = LINE('',#2238,#2239);
#2238 = CARTESIAN_POINT('',(-0.,0.));
#2239 = VECTOR('',#2240,1.);
#2240 = DIRECTION('',(-1.,0.));
#2241 = ( GEOMETRIC_REPRESENTATION_CONTEXT(2) 
PARAMETRIC_REPRESENTATION_CONTEXT() REPRESENTATION_CONTEXT('2D SPACE',''
  ) );
#2242 = PCURVE('',#2243,#2248);
#2243 = PLANE('',#2244);
#2244 = AXIS2_PLACEMENT_3D('',#2245,#2246,#2247);
#2245 = CARTESIAN_POINT('',(35.251262658471,-25.,25.251262658471));
#2246 = DIRECTION('',(0.707106781187,0.,-0.707106781187));
#2247 = DIRECTION('',(0.707106781187,0.,0.707106781187));
#2248 = DEFINITIONAL_REPRESENTATION('',(#2249),#2253);
#2249 = CIRCLE('',#2250,1.2);
#2250 = AXIS2_PLACEMENT_2D('',#2251,#2252);
#2251 = CARTESIAN_POINT('',(-1.004859173558E-14,-7.105427357601E-15));
#2252 = DIRECTION('',(0.,-1.));
#2253 = ( GEOMETRIC_REPRESENTATION_CONTEXT(2) 
PARAMETRIC_REPRESENTATION_CONTEXT() REPRESENTATION_CONTEXT('2D SPACE',''
  ) );
#2254 = ADVANCED_FACE('',(#2255),#2243,.F.);
#2255 = FACE_BOUND('',#2256,.F.);
#2256 = EDGE_LOOP('',(#2257));
#2257 = ORIENTED_EDGE('',*,*,#2228,.T.);
#2258 = ADVANCED_FACE('',(#2259),#2215,.T.);
#2259 = FACE_BOUND('',#2260,.T.);
#2260 = EDGE_LOOP('',(#2261));
#2261 = ORIENTED_EDGE('',*,*,#2200,.T.);
#2262 = ( GEOMETRIC_REPRESENTATION_CONTEXT(3) 
GLOBAL_UNCERTAINTY_ASSIGNED_CONTEXT((#2266)) 
GLOBAL_UNIT_ASSIGNED_CONTEXT((#2263,#2264,#2265)) REPRESENTATION_CONTEXT
('Context #1','3D Context with UNIT and UNCERTAINTY') );
#2263 = ( LENGTH_UNIT() NAMED_UNIT(*) SI_UNIT(.MILLI.,.METRE.) );
#2264 = ( NAMED_UNIT(*) PLANE_ANGLE_UNIT() SI_UNIT($,.RADIAN.) );
#2265 = ( NAMED_UNIT(*) SI_UNIT($,.STERADIAN.) SOLID_ANGLE_UNIT() );
#2266 = UNCERTAINTY_MEASURE_WITH_UNIT(LENGTH_MEASURE(1.E-07),#2263,
  'distance_accuracy_value','confusion accuracy');
#2267 = CONTEXT_DEPENDENT_SHAPE_REPRESENTATION(#2268,#2270);
#2268 = ( REPRESENTATION_RELATIONSHIP('','',#2163,#10) 
REPRESENTATION_RELATIONSHIP_WITH_TRANSFORMATION(#2269) 
SHAPE_REPRESENTATION_RELATIONSHIP() );
#2269 = ITEM_DEFINED_TRANSFORMATION('','',#11,#19);
#2270 = PRODUCT_DEFINITION_SHAPE('Placement','Placement of an item',
  #2271);
#2271 = NEXT_ASSEMBLY_USAGE_OCCURRENCE('2','','',#5,#2158,$);
#2272 = PRODUCT_RELATED_PRODUCT_CATEGORY('part',$,(#2160));
#2273 = SHAPE_DEFINITION_REPRESENTATION(#2274,#2280);
#2274 = PRODUCT_DEFINITION_SHAPE('','',#2275);
#2275 = PRODUCT_DEFINITION('design','',#2276,#2279);
#2276 = PRODUCT_DEFINITION_FORMATION('','',#2277);
#2277 = PRODUCT('Open CASCADE STEP translator 7.8 1.3',
  'Open CASCADE STEP translator 7.8 1.3','',(#2278));
#2278 = PRODUCT_CONTEXT('',#2,'mechanical');
#2279 = PRODUCT_DEFINITION_CONTEXT('part definition',#2,'design');
#2280 = ADVANCED_BREP_SHAPE_REPRESENTATION('',(#11,#2281),#2379);
#2281 = MANIFOLD_SOLID_BREP('',#2282);
#2282 = CLOSED_SHELL('',(#2283,#2371,#2375));
#2283 = ADVANCED_FACE('',(#2284),#2298,.T.);
#2284 = FACE_BOUND('',#2285,.F.);
#2285 = EDGE_LOOP('',(#2286,#2316,#2343,#2344));
#2286 = ORIENTED_EDGE('',*,*,#2287,.T.);
#2287 = EDGE_CURVE('',#2288,#2290,#2292,.T.);
#2288 = VERTEX_POINT('',#2289);
#2289 = CARTESIAN_POINT('',(40.908116907963,-23.8,30.908116907963));
#2290 = VERTEX_POINT('',#2291);
#2291 = CARTESIAN_POINT('',(41.261670298556,-23.8,30.55456351737));
#2292 = SEAM_CURVE('',#2293,(#2297,#2309),.PCURVE_S1.);
#2293 = LINE('',#2294,#2295);
#2294 = CARTESIAN_POINT('',(40.908116907963,-23.8,30.908116907963));
#2295 = VECTOR('',#2296,1.);
#2296 = DIRECTION('',(0.707106781187,0.,-0.707106781187));
#2297 = PCURVE('',#2298,#2303);
#2298 = CYLINDRICAL_SURFACE('',#2299,1.2);
#2299 = AXIS2_PLACEMENT_3D('',#2300,#2301,#2302);
#2300 = CARTESIAN_POINT('',(40.908116907963,-25.,30.908116907963));
#2301 = DIRECTION('',(-0.707106781187,-0.,0.707106781187));
#2302 = DIRECTION('',(0.,1.,0.));
#2303 = DEFINITIONAL_REPRESENTATION('',(#2304),#2308);
#2304 = LINE('',#2305,#2306);
#2305 = CARTESIAN_POINT('',(-0.,0.));
#2306 = VECTOR('',#2307,1.);
#2307 = DIRECTION('',(-0.,-1.));
#2308 = ( GEOMETRIC_REPRESENTATION_CONTEXT(2) 
PARAMETRIC_REPRESENTATION_CONTEXT() REPRESENTATION_CONTEXT('2D SPACE',''
  ) );
#2309 = PCURVE('',#2298,#2310);
#2310 = DEFINITIONAL_REPRESENTATION('',(#2311),#2315);
#2311 = LINE('',#2312,#2313);
#2312 = CARTESIAN_POINT('',(-6.28318530718,0.));
#2313 = VECTOR('',#2314,1.);
#2314 = DIRECTION('',(-0.,-1.));
#2315 = ( GEOMETRIC_REPRESENTATION_CONTEXT(2) 
PARAMETRIC_REPRESENTATION_CONTEXT() REPRESENTATION_CONTEXT('2D SPACE',''
  ) );
#2316 = ORIENTED_EDGE('',*,*,#2317,.T.);
#2317 = EDGE_CURVE('',#2290,#2290,#2318,.T.);
#2318 = SURFACE_CURVE('',#2319,(#2324,#2331),.PCURVE_S1.);
#2319 = CIRCLE('',#2320,1.2);
#2320 = AXIS2_PLACEMENT_3D('',#2321,#2322,#2323);
#2321 = CARTESIAN_POINT('',(41.261670298556,-25.,30.55456351737));
#2322 = DIRECTION('',(0.707106781187,0.,-0.707106781187));
#2323 = DIRECTION('',(0.,1.,0.));
#2324 = PCURVE('',#2298,#2325);
#2325 = DEFINITIONAL_REPRESENTATION('',(#2326),#2330);
#2326 = LINE('',#2327,#2328);
#2327 = CARTESIAN_POINT('',(-0.,-0.5));
#2328 = VECTOR('',#2329,1.);
#2329 = DIRECTION('',(-1.,0.));
#2330 = ( GEOMETRIC_REPRESENTATION_CONTEXT(2) 
PARAMETRIC_REPRESENTATION_CONTEXT() REPRESENTATION_CONTEXT('2D SPACE',''
  ) );
#2331 = PCURVE('',#2332,#2337);
#2332 = PLANE('',#2333);
#2333 = AXIS2_PLACEMENT_3D('',#2334,#2335,#2336);
#2334 = CARTESIAN_POINT('',(35.604816049064,-25.,24.897709267878));
#2335 = DIRECTION('',(0.707106781187,0.,-0.707106781187));
#2336 = DIRECTION('',(0.707106781187,0.,0.707106781187));
#2337 = DEFINITIONAL_REPRESENTATION('',(#2338),#2342);
#2338 = CIRCLE('',#2339,1.2);
#2339 = AXIS2_PLACEMENT_2D('',#2340,#2341);
#2340 = CARTESIAN_POINT('',(8.,-7.105427357601E-15));
#2341 = DIRECTION('',(0.,-1.));
#2342 = ( GEOMETRIC_REPRESENTATION_CONTEXT(2) 
PARAMETRIC_REPRESENTATION_CONTEXT() REPRESENTATION_CONTEXT('2D SPACE',''
  ) );
#2343 = ORIENTED_EDGE('',*,*,#2287,.F.);
#2344 = ORIENTED_EDGE('',*,*,#2345,.F.);
#2345 = EDGE_CURVE('',#2288,#2288,#2346,.T.);
#2346 = SURFACE_CURVE('',#2347,(#2352,#2359),.PCURVE_S1.);
#2347 = CIRCLE('',#2348,1.2);
#2348 = AXIS2_PLACEMENT_3D('',#2349,#2350,#2351);
#2349 = CARTESIAN_POINT('',(40.908116907963,-25.,30.908116907963));
#2350 = DIRECTION('',(0.707106781187,0.,-0.707106781187));
#2351 = DIRECTION('',(0.,1.,0.));
#2352 = PCURVE('',#2298,#2353);
#2353 = DEFINITIONAL_REPRESENTATION('',(#2354),#2358);
#2354 = LINE('',#2355,#2356);
#2355 = CARTESIAN_POINT('',(-0.,0.));
#2356 = VECTOR('',#2357,1.);
#2357 = DIRECTION('',(-1.,0.));
#2358 = ( GEOMETRIC_REPRESENTATION_CONTEXT(2) 
PARAMETRIC_REPRESENTATION_CONTEXT() REPRESENTATION_CONTEXT('2D SPACE',''
  ) );
#2359 = PCURVE('',#2360,#2365);
#2360 = PLANE('',#2361);
#2361 = AXIS2_PLACEMENT_3D('',#2362,#2363,#2364);
#2362 = CARTESIAN_POINT('',(35.251262658471,-25.,25.251262658471));
#2363 = DIRECTION('',(0.707106781187,0.,-0.707106781187));
#2364 = DIRECTION('',(0.707106781187,0.,0.707106781187));
#2365 = DEFINITIONAL_REPRESENTATION('',(#2366),#2370);
#2366 = CIRCLE('',#2367,1.2);
#2367 = AXIS2_PLACEMENT_2D('',#2368,#2369);
#2368 = CARTESIAN_POINT('',(8.,-7.105427357601E-15));
#2369 = DIRECTION('',(0.,-1.));
#2370 = ( GEOMETRIC_REPRESENTATION_CONTEXT(2) 
PARAMETRIC_REPRESENTATION_CONTEXT() REPRESENTATION_CONTEXT('2D SPACE',''
  ) );
#2371 = ADVANCED_FACE('',(#2372),#2360,.F.);
#2372 = FACE_BOUND('',#2373,.F.);
#2373 = EDGE_LOOP('',(#2374));
#2374 = ORIENTED_EDGE('',*,*,#2345,.T.);
#2375 = ADVANCED_FACE('',(#2376),#2332,.T.);
#2376 = FACE_BOUND('',#2377,.T.);
#2377 = EDGE_LOOP('',(#2378));
#2378 = ORIENTED_EDGE('',*,*,#2317,.T.);
#2379 = ( GEOMETRIC_REPRESENTATION_CONTEXT(3) 
GLOBAL_UNCERTAINTY_ASSIGNED_CONTEXT((#2383)) 
GLOBAL_UNIT_ASSIGNED_CONTEXT((#2380,#2381,#2382)) REPRESENTATION_CONTEXT
('Context #1','3D Context with UNIT and UNCERTAINTY') );
#2380 = ( LENGTH_UNIT() NAMED_UNIT(*) SI_UNIT(.MILLI.,.METRE.) );
#2381 = ( NAMED_UNIT(*) PLANE_ANGLE_UNIT() SI_UNIT($,.RADIAN.) );
#2382 = ( NAMED_UNIT(*) SI_UNIT($,.STERADIAN.) SOLID_ANGLE_UNIT() );
#2383 = UNCERTAINTY_MEASURE_WITH_UNIT(LENGTH_MEASURE(1.E-07),#2380,
  'distance_accuracy_value','confusion accuracy');
#2384 = CONTEXT_DEPENDENT_SHAPE_REPRESENTATION(#2385,#2387);
#2385 = ( REPRESENTATION_RELATIONSHIP('','',#2280,#10) 
REPRESENTATION_RELATIONSHIP_WITH_TRANSFORMATION(#2386) 
SHAPE_REPRESENTATION_RELATIONSHIP() );
#2386 = ITEM_DEFINED_TRANSFORMATION('','',#11,#23);
#2387 = PRODUCT_DEFINITION_SHAPE('Placement','Placement of an item',
  #2388);
#2388 = NEXT_ASSEMBLY_USAGE_OCCURRENCE('3','','',#5,#2275,$);
#2389 = PRODUCT_RELATED_PRODUCT_CATEGORY('part',$,(#2277));
#2390 = SHAPE_DEFINITION_REPRESENTATION(#2391,#2397);
#2391 = PRODUCT_DEFINITION_SHAPE('','',#2392);
#2392 = PRODUCT_DEFINITION('design','',#2393,#2396);
#2393 = PRODUCT_DEFINITION_FORMATION('','',#2394);
#2394 = PRODUCT('Open CASCADE STEP translator 7.8 1.4',
  'Open CASCADE STEP translator 7.8 1.4','',(#2395));
#2395 = PRODUCT_CONTEXT('',#2,'mechanical');
#2396 = PRODUCT_DEFINITION_CONTEXT('part definition',#2,'design');
#2397 = ADVANCED_BREP_SHAPE_REPRESENTATION('',(#11,#2398),#2496);
#2398 = MANIFOLD_SOLID_BREP('',#2399);
#2399 = CLOSED_SHELL('',(#2400,#2488,#2492));
#2400 = ADVANCED_FACE('',(#2401),#2415,.T.);
#2401 = FACE_BOUND('',#2402,.F.);
#2402 = EDGE_LOOP('',(#2403,#2433,#2460,#2461));
#2403 = ORIENTED_EDGE('',*,*,#2404,.T.);
#2404 = EDGE_CURVE('',#2405,#2407,#2409,.T.);
#2405 = VERTEX_POINT('',#2406);
#2406 = CARTESIAN_POINT('',(46.564971157456,-23.8,36.564971157456));
#2407 = VERTEX_POINT('',#2408);
#2408 = CARTESIAN_POINT('',(46.918524548049,-23.8,36.211417766862));
#2409 = SEAM_CURVE('',#2410,(#2414,#2426),.PCURVE_S1.);
#2410 = LINE('',#2411,#2412);
#2411 = CARTESIAN_POINT('',(46.564971157456,-23.8,36.564971157456));
#2412 = VECTOR('',#2413,1.);
#2413 = DIRECTION('',(0.707106781187,0.,-0.707106781187));
#2414 = PCURVE('',#2415,#2420);
#2415 = CYLINDRICAL_SURFACE('',#2416,1.2);
#2416 = AXIS2_PLACEMENT_3D('',#2417,#2418,#2419);
#2417 = CARTESIAN_POINT('',(46.564971157456,-25.,36.564971157456));
#2418 = DIRECTION('',(-0.707106781187,-0.,0.707106781187));
#2419 = DIRECTION('',(0.,1.,0.));
#2420 = DEFINITIONAL_REPRESENTATION('',(#2421),#2425);
#2421 = LINE('',#2422,#2423);
#2422 = CARTESIAN_POINT('',(-0.,0.));
#2423 = VECTOR('',#2424,1.);
#2424 = DIRECTION('',(-0.,-1.));
#2425 = ( GEOMETRIC_REPRESENTATION_CONTEXT(2) 
PARAMETRIC_REPRESENTATION_CONTEXT() REPRESENTATION_CONTEXT('2D SPACE',''
  ) );
#2426 = PCURVE('',#2415,#2427);
#2427 = DEFINITIONAL_REPRESENTATION('',(#2428),#2432);
#2428 = LINE('',#2429,#2430);
#2429 = CARTESIAN_POINT('',(-6.28318530718,0.));
#2430 = VECTOR('',#2431,1.);
#2431 = DIRECTION('',(-0.,-1.));
#2432 = ( GEOMETRIC_REPRESENTATION_CONTEXT(2) 
PARAMETRIC_REPRESENTATION_CONTEXT() REPRESENTATION_CONTEXT('2D SPACE',''
  ) );
#2433 = ORIENTED_EDGE('',*,*,#2434,.T.);
#2434 = EDGE_CURVE('',#2407,#2407,#2435,.T.);
#2435 = SURFACE_CURVE('',#2436,(#2441,#2448),.PCURVE_S1.);
#2436 = CIRCLE('',#2437,1.2);
#2437 = AXIS2_PLACEMENT_3D('',#2438,#2439,#2440);
#2438 = CARTESIAN_POINT('',(46.918524548049,-25.,36.211417766862));
#2439 = DIRECTION('',(0.707106781187,0.,-0.707106781187));
#2440 = DIRECTION('',(0.,1.,0.));
#2441 = PCURVE('',#2415,#2442);
#2442 = DEFINITIONAL_REPRESENTATION('',(#2443),#2447);
#2443 = LINE('',#2444,#2445);
#2444 = CARTESIAN_POINT('',(-0.,-0.5));
#2445 = VECTOR('',#2446,1.);
#2446 = DIRECTION('',(-1.,0.));
#2447 = ( GEOMETRIC_REPRESENTATION_CONTEXT(2) 
PARAMETRIC_REPRESENTATION_CONTEXT() REPRESENTATION_CONTEXT('2D SPACE',''
  ) );
#2448 = PCURVE('',#2449,#2454);
#2449 = PLANE('',#2450);
#2450 = AXIS2_PLACEMENT_3D('',#2451,#2452,#2453);
#2451 = CARTESIAN_POINT('',(35.604816049064,-25.,24.897709267878));
#2452 = DIRECTION('',(0.707106781187,0.,-0.707106781187));
#2453 = DIRECTION('',(0.707106781187,0.,0.707106781187));
#2454 = DEFINITIONAL_REPRESENTATION('',(#2455),#2459);
#2455 = CIRCLE('',#2456,1.2);
#2456 = AXIS2_PLACEMENT_2D('',#2457,#2458);
#2457 = CARTESIAN_POINT('',(16.,-7.105427357601E-15));
#2458 = DIRECTION('',(0.,-1.));
#2459 = ( GEOMETRIC_REPRESENTATION_CONTEXT(2) 
PARAMETRIC_REPRESENTATION_CONTEXT() REPRESENTATION_CONTEXT('2D SPACE',''
  ) );
#2460 = ORIENTED_EDGE('',*,*,#2404,.F.);
#2461 = ORIENTED_EDGE('',*,*,#2462,.F.);
#2462 = EDGE_CURVE('',#2405,#2405,#2463,.T.);
#2463 = SURFACE_CURVE('',#2464,(#2469,#2476),.PCURVE_S1.);
#2464 = CIRCLE('',#2465,1.2);
#2465 = AXIS2_PLACEMENT_3D('',#2466,#2467,#2468);
#2466 = CARTESIAN_POINT('',(46.564971157456,-25.,36.564971157456));
#2467 = DIRECTION('',(0.707106781187,0.,-0.707106781187));
#2468 = DIRECTION('',(0.,1.,0.));
#2469 = PCURVE('',#2415,#2470);
#2470 = DEFINITIONAL_REPRESENTATION('',(#2471),#2475);
#2471 = LINE('',#2472,#2473);
#2472 = CARTESIAN_POINT('',(-0.,0.));
#2473 = VECTOR('',#2474,1.);
#2474 = DIRECTION('',(-1.,0.));
#2475 = ( GEOMETRIC_REPRESENTATION_CONTEXT(2) 
PARAMETRIC_REPRESENTATION_CONTEXT() REPRESENTATION_CONTEXT('2D SPACE',''
  ) );
#2476 = PCURVE('',#2477,#2482);
#2477 = PLANE('',#2478);
#2478 = AXIS2_PLACEMENT_3D('',#2479,#2480,#2481);
#2479 = CARTESIAN_POINT('',(35.251262658471,-25.,25.251262658471));
#2480 = DIRECTION('',(0.707106781187,0.,-0.707106781187));
#2481 = DIRECTION('',(0.707106781187,0.,0.707106781187));
#2482 = DEFINITIONAL_REPRESENTATION('',(#2483),#2487);
#2483 = CIRCLE('',#2484,1.2);
#2484 = AXIS2_PLACEMENT_2D('',#2485,#2486);
#2485 = CARTESIAN_POINT('',(16.,-7.105427357601E-15));
#2486 = DIRECTION('',(0.,-1.));
#2487 = ( GEOMETRIC_REPRESENTATION_CONTEXT(2) 
PARAMETRIC_REPRESENTATION_CONTEXT() REPRESENTATION_CONTEXT('2D SPACE',''
  ) );
#2488 = ADVANCED_FACE('',(#2489),#2477,.F.);
#2489 = FACE_BOUND('',#2490,.F.);
#2490 = EDGE_LOOP('',(#2491));
#2491 = ORIENTED_EDGE('',*,*,#2462,.T.);
#2492 = ADVANCED_FACE('',(#2493),#2449,.T.);
#2493 = FACE_BOUND('',#2494,.T.);
#2494 = EDGE_LOOP('',(#2495));
#2495 = ORIENTED_EDGE('',*,*,#2434,.T.);
#2496 = ( GEOMETRIC_REPRESENTATION_CONTEXT(3) 
GLOBAL_UNCERTAINTY_ASSIGNED_CONTEXT((#2500)) 
GLOBAL_UNIT_ASSIGNED_CONTEXT((#2497,#2498,#2499)) REPRESENTATION_CONTEXT
('Context #1','3D Context with UNIT and UNCERTAINTY') );
#2497 = ( LENGTH_UNIT() NAMED_UNIT(*) SI_UNIT(.MILLI.,.METRE.) );
#2498 = ( NAMED_UNIT(*) PLANE_ANGLE_UNIT() SI_UNIT($,.RADIAN.) );
#2499 = ( NAMED_UNIT(*) SI_UNIT($,.STERADIAN.) SOLID_ANGLE_UNIT() );
#2500 = UNCERTAINTY_MEASURE_WITH_UNIT(LENGTH_MEASURE(1.E-07),#2497,
  'distance_accuracy_value','confusion accuracy');
#2501 = CONTEXT_DEPENDENT_SHAPE_REPRESENTATION(#2502,#2504);
#2502 = ( REPRESENTATION_RELATIONSHIP('','',#2397,#10) 
REPRESENTATION_RELATIONSHIP_WITH_TRANSFORMATION(#2503) 
SHAPE_REPRESENTATION_RELATIONSHIP() );
#2503 = ITEM_DEFINED_TRANSFORMATION('','',#11,#27);
#2504 = PRODUCT_DEFINITION_SHAPE('Placement','Placement of an item',
  #2505);
#2505 = NEXT_ASSEMBLY_USAGE_OCCURRENCE('4','','',#5,#2392,$);
#2506 = PRODUCT_RELATED_PRODUCT_CATEGORY('part',$,(#2394));
#2507 = SHAPE_DEFINITION_REPRESENTATION(#2508,#2514);
#2508 = PRODUCT_DEFINITION_SHAPE('','',#2509);
#2509 = PRODUCT_DEFINITION('design','',#2510,#2513);
#2510 = PRODUCT_DEFINITION_FORMATION('','',#2511);
#2511 = PRODUCT('Open CASCADE STEP translator 7.8 1.5',
  'Open CASCADE STEP translator 7.8 1.5','',(#2512));
#2512 = PRODUCT_CONTEXT('',#2,'mechanical');
#2513 = PRODUCT_DEFINITION_CONTEXT('part definition',#2,'design');
#2514 = ADVANCED_BREP_SHAPE_REPRESENTATION('',(#11,#2515),#2613);
#2515 = MANIFOLD_SOLID_BREP('',#2516);
#2516 = CLOSED_SHELL('',(#2517,#2605,#2609));
#2517 = ADVANCED_FACE('',(#2518),#2532,.T.);
#2518 = FACE_BOUND('',#2519,.F.);
#2519 = EDGE_LOOP('',(#2520,#2550,#2577,#2578));
#2520 = ORIENTED_EDGE('',*,*,#2521,.T.);
#2521 = EDGE_CURVE('',#2522,#2524,#2526,.T.);
#2522 = VERTEX_POINT('',#2523);
#2523 = CARTESIAN_POINT('',(52.221825406948,-23.8,42.221825406948));
#2524 = VERTEX_POINT('',#2525);
#2525 = CARTESIAN_POINT('',(52.575378797541,-23.8,41.868272016355));
#2526 = SEAM_CURVE('',#2527,(#2531,#2543),.PCURVE_S1.);
#2527 = LINE('',#2528,#2529);
#2528 = CARTESIAN_POINT('',(52.221825406948,-23.8,42.221825406948));
#2529 = VECTOR('',#2530,1.);
#2530 = DIRECTION('',(0.707106781187,0.,-0.707106781187));
#2531 = PCURVE('',#2532,#2537);
#2532 = CYLINDRICAL_SURFACE('',#2533,1.2);
#2533 = AXIS2_PLACEMENT_3D('',#2534,#2535,#2536);
#2534 = CARTESIAN_POINT('',(52.221825406948,-25.,42.221825406948));
#2535 = DIRECTION('',(-0.707106781187,-0.,0.707106781187));
#2536 = DIRECTION('',(0.,1.,0.));
#2537 = DEFINITIONAL_REPRESENTATION('',(#2538),#2542);
#2538 = LINE('',#2539,#2540);
#2539 = CARTESIAN_POINT('',(-0.,0.));
#2540 = VECTOR('',#2541,1.);
#2541 = DIRECTION('',(-0.,-1.));
#2542 = ( GEOMETRIC_REPRESENTATION_CONTEXT(2) 
PARAMETRIC_REPRESENTATION_CONTEXT() REPRESENTATION_CONTEXT('2D SPACE',''
  ) );
#2543 = PCURVE('',#2532,#2544);
#2544 = DEFINITIONAL_REPRESENTATION('',(#2545),#2549);
#2545 = LINE('',#2546,#2547);
#2546 = CARTESIAN_POINT('',(-6.28318530718,0.));
#2547 = VECTOR('',#2548,1.);
#2548 = DIRECTION('',(-0.,-1.));
#2549 = ( GEOMETRIC_REPRESENTATION_CONTEXT(2) 
PARAMETRIC_REPRESENTATION_CONTEXT() REPRESENTATION_CONTEXT('2D SPACE',''
  ) );
#2550 = ORIENTED_EDGE('',*,*,#2551,.T.);
#2551 = EDGE_CURVE('',#2524,#2524,#2552,.T.);
#2552 = SURFACE_CURVE('',#2553,(#2558,#2565),.PCURVE_S1.);
#2553 = CIRCLE('',#2554,1.2);
#2554 = AXIS2_PLACEMENT_3D('',#2555,#2556,#2557);
#2555 = CARTESIAN_POINT('',(52.575378797541,-25.,41.868272016355));
#2556 = DIRECTION('',(0.707106781187,0.,-0.707106781187));
#2557 = DIRECTION('',(0.,1.,0.));
#2558 = PCURVE('',#2532,#2559);
#2559 = DEFINITIONAL_REPRESENTATION('',(#2560),#2564);
#2560 = LINE('',#2561,#2562);
#2561 = CARTESIAN_POINT('',(-0.,-0.5));
#2562 = VECTOR('',#2563,1.);
#2563 = DIRECTION('',(-1.,0.));
#2564 = ( GEOMETRIC_REPRESENTATION_CONTEXT(2) 
PARAMETRIC_REPRESENTATION_CONTEXT() REPRESENTATION_CONTEXT('2D SPACE',''
  ) );
#2565 = PCURVE('',#2566,#2571);
#2566 = PLANE('',#2567);
#2567 = AXIS2_PLACEMENT_3D('',#2568,#2569,#2570);
#2568 = CARTESIAN_POINT('',(35.604816049064,-25.,24.897709267878));
#2569 = DIRECTION('',(0.707106781187,0.,-0.707106781187));
#2570 = DIRECTION('',(0.707106781187,0.,0.707106781187));
#2571 = DEFINITIONAL_REPRESENTATION('',(#2572),#2576);
#2572 = CIRCLE('',#2573,1.2);
#2573 = AXIS2_PLACEMENT_2D('',#2574,#2575);
#2574 = CARTESIAN_POINT('',(24.,-7.105427357601E-15));
#2575 = DIRECTION('',(0.,-1.));
#2576 = ( GEOMETRIC_REPRESENTATION_CONTEXT(2) 
PARAMETRIC_REPRESENTATION_CONTEXT() REPRESENTATION_CONTEXT('2D SPACE',''
  ) );
#2577 = ORIENTED_EDGE('',*,*,#2521,.F.);
#2578 = ORIENTED_EDGE('',*,*,#2579,.F.);
#2579 = EDGE_CURVE('',#2522,#2522,#2580,.T.);
#2580 = SURFACE_CURVE('',#2581,(#2586,#2593),.PCURVE_S1.);
#2581 = CIRCLE('',#2582,1.2);
#2582 = AXIS2_PLACEMENT_3D('',#2583,#2584,#2585);
#2583 = CARTESIAN_POINT('',(52.221825406948,-25.,42.221825406948));
#2584 = DIRECTION('',(0.707106781187,0.,-0.707106781187));
#2585 = DIRECTION('',(0.,1.,0.));
#2586 = PCURVE('',#2532,#2587);
#2587 = DEFINITIONAL_REPRESENTATION('',(#2588),#2592);
#2588 = LINE('',#2589,#2590);
#2589 = CARTESIAN_POINT('',(-0.,0.));
#2590 = VECTOR('',#2591,1.);
#2591 = DIRECTION('',(-1.,0.));
#2592 = ( GEOMETRIC_REPRESENTATION_CONTEXT(2) 
PARAMETRIC_REPRESENTATION_CONTEXT() REPRESENTATION_CONTEXT('2D SPACE',''
  ) );
#2593 = PCURVE('',#2594,#2599);
#2594 = PLANE('',#2595);
#2595 = AXIS2_PLACEMENT_3D('',#2596,#2597,#2598);
#2596 = CARTESIAN_POINT('',(35.251262658471,-25.,25.251262658471));
#2597 = DIRECTION('',(0.707106781187,0.,-0.707106781187));
#2598 = DIRECTION('',(0.707106781187,0.,0.707106781187));
#2599 = DEFINITIONAL_REPRESENTATION('',(#2600),#2604);
#2600 = CIRCLE('',#2601,1.2);
#2601 = AXIS2_PLACEMENT_2D('',#2602,#2603);
#2602 = CARTESIAN_POINT('',(24.,-7.105427357601E-15));
#2603 = DIRECTION('',(0.,-1.));
#2604 = ( GEOMETRIC_REPRESENTATION_CONTEXT(2) 
PARAMETRIC_REPRESENTATION_CONTEXT() REPRESENTATION_CONTEXT('2D SPACE',''
  ) );
#2605 = ADVANCED_FACE('',(#2606),#2594,.F.);
#2606 = FACE_BOUND('',#2607,.F.);
#2607 = EDGE_LOOP('',(#2608));
#2608 = ORIENTED_EDGE('',*,*,#2579,.T.);
#2609 = ADVANCED_FACE('',(#2610),#2566,.T.);
#2610 = FACE_BOUND('',#2611,.T.);
#2611 = EDGE_LOOP('',(#2612));
#2612 = ORIENTED_EDGE('',*,*,#2551,.T.);
#2613 = ( GEOMETRIC_REPRESENTATION_CONTEXT(3) 
GLOBAL_UNCERTAINTY_ASSIGNED_CONTEXT((#2617)) 
GLOBAL_UNIT_ASSIGNED_CONTEXT((#2614,#2615,#2616)) REPRESENTATION_CONTEXT
('Context #1','3D Context with UNIT and UNCERTAINTY') );
#2614 = ( LENGTH_UNIT() NAMED_UNIT(*) SI_UNIT(.MILLI.,.METRE.) );
#2615 = ( NAMED_UNIT(*) PLANE_ANGLE_UNIT() SI_UNIT($,.RADIAN.) );
#2616 = ( NAMED_UNIT(*) SI_UNIT($,.STERADIAN.) SOLID_ANGLE_UNIT() );
#2617 = UNCERTAINTY_MEASURE_WITH_UNIT(LENGTH_MEASURE(1.E-07),#2614,
  'distance_accuracy_value','confusion accuracy');
#2618 = CONTEXT_DEPENDENT_SHAPE_REPRESENTATION(#2619,#2621);
#2619 = ( REPRESENTATION_RELATIONSHIP('','',#2514,#10) 
REPRESENTATION_RELATIONSHIP_WITH_TRANSFORMATION(#2620) 
SHAPE_REPRESENTATION_RELATIONSHIP() );
#2620 = ITEM_DEFINED_TRANSFORMATION('','',#11,#31);
#2621 = PRODUCT_DEFINITION_SHAPE('Placement','Placement of an item',
  #2622);
#2622 = NEXT_ASSEMBLY_USAGE_OCCURRENCE('5','','',#5,#2509,$);
#2623 = PRODUCT_RELATED_PRODUCT_CATEGORY('part',$,(#2511));
#2624 = SHAPE_DEFINITION_REPRESENTATION(#2625,#2631);
#2625 = PRODUCT_DEFINITION_SHAPE('','',#2626);
#2626 = PRODUCT_DEFINITION('design','',#2627,#2630);
#2627 = PRODUCT_DEFINITION_FORMATION('','',#2628);
#2628 = PRODUCT('Open CASCADE STEP translator 7.8 1.6',
  'Open CASCADE STEP translator 7.8 1.6','',(#2629));
#2629 = PRODUCT_CONTEXT('',#2,'mechanical');
#2630 = PRODUCT_DEFINITION_CONTEXT('part definition',#2,'design');
#2631 = ADVANCED_BREP_SHAPE_REPRESENTATION('',(#11,#2632),#2730);
#2632 = MANIFOLD_SOLID_BREP('',#2633);
#2633 = CLOSED_SHELL('',(#2634,#2722,#2726));
#2634 = ADVANCED_FACE('',(#2635),#2649,.T.);
#2635 = FACE_BOUND('',#2636,.F.);
#2636 = EDGE_LOOP('',(#2637,#2667,#2694,#2695));
#2637 = ORIENTED_EDGE('',*,*,#2638,.T.);
#2638 = EDGE_CURVE('',#2639,#2641,#2643,.T.);
#2639 = VERTEX_POINT('',#2640);
#2640 = CARTESIAN_POINT('',(57.87867965644,-23.8,47.87867965644));
#2641 = VERTEX_POINT('',#2642);
#2642 = CARTESIAN_POINT('',(58.232233047034,-23.8,47.525126265847));
#2643 = SEAM_CURVE('',#2644,(#2648,#2660),.PCURVE_S1.);
#2644 = LINE('',#2645,#2646);
#2645 = CARTESIAN_POINT('',(57.87867965644,-23.8,47.87867965644));
#2646 = VECTOR('',#2647,1.);
#2647 = DIRECTION('',(0.707106781187,0.,-0.707106781187));
#2648 = PCURVE('',#2649,#2654);
#2649 = CYLINDRICAL_SURFACE('',#2650,1.2);
#2650 = AXIS2_PLACEMENT_3D('',#2651,#2652,#2653);
#2651 = CARTESIAN_POINT('',(57.87867965644,-25.,47.87867965644));
#2652 = DIRECTION('',(-0.707106781187,-0.,0.707106781187));
#2653 = DIRECTION('',(0.,1.,0.));
#2654 = DEFINITIONAL_REPRESENTATION('',(#2655),#2659);
#2655 = LINE('',#2656,#2657);
#2656 = CARTESIAN_POINT('',(-0.,0.));
#2657 = VECTOR('',#2658,1.);
#2658 = DIRECTION('',(-0.,-1.));
#2659 = ( GEOMETRIC_REPRESENTATION_CONTEXT(2) 
PARAMETRIC_REPRESENTATION_CONTEXT() REPRESENTATION_CONTEXT('2D SPACE',''
  ) );
#2660 = PCURVE('',#2649,#2661);
#2661 = DEFINITIONAL_REPRESENTATION('',(#2662),#2666);
#2662 = LINE('',#2663,#2664);
#2663 = CARTESIAN_POINT('',(-6.28318530718,0.));
#2664 = VECTOR('',#2665,1.);
#2665 = DIRECTION('',(-0.,-1.));
#2666 = ( GEOMETRIC_REPRESENTATION_CONTEXT(2) 
PARAMETRIC_REPRESENTATION_CONTEXT() REPRESENTATION_CONTEXT('2D SPACE',''
  ) );
#2667 = ORIENTED_EDGE('',*,*,#2668,.T.);
#2668 = EDGE_CURVE('',#2641,#2641,#2669,.T.);
#2669 = SURFACE_CURVE('',#2670,(#2675,#2682),.PCURVE_S1.);
#2670 = CIRCLE('',#2671,1.2);
#2671 = AXIS2_PLACEMENT_3D('',#2672,#2673,#2674);
#2672 = CARTESIAN_POINT('',(58.232233047034,-25.,47.525126265847));
#2673 = DIRECTION('',(0.707106781187,0.,-0.707106781187));
#2674 = DIRECTION('',(0.,1.,0.));
#2675 = PCURVE('',#2649,#2676);
#2676 = DEFINITIONAL_REPRESENTATION('',(#2677),#2681);
#2677 = LINE('',#2678,#2679);
#2678 = CARTESIAN_POINT('',(-0.,-0.5));
#2679 = VECTOR('',#2680,1.);
#2680 = DIRECTION('',(-1.,0.));
#2681 = ( GEOMETRIC_REPRESENTATION_CONTEXT(2) 
PARAMETRIC_REPRESENTATION_CONTEXT() REPRESENTATION_CONTEXT('2D SPACE',''
  ) );
#2682 = PCURVE('',#2683,#2688);
#2683 = PLANE('',#2684);
#2684 = AXIS2_PLACEMENT_3D('',#2685,#2686,#2687);
#2685 = CARTESIAN_POINT('',(35.604816049064,-25.,24.897709267878));
#2686 = DIRECTION('',(0.707106781187,0.,-0.707106781187));
#2687 = DIRECTION('',(0.707106781187,0.,0.707106781187));
#2688 = DEFINITIONAL_REPRESENTATION('',(#2689),#2693);
#2689 = CIRCLE('',#2690,1.2);
#2690 = AXIS2_PLACEMENT_2D('',#2691,#2692);
#2691 = CARTESIAN_POINT('',(32.,-7.105427357601E-15));
#2692 = DIRECTION('',(0.,-1.));
#2693 = ( GEOMETRIC_REPRESENTATION_CONTEXT(2) 
PARAMETRIC_REPRESENTATION_CONTEXT() REPRESENTATION_CONTEXT('2D SPACE',''
  ) );
#2694 = ORIENTED_EDGE('',*,*,#2638,.F.);
#2695 = ORIENTED_EDGE('',*,*,#2696,.F.);
#2696 = EDGE_CURVE('',#2639,#2639,#2697,.T.);
#2697 = SURFACE_CURVE('',#2698,(#2703,#2710),.PCURVE_S1.);
#2698 = CIRCLE('',#2699,1.2);
#2699 = AXIS2_PLACEMENT_3D('',#2700,#2701,#2702);
#2700 = CARTESIAN_POINT('',(57.87867965644,-25.,47.87867965644));
#2701 = DIRECTION('',(0.707106781187,0.,-0.707106781187));
#2702 = DIRECTION('',(0.,1.,0.));
#2703 = PCURVE('',#2649,#2704);
#2704 = DEFINITIONAL_REPRESENTATION('',(#2705),#2709);
#2705 = LINE('',#2706,#2707);
#2706 = CARTESIAN_POINT('',(-0.,0.));
#2707 = VECTOR('',#2708,1.);
#2708 = DIRECTION('',(-1.,0.));
#2709 = ( GEOMETRIC_REPRESENTATION_CONTEXT(2) 
PARAMETRIC_REPRESENTATION_CONTEXT() REPRESENTATION_CONTEXT('2D SPACE',''
  ) );
#2710 = PCURVE('',#2711,#2716);
#2711 = PLANE('',#2712);
#2712 = AXIS2_PLACEMENT_3D('',#2713,#2714,#2715);
#2713 = CARTESIAN_POINT('',(35.251262658471,-25.,25.251262658471));
#2714 = DIRECTION('',(0.707106781187,0.,-0.707106781187));
#2715 = DIRECTION('',(0.707106781187,0.,0.707106781187));
#2716 = DEFINITIONAL_REPRESENTATION('',(#2717),#2721);
#2717 = CIRCLE('',#2718,1.2);
#2718 = AXIS2_PLACEMENT_2D('',#2719,#2720);
#2719 = CARTESIAN_POINT('',(32.,-7.105427357601E-15));
#2720 = DIRECTION('',(0.,-1.));
#2721 = ( GEOMETRIC_REPRESENTATION_CONTEXT(2) 
PARAMETRIC_REPRESENTATION_CONTEXT() REPRESENTATION_CONTEXT('2D SPACE',''
  ) );
#2722 = ADVANCED_FACE('',(#2723),#2711,.F.);
#2723 = FACE_BOUND('',#2724,.F.);
#2724 = EDGE_LOOP('',(#2725));
#2725 = ORIENTED_EDGE('',*,*,#2696,.T.);
#2726 = ADVANCED_FACE('',(#2727),#2683,.T.);
#2727 = FACE_BOUND('',#2728,.T.);
#2728 = EDGE_LOOP('',(#2729));
#2729 = ORIENTED_EDGE('',*,*,#2668,.T.);
#2730 = ( GEOMETRIC_REPRESENTATION_CONTEXT(3) 
GLOBAL_UNCERTAINTY_ASSIGNED_CONTEXT((#2734)) 
GLOBAL_UNIT_ASSIGNED_CONTEXT((#2731,#2732,#2733)) REPRESENTATION_CONTEXT
('Context #1','3D Context with UNIT and UNCERTAINTY') );
#2731 = ( LENGTH_UNIT() NAMED_UNIT(*) SI_UNIT(.MILLI.,.METRE.) );
#2732 = ( NAMED_UNIT(*) PLANE_ANGLE_UNIT() SI_UNIT($,.RADIAN.) );
#2733 = ( NAMED_UNIT(*) SI_UNIT($,.STERADIAN.) SOLID_ANGLE_UNIT() );
#2734 = UNCERTAINTY_MEASURE_WITH_UNIT(LENGTH_MEASURE(1.E-07),#2731,
  'distance_accuracy_value','confusion accuracy');
#2735 = CONTEXT_DEPENDENT_SHAPE_REPRESENTATION(#2736,#2738);
#2736 = ( REPRESENTATION_RELATIONSHIP('','',#2631,#10) 
REPRESENTATION_RELATIONSHIP_WITH_TRANSFORMATION(#2737) 
SHAPE_REPRESENTATION_RELATIONSHIP() );
#2737 = ITEM_DEFINED_TRANSFORMATION('','',#11,#35);
#2738 = PRODUCT_DEFINITION_SHAPE('Placement','Placement of an item',
  #2739);
#2739 = NEXT_ASSEMBLY_USAGE_OCCURRENCE('6','','',#5,#2626,$);
#2740 = PRODUCT_RELATED_PRODUCT_CATEGORY('part',$,(#2628));
#2741 = SHAPE_DEFINITION_REPRESENTATION(#2742,#2748);
#2742 = PRODUCT_DEFINITION_SHAPE('','',#2743);
#2743 = PRODUCT_DEFINITION('design','',#2744,#2747);
#2744 = PRODUCT_DEFINITION_FORMATION('','',#2745);
#2745 = PRODUCT('Open CASCADE STEP translator 7.8 1.7',
  'Open CASCADE STEP translator 7.8 1.7','',(#2746));
#2746 = PRODUCT_CONTEXT('',#2,'mechanical');
#2747 = PRODUCT_DEFINITION_CONTEXT('part definition',#2,'design');
#2748 = ADVANCED_BREP_SHAPE_REPRESENTATION('',(#11,#2749),#2847);
#2749 = MANIFOLD_SOLID_BREP('',#2750);
#2750 = CLOSED_SHELL('',(#2751,#2839,#2843));
#2751 = ADVANCED_FACE('',(#2752),#2766,.T.);
#2752 = FACE_BOUND('',#2753,.F.);
#2753 = EDGE_LOOP('',(#2754,#2784,#2811,#2812));
#2754 = ORIENTED_EDGE('',*,*,#2755,.T.);
#2755 = EDGE_CURVE('',#2756,#2758,#2760,.T.);
#2756 = VERTEX_POINT('',#2757);
#2757 = CARTESIAN_POINT('',(63.535533905933,-23.8,53.535533905933));
#2758 = VERTEX_POINT('',#2759);
#2759 = CARTESIAN_POINT('',(63.889087296526,-23.8,53.181980515339));
#2760 = SEAM_CURVE('',#2761,(#2765,#2777),.PCURVE_S1.);
#2761 = LINE('',#2762,#2763);
#2762 = CARTESIAN_POINT('',(63.535533905933,-23.8,53.535533905933));
#2763 = VECTOR('',#2764,1.);
#2764 = DIRECTION('',(0.707106781187,0.,-0.707106781187));
#2765 = PCURVE('',#2766,#2771);
#2766 = CYLINDRICAL_SURFACE('',#2767,1.2);
#2767 = AXIS2_PLACEMENT_3D('',#2768,#2769,#2770);
#2768 = CARTESIAN_POINT('',(63.535533905933,-25.,53.535533905933));
#2769 = DIRECTION('',(-0.707106781187,-0.,0.707106781187));
#2770 = DIRECTION('',(0.,1.,0.));
#2771 = DEFINITIONAL_REPRESENTATION('',(#2772),#2776);
#2772 = LINE('',#2773,#2774);
#2773 = CARTESIAN_POINT('',(-0.,0.));
#2774 = VECTOR('',#2775,1.);
#2775 = DIRECTION('',(-0.,-1.));
#2776 = ( GEOMETRIC_REPRESENTATION_CONTEXT(2) 
PARAMETRIC_REPRESENTATION_CONTEXT() REPRESENTATION_CONTEXT('2D SPACE',''
  ) );
#2777 = PCURVE('',#2766,#2778);
#2778 = DEFINITIONAL_REPRESENTATION('',(#2779),#2783);
#2779 = LINE('',#2780,#2781);
#2780 = CARTESIAN_POINT('',(-6.28318530718,0.));
#2781 = VECTOR('',#2782,1.);
#2782 = DIRECTION('',(-0.,-1.));
#2783 = ( GEOMETRIC_REPRESENTATION_CONTEXT(2) 
PARAMETRIC_REPRESENTATION_CONTEXT() REPRESENTATION_CONTEXT('2D SPACE',''
  ) );
#2784 = ORIENTED_EDGE('',*,*,#2785,.T.);
#2785 = EDGE_CURVE('',#2758,#2758,#2786,.T.);
#2786 = SURFACE_CURVE('',#2787,(#2792,#2799),.PCURVE_S1.);
#2787 = CIRCLE('',#2788,1.2);
#2788 = AXIS2_PLACEMENT_3D('',#2789,#2790,#2791);
#2789 = CARTESIAN_POINT('',(63.889087296526,-25.,53.181980515339));
#2790 = DIRECTION('',(0.707106781187,0.,-0.707106781187));
#2791 = DIRECTION('',(0.,1.,0.));
#2792 = PCURVE('',#2766,#2793);
#2793 = DEFINITIONAL_REPRESENTATION('',(#2794),#2798);
#2794 = LINE('',#2795,#2796);
#2795 = CARTESIAN_POINT('',(-0.,-0.5));
#2796 = VECTOR('',#2797,1.);
#2797 = DIRECTION('',(-1.,0.));
#2798 = ( GEOMETRIC_REPRESENTATION_CONTEXT(2) 
PARAMETRIC_REPRESENTATION_CONTEXT() REPRESENTATION_CONTEXT('2D SPACE',''
  ) );
#2799 = PCURVE('',#2800,#2805);
#2800 = PLANE('',#2801);
#2801 = AXIS2_PLACEMENT_3D('',#2802,#2803,#2804);
#2802 = CARTESIAN_POINT('',(35.604816049064,-25.,24.897709267878));
#2803 = DIRECTION('',(0.707106781187,0.,-0.707106781187));
#2804 = DIRECTION('',(0.707106781187,0.,0.707106781187));
#2805 = DEFINITIONAL_REPRESENTATION('',(#2806),#2810);
#2806 = CIRCLE('',#2807,1.2);
#2807 = AXIS2_PLACEMENT_2D('',#2808,#2809);
#2808 = CARTESIAN_POINT('',(40.,-7.105427357601E-15));
#2809 = DIRECTION('',(0.,-1.));
#2810 = ( GEOMETRIC_REPRESENTATION_CONTEXT(2) 
PARAMETRIC_REPRESENTATION_CONTEXT() REPRESENTATION_CONTEXT('2D SPACE',''
  ) );
#2811 = ORIENTED_EDGE('',*,*,#2755,.F.);
#2812 = ORIENTED_EDGE('',*,*,#2813,.F.);
#2813 = EDGE_CURVE('',#2756,#2756,#2814,.T.);
#2814 = SURFACE_CURVE('',#2815,(#2820,#2827),.PCURVE_S1.);
#2815 = CIRCLE('',#2816,1.2);
#2816 = AXIS2_PLACEMENT_3D('',#2817,#2818,#2819);
#2817 = CARTESIAN_POINT('',(63.535533905933,-25.,53.535533905933));
#2818 = DIRECTION('',(0.707106781187,0.,-0.707106781187));
#2819 = DIRECTION('',(0.,1.,0.));
#2820 = PCURVE('',#2766,#2821);
#2821 = DEFINITIONAL_REPRESENTATION('',(#2822),#2826);
#2822 = LINE('',#2823,#2824);
#2823 = CARTESIAN_POINT('',(-0.,0.));
#2824 = VECTOR('',#2825,1.);
#2825 = DIRECTION('',(-1.,0.));
#2826 = ( GEOMETRIC_REPRESENTATION_CONTEXT(2) 
PARAMETRIC_REPRESENTATION_CONTEXT() REPRESENTATION_CONTEXT('2D SPACE',''
  ) );
#2827 = PCURVE('',#2828,#2833);
#2828 = PLANE('',#2829);
#2829 = AXIS2_PLACEMENT_3D('',#2830,#2831,#2832);
#2830 = CARTESIAN_POINT('',(35.251262658471,-25.,25.251262658471));
#2831 = DIRECTION('',(0.707106781187,0.,-0.707106781187));
#2832 = DIRECTION('',(0.707106781187,0.,0.707106781187));
#2833 = DEFINITIONAL_REPRESENTATION('',(#2834),#2838);
#2834 = CIRCLE('',#2835,1.2);
#2835 = AXIS2_PLACEMENT_2D('',#2836,#2837);
#2836 = CARTESIAN_POINT('',(40.,-7.105427357601E-15));
#2837 = DIRECTION('',(0.,-1.));
#2838 = ( GEOMETRIC_REPRESENTATION_CONTEXT(2) 
PARAMETRIC_REPRESENTATION_CONTEXT() REPRESENTATION_CONTEXT('2D SPACE',''
  ) );
#2839 = ADVANCED_FACE('',(#2840),#2828,.F.);
#2840 = FACE_BOUND('',#2841,.F.);
#2841 = EDGE_LOOP('',(#2842));
#2842 = ORIENTED_EDGE('',*,*,#2813,.T.);
#2843 = ADVANCED_FACE('',(#2844),#2800,.T.);
#2844 = FACE_BOUND('',#2845,.T.);
#2845 = EDGE_LOOP('',(#2846));
#2846 = ORIENTED_EDGE('',*,*,#2785,.T.);
#2847 = ( GEOMETRIC_REPRESENTATION_CONTEXT(3) 
GLOBAL_UNCERTAINTY_ASSIGNED_CONTEXT((#2851)) 
GLOBAL_UNIT_ASSIGNED_CONTEXT((#2848,#2849,#2850)) REPRESENTATION_CONTEXT
('Context #1','3D Context with UNIT and UNCERTAINTY') );
#2848 = ( LENGTH_UNIT() NAMED_UNIT(*) SI_UNIT(.MILLI.,.METRE.) );
#2849 = ( NAMED_UNIT(*) PLANE_ANGLE_UNIT() SI_UNIT($,.RADIAN.) );
#2850 = ( NAMED_UNIT(*) SI_UNIT($,.STERADIAN.) SOLID_ANGLE_UNIT() );
#2851 = UNCERTAINTY_MEASURE_WITH_UNIT(LENGTH_MEASURE(1.E-07),#2848,
  'distance_accuracy_value','confusion accuracy');
#2852 = CONTEXT_DEPENDENT_SHAPE_REPRESENTATION(#2853,#2855);
#2853 = ( REPRESENTATION_RELATIONSHIP('','',#2748,#10) 
REPRESENTATION_RELATIONSHIP_WITH_TRANSFORMATION(#2854) 
SHAPE_REPRESENTATION_RELATIONSHIP() );
#2854 = ITEM_DEFINED_TRANSFORMATION('','',#11,#39);
#2855 = PRODUCT_DEFINITION_SHAPE('Placement','Placement of an item',
  #2856);
#2856 = NEXT_ASSEMBLY_USAGE_OCCURRENCE('7','','',#5,#2743,$);
#2857 = PRODUCT_RELATED_PRODUCT_CATEGORY('part',$,(#2745));
#2858 = SHAPE_DEFINITION_REPRESENTATION(#2859,#2865);
#2859 = PRODUCT_DEFINITION_SHAPE('','',#2860);
#2860 = PRODUCT_DEFINITION('design','',#2861,#2864);
#2861 = PRODUCT_DEFINITION_FORMATION('','',#2862);
#2862 = PRODUCT('Open CASCADE STEP translator 7.8 1.8',
  'Open CASCADE STEP translator 7.8 1.8','',(#2863));
#2863 = PRODUCT_CONTEXT('',#2,'mechanical');
#2864 = PRODUCT_DEFINITION_CONTEXT('part definition',#2,'design');
#2865 = ADVANCED_BREP_SHAPE_REPRESENTATION('',(#11,#2866),#2964);
#2866 = MANIFOLD_SOLID_BREP('',#2867);
#2867 = CLOSED_SHELL('',(#2868,#2956,#2960));
#2868 = ADVANCED_FACE('',(#2869),#2883,.T.);
#2869 = FACE_BOUND('',#2870,.F.);
#2870 = EDGE_LOOP('',(#2871,#2901,#2928,#2929));
#2871 = ORIENTED_EDGE('',*,*,#2872,.T.);
#2872 = EDGE_CURVE('',#2873,#2875,#2877,.T.);
#2873 = VERTEX_POINT('',#2874);
#2874 = CARTESIAN_POINT('',(69.192388155425,-23.8,59.192388155425));
#2875 = VERTEX_POINT('',#2876);
#2876 = CARTESIAN_POINT('',(69.545941546018,-23.8,58.838834764832));
#2877 = SEAM_CURVE('',#2878,(#2882,#2894),.PCURVE_S1.);
#2878 = LINE('',#2879,#2880);
#2879 = CARTESIAN_POINT('',(69.192388155425,-23.8,59.192388155425));
#2880 = VECTOR('',#2881,1.);
#2881 = DIRECTION('',(0.707106781187,0.,-0.707106781187));
#2882 = PCURVE('',#2883,#2888);
#2883 = CYLINDRICAL_SURFACE('',#2884,1.2);
#2884 = AXIS2_PLACEMENT_3D('',#2885,#2886,#2887);
#2885 = CARTESIAN_POINT('',(69.192388155425,-25.,59.192388155425));
#2886 = DIRECTION('',(-0.707106781187,-0.,0.707106781187));
#2887 = DIRECTION('',(0.,1.,0.));
#2888 = DEFINITIONAL_REPRESENTATION('',(#2889),#2893);
#2889 = LINE('',#2890,#2891);
#2890 = CARTESIAN_POINT('',(-0.,0.));
#2891 = VECTOR('',#2892,1.);
#2892 = DIRECTION('',(-0.,-1.));
#2893 = ( GEOMETRIC_REPRESENTATION_CONTEXT(2) 
PARAMETRIC_REPRESENTATION_CONTEXT() REPRESENTATION_CONTEXT('2D SPACE',''
  ) );
#2894 = PCURVE('',#2883,#2895);
#2895 = DEFINITIONAL_REPRESENTATION('',(#2896),#2900);
#2896 = LINE('',#2897,#2898);
#2897 = CARTESIAN_POINT('',(-6.28318530718,0.));
#2898 = VECTOR('',#2899,1.);
#2899 = DIRECTION('',(-0.,-1.));
#2900 = ( GEOMETRIC_REPRESENTATION_CONTEXT(2) 
PARAMETRIC_REPRESENTATION_CONTEXT() REPRESENTATION_CONTEXT('2D SPACE',''
  ) );
#2901 = ORIENTED_EDGE('',*,*,#2902,.T.);
#2902 = EDGE_CURVE('',#2875,#2875,#2903,.T.);
#2903 = SURFACE_CURVE('',#2904,(#2909,#2916),.PCURVE_S1.);
#2904 = CIRCLE('',#2905,1.2);
#2905 = AXIS2_PLACEMENT_3D('',#2906,#2907,#2908);
#2906 = CARTESIAN_POINT('',(69.545941546018,-25.,58.838834764832));
#2907 = DIRECTION('',(0.707106781187,0.,-0.707106781187));
#2908 = DIRECTION('',(0.,1.,0.));
#2909 = PCURVE('',#2883,#2910);
#2910 = DEFINITIONAL_REPRESENTATION('',(#2911),#2915);
#2911 = LINE('',#2912,#2913);
#2912 = CARTESIAN_POINT('',(-0.,-0.5));
#2913 = VECTOR('',#2914,1.);
#2914 = DIRECTION('',(-1.,0.));
#2915 = ( GEOMETRIC_REPRESENTATION_CONTEXT(2) 
PARAMETRIC_REPRESENTATION_CONTEXT() REPRESENTATION_CONTEXT('2D SPACE',''
  ) );
#2916 = PCURVE('',#2917,#2922);
#2917 = PLANE('',#2918);
#2918 = AXIS2_PLACEMENT_3D('',#2919,#2920,#2921);
#2919 = CARTESIAN_POINT('',(35.604816049064,-25.,24.897709267878));
#2920 = DIRECTION('',(0.707106781187,0.,-0.707106781187));
#2921 = DIRECTION('',(0.707106781187,0.,0.707106781187));
#2922 = DEFINITIONAL_REPRESENTATION('',(#2923),#2927);
#2923 = CIRCLE('',#2924,1.2);
#2924 = AXIS2_PLACEMENT_2D('',#2925,#2926);
#2925 = CARTESIAN_POINT('',(48.,-7.105427357601E-15));
#2926 = DIRECTION('',(0.,-1.));
#2927 = ( GEOMETRIC_REPRESENTATION_CONTEXT(2) 
PARAMETRIC_REPRESENTATION_CONTEXT() REPRESENTATION_CONTEXT('2D SPACE',''
  ) );
#2928 = ORIENTED_EDGE('',*,*,#2872,.F.);
#2929 = ORIENTED_EDGE('',*,*,#2930,.F.);
#2930 = EDGE_CURVE('',#2873,#2873,#2931,.T.);
#2931 = SURFACE_CURVE('',#2932,(#2937,#2944),.PCURVE_S1.);
#2932 = CIRCLE('',#2933,1.2);
#2933 = AXIS2_PLACEMENT_3D('',#2934,#2935,#2936);
#2934 = CARTESIAN_POINT('',(69.192388155425,-25.,59.192388155425));
#2935 = DIRECTION('',(0.707106781187,0.,-0.707106781187));
#2936 = DIRECTION('',(0.,1.,0.));
#2937 = PCURVE('',#2883,#2938);
#2938 = DEFINITIONAL_REPRESENTATION('',(#2939),#2943);
#2939 = LINE('',#2940,#2941);
#2940 = CARTESIAN_POINT('',(-0.,0.));
#2941 = VECTOR('',#2942,1.);
#2942 = DIRECTION('',(-1.,0.));
#2943 = ( GEOMETRIC_REPRESENTATION_CONTEXT(2) 
PARAMETRIC_REPRESENTATION_CONTEXT() REPRESENTATION_CONTEXT('2D SPACE',''
  ) );
#2944 = PCURVE('',#2945,#2950);
#2945 = PLANE('',#2946);
#2946 = AXIS2_PLACEMENT_3D('',#2947,#2948,#2949);
#2947 = CARTESIAN_POINT('',(35.251262658471,-25.,25.251262658471));
#2948 = DIRECTION('',(0.707106781187,0.,-0.707106781187));
#2949 = DIRECTION('',(0.707106781187,0.,0.707106781187));
#2950 = DEFINITIONAL_REPRESENTATION('',(#2951),#2955);
#2951 = CIRCLE('',#2952,1.2);
#2952 = AXIS2_PLACEMENT_2D('',#2953,#2954);
#2953 = CARTESIAN_POINT('',(48.,-7.105427357601E-15));
#2954 = DIRECTION('',(0.,-1.));
#2955 = ( GEOMETRIC_REPRESENTATION_CONTEXT(2) 
PARAMETRIC_REPRESENTATION_CONTEXT() REPRESENTATION_CONTEXT('2D SPACE',''
  ) );
#2956 = ADVANCED_FACE('',(#2957),#2945,.F.);
#2957 = FACE_BOUND('',#2958,.F.);
#2958 = EDGE_LOOP('',(#2959));
#2959 = ORIENTED_EDGE('',*,*,#2930,.T.);
#2960 = ADVANCED_FACE('',(#2961),#2917,.T.);
#2961 = FACE_BOUND('',#2962,.T.);
#2962 = EDGE_LOOP('',(#2963));
#2963 = ORIENTED_EDGE('',*,*,#2902,.T.);
#2964 = ( GEOMETRIC_REPRESENTATION_CONTEXT(3) 
GLOBAL_UNCERTAINTY_ASSIGNED_CONTEXT((#2968)) 
GLOBAL_UNIT_ASSIGNED_CONTEXT((#2965,#2966,#2967)) REPRESENTATION_CONTEXT
('Context #1','3D Context with UNIT and UNCERTAINTY') );
#2965 = ( LENGTH_UNIT() NAMED_UNIT(*) SI_UNIT(.MILLI.,.METRE.) );
#2966 = ( NAMED_UNIT(*) PLANE_ANGLE_UNIT() SI_UNIT($,.RADIAN.) );
#2967 = ( NAMED_UNIT(*) SI_UNIT($,.STERADIAN.) SOLID_ANGLE_UNIT() );
#2968 = UNCERTAINTY_MEASURE_WITH_UNIT(LENGTH_MEASURE(1.E-07),#2965,
  'distance_accuracy_value','confusion accuracy');
#2969 = CONTEXT_DEPENDENT_SHAPE_REPRESENTATION(#2970,#2972);
#2970 = ( REPRESENTATION_RELATIONSHIP('','',#2865,#10) 
REPRESENTATION_RELATIONSHIP_WITH_TRANSFORMATION(#2971) 
SHAPE_REPRESENTATION_RELATIONSHIP() );
#2971 = ITEM_DEFINED_TRANSFORMATION('','',#11,#43);
#2972 = PRODUCT_DEFINITION_SHAPE('Placement','Placement of an item',
  #2973);
#2973 = NEXT_ASSEMBLY_USAGE_OCCURRENCE('8','','',#5,#2860,$);
#2974 = PRODUCT_RELATED_PRODUCT_CATEGORY('part',$,(#2862));
#2975 = SHAPE_DEFINITION_REPRESENTATION(#2976,#2982);
#2976 = PRODUCT_DEFINITION_SHAPE('','',#2977);
#2977 = PRODUCT_DEFINITION('design','',#2978,#2981);
#2978 = PRODUCT_DEFINITION_FORMATION('','',#2979);
#2979 = PRODUCT('Open CASCADE STEP translator 7.8 1.9',
  'Open CASCADE STEP translator 7.8 1.9','',(#2980));
#2980 = PRODUCT_CONTEXT('',#2,'mechanical');
#2981 = PRODUCT_DEFINITION_CONTEXT('part definition',#2,'design');
#2982 = ADVANCED_BREP_SHAPE_REPRESENTATION('',(#11,#2983),#3081);
#2983 = MANIFOLD_SOLID_BREP('',#2984);
#2984 = CLOSED_SHELL('',(#2985,#3073,#3077));
#2985 = ADVANCED_FACE('',(#2986),#3000,.T.);
#2986 = FACE_BOUND('',#2987,.F.);
#2987 = EDGE_LOOP('',(#2988,#3018,#3045,#3046));
#2988 = ORIENTED_EDGE('',*,*,#2989,.T.);
#2989 = EDGE_CURVE('',#2990,#2992,#2994,.T.);
#2990 = VERTEX_POINT('',#2991);
#2991 = CARTESIAN_POINT('',(74.849242404917,-23.8,64.849242404918));
#2992 = VERTEX_POINT('',#2993);
#2993 = CARTESIAN_POINT('',(75.202795795511,-23.8,64.495689014324));
#2994 = SEAM_CURVE('',#2995,(#2999,#3011),.PCURVE_S1.);
#2995 = LINE('',#2996,#2997);
#2996 = CARTESIAN_POINT('',(74.849242404917,-23.8,64.849242404918));
#2997 = VECTOR('',#2998,1.);
#2998 = DIRECTION('',(0.707106781187,0.,-0.707106781187));
#2999 = PCURVE('',#3000,#3005);
#3000 = CYLINDRICAL_SURFACE('',#3001,1.2);
#3001 = AXIS2_PLACEMENT_3D('',#3002,#3003,#3004);
#3002 = CARTESIAN_POINT('',(74.849242404917,-25.,64.849242404918));
#3003 = DIRECTION('',(-0.707106781187,-0.,0.707106781187));
#3004 = DIRECTION('',(0.,1.,0.));
#3005 = DEFINITIONAL_REPRESENTATION('',(#3006),#3010);
#3006 = LINE('',#3007,#3008);
#3007 = CARTESIAN_POINT('',(-0.,0.));
#3008 = VECTOR('',#3009,1.);
#3009 = DIRECTION('',(-0.,-1.));
#3010 = ( GEOMETRIC_REPRESENTATION_CONTEXT(2) 
PARAMETRIC_REPRESENTATION_CONTEXT() REPRESENTATION_CONTEXT('2D SPACE',''
  ) );
#3011 = PCURVE('',#3000,#3012);
#3012 = DEFINITIONAL_REPRESENTATION('',(#3013),#3017);
#3013 = LINE('',#3014,#3015);
#3014 = CARTESIAN_POINT('',(-6.28318530718,0.));
#3015 = VECTOR('',#3016,1.);
#3016 = DIRECTION('',(-0.,-1.));
#3017 = ( GEOMETRIC_REPRESENTATION_CONTEXT(2) 
PARAMETRIC_REPRESENTATION_CONTEXT() REPRESENTATION_CONTEXT('2D SPACE',''
  ) );
#3018 = ORIENTED_EDGE('',*,*,#3019,.T.);
#3019 = EDGE_CURVE('',#2992,#2992,#3020,.T.);
#3020 = SURFACE_CURVE('',#3021,(#3026,#3033),.PCURVE_S1.);
#3021 = CIRCLE('',#3022,1.2);
#3022 = AXIS2_PLACEMENT_3D('',#3023,#3024,#3025);
#3023 = CARTESIAN_POINT('',(75.202795795511,-25.,64.495689014324));
#3024 = DIRECTION('',(0.707106781187,0.,-0.707106781187));
#3025 = DIRECTION('',(0.,1.,0.));
#3026 = PCURVE('',#3000,#3027);
#3027 = DEFINITIONAL_REPRESENTATION('',(#3028),#3032);
#3028 = LINE('',#3029,#3030);
#3029 = CARTESIAN_POINT('',(-0.,-0.5));
#3030 = VECTOR('',#3031,1.);
#3031 = DIRECTION('',(-1.,0.));
#3032 = ( GEOMETRIC_REPRESENTATION_CONTEXT(2) 
PARAMETRIC_REPRESENTATION_CONTEXT() REPRESENTATION_CONTEXT('2D SPACE',''
  ) );
#3033 = PCURVE('',#3034,#3039);
#3034 = PLANE('',#3035);
#3035 = AXIS2_PLACEMENT_3D('',#3036,#3037,#3038);
#3036 = CARTESIAN_POINT('',(35.604816049064,-25.,24.897709267878));
#3037 = DIRECTION('',(0.707106781187,0.,-0.707106781187));
#3038 = DIRECTION('',(0.707106781187,0.,0.707106781187));
#3039 = DEFINITIONAL_REPRESENTATION('',(#3040),#3044);
#3040 = CIRCLE('',#3041,1.2);
#3041 = AXIS2_PLACEMENT_2D('',#3042,#3043);
#3042 = CARTESIAN_POINT('',(56.,-7.105427357601E-15));
#3043 = DIRECTION('',(0.,-1.));
#3044 = ( GEOMETRIC_REPRESENTATION_CONTEXT(2) 
PARAMETRIC_REPRESENTATION_CONTEXT() REPRESENTATION_CONTEXT('2D SPACE',''
  ) );
#3045 = ORIENTED_EDGE('',*,*,#2989,.F.);
#3046 = ORIENTED_EDGE('',*,*,#3047,.F.);
#3047 = EDGE_CURVE('',#2990,#2990,#3048,.T.);
#3048 = SURFACE_CURVE('',#3049,(#3054,#3061),.PCURVE_S1.);
#3049 = CIRCLE('',#3050,1.2);
#3050 = AXIS2_PLACEMENT_3D('',#3051,#3052,#3053);
#3051 = CARTESIAN_POINT('',(74.849242404917,-25.,64.849242404918));
#3052 = DIRECTION('',(0.707106781187,0.,-0.707106781187));
#3053 = DIRECTION('',(0.,1.,0.));
#3054 = PCURVE('',#3000,#3055);
#3055 = DEFINITIONAL_REPRESENTATION('',(#3056),#3060);
#3056 = LINE('',#3057,#3058);
#3057 = CARTESIAN_POINT('',(-0.,0.));
#3058 = VECTOR('',#3059,1.);
#3059 = DIRECTION('',(-1.,0.));
#3060 = ( GEOMETRIC_REPRESENTATION_CONTEXT(2) 
PARAMETRIC_REPRESENTATION_CONTEXT() REPRESENTATION_CONTEXT('2D SPACE',''
  ) );
#3061 = PCURVE('',#3062,#3067);
#3062 = PLANE('',#3063);
#3063 = AXIS2_PLACEMENT_3D('',#3064,#3065,#3066);
#3064 = CARTESIAN_POINT('',(35.251262658471,-25.,25.251262658471));
#3065 = DIRECTION('',(0.707106781187,0.,-0.707106781187));
#3066 = DIRECTION('',(0.707106781187,0.,0.707106781187));
#3067 = DEFINITIONAL_REPRESENTATION('',(#3068),#3072);
#3068 = CIRCLE('',#3069,1.2);
#3069 = AXIS2_PLACEMENT_2D('',#3070,#3071);
#3070 = CARTESIAN_POINT('',(56.,-7.105427357601E-15));
#3071 = DIRECTION('',(0.,-1.));
#3072 = ( GEOMETRIC_REPRESENTATION_CONTEXT(2) 
PARAMETRIC_REPRESENTATION_CONTEXT() REPRESENTATION_CONTEXT('2D SPACE',''
  ) );
#3073 = ADVANCED_FACE('',(#3074),#3062,.F.);
#3074 = FACE_BOUND('',#3075,.F.);
#3075 = EDGE_LOOP('',(#3076));
#3076 = ORIENTED_EDGE('',*,*,#3047,.T.);
#3077 = ADVANCED_FACE('',(#3078),#3034,.T.);
#3078 = FACE_BOUND('',#3079,.T.);
#3079 = EDGE_LOOP('',(#3080));
#3080 = ORIENTED_EDGE('',*,*,#3019,.T.);
#3081 = ( GEOMETRIC_REPRESENTATION_CONTEXT(3) 
GLOBAL_UNCERTAINTY_ASSIGNED_CONTEXT((#3085)) 
GLOBAL_UNIT_ASSIGNED_CONTEXT((#3082,#3083,#3084)) REPRESENTATION_CONTEXT
('Context #1','3D Context with UNIT and UNCERTAINTY') );
#3082 = ( LENGTH_UNIT() NAMED_UNIT(*) SI_UNIT(.MILLI.,.METRE.) );
#3083 = ( NAMED_UNIT(*) PLANE_ANGLE_UNIT() SI_UNIT($,.RADIAN.) );
#3084 = ( NAMED_UNIT(*) SI_UNIT($,.STERADIAN.) SOLID_ANGLE_UNIT() );
#3085 = UNCERTAINTY_MEASURE_WITH_UNIT(LENGTH_MEASURE(1.E-07),#3082,
  'distance_accuracy_value','confusion accuracy');
#3086 = CONTEXT_DEPENDENT_SHAPE_REPRESENTATION(#3087,#3089);
#3087 = ( REPRESENTATION_RELATIONSHIP('','',#2982,#10) 
REPRESENTATION_RELATIONSHIP_WITH_TRANSFORMATION(#3088) 
SHAPE_REPRESENTATION_RELATIONSHIP() );
#3088 = ITEM_DEFINED_TRANSFORMATION('','',#11,#47);
#3089 = PRODUCT_DEFINITION_SHAPE('Placement','Placement of an item',
  #3090);
#3090 = NEXT_ASSEMBLY_USAGE_OCCURRENCE('9','','',#5,#2977,$);
#3091 = PRODUCT_RELATED_PRODUCT_CATEGORY('part',$,(#2979));
#3092 = SHAPE_DEFINITION_REPRESENTATION(#3093,#3099);
#3093 = PRODUCT_DEFINITION_SHAPE('','',#3094);
#3094 = PRODUCT_DEFINITION('design','',#3095,#3098);
#3095 = PRODUCT_DEFINITION_FORMATION('','',#3096);
#3096 = PRODUCT('Open CASCADE STEP translator 7.8 1.10',
  'Open CASCADE STEP translator 7.8 1.10','',(#3097));
#3097 = PRODUCT_CONTEXT('',#2,'mechanical');
#3098 = PRODUCT_DEFINITION_CONTEXT('part definition',#2,'design');
#3099 = ADVANCED_BREP_SHAPE_REPRESENTATION('',(#11,#3100),#3198);
#3100 = MANIFOLD_SOLID_BREP('',#3101);
#3101 = CLOSED_SHELL('',(#3102,#3190,#3194));
#3102 = ADVANCED_FACE('',(#3103),#3117,.T.);
#3103 = FACE_BOUND('',#3104,.F.);
#3104 = EDGE_LOOP('',(#3105,#3135,#3162,#3163));
#3105 = ORIENTED_EDGE('',*,*,#3106,.T.);
#3106 = EDGE_CURVE('',#3107,#3109,#3111,.T.);
#3107 = VERTEX_POINT('',#3108);
#3108 = CARTESIAN_POINT('',(80.50609665441,-23.8,70.50609665441));
#3109 = VERTEX_POINT('',#3110);
#3110 = CARTESIAN_POINT('',(80.859650045003,-23.8,70.152543263817));
#3111 = SEAM_CURVE('',#3112,(#3116,#3128),.PCURVE_S1.);
#3112 = LINE('',#3113,#3114);
#3113 = CARTESIAN_POINT('',(80.50609665441,-23.8,70.50609665441));
#3114 = VECTOR('',#3115,1.);
#3115 = DIRECTION('',(0.707106781187,0.,-0.707106781187));
#3116 = PCURVE('',#3117,#3122);
#3117 = CYLINDRICAL_SURFACE('',#3118,1.2);
#3118 = AXIS2_PLACEMENT_3D('',#3119,#3120,#3121);
#3119 = CARTESIAN_POINT('',(80.50609665441,-25.,70.50609665441));
#3120 = DIRECTION('',(-0.707106781187,-0.,0.707106781187));
#3121 = DIRECTION('',(0.,1.,0.));
#3122 = DEFINITIONAL_REPRESENTATION('',(#3123),#3127);
#3123 = LINE('',#3124,#3125);
#3124 = CARTESIAN_POINT('',(-0.,0.));
#3125 = VECTOR('',#3126,1.);
#3126 = DIRECTION('',(-0.,-1.));
#3127 = ( GEOMETRIC_REPRESENTATION_CONTEXT(2) 
PARAMETRIC_REPRESENTATION_CONTEXT() REPRESENTATION_CONTEXT('2D SPACE',''
  ) );
#3128 = PCURVE('',#3117,#3129);
#3129 = DEFINITIONAL_REPRESENTATION('',(#3130),#3134);
#3130 = LINE('',#3131,#3132);
#3131 = CARTESIAN_POINT('',(-6.28318530718,0.));
#3132 = VECTOR('',#3133,1.);
#3133 = DIRECTION('',(-0.,-1.));
#3134 = ( GEOMETRIC_REPRESENTATION_CONTEXT(2) 
PARAMETRIC_REPRESENTATION_CONTEXT() REPRESENTATION_CONTEXT('2D SPACE',''
  ) );
#3135 = ORIENTED_EDGE('',*,*,#3136,.T.);
#3136 = EDGE_CURVE('',#3109,#3109,#3137,.T.);
#3137 = SURFACE_CURVE('',#3138,(#3143,#3150),.PCURVE_S1.);
#3138 = CIRCLE('',#3139,1.2);
#3139 = AXIS2_PLACEMENT_3D('',#3140,#3141,#3142);
#3140 = CARTESIAN_POINT('',(80.859650045003,-25.,70.152543263817));
#3141 = DIRECTION('',(0.707106781187,0.,-0.707106781187));
#3142 = DIRECTION('',(0.,1.,0.));
#3143 = PCURVE('',#3117,#3144);
#3144 = DEFINITIONAL_REPRESENTATION('',(#3145),#3149);
#3145 = LINE('',#3146,#3147);
#3146 = CARTESIAN_POINT('',(-0.,-0.5));
#3147 = VECTOR('',#3148,1.);
#3148 = DIRECTION('',(-1.,0.));
#3149 = ( GEOMETRIC_REPRESENTATION_CONTEXT(2) 
PARAMETRIC_REPRESENTATION_CONTEXT() REPRESENTATION_CONTEXT('2D SPACE',''
  ) );
#3150 = PCURVE('',#3151,#3156);
#3151 = PLANE('',#3152);
#3152 = AXIS2_PLACEMENT_3D('',#3153,#3154,#3155);
#3153 = CARTESIAN_POINT('',(35.604816049064,-25.,24.897709267878));
#3154 = DIRECTION('',(0.707106781187,0.,-0.707106781187));
#3155 = DIRECTION('',(0.707106781187,0.,0.707106781187));
#3156 = DEFINITIONAL_REPRESENTATION('',(#3157),#3161);
#3157 = CIRCLE('',#3158,1.2);
#3158 = AXIS2_PLACEMENT_2D('',#3159,#3160);
#3159 = CARTESIAN_POINT('',(64.,-7.105427357601E-15));
#3160 = DIRECTION('',(0.,-1.));
#3161 = ( GEOMETRIC_REPRESENTATION_CONTEXT(2) 
PARAMETRIC_REPRESENTATION_CONTEXT() REPRESENTATION_CONTEXT('2D SPACE',''
  ) );
#3162 = ORIENTED_EDGE('',*,*,#3106,.F.);
#3163 = ORIENTED_EDGE('',*,*,#3164,.F.);
#3164 = EDGE_CURVE('',#3107,#3107,#3165,.T.);
#3165 = SURFACE_CURVE('',#3166,(#3171,#3178),.PCURVE_S1.);
#3166 = CIRCLE('',#3167,1.2);
#3167 = AXIS2_PLACEMENT_3D('',#3168,#3169,#3170);
#3168 = CARTESIAN_POINT('',(80.50609665441,-25.,70.50609665441));
#3169 = DIRECTION('',(0.707106781187,0.,-0.707106781187));
#3170 = DIRECTION('',(0.,1.,0.));
#3171 = PCURVE('',#3117,#3172);
#3172 = DEFINITIONAL_REPRESENTATION('',(#3173),#3177);
#3173 = LINE('',#3174,#3175);
#3174 = CARTESIAN_POINT('',(-0.,0.));
#3175 = VECTOR('',#3176,1.);
#3176 = DIRECTION('',(-1.,0.));
#3177 = ( GEOMETRIC_REPRESENTATION_CONTEXT(2) 
PARAMETRIC_REPRESENTATION_CONTEXT() REPRESENTATION_CONTEXT('2D SPACE',''
  ) );
#3178 = PCURVE('',#3179,#3184);
#3179 = PLANE('',#3180);
#3180 = AXIS2_PLACEMENT_3D('',#3181,#3182,#3183);
#3181 = CARTESIAN_POINT('',(35.251262658471,-25.,25.251262658471));
#3182 = DIRECTION('',(0.707106781187,0.,-0.707106781187));
#3183 = DIRECTION('',(0.707106781187,0.,0.707106781187));
#3184 = DEFINITIONAL_REPRESENTATION('',(#3185),#3189);
#3185 = CIRCLE('',#3186,1.2);
#3186 = AXIS2_PLACEMENT_2D('',#3187,#3188);
#3187 = CARTESIAN_POINT('',(64.,-7.105427357601E-15));
#3188 = DIRECTION('',(0.,-1.));
#3189 = ( GEOMETRIC_REPRESENTATION_CONTEXT(2) 
PARAMETRIC_REPRESENTATION_CONTEXT() REPRESENTATION_CONTEXT('2D SPACE',''
  ) );
#3190 = ADVANCED_FACE('',(#3191),#3179,.F.);
#3191 = FACE_BOUND('',#3192,.F.);
#3192 = EDGE_LOOP('',(#3193));
#3193 = ORIENTED_EDGE('',*,*,#3164,.T.);
#3194 = ADVANCED_FACE('',(#3195),#3151,.T.);
#3195 = FACE_BOUND('',#3196,.T.);
#3196 = EDGE_LOOP('',(#3197));
#3197 = ORIENTED_EDGE('',*,*,#3136,.T.);
#3198 = ( GEOMETRIC_REPRESENTATION_CONTEXT(3) 
GLOBAL_UNCERTAINTY_ASSIGNED_CONTEXT((#3202)) 
GLOBAL_UNIT_ASSIGNED_CONTEXT((#3199,#3200,#3201)) REPRESENTATION_CONTEXT
('Context #1','3D Context with UNIT and UNCERTAINTY') );
#3199 = ( LENGTH_UNIT() NAMED_UNIT(*) SI_UNIT(.MILLI.,.METRE.) );
#3200 = ( NAMED_UNIT(*) PLANE_ANGLE_UNIT() SI_UNIT($,.RADIAN.) );
#3201 = ( NAMED_UNIT(*) SI_UNIT($,.STERADIAN.) SOLID_ANGLE_UNIT() );
#3202 = UNCERTAINTY_MEASURE_WITH_UNIT(LENGTH_MEASURE(1.E-07),#3199,
  'distance_accuracy_value','confusion accuracy');
#3203 = CONTEXT_DEPENDENT_SHAPE_REPRESENTATION(#3204,#3206);
#3204 = ( REPRESENTATION_RELATIONSHIP('','',#3099,#10) 
REPRESENTATION_RELATIONSHIP_WITH_TRANSFORMATION(#3205) 
SHAPE_REPRESENTATION_RELATIONSHIP() );
#3205 = ITEM_DEFINED_TRANSFORMATION('','',#11,#51);
#3206 = PRODUCT_DEFINITION_SHAPE('Placement','Placement of an item',
  #3207);
#3207 = NEXT_ASSEMBLY_USAGE_OCCURRENCE('10','','',#5,#3094,$);
#3208 = PRODUCT_RELATED_PRODUCT_CATEGORY('part',$,(#3096));
#3209 = SHAPE_DEFINITION_REPRESENTATION(#3210,#3216);
#3210 = PRODUCT_DEFINITION_SHAPE('','',#3211);
#3211 = PRODUCT_DEFINITION('design','',#3212,#3215);
#3212 = PRODUCT_DEFINITION_FORMATION('','',#3213);
#3213 = PRODUCT('Open CASCADE STEP translator 7.8 1.11',
  'Open CASCADE STEP translator 7.8 1.11','',(#3214));
#3214 = PRODUCT_CONTEXT('',#2,'mechanical');
#3215 = PRODUCT_DEFINITION_CONTEXT('part definition',#2,'design');
#3216 = ADVANCED_BREP_SHAPE_REPRESENTATION('',(#11,#3217),#3315);
#3217 = MANIFOLD_SOLID_BREP('',#3218);
#3218 = CLOSED_SHELL('',(#3219,#3307,#3311));
#3219 = ADVANCED_FACE('',(#3220),#3234,.T.);
#3220 = FACE_BOUND('',#3221,.F.);
#3221 = EDGE_LOOP('',(#3222,#3252,#3279,#3280));
#3222 = ORIENTED_EDGE('',*,*,#3223,.T.);
#3223 = EDGE_CURVE('',#3224,#3226,#3228,.T.);
#3224 = VERTEX_POINT('',#3225);
#3225 = CARTESIAN_POINT('',(35.251262658471,-15.8,25.251262658471));
#3226 = VERTEX_POINT('',#3227);
#3227 = CARTESIAN_POINT('',(35.604816049064,-15.8,24.897709267878));
#3228 = SEAM_CURVE('',#3229,(#3233,#3245),.PCURVE_S1.);
#3229 = LINE('',#3230,#3231);
#3230 = CARTESIAN_POINT('',(35.251262658471,-15.8,25.251262658471));
#3231 = VECTOR('',#3232,1.);
#3232 = DIRECTION('',(0.707106781187,0.,-0.707106781187));
#3233 = PCURVE('',#3234,#3239);
#3234 = CYLINDRICAL_SURFACE('',#3235,1.2);
#3235 = AXIS2_PLACEMENT_3D('',#3236,#3237,#3238);
#3236 = CARTESIAN_POINT('',(35.251262658471,-17.,25.251262658471));
#3237 = DIRECTION('',(-0.707106781187,-0.,0.707106781187));
#3238 = DIRECTION('',(0.,1.,0.));
#3239 = DEFINITIONAL_REPRESENTATION('',(#3240),#3244);
#3240 = LINE('',#3241,#3242);
#3241 = CARTESIAN_POINT('',(-0.,0.));
#3242 = VECTOR('',#3243,1.);
#3243 = DIRECTION('',(-0.,-1.));
#3244 = ( GEOMETRIC_REPRESENTATION_CONTEXT(2) 
PARAMETRIC_REPRESENTATION_CONTEXT() REPRESENTATION_CONTEXT('2D SPACE',''
  ) );
#3245 = PCURVE('',#3234,#3246);
#3246 = DEFINITIONAL_REPRESENTATION('',(#3247),#3251);
#3247 = LINE('',#3248,#3249);
#3248 = CARTESIAN_POINT('',(-6.28318530718,0.));
#3249 = VECTOR('',#3250,1.);
#3250 = DIRECTION('',(-0.,-1.));
#3251 = ( GEOMETRIC_REPRESENTATION_CONTEXT(2) 
PARAMETRIC_REPRESENTATION_CONTEXT() REPRESENTATION_CONTEXT('2D SPACE',''
  ) );
#3252 = ORIENTED_EDGE('',*,*,#3253,.T.);
#3253 = EDGE_CURVE('',#3226,#3226,#3254,.T.);
#3254 = SURFACE_CURVE('',#3255,(#3260,#3267),.PCURVE_S1.);
#3255 = CIRCLE('',#3256,1.2);
#3256 = AXIS2_PLACEMENT_3D('',#3257,#3258,#3259);
#3257 = CARTESIAN_POINT('',(35.604816049064,-17.,24.897709267878));
#3258 = DIRECTION('',(0.707106781187,0.,-0.707106781187));
#3259 = DIRECTION('',(0.,1.,0.));
#3260 = PCURVE('',#3234,#3261);
#3261 = DEFINITIONAL_REPRESENTATION('',(#3262),#3266);
#3262 = LINE('',#3263,#3264);
#3263 = CARTESIAN_POINT('',(-0.,-0.5));
#3264 = VECTOR('',#3265,1.);
#3265 = DIRECTION('',(-1.,0.));
#3266 = ( GEOMETRIC_REPRESENTATION_CONTEXT(2) 
PARAMETRIC_REPRESENTATION_CONTEXT() REPRESENTATION_CONTEXT('2D SPACE',''
  ) );
#3267 = PCURVE('',#3268,#3273);
#3268 = PLANE('',#3269);
#3269 = AXIS2_PLACEMENT_3D('',#3270,#3271,#3272);
#3270 = CARTESIAN_POINT('',(35.604816049064,-25.,24.897709267878));
#3271 = DIRECTION('',(0.707106781187,0.,-0.707106781187));
#3272 = DIRECTION('',(0.707106781187,0.,0.707106781187));
#3273 = DEFINITIONAL_REPRESENTATION('',(#3274),#3278);
#3274 = CIRCLE('',#3275,1.2);
#3275 = AXIS2_PLACEMENT_2D('',#3276,#3277);
#3276 = CARTESIAN_POINT('',(-1.004859173558E-14,-8.));
#3277 = DIRECTION('',(0.,-1.));
#3278 = ( GEOMETRIC_REPRESENTATION_CONTEXT(2) 
PARAMETRIC_REPRESENTATION_CONTEXT() REPRESENTATION_CONTEXT('2D SPACE',''
  ) );
#3279 = ORIENTED_EDGE('',*,*,#3223,.F.);
#3280 = ORIENTED_EDGE('',*,*,#3281,.F.);
#3281 = EDGE_CURVE('',#3224,#3224,#3282,.T.);
#3282 = SURFACE_CURVE('',#3283,(#3288,#3295),.PCURVE_S1.);
#3283 = CIRCLE('',#3284,1.2);
#3284 = AXIS2_PLACEMENT_3D('',#3285,#3286,#3287);
#3285 = CARTESIAN_POINT('',(35.251262658471,-17.,25.251262658471));
#3286 = DIRECTION('',(0.707106781187,0.,-0.707106781187));
#3287 = DIRECTION('',(0.,1.,0.));
#3288 = PCURVE('',#3234,#3289);
#3289 = DEFINITIONAL_REPRESENTATION('',(#3290),#3294);
#3290 = LINE('',#3291,#3292);
#3291 = CARTESIAN_POINT('',(-0.,0.));
#3292 = VECTOR('',#3293,1.);
#3293 = DIRECTION('',(-1.,0.));
#3294 = ( GEOMETRIC_REPRESENTATION_CONTEXT(2) 
PARAMETRIC_REPRESENTATION_CONTEXT() REPRESENTATION_CONTEXT('2D SPACE',''
  ) );
#3295 = PCURVE('',#3296,#3301);
#3296 = PLANE('',#3297);
#3297 = AXIS2_PLACEMENT_3D('',#3298,#3299,#3300);
#3298 = CARTESIAN_POINT('',(35.251262658471,-25.,25.251262658471));
#3299 = DIRECTION('',(0.707106781187,0.,-0.707106781187));
#3300 = DIRECTION('',(0.707106781187,0.,0.707106781187));
#3301 = DEFINITIONAL_REPRESENTATION('',(#3302),#3306);
#3302 = CIRCLE('',#3303,1.2);
#3303 = AXIS2_PLACEMENT_2D('',#3304,#3305);
#3304 = CARTESIAN_POINT('',(-1.004859173558E-14,-8.));
#3305 = DIRECTION('',(0.,-1.));
#3306 = ( GEOMETRIC_REPRESENTATION_CONTEXT(2) 
PARAMETRIC_REPRESENTATION_CONTEXT() REPRESENTATION_CONTEXT('2D SPACE',''
  ) );
#3307 = ADVANCED_FACE('',(#3308),#3296,.F.);
#3308 = FACE_BOUND('',#3309,.F.);
#3309 = EDGE_LOOP('',(#3310));
#3310 = ORIENTED_EDGE('',*,*,#3281,.T.);
#3311 = ADVANCED_FACE('',(#3312),#3268,.T.);
#3312 = FACE_BOUND('',#3313,.T.);
#3313 = EDGE_LOOP('',(#3314));
#3314 = ORIENTED_EDGE('',*,*,#3253,.T.);
#3315 = ( GEOMETRIC_REPRESENTATION_CONTEXT(3) 
GLOBAL_UNCERTAINTY_ASSIGNED_CONTEXT((#3319)) 
GLOBAL_UNIT_ASSIGNED_CONTEXT((#3316,#3317,#3318)) REPRESENTATION_CONTEXT
('Context #1','3D Context with UNIT and UNCERTAINTY') );
#3316 = ( LENGTH_UNIT() NAMED_UNIT(*) SI_UNIT(.MILLI.,.METRE.) );
#3317 = ( NAMED_UNIT(*) PLANE_ANGLE_UNIT() SI_UNIT($,.RADIAN.) );
#3318 = ( NAMED_UNIT(*) SI_UNIT($,.STERADIAN.) SOLID_ANGLE_UNIT() );
#3319 = UNCERTAINTY_MEASURE_WITH_UNIT(LENGTH_MEASURE(1.E-07),#3316,
  'distance_accuracy_value','confusion accuracy');
#3320 = CONTEXT_DEPENDENT_SHAPE_REPRESENTATION(#3321,#3323);
#3321 = ( REPRESENTATION_RELATIONSHIP('','',#3216,#10) 
REPRESENTATION_RELATIONSHIP_WITH_TRANSFORMATION(#3322) 
SHAPE_REPRESENTATION_RELATIONSHIP() );
#3322 = ITEM_DEFINED_TRANSFORMATION('','',#11,#55);
#3323 = PRODUCT_DEFINITION_SHAPE('Placement','Placement of an item',
  #3324);
#3324 = NEXT_ASSEMBLY_USAGE_OCCURRENCE('11','','',#5,#3211,$);
#3325 = PRODUCT_RELATED_PRODUCT_CATEGORY('part',$,(#3213));
#3326 = SHAPE_DEFINITION_REPRESENTATION(#3327,#3333);
#3327 = PRODUCT_DEFINITION_SHAPE('','',#3328);
#3328 = PRODUCT_DEFINITION('design','',#3329,#3332);
#3329 = PRODUCT_DEFINITION_FORMATION('','',#3330);
#3330 = PRODUCT('Open CASCADE STEP translator 7.8 1.12',
  'Open CASCADE STEP translator 7.8 1.12','',(#3331));
#3331 = PRODUCT_CONTEXT('',#2,'mechanical');
#3332 = PRODUCT_DEFINITION_CONTEXT('part definition',#2,'design');
#3333 = ADVANCED_BREP_SHAPE_REPRESENTATION('',(#11,#3334),#3432);
#3334 = MANIFOLD_SOLID_BREP('',#3335);
#3335 = CLOSED_SHELL('',(#3336,#3424,#3428));
#3336 = ADVANCED_FACE('',(#3337),#3351,.T.);
#3337 = FACE_BOUND('',#3338,.F.);
#3338 = EDGE_LOOP('',(#3339,#3369,#3396,#3397));
#3339 = ORIENTED_EDGE('',*,*,#3340,.T.);
#3340 = EDGE_CURVE('',#3341,#3343,#3345,.T.);
#3341 = VERTEX_POINT('',#3342);
#3342 = CARTESIAN_POINT('',(40.908116907963,-15.8,30.908116907963));
#3343 = VERTEX_POINT('',#3344);
#3344 = CARTESIAN_POINT('',(41.261670298556,-15.8,30.55456351737));
#3345 = SEAM_CURVE('',#3346,(#3350,#3362),.PCURVE_S1.);
#3346 = LINE('',#3347,#3348);
#3347 = CARTESIAN_POINT('',(40.908116907963,-15.8,30.908116907963));
#3348 = VECTOR('',#3349,1.);
#3349 = DIRECTION('',(0.707106781187,0.,-0.707106781187));
#3350 = PCURVE('',#3351,#3356);
#3351 = CYLINDRICAL_SURFACE('',#3352,1.2);
#3352 = AXIS2_PLACEMENT_3D('',#3353,#3354,#3355);
#3353 = CARTESIAN_POINT('',(40.908116907963,-17.,30.908116907963));
#3354 = DIRECTION('',(-0.707106781187,-0.,0.707106781187));
#3355 = DIRECTION('',(0.,1.,0.));
#3356 = DEFINITIONAL_REPRESENTATION('',(#3357),#3361);
#3357 = LINE('',#3358,#3359);
#3358 = CARTESIAN_POINT('',(-0.,0.));
#3359 = VECTOR('',#3360,1.);
#3360 = DIRECTION('',(-0.,-1.));
#3361 = ( GEOMETRIC_REPRESENTATION_CONTEXT(2) 
PARAMETRIC_REPRESENTATION_CONTEXT() REPRESENTATION_CONTEXT('2D SPACE',''
  ) );
#3362 = PCURVE('',#3351,#3363);
#3363 = DEFINITIONAL_REPRESENTATION('',(#3364),#3368);
#3364 = LINE('',#3365,#3366);
#3365 = CARTESIAN_POINT('',(-6.28318530718,0.));
#3366 = VECTOR('',#3367,1.);
#3367 = DIRECTION('',(-0.,-1.));
#3368 = ( GEOMETRIC_REPRESENTATION_CONTEXT(2) 
PARAMETRIC_REPRESENTATION_CONTEXT() REPRESENTATION_CONTEXT('2D SPACE',''
  ) );
#3369 = ORIENTED_EDGE('',*,*,#3370,.T.);
#3370 = EDGE_CURVE('',#3343,#3343,#3371,.T.);
#3371 = SURFACE_CURVE('',#3372,(#3377,#3384),.PCURVE_S1.);
#3372 = CIRCLE('',#3373,1.2);
#3373 = AXIS2_PLACEMENT_3D('',#3374,#3375,#3376);
#3374 = CARTESIAN_POINT('',(41.261670298556,-17.,30.55456351737));
#3375 = DIRECTION('',(0.707106781187,0.,-0.707106781187));
#3376 = DIRECTION('',(0.,1.,0.));
#3377 = PCURVE('',#3351,#3378);
#3378 = DEFINITIONAL_REPRESENTATION('',(#3379),#3383);
#3379 = LINE('',#3380,#3381);
#3380 = CARTESIAN_POINT('',(-0.,-0.5));
#3381 = VECTOR('',#3382,1.);
#3382 = DIRECTION('',(-1.,0.));
#3383 = ( GEOMETRIC_REPRESENTATION_CONTEXT(2) 
PARAMETRIC_REPRESENTATION_CONTEXT() REPRESENTATION_CONTEXT('2D SPACE',''
  ) );
#3384 = PCURVE('',#3385,#3390);
#3385 = PLANE('',#3386);
#3386 = AXIS2_PLACEMENT_3D('',#3387,#3388,#3389);
#3387 = CARTESIAN_POINT('',(35.604816049064,-25.,24.897709267878));
#3388 = DIRECTION('',(0.707106781187,0.,-0.707106781187));
#3389 = DIRECTION('',(0.707106781187,0.,0.707106781187));
#3390 = DEFINITIONAL_REPRESENTATION('',(#3391),#3395);
#3391 = CIRCLE('',#3392,1.2);
#3392 = AXIS2_PLACEMENT_2D('',#3393,#3394);
#3393 = CARTESIAN_POINT('',(8.,-8.));
#3394 = DIRECTION('',(0.,-1.));
#3395 = ( GEOMETRIC_REPRESENTATION_CONTEXT(2) 
PARAMETRIC_REPRESENTATION_CONTEXT() REPRESENTATION_CONTEXT('2D SPACE',''
  ) );
#3396 = ORIENTED_EDGE('',*,*,#3340,.F.);
#3397 = ORIENTED_EDGE('',*,*,#3398,.F.);
#3398 = EDGE_CURVE('',#3341,#3341,#3399,.T.);
#3399 = SURFACE_CURVE('',#3400,(#3405,#3412),.PCURVE_S1.);
#3400 = CIRCLE('',#3401,1.2);
#3401 = AXIS2_PLACEMENT_3D('',#3402,#3403,#3404);
#3402 = CARTESIAN_POINT('',(40.908116907963,-17.,30.908116907963));
#3403 = DIRECTION('',(0.707106781187,0.,-0.707106781187));
#3404 = DIRECTION('',(0.,1.,0.));
#3405 = PCURVE('',#3351,#3406);
#3406 = DEFINITIONAL_REPRESENTATION('',(#3407),#3411);
#3407 = LINE('',#3408,#3409);
#3408 = CARTESIAN_POINT('',(-0.,0.));
#3409 = VECTOR('',#3410,1.);
#3410 = DIRECTION('',(-1.,0.));
#3411 = ( GEOMETRIC_REPRESENTATION_CONTEXT(2) 
PARAMETRIC_REPRESENTATION_CONTEXT() REPRESENTATION_CONTEXT('2D SPACE',''
  ) );
#3412 = PCURVE('',#3413,#3418);
#3413 = PLANE('',#3414);
#3414 = AXIS2_PLACEMENT_3D('',#3415,#3416,#3417);
#3415 = CARTESIAN_POINT('',(35.251262658471,-25.,25.251262658471));
#3416 = DIRECTION('',(0.707106781187,0.,-0.707106781187));
#3417 = DIRECTION('',(0.707106781187,0.,0.707106781187));
#3418 = DEFINITIONAL_REPRESENTATION('',(#3419),#3423);
#3419 = CIRCLE('',#3420,1.2);
#3420 = AXIS2_PLACEMENT_2D('',#3421,#3422);
#3421 = CARTESIAN_POINT('',(8.,-8.));
#3422 = DIRECTION('',(0.,-1.));
#3423 = ( GEOMETRIC_REPRESENTATION_CONTEXT(2) 
PARAMETRIC_REPRESENTATION_CONTEXT() REPRESENTATION_CONTEXT('2D SPACE',''
  ) );
#3424 = ADVANCED_FACE('',(#3425),#3413,.F.);
#3425 = FACE_BOUND('',#3426,.F.);
#3426 = EDGE_LOOP('',(#3427));
#3427 = ORIENTED_EDGE('',*,*,#3398,.T.);
#3428 = ADVANCED_FACE('',(#3429),#3385,.T.);
#3429 = FACE_BOUND('',#3430,.T.);
#3430 = EDGE_LOOP('',(#3431));
#3431 = ORIENTED_EDGE('',*,*,#3370,.T.);
#3432 = ( GEOMETRIC_REPRESENTATION_CONTEXT(3) 
GLOBAL_UNCERTAINTY_ASSIGNED_CONTEXT((#3436)) 
GLOBAL_UNIT_ASSIGNED_CONTEXT((#3433,#3434,#3435)) REPRESENTATION_CONTEXT
('Context #1','3D Context with UNIT and UNCERTAINTY') );
#3433 = ( LENGTH_UNIT() NAMED_UNIT(*) SI_UNIT(.MILLI.,.METRE.) );
#3434 = ( NAMED_UNIT(*) PLANE_ANGLE_UNIT() SI_UNIT($,.RADIAN.) );
#3435 = ( NAMED_UNIT(*) SI_UNIT($,.STERADIAN.) SOLID_ANGLE_UNIT() );
#3436 = UNCERTAINTY_MEASURE_WITH_UNIT(LENGTH_MEASURE(1.E-07),#3433,
  'distance_accuracy_value','confusion accuracy');
#3437 = CONTEXT_DEPENDENT_SHAPE_REPRESENTATION(#3438,#3440);
#3438 = ( REPRESENTATION_RELATIONSHIP('','',#3333,#10) 
REPRESENTATION_RELATIONSHIP_WITH_TRANSFORMATION(#3439) 
SHAPE_REPRESENTATION_RELATIONSHIP() );
#3439 = ITEM_DEFINED_TRANSFORMATION('','',#11,#59);
#3440 = PRODUCT_DEFINITION_SHAPE('Placement','Placement of an item',
  #3441);
#3441 = NEXT_ASSEMBLY_USAGE_OCCURRENCE('12','','',#5,#3328,$);
#3442 = PRODUCT_RELATED_PRODUCT_CATEGORY('part',$,(#3330));
#3443 = SHAPE_DEFINITION_REPRESENTATION(#3444,#3450);
#3444 = PRODUCT_DEFINITION_SHAPE('','',#3445);
#3445 = PRODUCT_DEFINITION('design','',#3446,#3449);
#3446 = PRODUCT_DEFINITION_FORMATION('','',#3447);
#3447 = PRODUCT('Open CASCADE STEP translator 7.8 1.13',
  'Open CASCADE STEP translator 7.8 1.13','',(#3448));
#3448 = PRODUCT_CONTEXT('',#2,'mechanical');
#3449 = PRODUCT_DEFINITION_CONTEXT('part definition',#2,'design');
#3450 = ADVANCED_BREP_SHAPE_REPRESENTATION('',(#11,#3451),#3549);
#3451 = MANIFOLD_SOLID_BREP('',#3452);
#3452 = CLOSED_SHELL('',(#3453,#3541,#3545));
#3453 = ADVANCED_FACE('',(#3454),#3468,.T.);
#3454 = FACE_BOUND('',#3455,.F.);
#3455 = EDGE_LOOP('',(#3456,#3486,#3513,#3514));
#3456 = ORIENTED_EDGE('',*,*,#3457,.T.);
#3457 = EDGE_CURVE('',#3458,#3460,#3462,.T.);
#3458 = VERTEX_POINT('',#3459);
#3459 = CARTESIAN_POINT('',(46.564971157456,-15.8,36.564971157456));
#3460 = VERTEX_POINT('',#3461);
#3461 = CARTESIAN_POINT('',(46.918524548049,-15.8,36.211417766862));
#3462 = SEAM_CURVE('',#3463,(#3467,#3479),.PCURVE_S1.);
#3463 = LINE('',#3464,#3465);
#3464 = CARTESIAN_POINT('',(46.564971157456,-15.8,36.564971157456));
#3465 = VECTOR('',#3466,1.);
#3466 = DIRECTION('',(0.707106781187,0.,-0.707106781187));
#3467 = PCURVE('',#3468,#3473);
#3468 = CYLINDRICAL_SURFACE('',#3469,1.2);
#3469 = AXIS2_PLACEMENT_3D('',#3470,#3471,#3472);
#3470 = CARTESIAN_POINT('',(46.564971157456,-17.,36.564971157456));
#3471 = DIRECTION('',(-0.707106781187,-0.,0.707106781187));
#3472 = DIRECTION('',(0.,1.,0.));
#3473 = DEFINITIONAL_REPRESENTATION('',(#3474),#3478);
#3474 = LINE('',#3475,#3476);
#3475 = CARTESIAN_POINT('',(-0.,0.));
#3476 = VECTOR('',#3477,1.);
#3477 = DIRECTION('',(-0.,-1.));
#3478 = ( GEOMETRIC_REPRESENTATION_CONTEXT(2) 
PARAMETRIC_REPRESENTATION_CONTEXT() REPRESENTATION_CONTEXT('2D SPACE',''
  ) );
#3479 = PCURVE('',#3468,#3480);
#3480 = DEFINITIONAL_REPRESENTATION('',(#3481),#3485);
#3481 = LINE('',#3482,#3483);
#3482 = CARTESIAN_POINT('',(-6.28318530718,0.));
#3483 = VECTOR('',#3484,1.);
#3484 = DIRECTION('',(-0.,-1.));
#3485 = ( GEOMETRIC_REPRESENTATION_CONTEXT(2) 
PARAMETRIC_REPRESENTATION_CONTEXT() REPRESENTATION_CONTEXT('2D SPACE',''
  ) );
#3486 = ORIENTED_EDGE('',*,*,#3487,.T.);
#3487 = EDGE_CURVE('',#3460,#3460,#3488,.T.);
#3488 = SURFACE_CURVE('',#3489,(#3494,#3501),.PCURVE_S1.);
#3489 = CIRCLE('',#3490,1.2);
#3490 = AXIS2_PLACEMENT_3D('',#3491,#3492,#3493);
#3491 = CARTESIAN_POINT('',(46.918524548049,-17.,36.211417766862));
#3492 = DIRECTION('',(0.707106781187,0.,-0.707106781187));
#3493 = DIRECTION('',(0.,1.,0.));
#3494 = PCURVE('',#3468,#3495);
#3495 = DEFINITIONAL_REPRESENTATION('',(#3496),#3500);
#3496 = LINE('',#3497,#3498);
#3497 = CARTESIAN_POINT('',(-0.,-0.5));
#3498 = VECTOR('',#3499,1.);
#3499 = DIRECTION('',(-1.,0.));
#3500 = ( GEOMETRIC_REPRESENTATION_CONTEXT(2) 
PARAMETRIC_REPRESENTATION_CONTEXT() REPRESENTATION_CONTEXT('2D SPACE',''
  ) );
#3501 = PCURVE('',#3502,#3507);
#3502 = PLANE('',#3503);
#3503 = AXIS2_PLACEMENT_3D('',#3504,#3505,#3506);
#3504 = CARTESIAN_POINT('',(35.604816049064,-25.,24.897709267878));
#3505 = DIRECTION('',(0.707106781187,0.,-0.707106781187));
#3506 = DIRECTION('',(0.707106781187,0.,0.707106781187));
#3507 = DEFINITIONAL_REPRESENTATION('',(#3508),#3512);
#3508 = CIRCLE('',#3509,1.2);
#3509 = AXIS2_PLACEMENT_2D('',#3510,#3511);
#3510 = CARTESIAN_POINT('',(16.,-8.));
#3511 = DIRECTION('',(0.,-1.));
#3512 = ( GEOMETRIC_REPRESENTATION_CONTEXT(2) 
PARAMETRIC_REPRESENTATION_CONTEXT() REPRESENTATION_CONTEXT('2D SPACE',''
  ) );
#3513 = ORIENTED_EDGE('',*,*,#3457,.F.);
#3514 = ORIENTED_EDGE('',*,*,#3515,.F.);
#3515 = EDGE_CURVE('',#3458,#3458,#3516,.T.);
#3516 = SURFACE_CURVE('',#3517,(#3522,#3529),.PCURVE_S1.);
#3517 = CIRCLE('',#3518,1.2);
#3518 = AXIS2_PLACEMENT_3D('',#3519,#3520,#3521);
#3519 = CARTESIAN_POINT('',(46.564971157456,-17.,36.564971157456));
#3520 = DIRECTION('',(0.707106781187,0.,-0.707106781187));
#3521 = DIRECTION('',(0.,1.,0.));
#3522 = PCURVE('',#3468,#3523);
#3523 = DEFINITIONAL_REPRESENTATION('',(#3524),#3528);
#3524 = LINE('',#3525,#3526);
#3525 = CARTESIAN_POINT('',(-0.,0.));
#3526 = VECTOR('',#3527,1.);
#3527 = DIRECTION('',(-1.,0.));
#3528 = ( GEOMETRIC_REPRESENTATION_CONTEXT(2) 
PARAMETRIC_REPRESENTATION_CONTEXT() REPRESENTATION_CONTEXT('2D SPACE',''
  ) );
#3529 = PCURVE('',#3530,#3535);
#3530 = PLANE('',#3531);
#3531 = AXIS2_PLACEMENT_3D('',#3532,#3533,#3534);
#3532 = CARTESIAN_POINT('',(35.251262658471,-25.,25.251262658471));
#3533 = DIRECTION('',(0.707106781187,0.,-0.707106781187));
#3534 = DIRECTION('',(0.707106781187,0.,0.707106781187));
#3535 = DEFINITIONAL_REPRESENTATION('',(#3536),#3540);
#3536 = CIRCLE('',#3537,1.2);
#3537 = AXIS2_PLACEMENT_2D('',#3538,#3539);
#3538 = CARTESIAN_POINT('',(16.,-8.));
#3539 = DIRECTION('',(0.,-1.));
#3540 = ( GEOMETRIC_REPRESENTATION_CONTEXT(2) 
PARAMETRIC_REPRESENTATION_CONTEXT() REPRESENTATION_CONTEXT('2D SPACE',''
  ) );
#3541 = ADVANCED_FACE('',(#3542),#3530,.F.);
#3542 = FACE_BOUND('',#3543,.F.);
#3543 = EDGE_LOOP('',(#3544));
#3544 = ORIENTED_EDGE('',*,*,#3515,.T.);
#3545 = ADVANCED_FACE('',(#3546),#3502,.T.);
#3546 = FACE_BOUND('',#3547,.T.);
#3547 = EDGE_LOOP('',(#3548));
#3548 = ORIENTED_EDGE('',*,*,#3487,.T.);
#3549 = ( GEOMETRIC_REPRESENTATION_CONTEXT(3) 
GLOBAL_UNCERTAINTY_ASSIGNED_CONTEXT((#3553)) 
GLOBAL_UNIT_ASSIGNED_CONTEXT((#3550,#3551,#3552)) REPRESENTATION_CONTEXT
('Context #1','3D Context with UNIT and UNCERTAINTY') );
#3550 = ( LENGTH_UNIT() NAMED_UNIT(*) SI_UNIT(.MILLI.,.METRE.) );
#3551 = ( NAMED_UNIT(*) PLANE_ANGLE_UNIT() SI_UNIT($,.RADIAN.) );
#3552 = ( NAMED_UNIT(*) SI_UNIT($,.STERADIAN.) SOLID_ANGLE_UNIT() );
#3553 = UNCERTAINTY_MEASURE_WITH_UNIT(LENGTH_MEASURE(1.E-07),#3550,
  'distance_accuracy_value','confusion accuracy');
#3554 = CONTEXT_DEPENDENT_SHAPE_REPRESENTATION(#3555,#3557);
#3555 = ( REPRESENTATION_RELATIONSHIP('','',#3450,#10) 
REPRESENTATION_RELATIONSHIP_WITH_TRANSFORMATION(#3556) 
SHAPE_REPRESENTATION_RELATIONSHIP() );
#3556 = ITEM_DEFINED_TRANSFORMATION('','',#11,#63);
#3557 = PRODUCT_DEFINITION_SHAPE('Placement','Placement of an item',
  #3558);
#3558 = NEXT_ASSEMBLY_USAGE_OCCURRENCE('13','','',#5,#3445,$);
#3559 = PRODUCT_RELATED_PRODUCT_CATEGORY('part',$,(#3447));
#3560 = SHAPE_DEFINITION_REPRESENTATION(#3561,#3567);
#3561 = PRODUCT_DEFINITION_SHAPE('','',#3562);
#3562 = PRODUCT_DEFINITION('design','',#3563,#3566);
#3563 = PRODUCT_DEFINITION_FORMATION('','',#3564);
#3564 = PRODUCT('Open CASCADE STEP translator 7.8 1.14',
  'Open CASCADE STEP translator 7.8 1.14','',(#3565));
#3565 = PRODUCT_CONTEXT('',#2,'mechanical');
#3566 = PRODUCT_DEFINITION_CONTEXT('part definition',#2,'design');
#3567 = ADVANCED_BREP_SHAPE_REPRESENTATION('',(#11,#3568),#3666);
#3568 = MANIFOLD_SOLID_BREP('',#3569);
#3569 = CLOSED_SHELL('',(#3570,#3658,#3662));
#3570 = ADVANCED_FACE('',(#3571),#3585,.T.);
#3571 = FACE_BOUND('',#3572,.F.);
#3572 = EDGE_LOOP('',(#3573,#3603,#3630,#3631));
#3573 = ORIENTED_EDGE('',*,*,#3574,.T.);
#3574 = EDGE_CURVE('',#3575,#3577,#3579,.T.);
#3575 = VERTEX_POINT('',#3576);
#3576 = CARTESIAN_POINT('',(52.221825406948,-15.8,42.221825406948));
#3577 = VERTEX_POINT('',#3578);
#3578 = CARTESIAN_POINT('',(52.575378797541,-15.8,41.868272016355));
#3579 = SEAM_CURVE('',#3580,(#3584,#3596),.PCURVE_S1.);
#3580 = LINE('',#3581,#3582);
#3581 = CARTESIAN_POINT('',(52.221825406948,-15.8,42.221825406948));
#3582 = VECTOR('',#3583,1.);
#3583 = DIRECTION('',(0.707106781187,0.,-0.707106781187));
#3584 = PCURVE('',#3585,#3590);
#3585 = CYLINDRICAL_SURFACE('',#3586,1.2);
#3586 = AXIS2_PLACEMENT_3D('',#3587,#3588,#3589);
#3587 = CARTESIAN_POINT('',(52.221825406948,-17.,42.221825406948));
#3588 = DIRECTION('',(-0.707106781187,-0.,0.707106781187));
#3589 = DIRECTION('',(0.,1.,0.));
#3590 = DEFINITIONAL_REPRESENTATION('',(#3591),#3595);
#3591 = LINE('',#3592,#3593);
#3592 = CARTESIAN_POINT('',(-0.,0.));
#3593 = VECTOR('',#3594,1.);
#3594 = DIRECTION('',(-0.,-1.));
#3595 = ( GEOMETRIC_REPRESENTATION_CONTEXT(2) 
PARAMETRIC_REPRESENTATION_CONTEXT() REPRESENTATION_CONTEXT('2D SPACE',''
  ) );
#3596 = PCURVE('',#3585,#3597);
#3597 = DEFINITIONAL_REPRESENTATION('',(#3598),#3602);
#3598 = LINE('',#3599,#3600);
#3599 = CARTESIAN_POINT('',(-6.28318530718,0.));
#3600 = VECTOR('',#3601,1.);
#3601 = DIRECTION('',(-0.,-1.));
#3602 = ( GEOMETRIC_REPRESENTATION_CONTEXT(2) 
PARAMETRIC_REPRESENTATION_CONTEXT() REPRESENTATION_CONTEXT('2D SPACE',''
  ) );
#3603 = ORIENTED_EDGE('',*,*,#3604,.T.);
#3604 = EDGE_CURVE('',#3577,#3577,#3605,.T.);
#3605 = SURFACE_CURVE('',#3606,(#3611,#3618),.PCURVE_S1.);
#3606 = CIRCLE('',#3607,1.2);
#3607 = AXIS2_PLACEMENT_3D('',#3608,#3609,#3610);
#3608 = CARTESIAN_POINT('',(52.575378797541,-17.,41.868272016355));
#3609 = DIRECTION('',(0.707106781187,0.,-0.707106781187));
#3610 = DIRECTION('',(0.,1.,0.));
#3611 = PCURVE('',#3585,#3612);
#3612 = DEFINITIONAL_REPRESENTATION('',(#3613),#3617);
#3613 = LINE('',#3614,#3615);
#3614 = CARTESIAN_POINT('',(-0.,-0.5));
#3615 = VECTOR('',#3616,1.);
#3616 = DIRECTION('',(-1.,0.));
#3617 = ( GEOMETRIC_REPRESENTATION_CONTEXT(2) 
PARAMETRIC_REPRESENTATION_CONTEXT() REPRESENTATION_CONTEXT('2D SPACE',''
  ) );
#3618 = PCURVE('',#3619,#3624);
#3619 = PLANE('',#3620);
#3620 = AXIS2_PLACEMENT_3D('',#3621,#3622,#3623);
#3621 = CARTESIAN_POINT('',(35.604816049064,-25.,24.897709267878));
#3622 = DIRECTION('',(0.707106781187,0.,-0.707106781187));
#3623 = DIRECTION('',(0.707106781187,0.,0.707106781187));
#3624 = DEFINITIONAL_REPRESENTATION('',(#3625),#3629);
#3625 = CIRCLE('',#3626,1.2);
#3626 = AXIS2_PLACEMENT_2D('',#3627,#3628);
#3627 = CARTESIAN_POINT('',(24.,-8.));
#3628 = DIRECTION('',(0.,-1.));
#3629 = ( GEOMETRIC_REPRESENTATION_CONTEXT(2) 
PARAMETRIC_REPRESENTATION_CONTEXT() REPRESENTATION_CONTEXT('2D SPACE',''
  ) );
#3630 = ORIENTED_EDGE('',*,*,#3574,.F.);
#3631 = ORIENTED_EDGE('',*,*,#3632,.F.);
#3632 = EDGE_CURVE('',#3575,#3575,#3633,.T.);
#3633 = SURFACE_CURVE('',#3634,(#3639,#3646),.PCURVE_S1.);
#3634 = CIRCLE('',#3635,1.2);
#3635 = AXIS2_PLACEMENT_3D('',#3636,#3637,#3638);
#3636 = CARTESIAN_POINT('',(52.221825406948,-17.,42.221825406948));
#3637 = DIRECTION('',(0.707106781187,0.,-0.707106781187));
#3638 = DIRECTION('',(0.,1.,0.));
#3639 = PCURVE('',#3585,#3640);
#3640 = DEFINITIONAL_REPRESENTATION('',(#3641),#3645);
#3641 = LINE('',#3642,#3643);
#3642 = CARTESIAN_POINT('',(-0.,0.));
#3643 = VECTOR('',#3644,1.);
#3644 = DIRECTION('',(-1.,0.));
#3645 = ( GEOMETRIC_REPRESENTATION_CONTEXT(2) 
PARAMETRIC_REPRESENTATION_CONTEXT() REPRESENTATION_CONTEXT('2D SPACE',''
  ) );
#3646 = PCURVE('',#3647,#3652);
#3647 = PLANE('',#3648);
#3648 = AXIS2_PLACEMENT_3D('',#3649,#3650,#3651);
#3649 = CARTESIAN_POINT('',(35.251262658471,-25.,25.251262658471));
#3650 = DIRECTION('',(0.707106781187,0.,-0.707106781187));
#3651 = DIRECTION('',(0.707106781187,0.,0.707106781187));
#3652 = DEFINITIONAL_REPRESENTATION('',(#3653),#3657);
#3653 = CIRCLE('',#3654,1.2);
#3654 = AXIS2_PLACEMENT_2D('',#3655,#3656);
#3655 = CARTESIAN_POINT('',(24.,-8.));
#3656 = DIRECTION('',(0.,-1.));
#3657 = ( GEOMETRIC_REPRESENTATION_CONTEXT(2) 
PARAMETRIC_REPRESENTATION_CONTEXT() REPRESENTATION_CONTEXT('2D SPACE',''
  ) );
#3658 = ADVANCED_FACE('',(#3659),#3647,.F.);
#3659 = FACE_BOUND('',#3660,.F.);
#3660 = EDGE_LOOP('',(#3661));
#3661 = ORIENTED_EDGE('',*,*,#3632,.T.);
#3662 = ADVANCED_FACE('',(#3663),#3619,.T.);
#3663 = FACE_BOUND('',#3664,.T.);
#3664 = EDGE_LOOP('',(#3665));
#3665 = ORIENTED_EDGE('',*,*,#3604,.T.);
#3666 = ( GEOMETRIC_REPRESENTATION_CONTEXT(3) 
GLOBAL_UNCERTAINTY_ASSIGNED_CONTEXT((#3670)) 
GLOBAL_UNIT_ASSIGNED_CONTEXT((#3667,#3668,#3669)) REPRESENTATION_CONTEXT
('Context #1','3D Context with UNIT and UNCERTAINTY') );
#3667 = ( LENGTH_UNIT() NAMED_UNIT(*) SI_UNIT(.MILLI.,.METRE.) );
#3668 = ( NAMED_UNIT(*) PLANE_ANGLE_UNIT() SI_UNIT($,.RADIAN.) );
#3669 = ( NAMED_UNIT(*) SI_UNIT($,.STERADIAN.) SOLID_ANGLE_UNIT() );
#3670 = UNCERTAINTY_MEASURE_WITH_UNIT(LENGTH_MEASURE(1.E-07),#3667,
  'distance_accuracy_value','confusion accuracy');
#3671 = CONTEXT_DEPENDENT_SHAPE_REPRESENTATION(#3672,#3674);
#3672 = ( REPRESENTATION_RELATIONSHIP('','',#3567,#10) 
REPRESENTATION_RELATIONSHIP_WITH_TRANSFORMATION(#3673) 
SHAPE_REPRESENTATION_RELATIONSHIP() );
#3673 = ITEM_DEFINED_TRANSFORMATION('','',#11,#67);
#3674 = PRODUCT_DEFINITION_SHAPE('Placement','Placement of an item',
  #3675);
#3675 = NEXT_ASSEMBLY_USAGE_OCCURRENCE('14','','',#5,#3562,$);
#3676 = PRODUCT_RELATED_PRODUCT_CATEGORY('part',$,(#3564));
#3677 = SHAPE_DEFINITION_REPRESENTATION(#3678,#3684);
#3678 = PRODUCT_DEFINITION_SHAPE('','',#3679);
#3679 = PRODUCT_DEFINITION('design','',#3680,#3683);
#3680 = PRODUCT_DEFINITION_FORMATION('','',#3681);
#3681 = PRODUCT('Open CASCADE STEP translator 7.8 1.15',
  'Open CASCADE STEP translator 7.8 1.15','',(#3682));
#3682 = PRODUCT_CONTEXT('',#2,'mechanical');
#3683 = PRODUCT_DEFINITION_CONTEXT('part definition',#2,'design');
#3684 = ADVANCED_BREP_SHAPE_REPRESENTATION('',(#11,#3685),#3783);
#3685 = MANIFOLD_SOLID_BREP('',#3686);
#3686 = CLOSED_SHELL('',(#3687,#3775,#3779));
#3687 = ADVANCED_FACE('',(#3688),#3702,.T.);
#3688 = FACE_BOUND('',#3689,.F.);
#3689 = EDGE_LOOP('',(#3690,#3720,#3747,#3748));
#3690 = ORIENTED_EDGE('',*,*,#3691,.T.);
#3691 = EDGE_CURVE('',#3692,#3694,#3696,.T.);
#3692 = VERTEX_POINT('',#3693);
#3693 = CARTESIAN_POINT('',(57.87867965644,-15.8,47.87867965644));
#3694 = VERTEX_POINT('',#3695);
#3695 = CARTESIAN_POINT('',(58.232233047034,-15.8,47.525126265847));
#3696 = SEAM_CURVE('',#3697,(#3701,#3713),.PCURVE_S1.);
#3697 = LINE('',#3698,#3699);
#3698 = CARTESIAN_POINT('',(57.87867965644,-15.8,47.87867965644));
#3699 = VECTOR('',#3700,1.);
#3700 = DIRECTION('',(0.707106781187,0.,-0.707106781187));
#3701 = PCURVE('',#3702,#3707);
#3702 = CYLINDRICAL_SURFACE('',#3703,1.2);
#3703 = AXIS2_PLACEMENT_3D('',#3704,#3705,#3706);
#3704 = CARTESIAN_POINT('',(57.87867965644,-17.,47.87867965644));
#3705 = DIRECTION('',(-0.707106781187,-0.,0.707106781187));
#3706 = DIRECTION('',(0.,1.,0.));
#3707 = DEFINITIONAL_REPRESENTATION('',(#3708),#3712);
#3708 = LINE('',#3709,#3710);
#3709 = CARTESIAN_POINT('',(-0.,0.));
#3710 = VECTOR('',#3711,1.);
#3711 = DIRECTION('',(-0.,-1.));
#3712 = ( GEOMETRIC_REPRESENTATION_CONTEXT(2) 
PARAMETRIC_REPRESENTATION_CONTEXT() REPRESENTATION_CONTEXT('2D SPACE',''
  ) );
#3713 = PCURVE('',#3702,#3714);
#3714 = DEFINITIONAL_REPRESENTATION('',(#3715),#3719);
#3715 = LINE('',#3716,#3717);
#3716 = CARTESIAN_POINT('',(-6.28318530718,0.));
#3717 = VECTOR('',#3718,1.);
#3718 = DIRECTION('',(-0.,-1.));
#3719 = ( GEOMETRIC_REPRESENTATION_CONTEXT(2) 
PARAMETRIC_REPRESENTATION_CONTEXT() REPRESENTATION_CONTEXT('2D SPACE',''
  ) );
#3720 = ORIENTED_EDGE('',*,*,#3721,.T.);
#3721 = EDGE_CURVE('',#3694,#3694,#3722,.T.);
#3722 = SURFACE_CURVE('',#3723,(#3728,#3735),.PCURVE_S1.);
#3723 = CIRCLE('',#3724,1.2);
#3724 = AXIS2_PLACEMENT_3D('',#3725,#3726,#3727);
#3725 = CARTESIAN_POINT('',(58.232233047034,-17.,47.525126265847));
#3726 = DIRECTION('',(0.707106781187,0.,-0.707106781187));
#3727 = DIRECTION('',(0.,1.,0.));
#3728 = PCURVE('',#3702,#3729);
#3729 = DEFINITIONAL_REPRESENTATION('',(#3730),#3734);
#3730 = LINE('',#3731,#3732);
#3731 = CARTESIAN_POINT('',(-0.,-0.5));
#3732 = VECTOR('',#3733,1.);
#3733 = DIRECTION('',(-1.,0.));
#3734 = ( GEOMETRIC_REPRESENTATION_CONTEXT(2) 
PARAMETRIC_REPRESENTATION_CONTEXT() REPRESENTATION_CONTEXT('2D SPACE',''
  ) );
#3735 = PCURVE('',#3736,#3741);
#3736 = PLANE('',#3737);
#3737 = AXIS2_PLACEMENT_3D('',#3738,#3739,#3740);
#3738 = CARTESIAN_POINT('',(35.604816049064,-25.,24.897709267878));
#3739 = DIRECTION('',(0.707106781187,0.,-0.707106781187));
#3740 = DIRECTION('',(0.707106781187,0.,0.707106781187));
#3741 = DEFINITIONAL_REPRESENTATION('',(#3742),#3746);
#3742 = CIRCLE('',#3743,1.2);
#3743 = AXIS2_PLACEMENT_2D('',#3744,#3745);
#3744 = CARTESIAN_POINT('',(32.,-8.));
#3745 = DIRECTION('',(0.,-1.));
#3746 = ( GEOMETRIC_REPRESENTATION_CONTEXT(2) 
PARAMETRIC_REPRESENTATION_CONTEXT() REPRESENTATION_CONTEXT('2D SPACE',''
  ) );
#3747 = ORIENTED_EDGE('',*,*,#3691,.F.);
#3748 = ORIENTED_EDGE('',*,*,#3749,.F.);
#3749 = EDGE_CURVE('',#3692,#3692,#3750,.T.);
#3750 = SURFACE_CURVE('',#3751,(#3756,#3763),.PCURVE_S1.);
#3751 = CIRCLE('',#3752,1.2);
#3752 = AXIS2_PLACEMENT_3D('',#3753,#3754,#3755);
#3753 = CARTESIAN_POINT('',(57.87867965644,-17.,47.87867965644));
#3754 = DIRECTION('',(0.707106781187,0.,-0.707106781187));
#3755 = DIRECTION('',(0.,1.,0.));
#3756 = PCURVE('',#3702,#3757);
#3757 = DEFINITIONAL_REPRESENTATION('',(#3758),#3762);
#3758 = LINE('',#3759,#3760);
#3759 = CARTESIAN_POINT('',(-0.,0.));
#3760 = VECTOR('',#3761,1.);
#3761 = DIRECTION('',(-1.,0.));
#3762 = ( GEOMETRIC_REPRESENTATION_CONTEXT(2) 
PARAMETRIC_REPRESENTATION_CONTEXT() REPRESENTATION_CONTEXT('2D SPACE',''
  ) );
#3763 = PCURVE('',#3764,#3769);
#3764 = PLANE('',#3765);
#3765 = AXIS2_PLACEMENT_3D('',#3766,#3767,#3768);
#3766 = CARTESIAN_POINT('',(35.251262658471,-25.,25.251262658471));
#3767 = DIRECTION('',(0.707106781187,0.,-0.707106781187));
#3768 = DIRECTION('',(0.707106781187,0.,0.707106781187));
#3769 = DEFINITIONAL_REPRESENTATION('',(#3770),#3774);
#3770 = CIRCLE('',#3771,1.2);
#3771 = AXIS2_PLACEMENT_2D('',#3772,#3773);
#3772 = CARTESIAN_POINT('',(32.,-8.));
#3773 = DIRECTION('',(0.,-1.));
#3774 = ( GEOMETRIC_REPRESENTATION_CONTEXT(2) 
PARAMETRIC_REPRESENTATION_CONTEXT() REPRESENTATION_CONTEXT('2D SPACE',''
  ) );
#3775 = ADVANCED_FACE('',(#3776),#3764,.F.);
#3776 = FACE_BOUND('',#3777,.F.);
#3777 = EDGE_LOOP('',(#3778));
#3778 = ORIENTED_EDGE('',*,*,#3749,.T.);
#3779 = ADVANCED_FACE('',(#3780),#3736,.T.);
#3780 = FACE_BOUND('',#3781,.T.);
#3781 = EDGE_LOOP('',(#3782));
#3782 = ORIENTED_EDGE('',*,*,#3721,.T.);
#3783 = ( GEOMETRIC_REPRESENTATION_CONTEXT(3) 
GLOBAL_UNCERTAINTY_ASSIGNED_CONTEXT((#3787)) 
GLOBAL_UNIT_ASSIGNED_CONTEXT((#3784,#3785,#3786)) REPRESENTATION_CONTEXT
('Context #1','3D Context with UNIT and UNCERTAINTY') );
#3784 = ( LENGTH_UNIT() NAMED_UNIT(*) SI_UNIT(.MILLI.,.METRE.) );
#3785 = ( NAMED_UNIT(*) PLANE_ANGLE_UNIT() SI_UNIT($,.RADIAN.) );
#3786 = ( NAMED_UNIT(*) SI_UNIT($,.STERADIAN.) SOLID_ANGLE_UNIT() );
#3787 = UNCERTAINTY_MEASURE_WITH_UNIT(LENGTH_MEASURE(1.E-07),#3784,
  'distance_accuracy_value','confusion accuracy');
#3788 = CONTEXT_DEPENDENT_SHAPE_REPRESENTATION(#3789,#3791);
#3789 = ( REPRESENTATION_RELATIONSHIP('','',#3684,#10) 
REPRESENTATION_RELATIONSHIP_WITH_TRANSFORMATION(#3790) 
SHAPE_REPRESENTATION_RELATIONSHIP() );
#3790 = ITEM_DEFINED_TRANSFORMATION('','',#11,#71);
#3791 = PRODUCT_DEFINITION_SHAPE('Placement','Placement of an item',
  #3792);
#3792 = NEXT_ASSEMBLY_USAGE_OCCURRENCE('15','','',#5,#3679,$);
#3793 = PRODUCT_RELATED_PRODUCT_CATEGORY('part',$,(#3681));
#3794 = SHAPE_DEFINITION_REPRESENTATION(#3795,#3801);
#3795 = PRODUCT_DEFINITION_SHAPE('','',#3796);
#3796 = PRODUCT_DEFINITION('design','',#3797,#3800);
#3797 = PRODUCT_DEFINITION_FORMATION('','',#3798);
#3798 = PRODUCT('Open CASCADE STEP translator 7.8 1.16',
  'Open CASCADE STEP translator 7.8 1.16','',(#3799));
#3799 = PRODUCT_CONTEXT('',#2,'mechanical');
#3800 = PRODUCT_DEFINITION_CONTEXT('part definition',#2,'design');
#3801 = ADVANCED_BREP_SHAPE_REPRESENTATION('',(#11,#3802),#3900);
#3802 = MANIFOLD_SOLID_BREP('',#3803);
#3803 = CLOSED_SHELL('',(#3804,#3892,#3896));
#3804 = ADVANCED_FACE('',(#3805),#3819,.T.);
#3805 = FACE_BOUND('',#3806,.F.);
#3806 = EDGE_LOOP('',(#3807,#3837,#3864,#3865));
#3807 = ORIENTED_EDGE('',*,*,#3808,.T.);
#3808 = EDGE_CURVE('',#3809,#3811,#3813,.T.);
#3809 = VERTEX_POINT('',#3810);
#3810 = CARTESIAN_POINT('',(63.535533905933,-15.8,53.535533905933));
#3811 = VERTEX_POINT('',#3812);
#3812 = CARTESIAN_POINT('',(63.889087296526,-15.8,53.181980515339));
#3813 = SEAM_CURVE('',#3814,(#3818,#3830),.PCURVE_S1.);
#3814 = LINE('',#3815,#3816);
#3815 = CARTESIAN_POINT('',(63.535533905933,-15.8,53.535533905933));
#3816 = VECTOR('',#3817,1.);
#3817 = DIRECTION('',(0.707106781187,0.,-0.707106781187));
#3818 = PCURVE('',#3819,#3824);
#3819 = CYLINDRICAL_SURFACE('',#3820,1.2);
#3820 = AXIS2_PLACEMENT_3D('',#3821,#3822,#3823);
#3821 = CARTESIAN_POINT('',(63.535533905933,-17.,53.535533905933));
#3822 = DIRECTION('',(-0.707106781187,-0.,0.707106781187));
#3823 = DIRECTION('',(0.,1.,0.));
#3824 = DEFINITIONAL_REPRESENTATION('',(#3825),#3829);
#3825 = LINE('',#3826,#3827);
#3826 = CARTESIAN_POINT('',(-0.,0.));
#3827 = VECTOR('',#3828,1.);
#3828 = DIRECTION('',(-0.,-1.));
#3829 = ( GEOMETRIC_REPRESENTATION_CONTEXT(2) 
PARAMETRIC_REPRESENTATION_CONTEXT() REPRESENTATION_CONTEXT('2D SPACE',''
  ) );
#3830 = PCURVE('',#3819,#3831);
#3831 = DEFINITIONAL_REPRESENTATION('',(#3832),#3836);
#3832 = LINE('',#3833,#3834);
#3833 = CARTESIAN_POINT('',(-6.28318530718,0.));
#3834 = VECTOR('',#3835,1.);
#3835 = DIRECTION('',(-0.,-1.));
#3836 = ( GEOMETRIC_REPRESENTATION_CONTEXT(2) 
PARAMETRIC_REPRESENTATION_CONTEXT() REPRESENTATION_CONTEXT('2D SPACE',''
  ) );
#3837 = ORIENTED_EDGE('',*,*,#3838,.T.);
#3838 = EDGE_CURVE('',#3811,#3811,#3839,.T.);
#3839 = SURFACE_CURVE('',#3840,(#3845,#3852),.PCURVE_S1.);
#3840 = CIRCLE('',#3841,1.2);
#3841 = AXIS2_PLACEMENT_3D('',#3842,#3843,#3844);
#3842 = CARTESIAN_POINT('',(63.889087296526,-17.,53.181980515339));
#3843 = DIRECTION('',(0.707106781187,0.,-0.707106781187));
#3844 = DIRECTION('',(0.,1.,0.));
#3845 = PCURVE('',#3819,#3846);
#3846 = DEFINITIONAL_REPRESENTATION('',(#3847),#3851);
#3847 = LINE('',#3848,#3849);
#3848 = CARTESIAN_POINT('',(-0.,-0.5));
#3849 = VECTOR('',#3850,1.);
#3850 = DIRECTION('',(-1.,0.));
#3851 = ( GEOMETRIC_REPRESENTATION_CONTEXT(2) 
PARAMETRIC_REPRESENTATION_CONTEXT() REPRESENTATION_CONTEXT('2D SPACE',''
  ) );
#3852 = PCURVE('',#3853,#3858);
#3853 = PLANE('',#3854);
#3854 = AXIS2_PLACEMENT_3D('',#3855,#3856,#3857);
#3855 = CARTESIAN_POINT('',(35.604816049064,-25.,24.897709267878));
#3856 = DIRECTION('',(0.707106781187,0.,-0.707106781187));
#3857 = DIRECTION('',(0.707106781187,0.,0.707106781187));
#3858 = DEFINITIONAL_REPRESENTATION('',(#3859),#3863);
#3859 = CIRCLE('',#3860,1.2);
#3860 = AXIS2_PLACEMENT_2D('',#3861,#3862);
#3861 = CARTESIAN_POINT('',(40.,-8.));
#3862 = DIRECTION('',(0.,-1.));
#3863 = ( GEOMETRIC_REPRESENTATION_CONTEXT(2) 
PARAMETRIC_REPRESENTATION_CONTEXT() REPRESENTATION_CONTEXT('2D SPACE',''
  ) );
#3864 = ORIENTED_EDGE('',*,*,#3808,.F.);
#3865 = ORIENTED_EDGE('',*,*,#3866,.F.);
#3866 = EDGE_CURVE('',#3809,#3809,#3867,.T.);
#3867 = SURFACE_CURVE('',#3868,(#3873,#3880),.PCURVE_S1.);
#3868 = CIRCLE('',#3869,1.2);
#3869 = AXIS2_PLACEMENT_3D('',#3870,#3871,#3872);
#3870 = CARTESIAN_POINT('',(63.535533905933,-17.,53.535533905933));
#3871 = DIRECTION('',(0.707106781187,0.,-0.707106781187));
#3872 = DIRECTION('',(0.,1.,0.));
#3873 = PCURVE('',#3819,#3874);
#3874 = DEFINITIONAL_REPRESENTATION('',(#3875),#3879);
#3875 = LINE('',#3876,#3877);
#3876 = CARTESIAN_POINT('',(-0.,0.));
#3877 = VECTOR('',#3878,1.);
#3878 = DIRECTION('',(-1.,0.));
#3879 = ( GEOMETRIC_REPRESENTATION_CONTEXT(2) 
PARAMETRIC_REPRESENTATION_CONTEXT() REPRESENTATION_CONTEXT('2D SPACE',''
  ) );
#3880 = PCURVE('',#3881,#3886);
#3881 = PLANE('',#3882);
#3882 = AXIS2_PLACEMENT_3D('',#3883,#3884,#3885);
#3883 = CARTESIAN_POINT('',(35.251262658471,-25.,25.251262658471));
#3884 = DIRECTION('',(0.707106781187,0.,-0.707106781187));
#3885 = DIRECTION('',(0.707106781187,0.,0.707106781187));
#3886 = DEFINITIONAL_REPRESENTATION('',(#3887),#3891);
#3887 = CIRCLE('',#3888,1.2);
#3888 = AXIS2_PLACEMENT_2D('',#3889,#3890);
#3889 = CARTESIAN_POINT('',(40.,-8.));
#3890 = DIRECTION('',(0.,-1.));
#3891 = ( GEOMETRIC_REPRESENTATION_CONTEXT(2) 
PARAMETRIC_REPRESENTATION_CONTEXT() REPRESENTATION_CONTEXT('2D SPACE',''
  ) );
#3892 = ADVANCED_FACE('',(#3893),#3881,.F.);
#3893 = FACE_BOUND('',#3894,.F.);
#3894 = EDGE_LOOP('',(#3895));
#3895 = ORIENTED_EDGE('',*,*,#3866,.T.);
#3896 = ADVANCED_FACE('',(#3897),#3853,.T.);
#3897 = FACE_BOUND('',#3898,.T.);
#3898 = EDGE_LOOP('',(#3899));
#3899 = ORIENTED_EDGE('',*,*,#3838,.T.);
#3900 = ( GEOMETRIC_REPRESENTATION_CONTEXT(3) 
GLOBAL_UNCERTAINTY_ASSIGNED_CONTEXT((#3904)) 
GLOBAL_UNIT_ASSIGNED_CONTEXT((#3901,#3902,#3903)) REPRESENTATION_CONTEXT
('Context #1','3D Context with UNIT and UNCERTAINTY') );
#3901 = ( LENGTH_UNIT() NAMED_UNIT(*) SI_UNIT(.MILLI.,.METRE.) );
#3902 = ( NAMED_UNIT(*) PLANE_ANGLE_UNIT() SI_UNIT($,.RADIAN.) );
#3903 = ( NAMED_UNIT(*) SI_UNIT($,.STERADIAN.) SOLID_ANGLE_UNIT() );
#3904 = UNCERTAINTY_MEASURE_WITH_UNIT(LENGTH_MEASURE(1.E-07),#3901,
  'distance_accuracy_value','confusion accuracy');
#3905 = CONTEXT_DEPENDENT_SHAPE_REPRESENTATION(#3906,#3908);
#3906 = ( REPRESENTATION_RELATIONSHIP('','',#3801,#10) 
REPRESENTATION_RELATIONSHIP_WITH_TRANSFORMATION(#3907) 
SHAPE_REPRESENTATION_RELATIONSHIP() );
#3907 = ITEM_DEFINED_TRANSFORMATION('','',#11,#75);
#3908 = PRODUCT_DEFINITION_SHAPE('Placement','Placement of an item',
  #3909);
#3909 = NEXT_ASSEMBLY_USAGE_OCCURRENCE('16','','',#5,#3796,$);
#3910 = PRODUCT_RELATED_PRODUCT_CATEGORY('part',$,(#3798));
#3911 = SHAPE_DEFINITION_REPRESENTATION(#3912,#3918);
#3912 = PRODUCT_DEFINITION_SHAPE('','',#3913);
#3913 = PRODUCT_DEFINITION('design','',#3914,#3917);
#3914 = PRODUCT_DEFINITION_FORMATION('','',#3915);
#3915 = PRODUCT('Open CASCADE STEP translator 7.8 1.17',
  'Open CASCADE STEP translator 7.8 1.17','',(#3916));
#3916 = PRODUCT_CONTEXT('',#2,'mechanical');
#3917 = PRODUCT_DEFINITION_CONTEXT('part definition',#2,'design');
#3918 = ADVANCED_BREP_SHAPE_REPRESENTATION('',(#11,#3919),#4017);
#3919 = MANIFOLD_SOLID_BREP('',#3920);
#3920 = CLOSED_SHELL('',(#3921,#4009,#4013));
#3921 = ADVANCED_FACE('',(#3922),#3936,.T.);
#3922 = FACE_BOUND('',#3923,.F.);
#3923 = EDGE_LOOP('',(#3924,#3954,#3981,#3982));
#3924 = ORIENTED_EDGE('',*,*,#3925,.T.);
#3925 = EDGE_CURVE('',#3926,#3928,#3930,.T.);
#3926 = VERTEX_POINT('',#3927);
#3927 = CARTESIAN_POINT('',(69.192388155425,-15.8,59.192388155425));
#3928 = VERTEX_POINT('',#3929);
#3929 = CARTESIAN_POINT('',(69.545941546018,-15.8,58.838834764832));
#3930 = SEAM_CURVE('',#3931,(#3935,#3947),.PCURVE_S1.);
#3931 = LINE('',#3932,#3933);
#3932 = CARTESIAN_POINT('',(69.192388155425,-15.8,59.192388155425));
#3933 = VECTOR('',#3934,1.);
#3934 = DIRECTION('',(0.707106781187,0.,-0.707106781187));
#3935 = PCURVE('',#3936,#3941);
#3936 = CYLINDRICAL_SURFACE('',#3937,1.2);
#3937 = AXIS2_PLACEMENT_3D('',#3938,#3939,#3940);
#3938 = CARTESIAN_POINT('',(69.192388155425,-17.,59.192388155425));
#3939 = DIRECTION('',(-0.707106781187,-0.,0.707106781187));
#3940 = DIRECTION('',(0.,1.,0.));
#3941 = DEFINITIONAL_REPRESENTATION('',(#3942),#3946);
#3942 = LINE('',#3943,#3944);
#3943 = CARTESIAN_POINT('',(-0.,0.));
#3944 = VECTOR('',#3945,1.);
#3945 = DIRECTION('',(-0.,-1.));
#3946 = ( GEOMETRIC_REPRESENTATION_CONTEXT(2) 
PARAMETRIC_REPRESENTATION_CONTEXT() REPRESENTATION_CONTEXT('2D SPACE',''
  ) );
#3947 = PCURVE('',#3936,#3948);
#3948 = DEFINITIONAL_REPRESENTATION('',(#3949),#3953);
#3949 = LINE('',#3950,#3951);
#3950 = CARTESIAN_POINT('',(-6.28318530718,0.));
#3951 = VECTOR('',#3952,1.);
#3952 = DIRECTION('',(-0.,-1.));
#3953 = ( GEOMETRIC_REPRESENTATION_CONTEXT(2) 
PARAMETRIC_REPRESENTATION_CONTEXT() REPRESENTATION_CONTEXT('2D SPACE',''
  ) );
#3954 = ORIENTED_EDGE('',*,*,#3955,.T.);
#3955 = EDGE_CURVE('',#3928,#3928,#3956,.T.);
#3956 = SURFACE_CURVE('',#3957,(#3962,#3969),.PCURVE_S1.);
#3957 = CIRCLE('',#3958,1.2);
#3958 = AXIS2_PLACEMENT_3D('',#3959,#3960,#3961);
#3959 = CARTESIAN_POINT('',(69.545941546018,-17.,58.838834764832));
#3960 = DIRECTION('',(0.707106781187,0.,-0.707106781187));
#3961 = DIRECTION('',(0.,1.,0.));
#3962 = PCURVE('',#3936,#3963);
#3963 = DEFINITIONAL_REPRESENTATION('',(#3964),#3968);
#3964 = LINE('',#3965,#3966);
#3965 = CARTESIAN_POINT('',(-0.,-0.5));
#3966 = VECTOR('',#3967,1.);
#3967 = DIRECTION('',(-1.,0.));
#3968 = ( GEOMETRIC_REPRESENTATION_CONTEXT(2) 
PARAMETRIC_REPRESENTATION_CONTEXT() REPRESENTATION_CONTEXT('2D SPACE',''
  ) );
#3969 = PCURVE('',#3970,#3975);
#3970 = PLANE('',#3971);
#3971 = AXIS2_PLACEMENT_3D('',#3972,#3973,#3974);
#3972 = CARTESIAN_POINT('',(35.604816049064,-25.,24.897709267878));
#3973 = DIRECTION('',(0.707106781187,0.,-0.707106781187));
#3974 = DIRECTION('',(0.707106781187,0.,0.707106781187));
#3975 = DEFINITIONAL_REPRESENTATION('',(#3976),#3980);
#3976 = CIRCLE('',#3977,1.2);
#3977 = AXIS2_PLACEMENT_2D('',#3978,#3979);
#3978 = CARTESIAN_POINT('',(48.,-8.));
#3979 = DIRECTION('',(0.,-1.));
#3980 = ( GEOMETRIC_REPRESENTATION_CONTEXT(2) 
PARAMETRIC_REPRESENTATION_CONTEXT() REPRESENTATION_CONTEXT('2D SPACE',''
  ) );
#3981 = ORIENTED_EDGE('',*,*,#3925,.F.);
#3982 = ORIENTED_EDGE('',*,*,#3983,.F.);
#3983 = EDGE_CURVE('',#3926,#3926,#3984,.T.);
#3984 = SURFACE_CURVE('',#3985,(#3990,#3997),.PCURVE_S1.);
#3985 = CIRCLE('',#3986,1.2);
#3986 = AXIS2_PLACEMENT_3D('',#3987,#3988,#3989);
#3987 = CARTESIAN_POINT('',(69.192388155425,-17.,59.192388155425));
#3988 = DIRECTION('',(0.707106781187,0.,-0.707106781187));
#3989 = DIRECTION('',(0.,1.,0.));
#3990 = PCURVE('',#3936,#3991);
#3991 = DEFINITIONAL_REPRESENTATION('',(#3992),#3996);
#3992 = LINE('',#3993,#3994);
#3993 = CARTESIAN_POINT('',(-0.,0.));
#3994 = VECTOR('',#3995,1.);
#3995 = DIRECTION('',(-1.,0.));
#3996 = ( GEOMETRIC_REPRESENTATION_CONTEXT(2) 
PARAMETRIC_REPRESENTATION_CONTEXT() REPRESENTATION_CONTEXT('2D SPACE',''
  ) );
#3997 = PCURVE('',#3998,#4003);
#3998 = PLANE('',#3999);
#3999 = AXIS2_PLACEMENT_3D('',#4000,#4001,#4002);
#4000 = CARTESIAN_POINT('',(35.251262658471,-25.,25.251262658471));
#4001 = DIRECTION('',(0.707106781187,0.,-0.707106781187));
#4002 = DIRECTION('',(0.707106781187,0.,0.707106781187));
#4003 = DEFINITIONAL_REPRESENTATION('',(#4004),#4008);
#4004 = CIRCLE('',#4005,1.2);
#4005 = AXIS2_PLACEMENT_2D('',#4006,#4007);
#4006 = CARTESIAN_POINT('',(48.,-8.));
#4007 = DIRECTION('',(0.,-1.));
#4008 = ( GEOMETRIC_REPRESENTATION_CONTEXT(2) 
PARAMETRIC_REPRESENTATION_CONTEXT() REPRESENTATION_CONTEXT('2D SPACE',''
  ) );
#4009 = ADVANCED_FACE('',(#4010),#3998,.F.);
#4010 = FACE_BOUND('',#4011,.F.);
#4011 = EDGE_LOOP('',(#4012));
#4012 = ORIENTED_EDGE('',*,*,#3983,.T.);
#4013 = ADVANCED_FACE('',(#4014),#3970,.T.);
#4014 = FACE_BOUND('',#4015,.T.);
#4015 = EDGE_LOOP('',(#4016));
#4016 = ORIENTED_EDGE('',*,*,#3955,.T.);
#4017 = ( GEOMETRIC_REPRESENTATION_CONTEXT(3) 
GLOBAL_UNCERTAINTY_ASSIGNED_CONTEXT((#4021)) 
GLOBAL_UNIT_ASSIGNED_CONTEXT((#4018,#4019,#4020)) REPRESENTATION_CONTEXT
('Context #1','3D Context with UNIT and UNCERTAINTY') );
#4018 = ( LENGTH_UNIT() NAMED_UNIT(*) SI_UNIT(.MILLI.,.METRE.) );
#4019 = ( NAMED_UNIT(*) PLANE_ANGLE_UNIT() SI_UNIT($,.RADIAN.) );
#4020 = ( NAMED_UNIT(*) SI_UNIT($,.STERADIAN.) SOLID_ANGLE_UNIT() );
#4021 = UNCERTAINTY_MEASURE_WITH_UNIT(LENGTH_MEASURE(1.E-07),#4018,
  'distance_accuracy_value','confusion accuracy');
#4022 = CONTEXT_DEPENDENT_SHAPE_REPRESENTATION(#4023,#4025);
#4023 = ( REPRESENTATION_RELATIONSHIP('','',#3918,#10) 
REPRESENTATION_RELATIONSHIP_WITH_TRANSFORMATION(#4024) 
SHAPE_REPRESENTATION_RELATIONSHIP() );
#4024 = ITEM_DEFINED_TRANSFORMATION('','',#11,#79);
#4025 = PRODUCT_DEFINITION_SHAPE('Placement','Placement of an item',
  #4026);
#4026 = NEXT_ASSEMBLY_USAGE_OCCURRENCE('17','','',#5,#3913,$);
#4027 = PRODUCT_RELATED_PRODUCT_CATEGORY('part',$,(#3915));
#4028 = SHAPE_DEFINITION_REPRESENTATION(#4029,#4035);
#4029 = PRODUCT_DEFINITION_SHAPE('','',#4030);
#4030 = PRODUCT_DEFINITION('design','',#4031,#4034);
#4031 = PRODUCT_DEFINITION_FORMATION('','',#4032);
#4032 = PRODUCT('Open CASCADE STEP translator 7.8 1.18',
  'Open CASCADE STEP translator 7.8 1.18','',(#4033));
#4033 = PRODUCT_CONTEXT('',#2,'mechanical');
#4034 = PRODUCT_DEFINITION_CONTEXT('part definition',#2,'design');
#4035 = ADVANCED_BREP_SHAPE_REPRESENTATION('',(#11,#4036),#4134);
#4036 = MANIFOLD_SOLID_BREP('',#4037);
#4037 = CLOSED_SHELL('',(#4038,#4126,#4130));
#4038 = ADVANCED_FACE('',(#4039),#4053,.T.);
#4039 = FACE_BOUND('',#4040,.F.);
#4040 = EDGE_LOOP('',(#4041,#4071,#4098,#4099));
#4041 = ORIENTED_EDGE('',*,*,#4042,.T.);
#4042 = EDGE_CURVE('',#4043,#4045,#4047,.T.);
#4043 = VERTEX_POINT('',#4044);
#4044 = CARTESIAN_POINT('',(74.849242404917,-15.8,64.849242404918));
#4045 = VERTEX_POINT('',#4046);
#4046 = CARTESIAN_POINT('',(75.202795795511,-15.8,64.495689014324));
#4047 = SEAM_CURVE('',#4048,(#4052,#4064),.PCURVE_S1.);
#4048 = LINE('',#4049,#4050);
#4049 = CARTESIAN_POINT('',(74.849242404917,-15.8,64.849242404918));
#4050 = VECTOR('',#4051,1.);
#4051 = DIRECTION('',(0.707106781187,0.,-0.707106781187));
#4052 = PCURVE('',#4053,#4058);
#4053 = CYLINDRICAL_SURFACE('',#4054,1.2);
#4054 = AXIS2_PLACEMENT_3D('',#4055,#4056,#4057);
#4055 = CARTESIAN_POINT('',(74.849242404917,-17.,64.849242404918));
#4056 = DIRECTION('',(-0.707106781187,-0.,0.707106781187));
#4057 = DIRECTION('',(0.,1.,0.));
#4058 = DEFINITIONAL_REPRESENTATION('',(#4059),#4063);
#4059 = LINE('',#4060,#4061);
#4060 = CARTESIAN_POINT('',(-0.,0.));
#4061 = VECTOR('',#4062,1.);
#4062 = DIRECTION('',(-0.,-1.));
#4063 = ( GEOMETRIC_REPRESENTATION_CONTEXT(2) 
PARAMETRIC_REPRESENTATION_CONTEXT() REPRESENTATION_CONTEXT('2D SPACE',''
  ) );
#4064 = PCURVE('',#4053,#4065);
#4065 = DEFINITIONAL_REPRESENTATION('',(#4066),#4070);
#4066 = LINE('',#4067,#4068);
#4067 = CARTESIAN_POINT('',(-6.28318530718,0.));
#4068 = VECTOR('',#4069,1.);
#4069 = DIRECTION('',(-0.,-1.));
#4070 = ( GEOMETRIC_REPRESENTATION_CONTEXT(2) 
PARAMETRIC_REPRESENTATION_CONTEXT() REPRESENTATION_CONTEXT('2D SPACE',''
  ) );
#4071 = ORIENTED_EDGE('',*,*,#4072,.T.);
#4072 = EDGE_CURVE('',#4045,#4045,#4073,.T.);
#4073 = SURFACE_CURVE('',#4074,(#4079,#4086),.PCURVE_S1.);
#4074 = CIRCLE('',#4075,1.2);
#4075 = AXIS2_PLACEMENT_3D('',#4076,#4077,#4078);
#4076 = CARTESIAN_POINT('',(75.202795795511,-17.,64.495689014324));
#4077 = DIRECTION('',(0.707106781187,0.,-0.707106781187));
#4078 = DIRECTION('',(0.,1.,0.));
#4079 = PCURVE('',#4053,#4080);
#4080 = DEFINITIONAL_REPRESENTATION('',(#4081),#4085);
#4081 = LINE('',#4082,#4083);
#4082 = CARTESIAN_POINT('',(-0.,-0.5));
#4083 = VECTOR('',#4084,1.);
#4084 = DIRECTION('',(-1.,0.));
#4085 = ( GEOMETRIC_REPRESENTATION_CONTEXT(2) 
PARAMETRIC_REPRESENTATION_CONTEXT() REPRESENTATION_CONTEXT('2D SPACE',''
  ) );
#4086 = PCURVE('',#4087,#4092);
#4087 = PLANE('',#4088);
#4088 = AXIS2_PLACEMENT_3D('',#4089,#4090,#4091);
#4089 = CARTESIAN_POINT('',(35.604816049064,-25.,24.897709267878));
#4090 = DIRECTION('',(0.707106781187,0.,-0.707106781187));
#4091 = DIRECTION('',(0.707106781187,0.,0.707106781187));
#4092 = DEFINITIONAL_REPRESENTATION('',(#4093),#4097);
#4093 = CIRCLE('',#4094,1.2);
#4094 = AXIS2_PLACEMENT_2D('',#4095,#4096);
#4095 = CARTESIAN_POINT('',(56.,-8.));
#4096 = DIRECTION('',(0.,-1.));
#4097 = ( GEOMETRIC_REPRESENTATION_CONTEXT(2) 
PARAMETRIC_REPRESENTATION_CONTEXT() REPRESENTATION_CONTEXT('2D SPACE',''
  ) );
#4098 = ORIENTED_EDGE('',*,*,#4042,.F.);
#4099 = ORIENTED_EDGE('',*,*,#4100,.F.);
#4100 = EDGE_CURVE('',#4043,#4043,#4101,.T.);
#4101 = SURFACE_CURVE('',#4102,(#4107,#4114),.PCURVE_S1.);
#4102 = CIRCLE('',#4103,1.2);
#4103 = AXIS2_PLACEMENT_3D('',#4104,#4105,#4106);
#4104 = CARTESIAN_POINT('',(74.849242404917,-17.,64.849242404918));
#4105 = DIRECTION('',(0.707106781187,0.,-0.707106781187));
#4106 = DIRECTION('',(0.,1.,0.));
#4107 = PCURVE('',#4053,#4108);
#4108 = DEFINITIONAL_REPRESENTATION('',(#4109),#4113);
#4109 = LINE('',#4110,#4111);
#4110 = CARTESIAN_POINT('',(-0.,0.));
#4111 = VECTOR('',#4112,1.);
#4112 = DIRECTION('',(-1.,0.));
#4113 = ( GEOMETRIC_REPRESENTATION_CONTEXT(2) 
PARAMETRIC_REPRESENTATION_CONTEXT() REPRESENTATION_CONTEXT('2D SPACE',''
  ) );
#4114 = PCURVE('',#4115,#4120);
#4115 = PLANE('',#4116);
#4116 = AXIS2_PLACEMENT_3D('',#4117,#4118,#4119);
#4117 = CARTESIAN_POINT('',(35.251262658471,-25.,25.251262658471));
#4118 = DIRECTION('',(0.707106781187,0.,-0.707106781187));
#4119 = DIRECTION('',(0.707106781187,0.,0.707106781187));
#4120 = DEFINITIONAL_REPRESENTATION('',(#4121),#4125);
#4121 = CIRCLE('',#4122,1.2);
#4122 = AXIS2_PLACEMENT_2D('',#4123,#4124);
#4123 = CARTESIAN_POINT('',(56.,-8.));
#4124 = DIRECTION('',(0.,-1.));
#4125 = ( GEOMETRIC_REPRESENTATION_CONTEXT(2) 
PARAMETRIC_REPRESENTATION_CONTEXT() REPRESENTATION_CONTEXT('2D SPACE',''
  ) );
#4126 = ADVANCED_FACE('',(#4127),#4115,.F.);
#4127 = FACE_BOUND('',#4128,.F.);
#4128 = EDGE_LOOP('',(#4129));
#4129 = ORIENTED_EDGE('',*,*,#4100,.T.);
#4130 = ADVANCED_FACE('',(#4131),#4087,.T.);
#4131 = FACE_BOUND('',#4132,.T.);
#4132 = EDGE_LOOP('',(#4133));
#4133 = ORIENTED_EDGE('',*,*,#4072,.T.);
#4134 = ( GEOMETRIC_REPRESENTATION_CONTEXT(3) 
GLOBAL_UNCERTAINTY_ASSIGNED_CONTEXT((#4138)) 
GLOBAL_UNIT_ASSIGNED_CONTEXT((#4135,#4136,#4137)) REPRESENTATION_CONTEXT
('Context #1','3D Context with UNIT and UNCERTAINTY') );
#4135 = ( LENGTH_UNIT() NAMED_UNIT(*) SI_UNIT(.MILLI.,.METRE.) );
#4136 = ( NAMED_UNIT(*) PLANE_ANGLE_UNIT() SI_UNIT($,.RADIAN.) );
#4137 = ( NAMED_UNIT(*) SI_UNIT($,.STERADIAN.) SOLID_ANGLE_UNIT() );
#4138 = UNCERTAINTY_MEASURE_WITH_UNIT(LENGTH_MEASURE(1.E-07),#4135,
  'distance_accuracy_value','confusion accuracy');
#4139 = CONTEXT_DEPENDENT_SHAPE_REPRESENTATION(#4140,#4142);
#4140 = ( REPRESENTATION_RELATIONSHIP('','',#4035,#10) 
REPRESENTATION_RELATIONSHIP_WITH_TRANSFORMATION(#4141) 
SHAPE_REPRESENTATION_RELATIONSHIP() );
#4141 = ITEM_DEFINED_TRANSFORMATION('','',#11,#83);
#4142 = PRODUCT_DEFINITION_SHAPE('Placement','Placement of an item',
  #4143);
#4143 = NEXT_ASSEMBLY_USAGE_OCCURRENCE('18','','',#5,#4030,$);
#4144 = PRODUCT_RELATED_PRODUCT_CATEGORY('part',$,(#4032));
#4145 = SHAPE_DEFINITION_REPRESENTATION(#4146,#4152);
#4146 = PRODUCT_DEFINITION_SHAPE('','',#4147);
#4147 = PRODUCT_DEFINITION('design','',#4148,#4151);
#4148 = PRODUCT_DEFINITION_FORMATION('','',#4149);
#4149 = PRODUCT('Open CASCADE STEP translator 7.8 1.19',
  'Open CASCADE STEP translator 7.8 1.19','',(#4150));
#4150 = PRODUCT_CONTEXT('',#2,'mechanical');
#4151 = PRODUCT_DEFINITION_CONTEXT('part definition',#2,'design');
#4152 = ADVANCED_BREP_SHAPE_REPRESENTATION('',(#11,#4153),#4251);
#4153 = MANIFOLD_SOLID_BREP('',#4154);
#4154 = CLOSED_SHELL('',(#4155,#4243,#4247));
#4155 = ADVANCED_FACE('',(#4156),#4170,.T.);
#4156 = FACE_BOUND('',#4157,.F.);
#4157 = EDGE_LOOP('',(#4158,#4188,#4215,#4216));
#4158 = ORIENTED_EDGE('',*,*,#4159,.T.);
#4159 = EDGE_CURVE('',#4160,#4162,#4164,.T.);
#4160 = VERTEX_POINT('',#4161);
#4161 = CARTESIAN_POINT('',(80.50609665441,-15.8,70.50609665441));
#4162 = VERTEX_POINT('',#4163);
#4163 = CARTESIAN_POINT('',(80.859650045003,-15.8,70.152543263817));
#4164 = SEAM_CURVE('',#4165,(#4169,#4181),.PCURVE_S1.);
#4165 = LINE('',#4166,#4167);
#4166 = CARTESIAN_POINT('',(80.50609665441,-15.8,70.50609665441));
#4167 = VECTOR('',#4168,1.);
#4168 = DIRECTION('',(0.707106781187,0.,-0.707106781187));
#4169 = PCURVE('',#4170,#4175);
#4170 = CYLINDRICAL_SURFACE('',#4171,1.2);
#4171 = AXIS2_PLACEMENT_3D('',#4172,#4173,#4174);
#4172 = CARTESIAN_POINT('',(80.50609665441,-17.,70.50609665441));
#4173 = DIRECTION('',(-0.707106781187,-0.,0.707106781187));
#4174 = DIRECTION('',(0.,1.,0.));
#4175 = DEFINITIONAL_REPRESENTATION('',(#4176),#4180);
#4176 = LINE('',#4177,#4178);
#4177 = CARTESIAN_POINT('',(-0.,0.));
#4178 = VECTOR('',#4179,1.);
#4179 = DIRECTION('',(-0.,-1.));
#4180 = ( GEOMETRIC_REPRESENTATION_CONTEXT(2) 
PARAMETRIC_REPRESENTATION_CONTEXT() REPRESENTATION_CONTEXT('2D SPACE',''
  ) );
#4181 = PCURVE('',#4170,#4182);
#4182 = DEFINITIONAL_REPRESENTATION('',(#4183),#4187);
#4183 = LINE('',#4184,#4185);
#4184 = CARTESIAN_POINT('',(-6.28318530718,0.));
#4185 = VECTOR('',#4186,1.);
#4186 = DIRECTION('',(-0.,-1.));
#4187 = ( GEOMETRIC_REPRESENTATION_CONTEXT(2) 
PARAMETRIC_REPRESENTATION_CONTEXT() REPRESENTATION_CONTEXT('2D SPACE',''
  ) );
#4188 = ORIENTED_EDGE('',*,*,#4189,.T.);
#4189 = EDGE_CURVE('',#4162,#4162,#4190,.T.);
#4190 = SURFACE_CURVE('',#4191,(#4196,#4203),.PCURVE_S1.);
#4191 = CIRCLE('',#4192,1.2);
#4192 = AXIS2_PLACEMENT_3D('',#4193,#4194,#4195);
#4193 = CARTESIAN_POINT('',(80.859650045003,-17.,70.152543263817));
#4194 = DIRECTION('',(0.707106781187,0.,-0.707106781187));
#4195 = DIRECTION('',(0.,1.,0.));
#4196 = PCURVE('',#4170,#4197);
#4197 = DEFINITIONAL_REPRESENTATION('',(#4198),#4202);
#4198 = LINE('',#4199,#4200);
#4199 = CARTESIAN_POINT('',(-0.,-0.5));
#4200 = VECTOR('',#4201,1.);
#4201 = DIRECTION('',(-1.,0.));
#4202 = ( GEOMETRIC_REPRESENTATION_CONTEXT(2) 
PARAMETRIC_REPRESENTATION_CONTEXT() REPRESENTATION_CONTEXT('2D SPACE',''
  ) );
#4203 = PCURVE('',#4204,#4209);
#4204 = PLANE('',#4205);
#4205 = AXIS2_PLACEMENT_3D('',#4206,#4207,#4208);
#4206 = CARTESIAN_POINT('',(35.604816049064,-25.,24.897709267878));
#4207 = DIRECTION('',(0.707106781187,0.,-0.707106781187));
#4208 = DIRECTION('',(0.707106781187,0.,0.707106781187));
#4209 = DEFINITIONAL_REPRESENTATION('',(#4210),#4214);
#4210 = CIRCLE('',#4211,1.2);
#4211 = AXIS2_PLACEMENT_2D('',#4212,#4213);
#4212 = CARTESIAN_POINT('',(64.,-8.));
#4213 = DIRECTION('',(0.,-1.));
#4214 = ( GEOMETRIC_REPRESENTATION_CONTEXT(2) 
PARAMETRIC_REPRESENTATION_CONTEXT() REPRESENTATION_CONTEXT('2D SPACE',''
  ) );
#4215 = ORIENTED_EDGE('',*,*,#4159,.F.);
#4216 = ORIENTED_EDGE('',*,*,#4217,.F.);
#4217 = EDGE_CURVE('',#4160,#4160,#4218,.T.);
#4218 = SURFACE_CURVE('',#4219,(#4224,#4231),.PCURVE_S1.);
#4219 = CIRCLE('',#4220,1.2);
#4220 = AXIS2_PLACEMENT_3D('',#4221,#4222,#4223);
#4221 = CARTESIAN_POINT('',(80.50609665441,-17.,70.50609665441));
#4222 = DIRECTION('',(0.707106781187,0.,-0.707106781187));
#4223 = DIRECTION('',(0.,1.,0.));
#4224 = PCURVE('',#4170,#4225);
#4225 = DEFINITIONAL_REPRESENTATION('',(#4226),#4230);
#4226 = LINE('',#4227,#4228);
#4227 = CARTESIAN_POINT('',(-0.,0.));
#4228 = VECTOR('',#4229,1.);
#4229 = DIRECTION('',(-1.,0.));
#4230 = ( GEOMETRIC_REPRESENTATION_CONTEXT(2) 
PARAMETRIC_REPRESENTATION_CONTEXT() REPRESENTATION_CONTEXT('2D SPACE',''
  ) );
#4231 = PCURVE('',#4232,#4237);
#4232 = PLANE('',#4233);
#4233 = AXIS2_PLACEMENT_3D('',#4234,#4235,#4236);
#4234 = CARTESIAN_POINT('',(35.251262658471,-25.,25.251262658471));
#4235 = DIRECTION('',(0.707106781187,0.,-0.707106781187));
#4236 = DIRECTION('',(0.707106781187,0.,0.707106781187));
#4237 = DEFINITIONAL_REPRESENTATION('',(#4238),#4242);
#4238 = CIRCLE('',#4239,1.2);
#4239 = AXIS2_PLACEMENT_2D('',#4240,#4241);
#4240 = CARTESIAN_POINT('',(64.,-8.));
#4241 = DIRECTION('',(0.,-1.));
#4242 = ( GEOMETRIC_REPRESENTATION_CONTEXT(2) 
PARAMETRIC_REPRESENTATION_CONTEXT() REPRESENTATION_CONTEXT('2D SPACE',''
  ) );
#4243 = ADVANCED_FACE('',(#4244),#4232,.F.);
#4244 = FACE_BOUND('',#4245,.F.);
#4245 = EDGE_LOOP('',(#4246));
#4246 = ORIENTED_EDGE('',*,*,#4217,.T.);
#4247 = ADVANCED_FACE('',(#4248),#4204,.T.);
#4248 = FACE_BOUND('',#4249,.T.);
#4249 = EDGE_LOOP('',(#4250));
#4250 = ORIENTED_EDGE('',*,*,#4189,.T.);
#4251 = ( GEOMETRIC_REPRESENTATION_CONTEXT(3) 
GLOBAL_UNCERTAINTY_ASSIGNED_CONTEXT((#4255)) 
GLOBAL_UNIT_ASSIGNED_CONTEXT((#4252,#4253,#4254)) REPRESENTATION_CONTEXT
('Context #1','3D Context with UNIT and UNCERTAINTY') );
#4252 = ( LENGTH_UNIT() NAMED_UNIT(*) SI_UNIT(.MILLI.,.METRE.) );
#4253 = ( NAMED_UNIT(*) PLANE_ANGLE_UNIT() SI_UNIT($,.RADIAN.) );
#4254 = ( NAMED_UNIT(*) SI_UNIT($,.STERADIAN.) SOLID_ANGLE_UNIT() );
#4255 = UNCERTAINTY_MEASURE_WITH_UNIT(LENGTH_MEASURE(1.E-07),#4252,
  'distance_accuracy_value','confusion accuracy');
#4256 = CONTEXT_DEPENDENT_SHAPE_REPRESENTATION(#4257,#4259);
#4257 = ( REPRESENTATION_RELATIONSHIP('','',#4152,#10) 
REPRESENTATION_RELATIONSHIP_WITH_TRANSFORMATION(#4258) 
SHAPE_REPRESENTATION_RELATIONSHIP() );
#4258 = ITEM_DEFINED_TRANSFORMATION('','',#11,#87);
#4259 = PRODUCT_DEFINITION_SHAPE('Placement','Placement of an item',
  #4260);
#4260 = NEXT_ASSEMBLY_USAGE_OCCURRENCE('19','','',#5,#4147,$);
#4261 = PRODUCT_RELATED_PRODUCT_CATEGORY('part',$,(#4149));
#4262 = SHAPE_DEFINITION_REPRESENTATION(#4263,#4269);
#4263 = PRODUCT_DEFINITION_SHAPE('','',#4264);
#4264 = PRODUCT_DEFINITION('design','',#4265,#4268);
#4265 = PRODUCT_DEFINITION_FORMATION('','',#4266);
#4266 = PRODUCT('Open CASCADE STEP translator 7.8 1.20',
  'Open CASCADE STEP translator 7.8 1.20','',(#4267));
#4267 = PRODUCT_CONTEXT('',#2,'mechanical');
#4268 = PRODUCT_DEFINITION_CONTEXT('part definition',#2,'design');
#4269 = ADVANCED_BREP_SHAPE_REPRESENTATION('',(#11,#4270),#4368);
#4270 = MANIFOLD_SOLID_BREP('',#4271);
#4271 = CLOSED_SHELL('',(#4272,#4360,#4364));
#4272 = ADVANCED_FACE('',(#4273),#4287,.T.);
#4273 = FACE_BOUND('',#4274,.F.);
#4274 = EDGE_LOOP('',(#4275,#4305,#4332,#4333));
#4275 = ORIENTED_EDGE('',*,*,#4276,.T.);
#4276 = EDGE_CURVE('',#4277,#4279,#4281,.T.);
#4277 = VERTEX_POINT('',#4278);
#4278 = CARTESIAN_POINT('',(35.251262658471,-7.8,25.251262658471));
#4279 = VERTEX_POINT('',#4280);
#4280 = CARTESIAN_POINT('',(35.604816049064,-7.8,24.897709267878));
#4281 = SEAM_CURVE('',#4282,(#4286,#4298),.PCURVE_S1.);
#4282 = LINE('',#4283,#4284);
#4283 = CARTESIAN_POINT('',(35.251262658471,-7.8,25.251262658471));
#4284 = VECTOR('',#4285,1.);
#4285 = DIRECTION('',(0.707106781187,0.,-0.707106781187));
#4286 = PCURVE('',#4287,#4292);
#4287 = CYLINDRICAL_SURFACE('',#4288,1.2);
#4288 = AXIS2_PLACEMENT_3D('',#4289,#4290,#4291);
#4289 = CARTESIAN_POINT('',(35.251262658471,-9.,25.251262658471));
#4290 = DIRECTION('',(-0.707106781187,-0.,0.707106781187));
#4291 = DIRECTION('',(0.,1.,0.));
#4292 = DEFINITIONAL_REPRESENTATION('',(#4293),#4297);
#4293 = LINE('',#4294,#4295);
#4294 = CARTESIAN_POINT('',(-0.,0.));
#4295 = VECTOR('',#4296,1.);
#4296 = DIRECTION('',(-0.,-1.));
#4297 = ( GEOMETRIC_REPRESENTATION_CONTEXT(2) 
PARAMETRIC_REPRESENTATION_CONTEXT() REPRESENTATION_CONTEXT('2D SPACE',''
  ) );
#4298 = PCURVE('',#4287,#4299);
#4299 = DEFINITIONAL_REPRESENTATION('',(#4300),#4304);
#4300 = LINE('',#4301,#4302);
#4301 = CARTESIAN_POINT('',(-6.28318530718,0.));
#4302 = VECTOR('',#4303,1.);
#4303 = DIRECTION('',(-0.,-1.));
#4304 = ( GEOMETRIC_REPRESENTATION_CONTEXT(2) 
PARAMETRIC_REPRESENTATION_CONTEXT() REPRESENTATION_CONTEXT('2D SPACE',''
  ) );
#4305 = ORIENTED_EDGE('',*,*,#4306,.T.);
#4306 = EDGE_CURVE('',#4279,#4279,#4307,.T.);
#4307 = SURFACE_CURVE('',#4308,(#4313,#4320),.PCURVE_S1.);
#4308 = CIRCLE('',#4309,1.2);
#4309 = AXIS2_PLACEMENT_3D('',#4310,#4311,#4312);
#4310 = CARTESIAN_POINT('',(35.604816049064,-9.,24.897709267878));
#4311 = DIRECTION('',(0.707106781187,0.,-0.707106781187));
#4312 = DIRECTION('',(0.,1.,0.));
#4313 = PCURVE('',#4287,#4314);
#4314 = DEFINITIONAL_REPRESENTATION('',(#4315),#4319);
#4315 = LINE('',#4316,#4317);
#4316 = CARTESIAN_POINT('',(-0.,-0.5));
#4317 = VECTOR('',#4318,1.);
#4318 = DIRECTION('',(-1.,0.));
#4319 = ( GEOMETRIC_REPRESENTATION_CONTEXT(2) 
PARAMETRIC_REPRESENTATION_CONTEXT() REPRESENTATION_CONTEXT('2D SPACE',''
  ) );
#4320 = PCURVE('',#4321,#4326);
#4321 = PLANE('',#4322);
#4322 = AXIS2_PLACEMENT_3D('',#4323,#4324,#4325);
#4323 = CARTESIAN_POINT('',(35.604816049064,-25.,24.897709267878));
#4324 = DIRECTION('',(0.707106781187,0.,-0.707106781187));
#4325 = DIRECTION('',(0.707106781187,0.,0.707106781187));
#4326 = DEFINITIONAL_REPRESENTATION('',(#4327),#4331);
#4327 = CIRCLE('',#4328,1.2);
#4328 = AXIS2_PLACEMENT_2D('',#4329,#4330);
#4329 = CARTESIAN_POINT('',(-1.004859173558E-14,-16.));
#4330 = DIRECTION('',(0.,-1.));
#4331 = ( GEOMETRIC_REPRESENTATION_CONTEXT(2) 
PARAMETRIC_REPRESENTATION_CONTEXT() REPRESENTATION_CONTEXT('2D SPACE',''
  ) );
#4332 = ORIENTED_EDGE('',*,*,#4276,.F.);
#4333 = ORIENTED_EDGE('',*,*,#4334,.F.);
#4334 = EDGE_CURVE('',#4277,#4277,#4335,.T.);
#4335 = SURFACE_CURVE('',#4336,(#4341,#4348),.PCURVE_S1.);
#4336 = CIRCLE('',#4337,1.2);
#4337 = AXIS2_PLACEMENT_3D('',#4338,#4339,#4340);
#4338 = CARTESIAN_POINT('',(35.251262658471,-9.,25.251262658471));
#4339 = DIRECTION('',(0.707106781187,0.,-0.707106781187));
#4340 = DIRECTION('',(0.,1.,0.));
#4341 = PCURVE('',#4287,#4342);
#4342 = DEFINITIONAL_REPRESENTATION('',(#4343),#4347);
#4343 = LINE('',#4344,#4345);
#4344 = CARTESIAN_POINT('',(-0.,0.));
#4345 = VECTOR('',#4346,1.);
#4346 = DIRECTION('',(-1.,0.));
#4347 = ( GEOMETRIC_REPRESENTATION_CONTEXT(2) 
PARAMETRIC_REPRESENTATION_CONTEXT() REPRESENTATION_CONTEXT('2D SPACE',''
  ) );
#4348 = PCURVE('',#4349,#4354);
#4349 = PLANE('',#4350);
#4350 = AXIS2_PLACEMENT_3D('',#4351,#4352,#4353);
#4351 = CARTESIAN_POINT('',(35.251262658471,-25.,25.251262658471));
#4352 = DIRECTION('',(0.707106781187,0.,-0.707106781187));
#4353 = DIRECTION('',(0.707106781187,0.,0.707106781187));
#4354 = DEFINITIONAL_REPRESENTATION('',(#4355),#4359);
#4355 = CIRCLE('',#4356,1.2);
#4356 = AXIS2_PLACEMENT_2D('',#4357,#4358);
#4357 = CARTESIAN_POINT('',(-1.004859173558E-14,-16.));
#4358 = DIRECTION('',(0.,-1.));
#4359 = ( GEOMETRIC_REPRESENTATION_CONTEXT(2) 
PARAMETRIC_REPRESENTATION_CONTEXT() REPRESENTATION_CONTEXT('2D SPACE',''
  ) );
#4360 = ADVANCED_FACE('',(#4361),#4349,.F.);
#4361 = FACE_BOUND('',#4362,.F.);
#4362 = EDGE_LOOP('',(#4363));
#4363 = ORIENTED_EDGE('',*,*,#4334,.T.);
#4364 = ADVANCED_FACE('',(#4365),#4321,.T.);
#4365 = FACE_BOUND('',#4366,.T.);
#4366 = EDGE_LOOP('',(#4367));
#4367 = ORIENTED_EDGE('',*,*,#4306,.T.);
#4368 = ( GEOMETRIC_REPRESENTATION_CONTEXT(3) 
GLOBAL_UNCERTAINTY_ASSIGNED_CONTEXT((#4372)) 
GLOBAL_UNIT_ASSIGNED_CONTEXT((#4369,#4370,#4371)) REPRESENTATION_CONTEXT
('Context #1','3D Context with UNIT and UNCERTAINTY') );
#4369 = ( LENGTH_UNIT() NAMED_UNIT(*) SI_UNIT(.MILLI.,.METRE.) );
#4370 = ( NAMED_UNIT(*) PLANE_ANGLE_UNIT() SI_UNIT($,.RADIAN.) );
#4371 = ( NAMED_UNIT(*) SI_UNIT($,.STERADIAN.) SOLID_ANGLE_UNIT() );
#4372 = UNCERTAINTY_MEASURE_WITH_UNIT(LENGTH_MEASURE(1.E-07),#4369,
  'distance_accuracy_value','confusion accuracy');
#4373 = CONTEXT_DEPENDENT_SHAPE_REPRESENTATION(#4374,#4376);
#4374 = ( REPRESENTATION_RELATIONSHIP('','',#4269,#10) 
REPRESENTATION_RELATIONSHIP_WITH_TRANSFORMATION(#4375) 
SHAPE_REPRESENTATION_RELATIONSHIP() );
#4375 = ITEM_DEFINED_TRANSFORMATION('','',#11,#91);
#4376 = PRODUCT_DEFINITION_SHAPE('Placement','Placement of an item',
  #4377);
#4377 = NEXT_ASSEMBLY_USAGE_OCCURRENCE('20','','',#5,#4264,$);
#4378 = PRODUCT_RELATED_PRODUCT_CATEGORY('part',$,(#4266));
#4379 = SHAPE_DEFINITION_REPRESENTATION(#4380,#4386);
#4380 = PRODUCT_DEFINITION_SHAPE('','',#4381);
#4381 = PRODUCT_DEFINITION('design','',#4382,#4385);
#4382 = PRODUCT_DEFINITION_FORMATION('','',#4383);
#4383 = PRODUCT('Open CASCADE STEP translator 7.8 1.21',
  'Open CASCADE STEP translator 7.8 1.21','',(#4384));
#4384 = PRODUCT_CONTEXT('',#2,'mechanical');
#4385 = PRODUCT_DEFINITION_CONTEXT('part definition',#2,'design');
#4386 = ADVANCED_BREP_SHAPE_REPRESENTATION('',(#11,#4387),#4485);
#4387 = MANIFOLD_SOLID_BREP('',#4388);
#4388 = CLOSED_SHELL('',(#4389,#4477,#4481));
#4389 = ADVANCED_FACE('',(#4390),#4404,.T.);
#4390 = FACE_BOUND('',#4391,.F.);
#4391 = EDGE_LOOP('',(#4392,#4422,#4449,#4450));
#4392 = ORIENTED_EDGE('',*,*,#4393,.T.);
#4393 = EDGE_CURVE('',#4394,#4396,#4398,.T.);
#4394 = VERTEX_POINT('',#4395);
#4395 = CARTESIAN_POINT('',(40.908116907963,-7.8,30.908116907963));
#4396 = VERTEX_POINT('',#4397);
#4397 = CARTESIAN_POINT('',(41.261670298556,-7.8,30.55456351737));
#4398 = SEAM_CURVE('',#4399,(#4403,#4415),.PCURVE_S1.);
#4399 = LINE('',#4400,#4401);
#4400 = CARTESIAN_POINT('',(40.908116907963,-7.8,30.908116907963));
#4401 = VECTOR('',#4402,1.);
#4402 = DIRECTION('',(0.707106781187,0.,-0.707106781187));
#4403 = PCURVE('',#4404,#4409);
#4404 = CYLINDRICAL_SURFACE('',#4405,1.2);
#4405 = AXIS2_PLACEMENT_3D('',#4406,#4407,#4408);
#4406 = CARTESIAN_POINT('',(40.908116907963,-9.,30.908116907963));
#4407 = DIRECTION('',(-0.707106781187,-0.,0.707106781187));
#4408 = DIRECTION('',(0.,1.,0.));
#4409 = DEFINITIONAL_REPRESENTATION('',(#4410),#4414);
#4410 = LINE('',#4411,#4412);
#4411 = CARTESIAN_POINT('',(-0.,0.));
#4412 = VECTOR('',#4413,1.);
#4413 = DIRECTION('',(-0.,-1.));
#4414 = ( GEOMETRIC_REPRESENTATION_CONTEXT(2) 
PARAMETRIC_REPRESENTATION_CONTEXT() REPRESENTATION_CONTEXT('2D SPACE',''
  ) );
#4415 = PCURVE('',#4404,#4416);
#4416 = DEFINITIONAL_REPRESENTATION('',(#4417),#4421);
#4417 = LINE('',#4418,#4419);
#4418 = CARTESIAN_POINT('',(-6.28318530718,0.));
#4419 = VECTOR('',#4420,1.);
#4420 = DIRECTION('',(-0.,-1.));
#4421 = ( GEOMETRIC_REPRESENTATION_CONTEXT(2) 
PARAMETRIC_REPRESENTATION_CONTEXT() REPRESENTATION_CONTEXT('2D SPACE',''
  ) );
#4422 = ORIENTED_EDGE('',*,*,#4423,.T.);
#4423 = EDGE_CURVE('',#4396,#4396,#4424,.T.);
#4424 = SURFACE_CURVE('',#4425,(#4430,#4437),.PCURVE_S1.);
#4425 = CIRCLE('',#4426,1.2);
#4426 = AXIS2_PLACEMENT_3D('',#4427,#4428,#4429);
#4427 = CARTESIAN_POINT('',(41.261670298556,-9.,30.55456351737));
#4428 = DIRECTION('',(0.707106781187,0.,-0.707106781187));
#4429 = DIRECTION('',(0.,1.,0.));
#4430 = PCURVE('',#4404,#4431);
#4431 = DEFINITIONAL_REPRESENTATION('',(#4432),#4436);
#4432 = LINE('',#4433,#4434);
#4433 = CARTESIAN_POINT('',(-0.,-0.5));
#4434 = VECTOR('',#4435,1.);
#4435 = DIRECTION('',(-1.,0.));
#4436 = ( GEOMETRIC_REPRESENTATION_CONTEXT(2) 
PARAMETRIC_REPRESENTATION_CONTEXT() REPRESENTATION_CONTEXT('2D SPACE',''
  ) );
#4437 = PCURVE('',#4438,#4443);
#4438 = PLANE('',#4439);
#4439 = AXIS2_PLACEMENT_3D('',#4440,#4441,#4442);
#4440 = CARTESIAN_POINT('',(35.604816049064,-25.,24.897709267878));
#4441 = DIRECTION('',(0.707106781187,0.,-0.707106781187));
#4442 = DIRECTION('',(0.707106781187,0.,0.707106781187));
#4443 = DEFINITIONAL_REPRESENTATION('',(#4444),#4448);
#4444 = CIRCLE('',#4445,1.2);
#4445 = AXIS2_PLACEMENT_2D('',#4446,#4447);
#4446 = CARTESIAN_POINT('',(8.,-16.));
#4447 = DIRECTION('',(0.,-1.));
#4448 = ( GEOMETRIC_REPRESENTATION_CONTEXT(2) 
PARAMETRIC_REPRESENTATION_CONTEXT() REPRESENTATION_CONTEXT('2D SPACE',''
  ) );
#4449 = ORIENTED_EDGE('',*,*,#4393,.F.);
#4450 = ORIENTED_EDGE('',*,*,#4451,.F.);
#4451 = EDGE_CURVE('',#4394,#4394,#4452,.T.);
#4452 = SURFACE_CURVE('',#4453,(#4458,#4465),.PCURVE_S1.);
#4453 = CIRCLE('',#4454,1.2);
#4454 = AXIS2_PLACEMENT_3D('',#4455,#4456,#4457);
#4455 = CARTESIAN_POINT('',(40.908116907963,-9.,30.908116907963));
#4456 = DIRECTION('',(0.707106781187,0.,-0.707106781187));
#4457 = DIRECTION('',(0.,1.,0.));
#4458 = PCURVE('',#4404,#4459);
#4459 = DEFINITIONAL_REPRESENTATION('',(#4460),#4464);
#4460 = LINE('',#4461,#4462);
#4461 = CARTESIAN_POINT('',(-0.,0.));
#4462 = VECTOR('',#4463,1.);
#4463 = DIRECTION('',(-1.,0.));
#4464 = ( GEOMETRIC_REPRESENTATION_CONTEXT(2) 
PARAMETRIC_REPRESENTATION_CONTEXT() REPRESENTATION_CONTEXT('2D SPACE',''
  ) );
#4465 = PCURVE('',#4466,#4471);
#4466 = PLANE('',#4467);
#4467 = AXIS2_PLACEMENT_3D('',#4468,#4469,#4470);
#4468 = CARTESIAN_POINT('',(35.251262658471,-25.,25.251262658471));
#4469 = DIRECTION('',(0.707106781187,0.,-0.707106781187));
#4470 = DIRECTION('',(0.707106781187,0.,0.707106781187));
#4471 = DEFINITIONAL_REPRESENTATION('',(#4472),#4476);
#4472 = CIRCLE('',#4473,1.2);
#4473 = AXIS2_PLACEMENT_2D('',#4474,#4475);
#4474 = CARTESIAN_POINT('',(8.,-16.));
#4475 = DIRECTION('',(0.,-1.));
#4476 = ( GEOMETRIC_REPRESENTATION_CONTEXT(2) 
PARAMETRIC_REPRESENTATION_CONTEXT() REPRESENTATION_CONTEXT('2D SPACE',''
  ) );
#4477 = ADVANCED_FACE('',(#4478),#4466,.F.);
#4478 = FACE_BOUND('',#4479,.F.);
#4479 = EDGE_LOOP('',(#4480));
#4480 = ORIENTED_EDGE('',*,*,#4451,.T.);
#4481 = ADVANCED_FACE('',(#4482),#4438,.T.);
#4482 = FACE_BOUND('',#4483,.T.);
#4483 = EDGE_LOOP('',(#4484));
#4484 = ORIENTED_EDGE('',*,*,#4423,.T.);
#4485 = ( GEOMETRIC_REPRESENTATION_CONTEXT(3) 
GLOBAL_UNCERTAINTY_ASSIGNED_CONTEXT((#4489)) 
GLOBAL_UNIT_ASSIGNED_CONTEXT((#4486,#4487,#4488)) REPRESENTATION_CONTEXT
('Context #1','3D Context with UNIT and UNCERTAINTY') );
#4486 = ( LENGTH_UNIT() NAMED_UNIT(*) SI_UNIT(.MILLI.,.METRE.) );
#4487 = ( NAMED_UNIT(*) PLANE_ANGLE_UNIT() SI_UNIT($,.RADIAN.) );
#4488 = ( NAMED_UNIT(*) SI_UNIT($,.STERADIAN.) SOLID_ANGLE_UNIT() );
#4489 = UNCERTAINTY_MEASURE_WITH_UNIT(LENGTH_MEASURE(1.E-07),#4486,
  'distance_accuracy_value','confusion accuracy');
#4490 = CONTEXT_DEPENDENT_SHAPE_REPRESENTATION(#4491,#4493);
#4491 = ( REPRESENTATION_RELATIONSHIP('','',#4386,#10) 
REPRESENTATION_RELATIONSHIP_WITH_TRANSFORMATION(#4492) 
SHAPE_REPRESENTATION_RELATIONSHIP() );
#4492 = ITEM_DEFINED_TRANSFORMATION('','',#11,#95);
#4493 = PRODUCT_DEFINITION_SHAPE('Placement','Placement of an item',
  #4494);
#4494 = NEXT_ASSEMBLY_USAGE_OCCURRENCE('21','','',#5,#4381,$);
#4495 = PRODUCT_RELATED_PRODUCT_CATEGORY('part',$,(#4383));
#4496 = SHAPE_DEFINITION_REPRESENTATION(#4497,#4503);
#4497 = PRODUCT_DEFINITION_SHAPE('','',#4498);
#4498 = PRODUCT_DEFINITION('design','',#4499,#4502);
#4499 = PRODUCT_DEFINITION_FORMATION('','',#4500);
#4500 = PRODUCT('Open CASCADE STEP translator 7.8 1.22',
  'Open CASCADE STEP translator 7.8 1.22','',(#4501));
#4501 = PRODUCT_CONTEXT('',#2,'mechanical');
#4502 = PRODUCT_DEFINITION_CONTEXT('part definition',#2,'design');
#4503 = ADVANCED_BREP_SHAPE_REPRESENTATION('',(#11,#4504),#4602);
#4504 = MANIFOLD_SOLID_BREP('',#4505);
#4505 = CLOSED_SHELL('',(#4506,#4594,#4598));
#4506 = ADVANCED_FACE('',(#4507),#4521,.T.);
#4507 = FACE_BOUND('',#4508,.F.);
#4508 = EDGE_LOOP('',(#4509,#4539,#4566,#4567));
#4509 = ORIENTED_EDGE('',*,*,#4510,.T.);
#4510 = EDGE_CURVE('',#4511,#4513,#4515,.T.);
#4511 = VERTEX_POINT('',#4512);
#4512 = CARTESIAN_POINT('',(46.564971157456,-7.8,36.564971157456));
#4513 = VERTEX_POINT('',#4514);
#4514 = CARTESIAN_POINT('',(46.918524548049,-7.8,36.211417766862));
#4515 = SEAM_CURVE('',#4516,(#4520,#4532),.PCURVE_S1.);
#4516 = LINE('',#4517,#4518);
#4517 = CARTESIAN_POINT('',(46.564971157456,-7.8,36.564971157456));
#4518 = VECTOR('',#4519,1.);
#4519 = DIRECTION('',(0.707106781187,0.,-0.707106781187));
#4520 = PCURVE('',#4521,#4526);
#4521 = CYLINDRICAL_SURFACE('',#4522,1.2);
#4522 = AXIS2_PLACEMENT_3D('',#4523,#4524,#4525);
#4523 = CARTESIAN_POINT('',(46.564971157456,-9.,36.564971157456));
#4524 = DIRECTION('',(-0.707106781187,-0.,0.707106781187));
#4525 = DIRECTION('',(0.,1.,0.));
#4526 = DEFINITIONAL_REPRESENTATION('',(#4527),#4531);
#4527 = LINE('',#4528,#4529);
#4528 = CARTESIAN_POINT('',(-0.,0.));
#4529 = VECTOR('',#4530,1.);
#4530 = DIRECTION('',(-0.,-1.));
#4531 = ( GEOMETRIC_REPRESENTATION_CONTEXT(2) 
PARAMETRIC_REPRESENTATION_CONTEXT() REPRESENTATION_CONTEXT('2D SPACE',''
  ) );
#4532 = PCURVE('',#4521,#4533);
#4533 = DEFINITIONAL_REPRESENTATION('',(#4534),#4538);
#4534 = LINE('',#4535,#4536);
#4535 = CARTESIAN_POINT('',(-6.28318530718,0.));
#4536 = VECTOR('',#4537,1.);
#4537 = DIRECTION('',(-0.,-1.));
#4538 = ( GEOMETRIC_REPRESENTATION_CONTEXT(2) 
PARAMETRIC_REPRESENTATION_CONTEXT() REPRESENTATION_CONTEXT('2D SPACE',''
  ) );
#4539 = ORIENTED_EDGE('',*,*,#4540,.T.);
#4540 = EDGE_CURVE('',#4513,#4513,#4541,.T.);
#4541 = SURFACE_CURVE('',#4542,(#4547,#4554),.PCURVE_S1.);
#4542 = CIRCLE('',#4543,1.2);
#4543 = AXIS2_PLACEMENT_3D('',#4544,#4545,#4546);
#4544 = CARTESIAN_POINT('',(46.918524548049,-9.,36.211417766862));
#4545 = DIRECTION('',(0.707106781187,0.,-0.707106781187));
#4546 = DIRECTION('',(0.,1.,0.));
#4547 = PCURVE('',#4521,#4548);
#4548 = DEFINITIONAL_REPRESENTATION('',(#4549),#4553);
#4549 = LINE('',#4550,#4551);
#4550 = CARTESIAN_POINT('',(-0.,-0.5));
#4551 = VECTOR('',#4552,1.);
#4552 = DIRECTION('',(-1.,0.));
#4553 = ( GEOMETRIC_REPRESENTATION_CONTEXT(2) 
PARAMETRIC_REPRESENTATION_CONTEXT() REPRESENTATION_CONTEXT('2D SPACE',''
  ) );
#4554 = PCURVE('',#4555,#4560);
#4555 = PLANE('',#4556);
#4556 = AXIS2_PLACEMENT_3D('',#4557,#4558,#4559);
#4557 = CARTESIAN_POINT('',(35.604816049064,-25.,24.897709267878));
#4558 = DIRECTION('',(0.707106781187,0.,-0.707106781187));
#4559 = DIRECTION('',(0.707106781187,0.,0.707106781187));
#4560 = DEFINITIONAL_REPRESENTATION('',(#4561),#4565);
#4561 = CIRCLE('',#4562,1.2);
#4562 = AXIS2_PLACEMENT_2D('',#4563,#4564);
#4563 = CARTESIAN_POINT('',(16.,-16.));
#4564 = DIRECTION('',(0.,-1.));
#4565 = ( GEOMETRIC_REPRESENTATION_CONTEXT(2) 
PARAMETRIC_REPRESENTATION_CONTEXT() REPRESENTATION_CONTEXT('2D SPACE',''
  ) );
#4566 = ORIENTED_EDGE('',*,*,#4510,.F.);
#4567 = ORIENTED_EDGE('',*,*,#4568,.F.);
#4568 = EDGE_CURVE('',#4511,#4511,#4569,.T.);
#4569 = SURFACE_CURVE('',#4570,(#4575,#4582),.PCURVE_S1.);
#4570 = CIRCLE('',#4571,1.2);
#4571 = AXIS2_PLACEMENT_3D('',#4572,#4573,#4574);
#4572 = CARTESIAN_POINT('',(46.564971157456,-9.,36.564971157456));
#4573 = DIRECTION('',(0.707106781187,0.,-0.707106781187));
#4574 = DIRECTION('',(0.,1.,0.));
#4575 = PCURVE('',#4521,#4576);
#4576 = DEFINITIONAL_REPRESENTATION('',(#4577),#4581);
#4577 = LINE('',#4578,#4579);
#4578 = CARTESIAN_POINT('',(-0.,0.));
#4579 = VECTOR('',#4580,1.);
#4580 = DIRECTION('',(-1.,0.));
#4581 = ( GEOMETRIC_REPRESENTATION_CONTEXT(2) 
PARAMETRIC_REPRESENTATION_CONTEXT() REPRESENTATION_CONTEXT('2D SPACE',''
  ) );
#4582 = PCURVE('',#4583,#4588);
#4583 = PLANE('',#4584);
#4584 = AXIS2_PLACEMENT_3D('',#4585,#4586,#4587);
#4585 = CARTESIAN_POINT('',(35.251262658471,-25.,25.251262658471));
#4586 = DIRECTION('',(0.707106781187,0.,-0.707106781187));
#4587 = DIRECTION('',(0.707106781187,0.,0.707106781187));
#4588 = DEFINITIONAL_REPRESENTATION('',(#4589),#4593);
#4589 = CIRCLE('',#4590,1.2);
#4590 = AXIS2_PLACEMENT_2D('',#4591,#4592);
#4591 = CARTESIAN_POINT('',(16.,-16.));
#4592 = DIRECTION('',(0.,-1.));
#4593 = ( GEOMETRIC_REPRESENTATION_CONTEXT(2) 
PARAMETRIC_REPRESENTATION_CONTEXT() REPRESENTATION_CONTEXT('2D SPACE',''
  ) );
#4594 = ADVANCED_FACE('',(#4595),#4583,.F.);
#4595 = FACE_BOUND('',#4596,.F.);
#4596 = EDGE_LOOP('',(#4597));
#4597 = ORIENTED_EDGE('',*,*,#4568,.T.);
#4598 = ADVANCED_FACE('',(#4599),#4555,.T.);
#4599 = FACE_BOUND('',#4600,.T.);
#4600 = EDGE_LOOP('',(#4601));
#4601 = ORIENTED_EDGE('',*,*,#4540,.T.);
#4602 = ( GEOMETRIC_REPRESENTATION_CONTEXT(3) 
GLOBAL_UNCERTAINTY_ASSIGNED_CONTEXT((#4606)) 
GLOBAL_UNIT_ASSIGNED_CONTEXT((#4603,#4604,#4605)) REPRESENTATION_CONTEXT
('Context #1','3D Context with UNIT and UNCERTAINTY') );
#4603 = ( LENGTH_UNIT() NAMED_UNIT(*) SI_UNIT(.MILLI.,.METRE.) );
#4604 = ( NAMED_UNIT(*) PLANE_ANGLE_UNIT() SI_UNIT($,.RADIAN.) );
#4605 = ( NAMED_UNIT(*) SI_UNIT($,.STERADIAN.) SOLID_ANGLE_UNIT() );
#4606 = UNCERTAINTY_MEASURE_WITH_UNIT(LENGTH_MEASURE(1.E-07),#4603,
  'distance_accuracy_value','confusion accuracy');
#4607 = CONTEXT_DEPENDENT_SHAPE_REPRESENTATION(#4608,#4610);
#4608 = ( REPRESENTATION_RELATIONSHIP('','',#4503,#10) 
REPRESENTATION_RELATIONSHIP_WITH_TRANSFORMATION(#4609) 
SHAPE_REPRESENTATION_RELATIONSHIP() );
#4609 = ITEM_DEFINED_TRANSFORMATION('','',#11,#99);
#4610 = PRODUCT_DEFINITION_SHAPE('Placement','Placement of an item',
  #4611);
#4611 = NEXT_ASSEMBLY_USAGE_OCCURRENCE('22','','',#5,#4498,$);
#4612 = PRODUCT_RELATED_PRODUCT_CATEGORY('part',$,(#4500));
#4613 = SHAPE_DEFINITION_REPRESENTATION(#4614,#4620);
#4614 = PRODUCT_DEFINITION_SHAPE('','',#4615);
#4615 = PRODUCT_DEFINITION('design','',#4616,#4619);
#4616 = PRODUCT_DEFINITION_FORMATION('','',#4617);
#4617 = PRODUCT('Open CASCADE STEP translator 7.8 1.23',
  'Open CASCADE STEP translator 7.8 1.23','',(#4618));
#4618 = PRODUCT_CONTEXT('',#2,'mechanical');
#4619 = PRODUCT_DEFINITION_CONTEXT('part definition',#2,'design');
#4620 = ADVANCED_BREP_SHAPE_REPRESENTATION('',(#11,#4621),#4719);
#4621 = MANIFOLD_SOLID_BREP('',#4622);
#4622 = CLOSED_SHELL('',(#4623,#4711,#4715));
#4623 = ADVANCED_FACE('',(#4624),#4638,.T.);
#4624 = FACE_BOUND('',#4625,.F.);
#4625 = EDGE_LOOP('',(#4626,#4656,#4683,#4684));
#4626 = ORIENTED_EDGE('',*,*,#4627,.T.);
#4627 = EDGE_CURVE('',#4628,#4630,#4632,.T.);
#4628 = VERTEX_POINT('',#4629);
#4629 = CARTESIAN_POINT('',(52.221825406948,-7.8,42.221825406948));
#4630 = VERTEX_POINT('',#4631);
#4631 = CARTESIAN_POINT('',(52.575378797541,-7.8,41.868272016355));
#4632 = SEAM_CURVE('',#4633,(#4637,#4649),.PCURVE_S1.);
#4633 = LINE('',#4634,#4635);
#4634 = CARTESIAN_POINT('',(52.221825406948,-7.8,42.221825406948));
#4635 = VECTOR('',#4636,1.);
#4636 = DIRECTION('',(0.707106781187,0.,-0.707106781187));
#4637 = PCURVE('',#4638,#4643);
#4638 = CYLINDRICAL_SURFACE('',#4639,1.2);
#4639 = AXIS2_PLACEMENT_3D('',#4640,#4641,#4642);
#4640 = CARTESIAN_POINT('',(52.221825406948,-9.,42.221825406948));
#4641 = DIRECTION('',(-0.707106781187,-0.,0.707106781187));
#4642 = DIRECTION('',(0.,1.,0.));
#4643 = DEFINITIONAL_REPRESENTATION('',(#4644),#4648);
#4644 = LINE('',#4645,#4646);
#4645 = CARTESIAN_POINT('',(-0.,0.));
#4646 = VECTOR('',#4647,1.);
#4647 = DIRECTION('',(-0.,-1.));
#4648 = ( GEOMETRIC_REPRESENTATION_CONTEXT(2) 
PARAMETRIC_REPRESENTATION_CONTEXT() REPRESENTATION_CONTEXT('2D SPACE',''
  ) );
#4649 = PCURVE('',#4638,#4650);
#4650 = DEFINITIONAL_REPRESENTATION('',(#4651),#4655);
#4651 = LINE('',#4652,#4653);
#4652 = CARTESIAN_POINT('',(-6.28318530718,0.));
#4653 = VECTOR('',#4654,1.);
#4654 = DIRECTION('',(-0.,-1.));
#4655 = ( GEOMETRIC_REPRESENTATION_CONTEXT(2) 
PARAMETRIC_REPRESENTATION_CONTEXT() REPRESENTATION_CONTEXT('2D SPACE',''
  ) );
#4656 = ORIENTED_EDGE('',*,*,#4657,.T.);
#4657 = EDGE_CURVE('',#4630,#4630,#4658,.T.);
#4658 = SURFACE_CURVE('',#4659,(#4664,#4671),.PCURVE_S1.);
#4659 = CIRCLE('',#4660,1.2);
#4660 = AXIS2_PLACEMENT_3D('',#4661,#4662,#4663);
#4661 = CARTESIAN_POINT('',(52.575378797541,-9.,41.868272016355));
#4662 = DIRECTION('',(0.707106781187,0.,-0.707106781187));
#4663 = DIRECTION('',(0.,1.,0.));
#4664 = PCURVE('',#4638,#4665);
#4665 = DEFINITIONAL_REPRESENTATION('',(#4666),#4670);
#4666 = LINE('',#4667,#4668);
#4667 = CARTESIAN_POINT('',(-0.,-0.5));
#4668 = VECTOR('',#4669,1.);
#4669 = DIRECTION('',(-1.,0.));
#4670 = ( GEOMETRIC_REPRESENTATION_CONTEXT(2) 
PARAMETRIC_REPRESENTATION_CONTEXT() REPRESENTATION_CONTEXT('2D SPACE',''
  ) );
#4671 = PCURVE('',#4672,#4677);
#4672 = PLANE('',#4673);
#4673 = AXIS2_PLACEMENT_3D('',#4674,#4675,#4676);
#4674 = CARTESIAN_POINT('',(35.604816049064,-25.,24.897709267878));
#4675 = DIRECTION('',(0.707106781187,0.,-0.707106781187));
#4676 = DIRECTION('',(0.707106781187,0.,0.707106781187));
#4677 = DEFINITIONAL_REPRESENTATION('',(#4678),#4682);
#4678 = CIRCLE('',#4679,1.2);
#4679 = AXIS2_PLACEMENT_2D('',#4680,#4681);
#4680 = CARTESIAN_POINT('',(24.,-16.));
#4681 = DIRECTION('',(0.,-1.));
#4682 = ( GEOMETRIC_REPRESENTATION_CONTEXT(2) 
PARAMETRIC_REPRESENTATION_CONTEXT() REPRESENTATION_CONTEXT('2D SPACE',''
  ) );
#4683 = ORIENTED_EDGE('',*,*,#4627,.F.);
#4684 = ORIENTED_EDGE('',*,*,#4685,.F.);
#4685 = EDGE_CURVE('',#4628,#4628,#4686,.T.);
#4686 = SURFACE_CURVE('',#4687,(#4692,#4699),.PCURVE_S1.);
#4687 = CIRCLE('',#4688,1.2);
#4688 = AXIS2_PLACEMENT_3D('',#4689,#4690,#4691);
#4689 = CARTESIAN_POINT('',(52.221825406948,-9.,42.221825406948));
#4690 = DIRECTION('',(0.707106781187,0.,-0.707106781187));
#4691 = DIRECTION('',(0.,1.,0.));
#4692 = PCURVE('',#4638,#4693);
#4693 = DEFINITIONAL_REPRESENTATION('',(#4694),#4698);
#4694 = LINE('',#4695,#4696);
#4695 = CARTESIAN_POINT('',(-0.,0.));
#4696 = VECTOR('',#4697,1.);
#4697 = DIRECTION('',(-1.,0.));
#4698 = ( GEOMETRIC_REPRESENTATION_CONTEXT(2) 
PARAMETRIC_REPRESENTATION_CONTEXT() REPRESENTATION_CONTEXT('2D SPACE',''
  ) );
#4699 = PCURVE('',#4700,#4705);
#4700 = PLANE('',#4701);
#4701 = AXIS2_PLACEMENT_3D('',#4702,#4703,#4704);
#4702 = CARTESIAN_POINT('',(35.251262658471,-25.,25.251262658471));
#4703 = DIRECTION('',(0.707106781187,0.,-0.707106781187));
#4704 = DIRECTION('',(0.707106781187,0.,0.707106781187));
#4705 = DEFINITIONAL_REPRESENTATION('',(#4706),#4710);
#4706 = CIRCLE('',#4707,1.2);
#4707 = AXIS2_PLACEMENT_2D('',#4708,#4709);
#4708 = CARTESIAN_POINT('',(24.,-16.));
#4709 = DIRECTION('',(0.,-1.));
#4710 = ( GEOMETRIC_REPRESENTATION_CONTEXT(2) 
PARAMETRIC_REPRESENTATION_CONTEXT() REPRESENTATION_CONTEXT('2D SPACE',''
  ) );
#4711 = ADVANCED_FACE('',(#4712),#4700,.F.);
#4712 = FACE_BOUND('',#4713,.F.);
#4713 = EDGE_LOOP('',(#4714));
#4714 = ORIENTED_EDGE('',*,*,#4685,.T.);
#4715 = ADVANCED_FACE('',(#4716),#4672,.T.);
#4716 = FACE_BOUND('',#4717,.T.);
#4717 = EDGE_LOOP('',(#4718));
#4718 = ORIENTED_EDGE('',*,*,#4657,.T.);
#4719 = ( GEOMETRIC_REPRESENTATION_CONTEXT(3) 
GLOBAL_UNCERTAINTY_ASSIGNED_CONTEXT((#4723)) 
GLOBAL_UNIT_ASSIGNED_CONTEXT((#4720,#4721,#4722)) REPRESENTATION_CONTEXT
('Context #1','3D Context with UNIT and UNCERTAINTY') );
#4720 = ( LENGTH_UNIT() NAMED_UNIT(*) SI_UNIT(.MILLI.,.METRE.) );
#4721 = ( NAMED_UNIT(*) PLANE_ANGLE_UNIT() SI_UNIT($,.RADIAN.) );
#4722 = ( NAMED_UNIT(*) SI_UNIT($,.STERADIAN.) SOLID_ANGLE_UNIT() );
#4723 = UNCERTAINTY_MEASURE_WITH_UNIT(LENGTH_MEASURE(1.E-07),#4720,
  'distance_accuracy_value','confusion accuracy');
#4724 = CONTEXT_DEPENDENT_SHAPE_REPRESENTATION(#4725,#4727);
#4725 = ( REPRESENTATION_RELATIONSHIP('','',#4620,#10) 
REPRESENTATION_RELATIONSHIP_WITH_TRANSFORMATION(#4726) 
SHAPE_REPRESENTATION_RELATIONSHIP() );
#4726 = ITEM_DEFINED_TRANSFORMATION('','',#11,#103);
#4727 = PRODUCT_DEFINITION_SHAPE('Placement','Placement of an item',
  #4728);
#4728 = NEXT_ASSEMBLY_USAGE_OCCURRENCE('23','','',#5,#4615,$);
#4729 = PRODUCT_RELATED_PRODUCT_CATEGORY('part',$,(#4617));
#4730 = SHAPE_DEFINITION_REPRESENTATION(#4731,#4737);
#4731 = PRODUCT_DEFINITION_SHAPE('','',#4732);
#4732 = PRODUCT_DEFINITION('design','',#4733,#4736);
#4733 = PRODUCT_DEFINITION_FORMATION('','',#4734);
#4734 = PRODUCT('Open CASCADE STEP translator 7.8 1.24',
  'Open CASCADE STEP translator 7.8 1.24','',(#4735));
#4735 = PRODUCT_CONTEXT('',#2,'mechanical');
#4736 = PRODUCT_DEFINITION_CONTEXT('part definition',#2,'design');
#4737 = ADVANCED_BREP_SHAPE_REPRESENTATION('',(#11,#4738),#4836);
#4738 = MANIFOLD_SOLID_BREP('',#4739);
#4739 = CLOSED_SHELL('',(#4740,#4828,#4832));
#4740 = ADVANCED_FACE('',(#4741),#4755,.T.);
#4741 = FACE_BOUND('',#4742,.F.);
#4742 = EDGE_LOOP('',(#4743,#4773,#4800,#4801));
#4743 = ORIENTED_EDGE('',*,*,#4744,.T.);
#4744 = EDGE_CURVE('',#4745,#4747,#4749,.T.);
#4745 = VERTEX_POINT('',#4746);
#4746 = CARTESIAN_POINT('',(57.87867965644,-7.8,47.87867965644));
#4747 = VERTEX_POINT('',#4748);
#4748 = CARTESIAN_POINT('',(58.232233047034,-7.8,47.525126265847));
#4749 = SEAM_CURVE('',#4750,(#4754,#4766),.PCURVE_S1.);
#4750 = LINE('',#4751,#4752);
#4751 = CARTESIAN_POINT('',(57.87867965644,-7.8,47.87867965644));
#4752 = VECTOR('',#4753,1.);
#4753 = DIRECTION('',(0.707106781187,0.,-0.707106781187));
#4754 = PCURVE('',#4755,#4760);
#4755 = CYLINDRICAL_SURFACE('',#4756,1.2);
#4756 = AXIS2_PLACEMENT_3D('',#4757,#4758,#4759);
#4757 = CARTESIAN_POINT('',(57.87867965644,-9.,47.87867965644));
#4758 = DIRECTION('',(-0.707106781187,-0.,0.707106781187));
#4759 = DIRECTION('',(0.,1.,0.));
#4760 = DEFINITIONAL_REPRESENTATION('',(#4761),#4765);
#4761 = LINE('',#4762,#4763);
#4762 = CARTESIAN_POINT('',(-0.,0.));
#4763 = VECTOR('',#4764,1.);
#4764 = DIRECTION('',(-0.,-1.));
#4765 = ( GEOMETRIC_REPRESENTATION_CONTEXT(2) 
PARAMETRIC_REPRESENTATION_CONTEXT() REPRESENTATION_CONTEXT('2D SPACE',''
  ) );
#4766 = PCURVE('',#4755,#4767);
#4767 = DEFINITIONAL_REPRESENTATION('',(#4768),#4772);
#4768 = LINE('',#4769,#4770);
#4769 = CARTESIAN_POINT('',(-6.28318530718,0.));
#4770 = VECTOR('',#4771,1.);
#4771 = DIRECTION('',(-0.,-1.));
#4772 = ( GEOMETRIC_REPRESENTATION_CONTEXT(2) 
PARAMETRIC_REPRESENTATION_CONTEXT() REPRESENTATION_CONTEXT('2D SPACE',''
  ) );
#4773 = ORIENTED_EDGE('',*,*,#4774,.T.);
#4774 = EDGE_CURVE('',#4747,#4747,#4775,.T.);
#4775 = SURFACE_CURVE('',#4776,(#4781,#4788),.PCURVE_S1.);
#4776 = CIRCLE('',#4777,1.2);
#4777 = AXIS2_PLACEMENT_3D('',#4778,#4779,#4780);
#4778 = CARTESIAN_POINT('',(58.232233047034,-9.,47.525126265847));
#4779 = DIRECTION('',(0.707106781187,0.,-0.707106781187));
#4780 = DIRECTION('',(0.,1.,0.));
#4781 = PCURVE('',#4755,#4782);
#4782 = DEFINITIONAL_REPRESENTATION('',(#4783),#4787);
#4783 = LINE('',#4784,#4785);
#4784 = CARTESIAN_POINT('',(-0.,-0.5));
#4785 = VECTOR('',#4786,1.);
#4786 = DIRECTION('',(-1.,0.));
#4787 = ( GEOMETRIC_REPRESENTATION_CONTEXT(2) 
PARAMETRIC_REPRESENTATION_CONTEXT() REPRESENTATION_CONTEXT('2D SPACE',''
  ) );
#4788 = PCURVE('',#4789,#4794);
#4789 = PLANE('',#4790);
#4790 = AXIS2_PLACEMENT_3D('',#4791,#4792,#4793);
#4791 = CARTESIAN_POINT('',(35.604816049064,-25.,24.897709267878));
#4792 = DIRECTION('',(0.707106781187,0.,-0.707106781187));
#4793 = DIRECTION('',(0.707106781187,0.,0.707106781187));
#4794 = DEFINITIONAL_REPRESENTATION('',(#4795),#4799);
#4795 = CIRCLE('',#4796,1.2);
#4796 = AXIS2_PLACEMENT_2D('',#4797,#4798);
#4797 = CARTESIAN_POINT('',(32.,-16.));
#4798 = DIRECTION('',(0.,-1.));
#4799 = ( GEOMETRIC_REPRESENTATION_CONTEXT(2) 
PARAMETRIC_REPRESENTATION_CONTEXT() REPRESENTATION_CONTEXT('2D SPACE',''
  ) );
#4800 = ORIENTED_EDGE('',*,*,#4744,.F.);
#4801 = ORIENTED_EDGE('',*,*,#4802,.F.);
#4802 = EDGE_CURVE('',#4745,#4745,#4803,.T.);
#4803 = SURFACE_CURVE('',#4804,(#4809,#4816),.PCURVE_S1.);
#4804 = CIRCLE('',#4805,1.2);
#4805 = AXIS2_PLACEMENT_3D('',#4806,#4807,#4808);
#4806 = CARTESIAN_POINT('',(57.87867965644,-9.,47.87867965644));
#4807 = DIRECTION('',(0.707106781187,0.,-0.707106781187));
#4808 = DIRECTION('',(0.,1.,0.));
#4809 = PCURVE('',#4755,#4810);
#4810 = DEFINITIONAL_REPRESENTATION('',(#4811),#4815);
#4811 = LINE('',#4812,#4813);
#4812 = CARTESIAN_POINT('',(-0.,0.));
#4813 = VECTOR('',#4814,1.);
#4814 = DIRECTION('',(-1.,0.));
#4815 = ( GEOMETRIC_REPRESENTATION_CONTEXT(2) 
PARAMETRIC_REPRESENTATION_CONTEXT() REPRESENTATION_CONTEXT('2D SPACE',''
  ) );
#4816 = PCURVE('',#4817,#4822);
#4817 = PLANE('',#4818);
#4818 = AXIS2_PLACEMENT_3D('',#4819,#4820,#4821);
#4819 = CARTESIAN_POINT('',(35.251262658471,-25.,25.251262658471));
#4820 = DIRECTION('',(0.707106781187,0.,-0.707106781187));
#4821 = DIRECTION('',(0.707106781187,0.,0.707106781187));
#4822 = DEFINITIONAL_REPRESENTATION('',(#4823),#4827);
#4823 = CIRCLE('',#4824,1.2);
#4824 = AXIS2_PLACEMENT_2D('',#4825,#4826);
#4825 = CARTESIAN_POINT('',(32.,-16.));
#4826 = DIRECTION('',(0.,-1.));
#4827 = ( GEOMETRIC_REPRESENTATION_CONTEXT(2) 
PARAMETRIC_REPRESENTATION_CONTEXT() REPRESENTATION_CONTEXT('2D SPACE',''
  ) );
#4828 = ADVANCED_FACE('',(#4829),#4817,.F.);
#4829 = FACE_BOUND('',#4830,.F.);
#4830 = EDGE_LOOP('',(#4831));
#4831 = ORIENTED_EDGE('',*,*,#4802,.T.);
#4832 = ADVANCED_FACE('',(#4833),#4789,.T.);
#4833 = FACE_BOUND('',#4834,.T.);
#4834 = EDGE_LOOP('',(#4835));
#4835 = ORIENTED_EDGE('',*,*,#4774,.T.);
#4836 = ( GEOMETRIC_REPRESENTATION_CONTEXT(3) 
GLOBAL_UNCERTAINTY_ASSIGNED_CONTEXT((#4840)) 
GLOBAL_UNIT_ASSIGNED_CONTEXT((#4837,#4838,#4839)) REPRESENTATION_CONTEXT
('Context #1','3D Context with UNIT and UNCERTAINTY') );
#4837 = ( LENGTH_UNIT() NAMED_UNIT(*) SI_UNIT(.MILLI.,.METRE.) );
#4838 = ( NAMED_UNIT(*) PLANE_ANGLE_UNIT() SI_UNIT($,.RADIAN.) );
#4839 = ( NAMED_UNIT(*) SI_UNIT($,.STERADIAN.) SOLID_ANGLE_UNIT() );
#4840 = UNCERTAINTY_MEASURE_WITH_UNIT(LENGTH_MEASURE(1.E-07),#4837,
  'distance_accuracy_value','confusion accuracy');
#4841 = CONTEXT_DEPENDENT_SHAPE_REPRESENTATION(#4842,#4844);
#4842 = ( REPRESENTATION_RELATIONSHIP('','',#4737,#10) 
REPRESENTATION_RELATIONSHIP_WITH_TRANSFORMATION(#4843) 
SHAPE_REPRESENTATION_RELATIONSHIP() );
#4843 = ITEM_DEFINED_TRANSFORMATION('','',#11,#107);
#4844 = PRODUCT_DEFINITION_SHAPE('Placement','Placement of an item',
  #4845);
#4845 = NEXT_ASSEMBLY_USAGE_OCCURRENCE('24','','',#5,#4732,$);
#4846 = PRODUCT_RELATED_PRODUCT_CATEGORY('part',$,(#4734));
#4847 = SHAPE_DEFINITION_REPRESENTATION(#4848,#4854);
#4848 = PRODUCT_DEFINITION_SHAPE('','',#4849);
#4849 = PRODUCT_DEFINITION('design','',#4850,#4853);
#4850 = PRODUCT_DEFINITION_FORMATION('','',#4851);
#4851 = PRODUCT('Open CASCADE STEP translator 7.8 1.25',
  'Open CASCADE STEP translator 7.8 1.25','',(#4852));
#4852 = PRODUCT_CONTEXT('',#2,'mechanical');
#4853 = PRODUCT_DEFINITION_CONTEXT('part definition',#2,'design');
#4854 = ADVANCED_BREP_SHAPE_REPRESENTATION('',(#11,#4855),#4953);
#4855 = MANIFOLD_SOLID_BREP('',#4856);
#4856 = CLOSED_SHELL('',(#4857,#4945,#4949));
#4857 = ADVANCED_FACE('',(#4858),#4872,.T.);
#4858 = FACE_BOUND('',#4859,.F.);
#4859 = EDGE_LOOP('',(#4860,#4890,#4917,#4918));
#4860 = ORIENTED_EDGE('',*,*,#4861,.T.);
#4861 = EDGE_CURVE('',#4862,#4864,#4866,.T.);
#4862 = VERTEX_POINT('',#4863);
#4863 = CARTESIAN_POINT('',(63.535533905933,-7.8,53.535533905933));
#4864 = VERTEX_POINT('',#4865);
#4865 = CARTESIAN_POINT('',(63.889087296526,-7.8,53.181980515339));
#4866 = SEAM_CURVE('',#4867,(#4871,#4883),.PCURVE_S1.);
#4867 = LINE('',#4868,#4869);
#4868 = CARTESIAN_POINT('',(63.535533905933,-7.8,53.535533905933));
#4869 = VECTOR('',#4870,1.);
#4870 = DIRECTION('',(0.707106781187,0.,-0.707106781187));
#4871 = PCURVE('',#4872,#4877);
#4872 = CYLINDRICAL_SURFACE('',#4873,1.2);
#4873 = AXIS2_PLACEMENT_3D('',#4874,#4875,#4876);
#4874 = CARTESIAN_POINT('',(63.535533905933,-9.,53.535533905933));
#4875 = DIRECTION('',(-0.707106781187,-0.,0.707106781187));
#4876 = DIRECTION('',(0.,1.,0.));
#4877 = DEFINITIONAL_REPRESENTATION('',(#4878),#4882);
#4878 = LINE('',#4879,#4880);
#4879 = CARTESIAN_POINT('',(-0.,0.));
#4880 = VECTOR('',#4881,1.);
#4881 = DIRECTION('',(-0.,-1.));
#4882 = ( GEOMETRIC_REPRESENTATION_CONTEXT(2) 
PARAMETRIC_REPRESENTATION_CONTEXT() REPRESENTATION_CONTEXT('2D SPACE',''
  ) );
#4883 = PCURVE('',#4872,#4884);
#4884 = DEFINITIONAL_REPRESENTATION('',(#4885),#4889);
#4885 = LINE('',#4886,#4887);
#4886 = CARTESIAN_POINT('',(-6.28318530718,0.));
#4887 = VECTOR('',#4888,1.);
#4888 = DIRECTION('',(-0.,-1.));
#4889 = ( GEOMETRIC_REPRESENTATION_CONTEXT(2) 
PARAMETRIC_REPRESENTATION_CONTEXT() REPRESENTATION_CONTEXT('2D SPACE',''
  ) );
#4890 = ORIENTED_EDGE('',*,*,#4891,.T.);
#4891 = EDGE_CURVE('',#4864,#4864,#4892,.T.);
#4892 = SURFACE_CURVE('',#4893,(#4898,#4905),.PCURVE_S1.);
#4893 = CIRCLE('',#4894,1.2);
#4894 = AXIS2_PLACEMENT_3D('',#4895,#4896,#4897);
#4895 = CARTESIAN_POINT('',(63.889087296526,-9.,53.181980515339));
#4896 = DIRECTION('',(0.707106781187,0.,-0.707106781187));
#4897 = DIRECTION('',(0.,1.,0.));
#4898 = PCURVE('',#4872,#4899);
#4899 = DEFINITIONAL_REPRESENTATION('',(#4900),#4904);
#4900 = LINE('',#4901,#4902);
#4901 = CARTESIAN_POINT('',(-0.,-0.5));
#4902 = VECTOR('',#4903,1.);
#4903 = DIRECTION('',(-1.,0.));
#4904 = ( GEOMETRIC_REPRESENTATION_CONTEXT(2) 
PARAMETRIC_REPRESENTATION_CONTEXT() REPRESENTATION_CONTEXT('2D SPACE',''
  ) );
#4905 = PCURVE('',#4906,#4911);
#4906 = PLANE('',#4907);
#4907 = AXIS2_PLACEMENT_3D('',#4908,#4909,#4910);
#4908 = CARTESIAN_POINT('',(35.604816049064,-25.,24.897709267878));
#4909 = DIRECTION('',(0.707106781187,0.,-0.707106781187));
#4910 = DIRECTION('',(0.707106781187,0.,0.707106781187));
#4911 = DEFINITIONAL_REPRESENTATION('',(#4912),#4916);
#4912 = CIRCLE('',#4913,1.2);
#4913 = AXIS2_PLACEMENT_2D('',#4914,#4915);
#4914 = CARTESIAN_POINT('',(40.,-16.));
#4915 = DIRECTION('',(0.,-1.));
#4916 = ( GEOMETRIC_REPRESENTATION_CONTEXT(2) 
PARAMETRIC_REPRESENTATION_CONTEXT() REPRESENTATION_CONTEXT('2D SPACE',''
  ) );
#4917 = ORIENTED_EDGE('',*,*,#4861,.F.);
#4918 = ORIENTED_EDGE('',*,*,#4919,.F.);
#4919 = EDGE_CURVE('',#4862,#4862,#4920,.T.);
#4920 = SURFACE_CURVE('',#4921,(#4926,#4933),.PCURVE_S1.);
#4921 = CIRCLE('',#4922,1.2);
#4922 = AXIS2_PLACEMENT_3D('',#4923,#4924,#4925);
#4923 = CARTESIAN_POINT('',(63.535533905933,-9.,53.535533905933));
#4924 = DIRECTION('',(0.707106781187,0.,-0.707106781187));
#4925 = DIRECTION('',(0.,1.,0.));
#4926 = PCURVE('',#4872,#4927);
#4927 = DEFINITIONAL_REPRESENTATION('',(#4928),#4932);
#4928 = LINE('',#4929,#4930);
#4929 = CARTESIAN_POINT('',(-0.,0.));
#4930 = VECTOR('',#4931,1.);
#4931 = DIRECTION('',(-1.,0.));
#4932 = ( GEOMETRIC_REPRESENTATION_CONTEXT(2) 
PARAMETRIC_REPRESENTATION_CONTEXT() REPRESENTATION_CONTEXT('2D SPACE',''
  ) );
#4933 = PCURVE('',#4934,#4939);
#4934 = PLANE('',#4935);
#4935 = AXIS2_PLACEMENT_3D('',#4936,#4937,#4938);
#4936 = CARTESIAN_POINT('',(35.251262658471,-25.,25.251262658471));
#4937 = DIRECTION('',(0.707106781187,0.,-0.707106781187));
#4938 = DIRECTION('',(0.707106781187,0.,0.707106781187));
#4939 = DEFINITIONAL_REPRESENTATION('',(#4940),#4944);
#4940 = CIRCLE('',#4941,1.2);
#4941 = AXIS2_PLACEMENT_2D('',#4942,#4943);
#4942 = CARTESIAN_POINT('',(40.,-16.));
#4943 = DIRECTION('',(0.,-1.));
#4944 = ( GEOMETRIC_REPRESENTATION_CONTEXT(2) 
PARAMETRIC_REPRESENTATION_CONTEXT() REPRESENTATION_CONTEXT('2D SPACE',''
  ) );
#4945 = ADVANCED_FACE('',(#4946),#4934,.F.);
#4946 = FACE_BOUND('',#4947,.F.);
#4947 = EDGE_LOOP('',(#4948));
#4948 = ORIENTED_EDGE('',*,*,#4919,.T.);
#4949 = ADVANCED_FACE('',(#4950),#4906,.T.);
#4950 = FACE_BOUND('',#4951,.T.);
#4951 = EDGE_LOOP('',(#4952));
#4952 = ORIENTED_EDGE('',*,*,#4891,.T.);
#4953 = ( GEOMETRIC_REPRESENTATION_CONTEXT(3) 
GLOBAL_UNCERTAINTY_ASSIGNED_CONTEXT((#4957)) 
GLOBAL_UNIT_ASSIGNED_CONTEXT((#4954,#4955,#4956)) REPRESENTATION_CONTEXT
('Context #1','3D Context with UNIT and UNCERTAINTY') );
#4954 = ( LENGTH_UNIT() NAMED_UNIT(*) SI_UNIT(.MILLI.,.METRE.) );
#4955 = ( NAMED_UNIT(*) PLANE_ANGLE_UNIT() SI_UNIT($,.RADIAN.) );
#4956 = ( NAMED_UNIT(*) SI_UNIT($,.STERADIAN.) SOLID_ANGLE_UNIT() );
#4957 = UNCERTAINTY_MEASURE_WITH_UNIT(LENGTH_MEASURE(1.E-07),#4954,
  'distance_accuracy_value','confusion accuracy');
#4958 = CONTEXT_DEPENDENT_SHAPE_REPRESENTATION(#4959,#4961);
#4959 = ( REPRESENTATION_RELATIONSHIP('','',#4854,#10) 
REPRESENTATION_RELATIONSHIP_WITH_TRANSFORMATION(#4960) 
SHAPE_REPRESENTATION_RELATIONSHIP() );
#4960 = ITEM_DEFINED_TRANSFORMATION('','',#11,#111);
#4961 = PRODUCT_DEFINITION_SHAPE('Placement','Placement of an item',
  #4962);
#4962 = NEXT_ASSEMBLY_USAGE_OCCURRENCE('25','','',#5,#4849,$);
#4963 = PRODUCT_RELATED_PRODUCT_CATEGORY('part',$,(#4851));
#4964 = SHAPE_DEFINITION_REPRESENTATION(#4965,#4971);
#4965 = PRODUCT_DEFINITION_SHAPE('','',#4966);
#4966 = PRODUCT_DEFINITION('design','',#4967,#4970);
#4967 = PRODUCT_DEFINITION_FORMATION('','',#4968);
#4968 = PRODUCT('Open CASCADE STEP translator 7.8 1.26',
  'Open CASCADE STEP translator 7.8 1.26','',(#4969));
#4969 = PRODUCT_CONTEXT('',#2,'mechanical');
#4970 = PRODUCT_DEFINITION_CONTEXT('part definition',#2,'design');
#4971 = ADVANCED_BREP_SHAPE_REPRESENTATION('',(#11,#4972),#5070);
#4972 = MANIFOLD_SOLID_BREP('',#4973);
#4973 = CLOSED_SHELL('',(#4974,#5062,#5066));
#4974 = ADVANCED_FACE('',(#4975),#4989,.T.);
#4975 = FACE_BOUND('',#4976,.F.);
#4976 = EDGE_LOOP('',(#4977,#5007,#5034,#5035));
#4977 = ORIENTED_EDGE('',*,*,#4978,.T.);
#4978 = EDGE_CURVE('',#4979,#4981,#4983,.T.);
#4979 = VERTEX_POINT('',#4980);
#4980 = CARTESIAN_POINT('',(69.192388155425,-7.8,59.192388155425));
#4981 = VERTEX_POINT('',#4982);
#4982 = CARTESIAN_POINT('',(69.545941546018,-7.8,58.838834764832));
#4983 = SEAM_CURVE('',#4984,(#4988,#5000),.PCURVE_S1.);
#4984 = LINE('',#4985,#4986);
#4985 = CARTESIAN_POINT('',(69.192388155425,-7.8,59.192388155425));
#4986 = VECTOR('',#4987,1.);
#4987 = DIRECTION('',(0.707106781187,0.,-0.707106781187));
#4988 = PCURVE('',#4989,#4994);
#4989 = CYLINDRICAL_SURFACE('',#4990,1.2);
#4990 = AXIS2_PLACEMENT_3D('',#4991,#4992,#4993);
#4991 = CARTESIAN_POINT('',(69.192388155425,-9.,59.192388155425));
#4992 = DIRECTION('',(-0.707106781187,-0.,0.707106781187));
#4993 = DIRECTION('',(0.,1.,0.));
#4994 = DEFINITIONAL_REPRESENTATION('',(#4995),#4999);
#4995 = LINE('',#4996,#4997);
#4996 = CARTESIAN_POINT('',(-0.,0.));
#4997 = VECTOR('',#4998,1.);
#4998 = DIRECTION('',(-0.,-1.));
#4999 = ( GEOMETRIC_REPRESENTATION_CONTEXT(2) 
PARAMETRIC_REPRESENTATION_CONTEXT() REPRESENTATION_CONTEXT('2D SPACE',''
  ) );
#5000 = PCURVE('',#4989,#5001);
#5001 = DEFINITIONAL_REPRESENTATION('',(#5002),#5006);
#5002 = LINE('',#5003,#5004);
#5003 = CARTESIAN_POINT('',(-6.28318530718,0.));
#5004 = VECTOR('',#5005,1.);
#5005 = DIRECTION('',(-0.,-1.));
#5006 = ( GEOMETRIC_REPRESENTATION_CONTEXT(2) 
PARAMETRIC_REPRESENTATION_CONTEXT() REPRESENTATION_CONTEXT('2D SPACE',''
  ) );
#5007 = ORIENTED_EDGE('',*,*,#5008,.T.);
#5008 = EDGE_CURVE('',#4981,#4981,#5009,.T.);
#5009 = SURFACE_CURVE('',#5010,(#5015,#5022),.PCURVE_S1.);
#5010 = CIRCLE('',#5011,1.2);
#5011 = AXIS2_PLACEMENT_3D('',#5012,#5013,#5014);
#5012 = CARTESIAN_POINT('',(69.545941546018,-9.,58.838834764832));
#5013 = DIRECTION('',(0.707106781187,0.,-0.707106781187));
#5014 = DIRECTION('',(0.,1.,0.));
#5015 = PCURVE('',#4989,#5016);
#5016 = DEFINITIONAL_REPRESENTATION('',(#5017),#5021);
#5017 = LINE('',#5018,#5019);
#5018 = CARTESIAN_POINT('',(-0.,-0.5));
#5019 = VECTOR('',#5020,1.);
#5020 = DIRECTION('',(-1.,0.));
#5021 = ( GEOMETRIC_REPRESENTATION_CONTEXT(2) 
PARAMETRIC_REPRESENTATION_CONTEXT() REPRESENTATION_CONTEXT('2D SPACE',''
  ) );
#5022 = PCURVE('',#5023,#5028);
#5023 = PLANE('',#5024);
#5024 = AXIS2_PLACEMENT_3D('',#5025,#5026,#5027);
#5025 = CARTESIAN_POINT('',(35.604816049064,-25.,24.897709267878));
#5026 = DIRECTION('',(0.707106781187,0.,-0.707106781187));
#5027 = DIRECTION('',(0.707106781187,0.,0.707106781187));
#5028 = DEFINITIONAL_REPRESENTATION('',(#5029),#5033);
#5029 = CIRCLE('',#5030,1.2);
#5030 = AXIS2_PLACEMENT_2D('',#5031,#5032);
#5031 = CARTESIAN_POINT('',(48.,-16.));
#5032 = DIRECTION('',(0.,-1.));
#5033 = ( GEOMETRIC_REPRESENTATION_CONTEXT(2) 
PARAMETRIC_REPRESENTATION_CONTEXT() REPRESENTATION_CONTEXT('2D SPACE',''
  ) );
#5034 = ORIENTED_EDGE('',*,*,#4978,.F.);
#5035 = ORIENTED_EDGE('',*,*,#5036,.F.);
#5036 = EDGE_CURVE('',#4979,#4979,#5037,.T.);
#5037 = SURFACE_CURVE('',#5038,(#5043,#5050),.PCURVE_S1.);
#5038 = CIRCLE('',#5039,1.2);
#5039 = AXIS2_PLACEMENT_3D('',#5040,#5041,#5042);
#5040 = CARTESIAN_POINT('',(69.192388155425,-9.,59.192388155425));
#5041 = DIRECTION('',(0.707106781187,0.,-0.707106781187));
#5042 = DIRECTION('',(0.,1.,0.));
#5043 = PCURVE('',#4989,#5044);
#5044 = DEFINITIONAL_REPRESENTATION('',(#5045),#5049);
#5045 = LINE('',#5046,#5047);
#5046 = CARTESIAN_POINT('',(-0.,0.));
#5047 = VECTOR('',#5048,1.);
#5048 = DIRECTION('',(-1.,0.));
#5049 = ( GEOMETRIC_REPRESENTATION_CONTEXT(2) 
PARAMETRIC_REPRESENTATION_CONTEXT() REPRESENTATION_CONTEXT('2D SPACE',''
  ) );
#5050 = PCURVE('',#5051,#5056);
#5051 = PLANE('',#5052);
#5052 = AXIS2_PLACEMENT_3D('',#5053,#5054,#5055);
#5053 = CARTESIAN_POINT('',(35.251262658471,-25.,25.251262658471));
#5054 = DIRECTION('',(0.707106781187,0.,-0.707106781187));
#5055 = DIRECTION('',(0.707106781187,0.,0.707106781187));
#5056 = DEFINITIONAL_REPRESENTATION('',(#5057),#5061);
#5057 = CIRCLE('',#5058,1.2);
#5058 = AXIS2_PLACEMENT_2D('',#5059,#5060);
#5059 = CARTESIAN_POINT('',(48.,-16.));
#5060 = DIRECTION('',(0.,-1.));
#5061 = ( GEOMETRIC_REPRESENTATION_CONTEXT(2) 
PARAMETRIC_REPRESENTATION_CONTEXT() REPRESENTATION_CONTEXT('2D SPACE',''
  ) );
#5062 = ADVANCED_FACE('',(#5063),#5051,.F.);
#5063 = FACE_BOUND('',#5064,.F.);
#5064 = EDGE_LOOP('',(#5065));
#5065 = ORIENTED_EDGE('',*,*,#5036,.T.);
#5066 = ADVANCED_FACE('',(#5067),#5023,.T.);
#5067 = FACE_BOUND('',#5068,.T.);
#5068 = EDGE_LOOP('',(#5069));
#5069 = ORIENTED_EDGE('',*,*,#5008,.T.);
#5070 = ( GEOMETRIC_REPRESENTATION_CONTEXT(3) 
GLOBAL_UNCERTAINTY_ASSIGNED_CONTEXT((#5074)) 
GLOBAL_UNIT_ASSIGNED_CONTEXT((#5071,#5072,#5073)) REPRESENTATION_CONTEXT
('Context #1','3D Context with UNIT and UNCERTAINTY') );
#5071 = ( LENGTH_UNIT() NAMED_UNIT(*) SI_UNIT(.MILLI.,.METRE.) );
#5072 = ( NAMED_UNIT(*) PLANE_ANGLE_UNIT() SI_UNIT($,.RADIAN.) );
#5073 = ( NAMED_UNIT(*) SI_UNIT($,.STERADIAN.) SOLID_ANGLE_UNIT() );
#5074 = UNCERTAINTY_MEASURE_WITH_UNIT(LENGTH_MEASURE(1.E-07),#5071,
  'distance_accuracy_value','confusion accuracy');
#5075 = CONTEXT_DEPENDENT_SHAPE_REPRESENTATION(#5076,#5078);
#5076 = ( REPRESENTATION_RELATIONSHIP('','',#4971,#10) 
REPRESENTATION_RELATIONSHIP_WITH_TRANSFORMATION(#5077) 
SHAPE_REPRESENTATION_RELATIONSHIP() );
#5077 = ITEM_DEFINED_TRANSFORMATION('','',#11,#115);
#5078 = PRODUCT_DEFINITION_SHAPE('Placement','Placement of an item',
  #5079);
#5079 = NEXT_ASSEMBLY_USAGE_OCCURRENCE('26','','',#5,#4966,$);
#5080 = PRODUCT_RELATED_PRODUCT_CATEGORY('part',$,(#4968));
#5081 = SHAPE_DEFINITION_REPRESENTATION(#5082,#5088);
#5082 = PRODUCT_DEFINITION_SHAPE('','',#5083);
#5083 = PRODUCT_DEFINITION('design','',#5084,#5087);
#5084 = PRODUCT_DEFINITION_FORMATION('','',#5085);
#5085 = PRODUCT('Open CASCADE STEP translator 7.8 1.27',
  'Open CASCADE STEP translator 7.8 1.27','',(#5086));
#5086 = PRODUCT_CONTEXT('',#2,'mechanical');
#5087 = PRODUCT_DEFINITION_CONTEXT('part definition',#2,'design');
#5088 = ADVANCED_BREP_SHAPE_REPRESENTATION('',(#11,#5089),#5187);
#5089 = MANIFOLD_SOLID_BREP('',#5090);
#5090 = CLOSED_SHELL('',(#5091,#5179,#5183));
#5091 = ADVANCED_FACE('',(#5092),#5106,.T.);
#5092 = FACE_BOUND('',#5093,.F.);
#5093 = EDGE_LOOP('',(#5094,#5124,#5151,#5152));
#5094 = ORIENTED_EDGE('',*,*,#5095,.T.);
#5095 = EDGE_CURVE('',#5096,#5098,#5100,.T.);
#5096 = VERTEX_POINT('',#5097);
#5097 = CARTESIAN_POINT('',(74.849242404917,-7.8,64.849242404918));
#5098 = VERTEX_POINT('',#5099);
#5099 = CARTESIAN_POINT('',(75.202795795511,-7.8,64.495689014324));
#5100 = SEAM_CURVE('',#5101,(#5105,#5117),.PCURVE_S1.);
#5101 = LINE('',#5102,#5103);
#5102 = CARTESIAN_POINT('',(74.849242404917,-7.8,64.849242404918));
#5103 = VECTOR('',#5104,1.);
#5104 = DIRECTION('',(0.707106781187,0.,-0.707106781187));
#5105 = PCURVE('',#5106,#5111);
#5106 = CYLINDRICAL_SURFACE('',#5107,1.2);
#5107 = AXIS2_PLACEMENT_3D('',#5108,#5109,#5110);
#5108 = CARTESIAN_POINT('',(74.849242404917,-9.,64.849242404918));
#5109 = DIRECTION('',(-0.707106781187,-0.,0.707106781187));
#5110 = DIRECTION('',(0.,1.,0.));
#5111 = DEFINITIONAL_REPRESENTATION('',(#5112),#5116);
#5112 = LINE('',#5113,#5114);
#5113 = CARTESIAN_POINT('',(-0.,0.));
#5114 = VECTOR('',#5115,1.);
#5115 = DIRECTION('',(-0.,-1.));
#5116 = ( GEOMETRIC_REPRESENTATION_CONTEXT(2) 
PARAMETRIC_REPRESENTATION_CONTEXT() REPRESENTATION_CONTEXT('2D SPACE',''
  ) );
#5117 = PCURVE('',#5106,#5118);
#5118 = DEFINITIONAL_REPRESENTATION('',(#5119),#5123);
#5119 = LINE('',#5120,#5121);
#5120 = CARTESIAN_POINT('',(-6.28318530718,0.));
#5121 = VECTOR('',#5122,1.);
#5122 = DIRECTION('',(-0.,-1.));
#5123 = ( GEOMETRIC_REPRESENTATION_CONTEXT(2) 
PARAMETRIC_REPRESENTATION_CONTEXT() REPRESENTATION_CONTEXT('2D SPACE',''
  ) );
#5124 = ORIENTED_EDGE('',*,*,#5125,.T.);
#5125 = EDGE_CURVE('',#5098,#5098,#5126,.T.);
#5126 = SURFACE_CURVE('',#5127,(#5132,#5139),.PCURVE_S1.);
#5127 = CIRCLE('',#5128,1.2);
#5128 = AXIS2_PLACEMENT_3D('',#5129,#5130,#5131);
#5129 = CARTESIAN_POINT('',(75.202795795511,-9.,64.495689014324));
#5130 = DIRECTION('',(0.707106781187,0.,-0.707106781187));
#5131 = DIRECTION('',(0.,1.,0.));
#5132 = PCURVE('',#5106,#5133);
#5133 = DEFINITIONAL_REPRESENTATION('',(#5134),#5138);
#5134 = LINE('',#5135,#5136);
#5135 = CARTESIAN_POINT('',(-0.,-0.5));
#5136 = VECTOR('',#5137,1.);
#5137 = DIRECTION('',(-1.,0.));
#5138 = ( GEOMETRIC_REPRESENTATION_CONTEXT(2) 
PARAMETRIC_REPRESENTATION_CONTEXT() REPRESENTATION_CONTEXT('2D SPACE',''
  ) );
#5139 = PCURVE('',#5140,#5145);
#5140 = PLANE('',#5141);
#5141 = AXIS2_PLACEMENT_3D('',#5142,#5143,#5144);
#5142 = CARTESIAN_POINT('',(35.604816049064,-25.,24.897709267878));
#5143 = DIRECTION('',(0.707106781187,0.,-0.707106781187));
#5144 = DIRECTION('',(0.707106781187,0.,0.707106781187));
#5145 = DEFINITIONAL_REPRESENTATION('',(#5146),#5150);
#5146 = CIRCLE('',#5147,1.2);
#5147 = AXIS2_PLACEMENT_2D('',#5148,#5149);
#5148 = CARTESIAN_POINT('',(56.,-16.));
#5149 = DIRECTION('',(0.,-1.));
#5150 = ( GEOMETRIC_REPRESENTATION_CONTEXT(2) 
PARAMETRIC_REPRESENTATION_CONTEXT() REPRESENTATION_CONTEXT('2D SPACE',''
  ) );
#5151 = ORIENTED_EDGE('',*,*,#5095,.F.);
#5152 = ORIENTED_EDGE('',*,*,#5153,.F.);
#5153 = EDGE_CURVE('',#5096,#5096,#5154,.T.);
#5154 = SURFACE_CURVE('',#5155,(#5160,#5167),.PCURVE_S1.);
#5155 = CIRCLE('',#5156,1.2);
#5156 = AXIS2_PLACEMENT_3D('',#5157,#5158,#5159);
#5157 = CARTESIAN_POINT('',(74.849242404917,-9.,64.849242404918));
#5158 = DIRECTION('',(0.707106781187,0.,-0.707106781187));
#5159 = DIRECTION('',(0.,1.,0.));
#5160 = PCURVE('',#5106,#5161);
#5161 = DEFINITIONAL_REPRESENTATION('',(#5162),#5166);
#5162 = LINE('',#5163,#5164);
#5163 = CARTESIAN_POINT('',(-0.,0.));
#5164 = VECTOR('',#5165,1.);
#5165 = DIRECTION('',(-1.,0.));
#5166 = ( GEOMETRIC_REPRESENTATION_CONTEXT(2) 
PARAMETRIC_REPRESENTATION_CONTEXT() REPRESENTATION_CONTEXT('2D SPACE',''
  ) );
#5167 = PCURVE('',#5168,#5173);
#5168 = PLANE('',#5169);
#5169 = AXIS2_PLACEMENT_3D('',#5170,#5171,#5172);
#5170 = CARTESIAN_POINT('',(35.251262658471,-25.,25.251262658471));
#5171 = DIRECTION('',(0.707106781187,0.,-0.707106781187));
#5172 = DIRECTION('',(0.707106781187,0.,0.707106781187));
#5173 = DEFINITIONAL_REPRESENTATION('',(#5174),#5178);
#5174 = CIRCLE('',#5175,1.2);
#5175 = AXIS2_PLACEMENT_2D('',#5176,#5177);
#5176 = CARTESIAN_POINT('',(56.,-16.));
#5177 = DIRECTION('',(0.,-1.));
#5178 = ( GEOMETRIC_REPRESENTATION_CONTEXT(2) 
PARAMETRIC_REPRESENTATION_CONTEXT() REPRESENTATION_CONTEXT('2D SPACE',''
  ) );
#5179 = ADVANCED_FACE('',(#5180),#5168,.F.);
#5180 = FACE_BOUND('',#5181,.F.);
#5181 = EDGE_LOOP('',(#5182));
#5182 = ORIENTED_EDGE('',*,*,#5153,.T.);
#5183 = ADVANCED_FACE('',(#5184),#5140,.T.);
#5184 = FACE_BOUND('',#5185,.T.);
#5185 = EDGE_LOOP('',(#5186));
#5186 = ORIENTED_EDGE('',*,*,#5125,.T.);
#5187 = ( GEOMETRIC_REPRESENTATION_CONTEXT(3) 
GLOBAL_UNCERTAINTY_ASSIGNED_CONTEXT((#5191)) 
GLOBAL_UNIT_ASSIGNED_CONTEXT((#5188,#5189,#5190)) REPRESENTATION_CONTEXT
('Context #1','3D Context with UNIT and UNCERTAINTY') );
#5188 = ( LENGTH_UNIT() NAMED_UNIT(*) SI_UNIT(.MILLI.,.METRE.) );
#5189 = ( NAMED_UNIT(*) PLANE_ANGLE_UNIT() SI_UNIT($,.RADIAN.) );
#5190 = ( NAMED_UNIT(*) SI_UNIT($,.STERADIAN.) SOLID_ANGLE_UNIT() );
#5191 = UNCERTAINTY_MEASURE_WITH_UNIT(LENGTH_MEASURE(1.E-07),#5188,
  'distance_accuracy_value','confusion accuracy');
#5192 = CONTEXT_DEPENDENT_SHAPE_REPRESENTATION(#5193,#5195);
#5193 = ( REPRESENTATION_RELATIONSHIP('','',#5088,#10) 
REPRESENTATION_RELATIONSHIP_WITH_TRANSFORMATION(#5194) 
SHAPE_REPRESENTATION_RELATIONSHIP() );
#5194 = ITEM_DEFINED_TRANSFORMATION('','',#11,#119);
#5195 = PRODUCT_DEFINITION_SHAPE('Placement','Placement of an item',
  #5196);
#5196 = NEXT_ASSEMBLY_USAGE_OCCURRENCE('27','','',#5,#5083,$);
#5197 = PRODUCT_RELATED_PRODUCT_CATEGORY('part',$,(#5085));
#5198 = SHAPE_DEFINITION_REPRESENTATION(#5199,#5205);
#5199 = PRODUCT_DEFINITION_SHAPE('','',#5200);
#5200 = PRODUCT_DEFINITION('design','',#5201,#5204);
#5201 = PRODUCT_DEFINITION_FORMATION('','',#5202);
#5202 = PRODUCT('Open CASCADE STEP translator 7.8 1.28',
  'Open CASCADE STEP translator 7.8 1.28','',(#5203));
#5203 = PRODUCT_CONTEXT('',#2,'mechanical');
#5204 = PRODUCT_DEFINITION_CONTEXT('part definition',#2,'design');
#5205 = ADVANCED_BREP_SHAPE_REPRESENTATION('',(#11,#5206),#5304);
#5206 = MANIFOLD_SOLID_BREP('',#5207);
#5207 = CLOSED_SHELL('',(#5208,#5296,#5300));
#5208 = ADVANCED_FACE('',(#5209),#5223,.T.);
#5209 = FACE_BOUND('',#5210,.F.);
#5210 = EDGE_LOOP('',(#5211,#5241,#5268,#5269));
#5211 = ORIENTED_EDGE('',*,*,#5212,.T.);
#5212 = EDGE_CURVE('',#5213,#5215,#5217,.T.);
#5213 = VERTEX_POINT('',#5214);
#5214 = CARTESIAN_POINT('',(80.50609665441,-7.8,70.50609665441));
#5215 = VERTEX_POINT('',#5216);
#5216 = CARTESIAN_POINT('',(80.859650045003,-7.8,70.152543263817));
#5217 = SEAM_CURVE('',#5218,(#5222,#5234),.PCURVE_S1.);
#5218 = LINE('',#5219,#5220);
#5219 = CARTESIAN_POINT('',(80.50609665441,-7.8,70.50609665441));
#5220 = VECTOR('',#5221,1.);
#5221 = DIRECTION('',(0.707106781187,0.,-0.707106781187));
#5222 = PCURVE('',#5223,#5228);
#5223 = CYLINDRICAL_SURFACE('',#5224,1.2);
#5224 = AXIS2_PLACEMENT_3D('',#5225,#5226,#5227);
#5225 = CARTESIAN_POINT('',(80.50609665441,-9.,70.50609665441));
#5226 = DIRECTION('',(-0.707106781187,-0.,0.707106781187));
#5227 = DIRECTION('',(0.,1.,0.));
#5228 = DEFINITIONAL_REPRESENTATION('',(#5229),#5233);
#5229 = LINE('',#5230,#5231);
#5230 = CARTESIAN_POINT('',(-0.,0.));
#5231 = VECTOR('',#5232,1.);
#5232 = DIRECTION('',(-0.,-1.));
#5233 = ( GEOMETRIC_REPRESENTATION_CONTEXT(2) 
PARAMETRIC_REPRESENTATION_CONTEXT() REPRESENTATION_CONTEXT('2D SPACE',''
  ) );
#5234 = PCURVE('',#5223,#5235);
#5235 = DEFINITIONAL_REPRESENTATION('',(#5236),#5240);
#5236 = LINE('',#5237,#5238);
#5237 = CARTESIAN_POINT('',(-6.28318530718,0.));
#5238 = VECTOR('',#5239,1.);
#5239 = DIRECTION('',(-0.,-1.));
#5240 = ( GEOMETRIC_REPRESENTATION_CONTEXT(2) 
PARAMETRIC_REPRESENTATION_CONTEXT() REPRESENTATION_CONTEXT('2D SPACE',''
  ) );
#5241 = ORIENTED_EDGE('',*,*,#5242,.T.);
#5242 = EDGE_CURVE('',#5215,#5215,#5243,.T.);
#5243 = SURFACE_CURVE('',#5244,(#5249,#5256),.PCURVE_S1.);
#5244 = CIRCLE('',#5245,1.2);
#5245 = AXIS2_PLACEMENT_3D('',#5246,#5247,#5248);
#5246 = CARTESIAN_POINT('',(80.859650045003,-9.,70.152543263817));
#5247 = DIRECTION('',(0.707106781187,0.,-0.707106781187));
#5248 = DIRECTION('',(0.,1.,0.));
#5249 = PCURVE('',#5223,#5250);
#5250 = DEFINITIONAL_REPRESENTATION('',(#5251),#5255);
#5251 = LINE('',#5252,#5253);
#5252 = CARTESIAN_POINT('',(-0.,-0.5));
#5253 = VECTOR('',#5254,1.);
#5254 = DIRECTION('',(-1.,0.));
#5255 = ( GEOMETRIC_REPRESENTATION_CONTEXT(2) 
PARAMETRIC_REPRESENTATION_CONTEXT() REPRESENTATION_CONTEXT('2D SPACE',''
  ) );
#5256 = PCURVE('',#5257,#5262);
#5257 = PLANE('',#5258);
#5258 = AXIS2_PLACEMENT_3D('',#5259,#5260,#5261);
#5259 = CARTESIAN_POINT('',(35.604816049064,-25.,24.897709267878));
#5260 = DIRECTION('',(0.707106781187,0.,-0.707106781187));
#5261 = DIRECTION('',(0.707106781187,0.,0.707106781187));
#5262 = DEFINITIONAL_REPRESENTATION('',(#5263),#5267);
#5263 = CIRCLE('',#5264,1.2);
#5264 = AXIS2_PLACEMENT_2D('',#5265,#5266);
#5265 = CARTESIAN_POINT('',(64.,-16.));
#5266 = DIRECTION('',(0.,-1.));
#5267 = ( GEOMETRIC_REPRESENTATION_CONTEXT(2) 
PARAMETRIC_REPRESENTATION_CONTEXT() REPRESENTATION_CONTEXT('2D SPACE',''
  ) );
#5268 = ORIENTED_EDGE('',*,*,#5212,.F.);
#5269 = ORIENTED_EDGE('',*,*,#5270,.F.);
#5270 = EDGE_CURVE('',#5213,#5213,#5271,.T.);
#5271 = SURFACE_CURVE('',#5272,(#5277,#5284),.PCURVE_S1.);
#5272 = CIRCLE('',#5273,1.2);
#5273 = AXIS2_PLACEMENT_3D('',#5274,#5275,#5276);
#5274 = CARTESIAN_POINT('',(80.50609665441,-9.,70.50609665441));
#5275 = DIRECTION('',(0.707106781187,0.,-0.707106781187));
#5276 = DIRECTION('',(0.,1.,0.));
#5277 = PCURVE('',#5223,#5278);
#5278 = DEFINITIONAL_REPRESENTATION('',(#5279),#5283);
#5279 = LINE('',#5280,#5281);
#5280 = CARTESIAN_POINT('',(-0.,0.));
#5281 = VECTOR('',#5282,1.);
#5282 = DIRECTION('',(-1.,0.));
#5283 = ( GEOMETRIC_REPRESENTATION_CONTEXT(2) 
PARAMETRIC_REPRESENTATION_CONTEXT() REPRESENTATION_CONTEXT('2D SPACE',''
  ) );
#5284 = PCURVE('',#5285,#5290);
#5285 = PLANE('',#5286);
#5286 = AXIS2_PLACEMENT_3D('',#5287,#5288,#5289);
#5287 = CARTESIAN_POINT('',(35.251262658471,-25.,25.251262658471));
#5288 = DIRECTION('',(0.707106781187,0.,-0.707106781187));
#5289 = DIRECTION('',(0.707106781187,0.,0.707106781187));
#5290 = DEFINITIONAL_REPRESENTATION('',(#5291),#5295);
#5291 = CIRCLE('',#5292,1.2);
#5292 = AXIS2_PLACEMENT_2D('',#5293,#5294);
#5293 = CARTESIAN_POINT('',(64.,-16.));
#5294 = DIRECTION('',(0.,-1.));
#5295 = ( GEOMETRIC_REPRESENTATION_CONTEXT(2) 
PARAMETRIC_REPRESENTATION_CONTEXT() REPRESENTATION_CONTEXT('2D SPACE',''
  ) );
#5296 = ADVANCED_FACE('',(#5297),#5285,.F.);
#5297 = FACE_BOUND('',#5298,.F.);
#5298 = EDGE_LOOP('',(#5299));
#5299 = ORIENTED_EDGE('',*,*,#5270,.T.);
#5300 = ADVANCED_FACE('',(#5301),#5257,.T.);
#5301 = FACE_BOUND('',#5302,.T.);
#5302 = EDGE_LOOP('',(#5303));
#5303 = ORIENTED_EDGE('',*,*,#5242,.T.);
#5304 = ( GEOMETRIC_REPRESENTATION_CONTEXT(3) 
GLOBAL_UNCERTAINTY_ASSIGNED_CONTEXT((#5308)) 
GLOBAL_UNIT_ASSIGNED_CONTEXT((#5305,#5306,#5307)) REPRESENTATION_CONTEXT
('Context #1','3D Context with UNIT and UNCERTAINTY') );
#5305 = ( LENGTH_UNIT() NAMED_UNIT(*) SI_UNIT(.MILLI.,.METRE.) );
#5306 = ( NAMED_UNIT(*) PLANE_ANGLE_UNIT() SI_UNIT($,.RADIAN.) );
#5307 = ( NAMED_UNIT(*) SI_UNIT($,.STERADIAN.) SOLID_ANGLE_UNIT() );
#5308 = UNCERTAINTY_MEASURE_WITH_UNIT(LENGTH_MEASURE(1.E-07),#5305,
  'distance_accuracy_value','confusion accuracy');
#5309 = CONTEXT_DEPENDENT_SHAPE_REPRESENTATION(#5310,#5312);
#5310 = ( REPRESENTATION_RELATIONSHIP('','',#5205,#10) 
REPRESENTATION_RELATIONSHIP_WITH_TRANSFORMATION(#5311) 
SHAPE_REPRESENTATION_RELATIONSHIP() );
#5311 = ITEM_DEFINED_TRANSFORMATION('','',#11,#123);
#5312 = PRODUCT_DEFINITION_SHAPE('Placement','Placement of an item',
  #5313);
#5313 = NEXT_ASSEMBLY_USAGE_OCCURRENCE('28','','',#5,#5200,$);
#5314 = PRODUCT_RELATED_PRODUCT_CATEGORY('part',$,(#5202));
ENDSEC;
END-ISO-10303-21;
