ISO-10303-21;
HEADER;
FILE_DESCRIPTION(('Open CASCADE Model'),'2;1');
FILE_NAME('Open CASCADE Shape Model','2026-04-17T21:08:08',('Author'),(
    'Open CASCADE'),'Open CASCADE STEP processor 7.8','Open CASCADE 7.8'
  ,'Unknown');
FILE_SCHEMA(('AUTOMOTIVE_DESIGN { 1 0 10303 214 1 1 1 1 }'));
ENDSEC;
DATA;
#1 = APPLICATION_PROTOCOL_DEFINITION('international standard',
  'automotive_design',2000,#2);
#2 = APPLICATION_CONTEXT(
  'core data for automotive mechanical design processes');
#3 = SHAPE_DEFINITION_REPRESENTATION(#4,#10);
#4 = PRODUCT_DEFINITION_SHAPE('','',#5);
#5 = PRODUCT_DEFINITION('design','',#6,#9);
#6 = PRODUCT_DEFINITION_FORMATION('','',#7);
#7 = PRODUCT('Open CASCADE STEP translator 7.8 1',
  'Open CASCADE STEP translator 7.8 1','',(#8));
#8 = PRODUCT_CONTEXT('',#2,'mechanical');
#9 = PRODUCT_DEFINITION_CONTEXT('part definition',#2,'design');
#10 = SHAPE_REPRESENTATION('',(#11,#15,#19,#23,#27,#31,#35,#39,#43,#47,
    #51,#55,#59,#63,#67,#71,#75,#79,#83,#87,#91,#95,#99,#103,#107,#111,
    #115,#119,#123,#127,#131,#135,#139,#143),#147);
#11 = AXIS2_PLACEMENT_3D('',#12,#13,#14);
#12 = CARTESIAN_POINT('',(0.,0.,0.));
#13 = DIRECTION('',(0.,0.,1.));
#14 = DIRECTION('',(1.,0.,-0.));
#15 = AXIS2_PLACEMENT_3D('',#16,#17,#18);
#16 = CARTESIAN_POINT('',(0.,0.,0.));
#17 = DIRECTION('',(0.,0.,1.));
#18 = DIRECTION('',(1.,0.,-0.));
#19 = AXIS2_PLACEMENT_3D('',#20,#21,#22);
#20 = CARTESIAN_POINT('',(0.,0.,0.));
#21 = DIRECTION('',(0.,0.,1.));
#22 = DIRECTION('',(1.,0.,-0.));
#23 = AXIS2_PLACEMENT_3D('',#24,#25,#26);
#24 = CARTESIAN_POINT('',(0.,0.,0.));
#25 = DIRECTION('',(0.,0.,1.));
#26 = DIRECTION('',(1.,0.,-0.));
#27 = AXIS2_PLACEMENT_3D('',#28,#29,#30);
#28 = CARTESIAN_POINT('',(0.,0.,0.));
#29 = DIRECTION('',(0.,0.,1.));
#30 = DIRECTION('',(1.,0.,-0.));
#31 = AXIS2_PLACEMENT_3D('',#32,#33,#34);
#32 = CARTESIAN_POINT('',(0.,0.,0.));
#33 = DIRECTION('',(0.,0.,1.));
#34 = DIRECTION('',(1.,0.,-0.));
#35 = AXIS2_PLACEMENT_3D('',#36,#37,#38);
#36 = CARTESIAN_POINT('',(0.,0.,0.));
#37 = DIRECTION('',(0.,0.,1.));
#38 = DIRECTION('',(1.,0.,-0.));
#39 = AXIS2_PLACEMENT_3D('',#40,#41,#42);
#40 = CARTESIAN_POINT('',(0.,0.,0.));
#41 = DIRECTION('',(0.,0.,1.));
#42 = DIRECTION('',(1.,0.,-0.));
#43 = AXIS2_PLACEMENT_3D('',#44,#45,#46);
#44 = CARTESIAN_POINT('',(0.,0.,0.));
#45 = DIRECTION('',(0.,0.,1.));
#46 = DIRECTION('',(1.,0.,-0.));
#47 = AXIS2_PLACEMENT_3D('',#48,#49,#50);
#48 = CARTESIAN_POINT('',(0.,0.,0.));
#49 = DIRECTION('',(0.,0.,1.));
#50 = DIRECTION('',(1.,0.,-0.));
#51 = AXIS2_PLACEMENT_3D('',#52,#53,#54);
#52 = CARTESIAN_POINT('',(0.,0.,0.));
#53 = DIRECTION('',(0.,0.,1.));
#54 = DIRECTION('',(1.,0.,-0.));
#55 = AXIS2_PLACEMENT_3D('',#56,#57,#58);
#56 = CARTESIAN_POINT('',(0.,0.,0.));
#57 = DIRECTION('',(0.,0.,1.));
#58 = DIRECTION('',(1.,0.,-0.));
#59 = AXIS2_PLACEMENT_3D('',#60,#61,#62);
#60 = CARTESIAN_POINT('',(0.,0.,0.));
#61 = DIRECTION('',(0.,0.,1.));
#62 = DIRECTION('',(1.,0.,-0.));
#63 = AXIS2_PLACEMENT_3D('',#64,#65,#66);
#64 = CARTESIAN_POINT('',(0.,0.,0.));
#65 = DIRECTION('',(0.,0.,1.));
#66 = DIRECTION('',(1.,0.,-0.));
#67 = AXIS2_PLACEMENT_3D('',#68,#69,#70);
#68 = CARTESIAN_POINT('',(0.,0.,0.));
#69 = DIRECTION('',(0.,0.,1.));
#70 = DIRECTION('',(1.,0.,-0.));
#71 = AXIS2_PLACEMENT_3D('',#72,#73,#74);
#72 = CARTESIAN_POINT('',(0.,0.,0.));
#73 = DIRECTION('',(0.,0.,1.));
#74 = DIRECTION('',(1.,0.,-0.));
#75 = AXIS2_PLACEMENT_3D('',#76,#77,#78);
#76 = CARTESIAN_POINT('',(0.,0.,0.));
#77 = DIRECTION('',(0.,0.,1.));
#78 = DIRECTION('',(1.,0.,-0.));
#79 = AXIS2_PLACEMENT_3D('',#80,#81,#82);
#80 = CARTESIAN_POINT('',(0.,0.,0.));
#81 = DIRECTION('',(0.,0.,1.));
#82 = DIRECTION('',(1.,0.,-0.));
#83 = AXIS2_PLACEMENT_3D('',#84,#85,#86);
#84 = CARTESIAN_POINT('',(0.,0.,0.));
#85 = DIRECTION('',(0.,0.,1.));
#86 = DIRECTION('',(1.,0.,-0.));
#87 = AXIS2_PLACEMENT_3D('',#88,#89,#90);
#88 = CARTESIAN_POINT('',(0.,0.,0.));
#89 = DIRECTION('',(0.,0.,1.));
#90 = DIRECTION('',(1.,0.,-0.));
#91 = AXIS2_PLACEMENT_3D('',#92,#93,#94);
#92 = CARTESIAN_POINT('',(0.,0.,0.));
#93 = DIRECTION('',(0.,0.,1.));
#94 = DIRECTION('',(1.,0.,-0.));
#95 = AXIS2_PLACEMENT_3D('',#96,#97,#98);
#96 = CARTESIAN_POINT('',(0.,0.,0.));
#97 = DIRECTION('',(0.,0.,1.));
#98 = DIRECTION('',(1.,0.,-0.));
#99 = AXIS2_PLACEMENT_3D('',#100,#101,#102);
#100 = CARTESIAN_POINT('',(0.,0.,0.));
#101 = DIRECTION('',(0.,0.,1.));
#102 = DIRECTION('',(1.,0.,-0.));
#103 = AXIS2_PLACEMENT_3D('',#104,#105,#106);
#104 = CARTESIAN_POINT('',(0.,0.,0.));
#105 = DIRECTION('',(0.,0.,1.));
#106 = DIRECTION('',(1.,0.,-0.));
#107 = AXIS2_PLACEMENT_3D('',#108,#109,#110);
#108 = CARTESIAN_POINT('',(0.,0.,0.));
#109 = DIRECTION('',(0.,0.,1.));
#110 = DIRECTION('',(1.,0.,-0.));
#111 = AXIS2_PLACEMENT_3D('',#112,#113,#114);
#112 = CARTESIAN_POINT('',(0.,0.,0.));
#113 = DIRECTION('',(0.,0.,1.));
#114 = DIRECTION('',(1.,0.,-0.));
#115 = AXIS2_PLACEMENT_3D('',#116,#117,#118);
#116 = CARTESIAN_POINT('',(0.,0.,0.));
#117 = DIRECTION('',(0.,0.,1.));
#118 = DIRECTION('',(1.,0.,-0.));
#119 = AXIS2_PLACEMENT_3D('',#120,#121,#122);
#120 = CARTESIAN_POINT('',(0.,0.,0.));
#121 = DIRECTION('',(0.,0.,1.));
#122 = DIRECTION('',(1.,0.,-0.));
#123 = AXIS2_PLACEMENT_3D('',#124,#125,#126);
#124 = CARTESIAN_POINT('',(0.,0.,0.));
#125 = DIRECTION('',(0.,0.,1.));
#126 = DIRECTION('',(1.,0.,-0.));
#127 = AXIS2_PLACEMENT_3D('',#128,#129,#130);
#128 = CARTESIAN_POINT('',(0.,0.,0.));
#129 = DIRECTION('',(0.,0.,1.));
#130 = DIRECTION('',(1.,0.,-0.));
#131 = AXIS2_PLACEMENT_3D('',#132,#133,#134);
#132 = CARTESIAN_POINT('',(0.,0.,0.));
#133 = DIRECTION('',(0.,0.,1.));
#134 = DIRECTION('',(1.,0.,-0.));
#135 = AXIS2_PLACEMENT_3D('',#136,#137,#138);
#136 = CARTESIAN_POINT('',(0.,0.,0.));
#137 = DIRECTION('',(0.,0.,1.));
#138 = DIRECTION('',(1.,0.,-0.));
#139 = AXIS2_PLACEMENT_3D('',#140,#141,#142);
#140 = CARTESIAN_POINT('',(0.,0.,0.));
#141 = DIRECTION('',(0.,0.,1.));
#142 = DIRECTION('',(1.,0.,-0.));
#143 = AXIS2_PLACEMENT_3D('',#144,#145,#146);
#144 = CARTESIAN_POINT('',(0.,0.,0.));
#145 = DIRECTION('',(0.,0.,1.));
#146 = DIRECTION('',(1.,0.,-0.));
#147 = ( GEOMETRIC_REPRESENTATION_CONTEXT(3) 
GLOBAL_UNCERTAINTY_ASSIGNED_CONTEXT((#151)) GLOBAL_UNIT_ASSIGNED_CONTEXT
((#148,#149,#150)) REPRESENTATION_CONTEXT('Context #1',
  '3D Context with UNIT and UNCERTAINTY') );
#148 = ( LENGTH_UNIT() NAMED_UNIT(*) SI_UNIT(.MILLI.,.METRE.) );
#149 = ( NAMED_UNIT(*) PLANE_ANGLE_UNIT() SI_UNIT($,.RADIAN.) );
#150 = ( NAMED_UNIT(*) SI_UNIT($,.STERADIAN.) SOLID_ANGLE_UNIT() );
#151 = UNCERTAINTY_MEASURE_WITH_UNIT(LENGTH_MEASURE(1.E-07),#148,
  'distance_accuracy_value','confusion accuracy');
#152 = PRODUCT_RELATED_PRODUCT_CATEGORY('part',$,(#7));
#153 = SHAPE_DEFINITION_REPRESENTATION(#154,#160);
#154 = PRODUCT_DEFINITION_SHAPE('','',#155);
#155 = PRODUCT_DEFINITION('design','',#156,#159);
#156 = PRODUCT_DEFINITION_FORMATION('','',#157);
#157 = PRODUCT('Open CASCADE STEP translator 7.8 1.1',
  'Open CASCADE STEP translator 7.8 1.1','',(#158));
#158 = PRODUCT_CONTEXT('',#2,'mechanical');
#159 = PRODUCT_DEFINITION_CONTEXT('part definition',#2,'design');
#160 = ADVANCED_BREP_SHAPE_REPRESENTATION('',(#11,#161),#1255);
#161 = MANIFOLD_SOLID_BREP('',#162);
#162 = CLOSED_SHELL('',(#163,#339,#420,#525,#574,#645,#757,#897,#962,
    #991,#1051,#1078,#1179,#1185,#1234,#1239,#1244,#1251));
#163 = ADVANCED_FACE('',(#164),#178,.F.);
#164 = FACE_BOUND('',#165,.F.);
#165 = EDGE_LOOP('',(#166,#201,#229,#257,#285,#313));
#166 = ORIENTED_EDGE('',*,*,#167,.F.);
#167 = EDGE_CURVE('',#168,#170,#172,.T.);
#168 = VERTEX_POINT('',#169);
#169 = CARTESIAN_POINT('',(36.,10.,88.));
#170 = VERTEX_POINT('',#171);
#171 = CARTESIAN_POINT('',(36.,10.,80.));
#172 = SURFACE_CURVE('',#173,(#177,#189),.PCURVE_S1.);
#173 = LINE('',#174,#175);
#174 = CARTESIAN_POINT('',(36.,10.,90.));
#175 = VECTOR('',#176,1.);
#176 = DIRECTION('',(0.,0.,-1.));
#177 = PCURVE('',#178,#183);
#178 = PLANE('',#179);
#179 = AXIS2_PLACEMENT_3D('',#180,#181,#182);
#180 = CARTESIAN_POINT('',(63.459102668238,10.,23.999857627513));
#181 = DIRECTION('',(-0.,-1.,-0.));
#182 = DIRECTION('',(0.,0.,-1.));
#183 = DEFINITIONAL_REPRESENTATION('',(#184),#188);
#184 = LINE('',#185,#186);
#185 = CARTESIAN_POINT('',(-66.00014237248,-27.45910266823));
#186 = VECTOR('',#187,1.);
#187 = DIRECTION('',(1.,0.));
#188 = ( GEOMETRIC_REPRESENTATION_CONTEXT(2) 
PARAMETRIC_REPRESENTATION_CONTEXT() REPRESENTATION_CONTEXT('2D SPACE',''
  ) );
#189 = PCURVE('',#190,#195);
#190 = PLANE('',#191);
#191 = AXIS2_PLACEMENT_3D('',#192,#193,#194);
#192 = CARTESIAN_POINT('',(36.,10.,90.));
#193 = DIRECTION('',(1.,0.,0.));
#194 = DIRECTION('',(0.,0.,-1.));
#195 = DEFINITIONAL_REPRESENTATION('',(#196),#200);
#196 = LINE('',#197,#198);
#197 = CARTESIAN_POINT('',(0.,0.));
#198 = VECTOR('',#199,1.);
#199 = DIRECTION('',(1.,0.));
#200 = ( GEOMETRIC_REPRESENTATION_CONTEXT(2) 
PARAMETRIC_REPRESENTATION_CONTEXT() REPRESENTATION_CONTEXT('2D SPACE',''
  ) );
#201 = ORIENTED_EDGE('',*,*,#202,.F.);
#202 = EDGE_CURVE('',#203,#168,#205,.T.);
#203 = VERTEX_POINT('',#204);
#204 = CARTESIAN_POINT('',(30.,10.,88.));
#205 = SURFACE_CURVE('',#206,(#210,#217),.PCURVE_S1.);
#206 = LINE('',#207,#208);
#207 = CARTESIAN_POINT('',(30.,10.,88.));
#208 = VECTOR('',#209,1.);
#209 = DIRECTION('',(1.,0.,0.));
#210 = PCURVE('',#178,#211);
#211 = DEFINITIONAL_REPRESENTATION('',(#212),#216);
#212 = LINE('',#213,#214);
#213 = CARTESIAN_POINT('',(-64.00014237248,-33.45910266823));
#214 = VECTOR('',#215,1.);
#215 = DIRECTION('',(0.,1.));
#216 = ( GEOMETRIC_REPRESENTATION_CONTEXT(2) 
PARAMETRIC_REPRESENTATION_CONTEXT() REPRESENTATION_CONTEXT('2D SPACE',''
  ) );
#217 = PCURVE('',#218,#223);
#218 = CYLINDRICAL_SURFACE('',#219,2.);
#219 = AXIS2_PLACEMENT_3D('',#220,#221,#222);
#220 = CARTESIAN_POINT('',(30.,8.,88.));
#221 = DIRECTION('',(1.,0.,0.));
#222 = DIRECTION('',(-0.,1.,0.));
#223 = DEFINITIONAL_REPRESENTATION('',(#224),#228);
#224 = LINE('',#225,#226);
#225 = CARTESIAN_POINT('',(0.,0.));
#226 = VECTOR('',#227,1.);
#227 = DIRECTION('',(0.,1.));
#228 = ( GEOMETRIC_REPRESENTATION_CONTEXT(2) 
PARAMETRIC_REPRESENTATION_CONTEXT() REPRESENTATION_CONTEXT('2D SPACE',''
  ) );
#229 = ORIENTED_EDGE('',*,*,#230,.F.);
#230 = EDGE_CURVE('',#231,#203,#233,.T.);
#231 = VERTEX_POINT('',#232);
#232 = CARTESIAN_POINT('',(30.,10.,80.));
#233 = SURFACE_CURVE('',#234,(#238,#245),.PCURVE_S1.);
#234 = LINE('',#235,#236);
#235 = CARTESIAN_POINT('',(30.,10.,80.));
#236 = VECTOR('',#237,1.);
#237 = DIRECTION('',(-3.552713678801E-16,0.,1.));
#238 = PCURVE('',#178,#239);
#239 = DEFINITIONAL_REPRESENTATION('',(#240),#244);
#240 = LINE('',#241,#242);
#241 = CARTESIAN_POINT('',(-56.00014237248,-33.45910266823));
#242 = VECTOR('',#243,1.);
#243 = DIRECTION('',(-1.,-3.552713678801E-16));
#244 = ( GEOMETRIC_REPRESENTATION_CONTEXT(2) 
PARAMETRIC_REPRESENTATION_CONTEXT() REPRESENTATION_CONTEXT('2D SPACE',''
  ) );
#245 = PCURVE('',#246,#251);
#246 = PLANE('',#247);
#247 = AXIS2_PLACEMENT_3D('',#248,#249,#250);
#248 = CARTESIAN_POINT('',(30.,10.,80.));
#249 = DIRECTION('',(-1.,-0.,-3.552713678801E-16));
#250 = DIRECTION('',(-3.552713678801E-16,0.,1.));
#251 = DEFINITIONAL_REPRESENTATION('',(#252),#256);
#252 = LINE('',#253,#254);
#253 = CARTESIAN_POINT('',(0.,0.));
#254 = VECTOR('',#255,1.);
#255 = DIRECTION('',(1.,0.));
#256 = ( GEOMETRIC_REPRESENTATION_CONTEXT(2) 
PARAMETRIC_REPRESENTATION_CONTEXT() REPRESENTATION_CONTEXT('2D SPACE',''
  ) );
#257 = ORIENTED_EDGE('',*,*,#258,.F.);
#258 = EDGE_CURVE('',#259,#231,#261,.T.);
#259 = VERTEX_POINT('',#260);
#260 = CARTESIAN_POINT('',(100.,10.,10.));
#261 = SURFACE_CURVE('',#262,(#266,#273),.PCURVE_S1.);
#262 = LINE('',#263,#264);
#263 = CARTESIAN_POINT('',(100.,10.,10.));
#264 = VECTOR('',#265,1.);
#265 = DIRECTION('',(-0.707106781187,0.,0.707106781187));
#266 = PCURVE('',#178,#267);
#267 = DEFINITIONAL_REPRESENTATION('',(#268),#272);
#268 = LINE('',#269,#270);
#269 = CARTESIAN_POINT('',(13.999857627513,36.540897331762));
#270 = VECTOR('',#271,1.);
#271 = DIRECTION('',(-0.707106781187,-0.707106781187));
#272 = ( GEOMETRIC_REPRESENTATION_CONTEXT(2) 
PARAMETRIC_REPRESENTATION_CONTEXT() REPRESENTATION_CONTEXT('2D SPACE',''
  ) );
#273 = PCURVE('',#274,#279);
#274 = PLANE('',#275);
#275 = AXIS2_PLACEMENT_3D('',#276,#277,#278);
#276 = CARTESIAN_POINT('',(100.,10.,10.));
#277 = DIRECTION('',(-0.707106781187,-0.,-0.707106781187));
#278 = DIRECTION('',(-0.707106781187,0.,0.707106781187));
#279 = DEFINITIONAL_REPRESENTATION('',(#280),#284);
#280 = LINE('',#281,#282);
#281 = CARTESIAN_POINT('',(0.,0.));
#282 = VECTOR('',#283,1.);
#283 = DIRECTION('',(1.,0.));
#284 = ( GEOMETRIC_REPRESENTATION_CONTEXT(2) 
PARAMETRIC_REPRESENTATION_CONTEXT() REPRESENTATION_CONTEXT('2D SPACE',''
  ) );
#285 = ORIENTED_EDGE('',*,*,#286,.F.);
#286 = EDGE_CURVE('',#287,#259,#289,.T.);
#287 = VERTEX_POINT('',#288);
#288 = CARTESIAN_POINT('',(42.,10.,80.));
#289 = SURFACE_CURVE('',#290,(#294,#301),.PCURVE_S1.);
#290 = LINE('',#291,#292);
#291 = CARTESIAN_POINT('',(42.,10.,80.));
#292 = VECTOR('',#293,1.);
#293 = DIRECTION('',(0.63801786475,0.,-0.770021560906));
#294 = PCURVE('',#178,#295);
#295 = DEFINITIONAL_REPRESENTATION('',(#296),#300);
#296 = LINE('',#297,#298);
#297 = CARTESIAN_POINT('',(-56.00014237248,-21.45910266823));
#298 = VECTOR('',#299,1.);
#299 = DIRECTION('',(0.770021560906,0.63801786475));
#300 = ( GEOMETRIC_REPRESENTATION_CONTEXT(2) 
PARAMETRIC_REPRESENTATION_CONTEXT() REPRESENTATION_CONTEXT('2D SPACE',''
  ) );
#301 = PCURVE('',#302,#307);
#302 = PLANE('',#303);
#303 = AXIS2_PLACEMENT_3D('',#304,#305,#306);
#304 = CARTESIAN_POINT('',(42.,10.,80.));
#305 = DIRECTION('',(0.770021560906,0.,0.63801786475));
#306 = DIRECTION('',(0.63801786475,0.,-0.770021560906));
#307 = DEFINITIONAL_REPRESENTATION('',(#308),#312);
#308 = LINE('',#309,#310);
#309 = CARTESIAN_POINT('',(0.,0.));
#310 = VECTOR('',#311,1.);
#311 = DIRECTION('',(1.,0.));
#312 = ( GEOMETRIC_REPRESENTATION_CONTEXT(2) 
PARAMETRIC_REPRESENTATION_CONTEXT() REPRESENTATION_CONTEXT('2D SPACE',''
  ) );
#313 = ORIENTED_EDGE('',*,*,#314,.F.);
#314 = EDGE_CURVE('',#170,#287,#315,.T.);
#315 = SURFACE_CURVE('',#316,(#320,#327),.PCURVE_S1.);
#316 = LINE('',#317,#318);
#317 = CARTESIAN_POINT('',(36.,10.,80.));
#318 = VECTOR('',#319,1.);
#319 = DIRECTION('',(1.,0.,0.));
#320 = PCURVE('',#178,#321);
#321 = DEFINITIONAL_REPRESENTATION('',(#322),#326);
#322 = LINE('',#323,#324);
#323 = CARTESIAN_POINT('',(-56.00014237248,-27.45910266823));
#324 = VECTOR('',#325,1.);
#325 = DIRECTION('',(0.,1.));
#326 = ( GEOMETRIC_REPRESENTATION_CONTEXT(2) 
PARAMETRIC_REPRESENTATION_CONTEXT() REPRESENTATION_CONTEXT('2D SPACE',''
  ) );
#327 = PCURVE('',#328,#333);
#328 = PLANE('',#329);
#329 = AXIS2_PLACEMENT_3D('',#330,#331,#332);
#330 = CARTESIAN_POINT('',(36.,10.,80.));
#331 = DIRECTION('',(-0.,0.,1.));
#332 = DIRECTION('',(1.,0.,0.));
#333 = DEFINITIONAL_REPRESENTATION('',(#334),#338);
#334 = LINE('',#335,#336);
#335 = CARTESIAN_POINT('',(0.,0.));
#336 = VECTOR('',#337,1.);
#337 = DIRECTION('',(1.,0.));
#338 = ( GEOMETRIC_REPRESENTATION_CONTEXT(2) 
PARAMETRIC_REPRESENTATION_CONTEXT() REPRESENTATION_CONTEXT('2D SPACE',''
  ) );
#339 = ADVANCED_FACE('',(#340),#190,.T.);
#340 = FACE_BOUND('',#341,.T.);
#341 = EDGE_LOOP('',(#342,#343,#371,#399));
#342 = ORIENTED_EDGE('',*,*,#167,.F.);
#343 = ORIENTED_EDGE('',*,*,#344,.T.);
#344 = EDGE_CURVE('',#168,#345,#347,.T.);
#345 = VERTEX_POINT('',#346);
#346 = CARTESIAN_POINT('',(36.,-70.,88.));
#347 = SURFACE_CURVE('',#348,(#352,#359),.PCURVE_S1.);
#348 = LINE('',#349,#350);
#349 = CARTESIAN_POINT('',(36.,10.,88.));
#350 = VECTOR('',#351,1.);
#351 = DIRECTION('',(0.,-1.,0.));
#352 = PCURVE('',#190,#353);
#353 = DEFINITIONAL_REPRESENTATION('',(#354),#358);
#354 = LINE('',#355,#356);
#355 = CARTESIAN_POINT('',(2.,0.));
#356 = VECTOR('',#357,1.);
#357 = DIRECTION('',(0.,-1.));
#358 = ( GEOMETRIC_REPRESENTATION_CONTEXT(2) 
PARAMETRIC_REPRESENTATION_CONTEXT() REPRESENTATION_CONTEXT('2D SPACE',''
  ) );
#359 = PCURVE('',#360,#365);
#360 = CYLINDRICAL_SURFACE('',#361,2.);
#361 = AXIS2_PLACEMENT_3D('',#362,#363,#364);
#362 = CARTESIAN_POINT('',(34.,10.,88.));
#363 = DIRECTION('',(0.,-1.,0.));
#364 = DIRECTION('',(1.,0.,0.));
#365 = DEFINITIONAL_REPRESENTATION('',(#366),#370);
#366 = LINE('',#367,#368);
#367 = CARTESIAN_POINT('',(0.,0.));
#368 = VECTOR('',#369,1.);
#369 = DIRECTION('',(0.,1.));
#370 = ( GEOMETRIC_REPRESENTATION_CONTEXT(2) 
PARAMETRIC_REPRESENTATION_CONTEXT() REPRESENTATION_CONTEXT('2D SPACE',''
  ) );
#371 = ORIENTED_EDGE('',*,*,#372,.T.);
#372 = EDGE_CURVE('',#345,#373,#375,.T.);
#373 = VERTEX_POINT('',#374);
#374 = CARTESIAN_POINT('',(36.,-70.,80.));
#375 = SURFACE_CURVE('',#376,(#380,#387),.PCURVE_S1.);
#376 = LINE('',#377,#378);
#377 = CARTESIAN_POINT('',(36.,-70.,90.));
#378 = VECTOR('',#379,1.);
#379 = DIRECTION('',(0.,0.,-1.));
#380 = PCURVE('',#190,#381);
#381 = DEFINITIONAL_REPRESENTATION('',(#382),#386);
#382 = LINE('',#383,#384);
#383 = CARTESIAN_POINT('',(0.,-80.));
#384 = VECTOR('',#385,1.);
#385 = DIRECTION('',(1.,0.));
#386 = ( GEOMETRIC_REPRESENTATION_CONTEXT(2) 
PARAMETRIC_REPRESENTATION_CONTEXT() REPRESENTATION_CONTEXT('2D SPACE',''
  ) );
#387 = PCURVE('',#388,#393);
#388 = PLANE('',#389);
#389 = AXIS2_PLACEMENT_3D('',#390,#391,#392);
#390 = CARTESIAN_POINT('',(63.459102668238,-70.,23.999857627513));
#391 = DIRECTION('',(-0.,-1.,-0.));
#392 = DIRECTION('',(0.,0.,-1.));
#393 = DEFINITIONAL_REPRESENTATION('',(#394),#398);
#394 = LINE('',#395,#396);
#395 = CARTESIAN_POINT('',(-66.00014237248,-27.45910266823));
#396 = VECTOR('',#397,1.);
#397 = DIRECTION('',(1.,0.));
#398 = ( GEOMETRIC_REPRESENTATION_CONTEXT(2) 
PARAMETRIC_REPRESENTATION_CONTEXT() REPRESENTATION_CONTEXT('2D SPACE',''
  ) );
#399 = ORIENTED_EDGE('',*,*,#400,.F.);
#400 = EDGE_CURVE('',#170,#373,#401,.T.);
#401 = SURFACE_CURVE('',#402,(#406,#413),.PCURVE_S1.);
#402 = LINE('',#403,#404);
#403 = CARTESIAN_POINT('',(36.,10.,80.));
#404 = VECTOR('',#405,1.);
#405 = DIRECTION('',(0.,-1.,0.));
#406 = PCURVE('',#190,#407);
#407 = DEFINITIONAL_REPRESENTATION('',(#408),#412);
#408 = LINE('',#409,#410);
#409 = CARTESIAN_POINT('',(10.,0.));
#410 = VECTOR('',#411,1.);
#411 = DIRECTION('',(0.,-1.));
#412 = ( GEOMETRIC_REPRESENTATION_CONTEXT(2) 
PARAMETRIC_REPRESENTATION_CONTEXT() REPRESENTATION_CONTEXT('2D SPACE',''
  ) );
#413 = PCURVE('',#328,#414);
#414 = DEFINITIONAL_REPRESENTATION('',(#415),#419);
#415 = LINE('',#416,#417);
#416 = CARTESIAN_POINT('',(0.,0.));
#417 = VECTOR('',#418,1.);
#418 = DIRECTION('',(0.,-1.));
#419 = ( GEOMETRIC_REPRESENTATION_CONTEXT(2) 
PARAMETRIC_REPRESENTATION_CONTEXT() REPRESENTATION_CONTEXT('2D SPACE',''
  ) );
#420 = ADVANCED_FACE('',(#421),#218,.T.);
#421 = FACE_BOUND('',#422,.T.);
#422 = EDGE_LOOP('',(#423,#463,#491,#524));
#423 = ORIENTED_EDGE('',*,*,#424,.T.);
#424 = EDGE_CURVE('',#203,#425,#427,.T.);
#425 = VERTEX_POINT('',#426);
#426 = CARTESIAN_POINT('',(32.,8.,90.));
#427 = SURFACE_CURVE('',#428,(#433,#445),.PCURVE_S1.);
#428 = ELLIPSE('',#429,2.828427124746,2.);
#429 = AXIS2_PLACEMENT_3D('',#430,#431,#432);
#430 = CARTESIAN_POINT('',(32.,8.,88.));
#431 = DIRECTION('',(0.707106781187,0.707106781187,0.));
#432 = DIRECTION('',(0.707106781187,-0.707106781187,0.));
#433 = PCURVE('',#218,#434);
#434 = DEFINITIONAL_REPRESENTATION('',(#435),#444);
#435 = B_SPLINE_CURVE_WITH_KNOTS('',7,(#436,#437,#438,#439,#440,#441,
    #442,#443),.UNSPECIFIED.,.F.,.F.,(8,8),(3.14159265359,4.712388980385
    ),.PIECEWISE_BEZIER_KNOTS.);
#436 = CARTESIAN_POINT('',(0.,0.));
#437 = CARTESIAN_POINT('',(0.224399475256,-6.933368618316E-15));
#438 = CARTESIAN_POINT('',(0.448799055753,0.117497537152));
#439 = CARTESIAN_POINT('',(0.673198288166,0.352474656493));
#440 = CARTESIAN_POINT('',(0.897597857639,0.690506426235));
#441 = CARTESIAN_POINT('',(1.121997450402,1.102403983079));
#442 = CARTESIAN_POINT('',(1.346396851538,1.551201049487));
#443 = CARTESIAN_POINT('',(1.570796326795,2.));
#444 = ( GEOMETRIC_REPRESENTATION_CONTEXT(2) 
PARAMETRIC_REPRESENTATION_CONTEXT() REPRESENTATION_CONTEXT('2D SPACE',''
  ) );
#445 = PCURVE('',#446,#451);
#446 = CYLINDRICAL_SURFACE('',#447,2.);
#447 = AXIS2_PLACEMENT_3D('',#448,#449,#450);
#448 = CARTESIAN_POINT('',(32.,10.,88.));
#449 = DIRECTION('',(0.,-1.,0.));
#450 = DIRECTION('',(-1.,-0.,-3.552713678801E-16));
#451 = DEFINITIONAL_REPRESENTATION('',(#452),#462);
#452 = B_SPLINE_CURVE_WITH_KNOTS('',8,(#453,#454,#455,#456,#457,#458,
    #459,#460,#461),.UNSPECIFIED.,.F.,.F.,(9,9),(3.14159265359,
    4.712388980385),.PIECEWISE_BEZIER_KNOTS.);
#453 = CARTESIAN_POINT('',(0.,0.));
#454 = CARTESIAN_POINT('',(-0.196349540849,-4.809176734304E-17));
#455 = CARTESIAN_POINT('',(-0.392699081699,8.812155197228E-02));
#456 = CARTESIAN_POINT('',(-0.589048622546,0.26436390732));
#457 = CARTESIAN_POINT('',(-0.785398163397,0.521482498844));
#458 = CARTESIAN_POINT('',(-0.981747704246,0.844973477577));
#459 = CARTESIAN_POINT('',(-1.178097245096,1.214601743363));
#460 = CARTESIAN_POINT('',(-1.374446785946,1.607300918301));
#461 = CARTESIAN_POINT('',(-1.570796326795,2.));
#462 = ( GEOMETRIC_REPRESENTATION_CONTEXT(2) 
PARAMETRIC_REPRESENTATION_CONTEXT() REPRESENTATION_CONTEXT('2D SPACE',''
  ) );
#463 = ORIENTED_EDGE('',*,*,#464,.T.);
#464 = EDGE_CURVE('',#425,#465,#467,.T.);
#465 = VERTEX_POINT('',#466);
#466 = CARTESIAN_POINT('',(34.,8.,90.));
#467 = SURFACE_CURVE('',#468,(#472,#479),.PCURVE_S1.);
#468 = LINE('',#469,#470);
#469 = CARTESIAN_POINT('',(30.,8.,90.));
#470 = VECTOR('',#471,1.);
#471 = DIRECTION('',(1.,0.,0.));
#472 = PCURVE('',#218,#473);
#473 = DEFINITIONAL_REPRESENTATION('',(#474),#478);
#474 = LINE('',#475,#476);
#475 = CARTESIAN_POINT('',(1.570796326795,0.));
#476 = VECTOR('',#477,1.);
#477 = DIRECTION('',(0.,1.));
#478 = ( GEOMETRIC_REPRESENTATION_CONTEXT(2) 
PARAMETRIC_REPRESENTATION_CONTEXT() REPRESENTATION_CONTEXT('2D SPACE',''
  ) );
#479 = PCURVE('',#480,#485);
#480 = PLANE('',#481);
#481 = AXIS2_PLACEMENT_3D('',#482,#483,#484);
#482 = CARTESIAN_POINT('',(30.,10.,90.));
#483 = DIRECTION('',(-0.,0.,1.));
#484 = DIRECTION('',(1.,0.,0.));
#485 = DEFINITIONAL_REPRESENTATION('',(#486),#490);
#486 = LINE('',#487,#488);
#487 = CARTESIAN_POINT('',(0.,-2.));
#488 = VECTOR('',#489,1.);
#489 = DIRECTION('',(1.,0.));
#490 = ( GEOMETRIC_REPRESENTATION_CONTEXT(2) 
PARAMETRIC_REPRESENTATION_CONTEXT() REPRESENTATION_CONTEXT('2D SPACE',''
  ) );
#491 = ORIENTED_EDGE('',*,*,#492,.F.);
#492 = EDGE_CURVE('',#168,#465,#493,.T.);
#493 = SURFACE_CURVE('',#494,(#499,#511),.PCURVE_S1.);
#494 = ELLIPSE('',#495,2.828427124746,2.);
#495 = AXIS2_PLACEMENT_3D('',#496,#497,#498);
#496 = CARTESIAN_POINT('',(34.,8.,88.));
#497 = DIRECTION('',(0.707106781187,-0.707106781187,0.));
#498 = DIRECTION('',(0.707106781187,0.707106781187,0.));
#499 = PCURVE('',#218,#500);
#500 = DEFINITIONAL_REPRESENTATION('',(#501),#510);
#501 = B_SPLINE_CURVE_WITH_KNOTS('',7,(#502,#503,#504,#505,#506,#507,
    #508,#509),.UNSPECIFIED.,.F.,.F.,(8,8),(0.,1.570796326795),
  .PIECEWISE_BEZIER_KNOTS.);
#502 = CARTESIAN_POINT('',(1.110223024625E-16,6.));
#503 = CARTESIAN_POINT('',(0.224399475256,6.));
#504 = CARTESIAN_POINT('',(0.448799055753,5.882502462849));
#505 = CARTESIAN_POINT('',(0.673198288166,5.647525343506));
#506 = CARTESIAN_POINT('',(0.89759785764,5.309493573767));
#507 = CARTESIAN_POINT('',(1.121997450402,4.89759601692));
#508 = CARTESIAN_POINT('',(1.346396851538,4.448798950513));
#509 = CARTESIAN_POINT('',(1.570796326795,4.));
#510 = ( GEOMETRIC_REPRESENTATION_CONTEXT(2) 
PARAMETRIC_REPRESENTATION_CONTEXT() REPRESENTATION_CONTEXT('2D SPACE',''
  ) );
#511 = PCURVE('',#360,#512);
#512 = DEFINITIONAL_REPRESENTATION('',(#513),#523);
#513 = B_SPLINE_CURVE_WITH_KNOTS('',8,(#514,#515,#516,#517,#518,#519,
    #520,#521,#522),.UNSPECIFIED.,.F.,.F.,(9,9),(0.,1.570796326795),
  .PIECEWISE_BEZIER_KNOTS.);
#514 = CARTESIAN_POINT('',(0.,0.));
#515 = CARTESIAN_POINT('',(0.196349540849,0.));
#516 = CARTESIAN_POINT('',(0.392699081699,8.812155197338E-02));
#517 = CARTESIAN_POINT('',(0.589048622545,0.264363907316));
#518 = CARTESIAN_POINT('',(0.785398163398,0.521482498849));
#519 = CARTESIAN_POINT('',(0.981747704243,0.844973477573));
#520 = CARTESIAN_POINT('',(1.178097245096,1.214601743365));
#521 = CARTESIAN_POINT('',(1.374446785946,1.607300918301));
#522 = CARTESIAN_POINT('',(1.570796326795,2.));
#523 = ( GEOMETRIC_REPRESENTATION_CONTEXT(2) 
PARAMETRIC_REPRESENTATION_CONTEXT() REPRESENTATION_CONTEXT('2D SPACE',''
  ) );
#524 = ORIENTED_EDGE('',*,*,#202,.F.);
#525 = ADVANCED_FACE('',(#526),#328,.T.);
#526 = FACE_BOUND('',#527,.T.);
#527 = EDGE_LOOP('',(#528,#529,#552,#573));
#528 = ORIENTED_EDGE('',*,*,#400,.T.);
#529 = ORIENTED_EDGE('',*,*,#530,.T.);
#530 = EDGE_CURVE('',#373,#531,#533,.T.);
#531 = VERTEX_POINT('',#532);
#532 = CARTESIAN_POINT('',(42.,-70.,80.));
#533 = SURFACE_CURVE('',#534,(#538,#545),.PCURVE_S1.);
#534 = LINE('',#535,#536);
#535 = CARTESIAN_POINT('',(36.,-70.,80.));
#536 = VECTOR('',#537,1.);
#537 = DIRECTION('',(1.,0.,0.));
#538 = PCURVE('',#328,#539);
#539 = DEFINITIONAL_REPRESENTATION('',(#540),#544);
#540 = LINE('',#541,#542);
#541 = CARTESIAN_POINT('',(0.,-80.));
#542 = VECTOR('',#543,1.);
#543 = DIRECTION('',(1.,0.));
#544 = ( GEOMETRIC_REPRESENTATION_CONTEXT(2) 
PARAMETRIC_REPRESENTATION_CONTEXT() REPRESENTATION_CONTEXT('2D SPACE',''
  ) );
#545 = PCURVE('',#388,#546);
#546 = DEFINITIONAL_REPRESENTATION('',(#547),#551);
#547 = LINE('',#548,#549);
#548 = CARTESIAN_POINT('',(-56.00014237248,-27.45910266823));
#549 = VECTOR('',#550,1.);
#550 = DIRECTION('',(0.,1.));
#551 = ( GEOMETRIC_REPRESENTATION_CONTEXT(2) 
PARAMETRIC_REPRESENTATION_CONTEXT() REPRESENTATION_CONTEXT('2D SPACE',''
  ) );
#552 = ORIENTED_EDGE('',*,*,#553,.F.);
#553 = EDGE_CURVE('',#287,#531,#554,.T.);
#554 = SURFACE_CURVE('',#555,(#559,#566),.PCURVE_S1.);
#555 = LINE('',#556,#557);
#556 = CARTESIAN_POINT('',(42.,10.,80.));
#557 = VECTOR('',#558,1.);
#558 = DIRECTION('',(0.,-1.,0.));
#559 = PCURVE('',#328,#560);
#560 = DEFINITIONAL_REPRESENTATION('',(#561),#565);
#561 = LINE('',#562,#563);
#562 = CARTESIAN_POINT('',(6.,0.));
#563 = VECTOR('',#564,1.);
#564 = DIRECTION('',(0.,-1.));
#565 = ( GEOMETRIC_REPRESENTATION_CONTEXT(2) 
PARAMETRIC_REPRESENTATION_CONTEXT() REPRESENTATION_CONTEXT('2D SPACE',''
  ) );
#566 = PCURVE('',#302,#567);
#567 = DEFINITIONAL_REPRESENTATION('',(#568),#572);
#568 = LINE('',#569,#570);
#569 = CARTESIAN_POINT('',(0.,0.));
#570 = VECTOR('',#571,1.);
#571 = DIRECTION('',(0.,-1.));
#572 = ( GEOMETRIC_REPRESENTATION_CONTEXT(2) 
PARAMETRIC_REPRESENTATION_CONTEXT() REPRESENTATION_CONTEXT('2D SPACE',''
  ) );
#573 = ORIENTED_EDGE('',*,*,#314,.F.);
#574 = ADVANCED_FACE('',(#575),#246,.T.);
#575 = FACE_BOUND('',#576,.T.);
#576 = EDGE_LOOP('',(#577,#578,#601,#624));
#577 = ORIENTED_EDGE('',*,*,#230,.F.);
#578 = ORIENTED_EDGE('',*,*,#579,.T.);
#579 = EDGE_CURVE('',#231,#580,#582,.T.);
#580 = VERTEX_POINT('',#581);
#581 = CARTESIAN_POINT('',(30.,-70.,80.));
#582 = SURFACE_CURVE('',#583,(#587,#594),.PCURVE_S1.);
#583 = LINE('',#584,#585);
#584 = CARTESIAN_POINT('',(30.,10.,80.));
#585 = VECTOR('',#586,1.);
#586 = DIRECTION('',(0.,-1.,0.));
#587 = PCURVE('',#246,#588);
#588 = DEFINITIONAL_REPRESENTATION('',(#589),#593);
#589 = LINE('',#590,#591);
#590 = CARTESIAN_POINT('',(0.,0.));
#591 = VECTOR('',#592,1.);
#592 = DIRECTION('',(0.,-1.));
#593 = ( GEOMETRIC_REPRESENTATION_CONTEXT(2) 
PARAMETRIC_REPRESENTATION_CONTEXT() REPRESENTATION_CONTEXT('2D SPACE',''
  ) );
#594 = PCURVE('',#274,#595);
#595 = DEFINITIONAL_REPRESENTATION('',(#596),#600);
#596 = LINE('',#597,#598);
#597 = CARTESIAN_POINT('',(98.994949366117,0.));
#598 = VECTOR('',#599,1.);
#599 = DIRECTION('',(0.,-1.));
#600 = ( GEOMETRIC_REPRESENTATION_CONTEXT(2) 
PARAMETRIC_REPRESENTATION_CONTEXT() REPRESENTATION_CONTEXT('2D SPACE',''
  ) );
#601 = ORIENTED_EDGE('',*,*,#602,.T.);
#602 = EDGE_CURVE('',#580,#603,#605,.T.);
#603 = VERTEX_POINT('',#604);
#604 = CARTESIAN_POINT('',(30.,-70.,88.));
#605 = SURFACE_CURVE('',#606,(#610,#617),.PCURVE_S1.);
#606 = LINE('',#607,#608);
#607 = CARTESIAN_POINT('',(30.,-70.,80.));
#608 = VECTOR('',#609,1.);
#609 = DIRECTION('',(-3.552713678801E-16,0.,1.));
#610 = PCURVE('',#246,#611);
#611 = DEFINITIONAL_REPRESENTATION('',(#612),#616);
#612 = LINE('',#613,#614);
#613 = CARTESIAN_POINT('',(0.,-80.));
#614 = VECTOR('',#615,1.);
#615 = DIRECTION('',(1.,0.));
#616 = ( GEOMETRIC_REPRESENTATION_CONTEXT(2) 
PARAMETRIC_REPRESENTATION_CONTEXT() REPRESENTATION_CONTEXT('2D SPACE',''
  ) );
#617 = PCURVE('',#388,#618);
#618 = DEFINITIONAL_REPRESENTATION('',(#619),#623);
#619 = LINE('',#620,#621);
#620 = CARTESIAN_POINT('',(-56.00014237248,-33.45910266823));
#621 = VECTOR('',#622,1.);
#622 = DIRECTION('',(-1.,-3.552713678801E-16));
#623 = ( GEOMETRIC_REPRESENTATION_CONTEXT(2) 
PARAMETRIC_REPRESENTATION_CONTEXT() REPRESENTATION_CONTEXT('2D SPACE',''
  ) );
#624 = ORIENTED_EDGE('',*,*,#625,.F.);
#625 = EDGE_CURVE('',#203,#603,#626,.T.);
#626 = SURFACE_CURVE('',#627,(#631,#638),.PCURVE_S1.);
#627 = LINE('',#628,#629);
#628 = CARTESIAN_POINT('',(30.,10.,88.));
#629 = VECTOR('',#630,1.);
#630 = DIRECTION('',(0.,-1.,0.));
#631 = PCURVE('',#246,#632);
#632 = DEFINITIONAL_REPRESENTATION('',(#633),#637);
#633 = LINE('',#634,#635);
#634 = CARTESIAN_POINT('',(8.,0.));
#635 = VECTOR('',#636,1.);
#636 = DIRECTION('',(0.,-1.));
#637 = ( GEOMETRIC_REPRESENTATION_CONTEXT(2) 
PARAMETRIC_REPRESENTATION_CONTEXT() REPRESENTATION_CONTEXT('2D SPACE',''
  ) );
#638 = PCURVE('',#446,#639);
#639 = DEFINITIONAL_REPRESENTATION('',(#640),#644);
#640 = LINE('',#641,#642);
#641 = CARTESIAN_POINT('',(-0.,0.));
#642 = VECTOR('',#643,1.);
#643 = DIRECTION('',(-0.,1.));
#644 = ( GEOMETRIC_REPRESENTATION_CONTEXT(2) 
PARAMETRIC_REPRESENTATION_CONTEXT() REPRESENTATION_CONTEXT('2D SPACE',''
  ) );
#645 = ADVANCED_FACE('',(#646,#694),#302,.T.);
#646 = FACE_BOUND('',#647,.T.);
#647 = EDGE_LOOP('',(#648,#649,#672,#693));
#648 = ORIENTED_EDGE('',*,*,#553,.T.);
#649 = ORIENTED_EDGE('',*,*,#650,.T.);
#650 = EDGE_CURVE('',#531,#651,#653,.T.);
#651 = VERTEX_POINT('',#652);
#652 = CARTESIAN_POINT('',(100.,-70.,10.));
#653 = SURFACE_CURVE('',#654,(#658,#665),.PCURVE_S1.);
#654 = LINE('',#655,#656);
#655 = CARTESIAN_POINT('',(42.,-70.,80.));
#656 = VECTOR('',#657,1.);
#657 = DIRECTION('',(0.63801786475,0.,-0.770021560906));
#658 = PCURVE('',#302,#659);
#659 = DEFINITIONAL_REPRESENTATION('',(#660),#664);
#660 = LINE('',#661,#662);
#661 = CARTESIAN_POINT('',(0.,-80.));
#662 = VECTOR('',#663,1.);
#663 = DIRECTION('',(1.,0.));
#664 = ( GEOMETRIC_REPRESENTATION_CONTEXT(2) 
PARAMETRIC_REPRESENTATION_CONTEXT() REPRESENTATION_CONTEXT('2D SPACE',''
  ) );
#665 = PCURVE('',#388,#666);
#666 = DEFINITIONAL_REPRESENTATION('',(#667),#671);
#667 = LINE('',#668,#669);
#668 = CARTESIAN_POINT('',(-56.00014237248,-21.45910266823));
#669 = VECTOR('',#670,1.);
#670 = DIRECTION('',(0.770021560906,0.63801786475));
#671 = ( GEOMETRIC_REPRESENTATION_CONTEXT(2) 
PARAMETRIC_REPRESENTATION_CONTEXT() REPRESENTATION_CONTEXT('2D SPACE',''
  ) );
#672 = ORIENTED_EDGE('',*,*,#673,.F.);
#673 = EDGE_CURVE('',#259,#651,#674,.T.);
#674 = SURFACE_CURVE('',#675,(#679,#686),.PCURVE_S1.);
#675 = LINE('',#676,#677);
#676 = CARTESIAN_POINT('',(100.,10.,10.));
#677 = VECTOR('',#678,1.);
#678 = DIRECTION('',(0.,-1.,0.));
#679 = PCURVE('',#302,#680);
#680 = DEFINITIONAL_REPRESENTATION('',(#681),#685);
#681 = LINE('',#682,#683);
#682 = CARTESIAN_POINT('',(90.906545418908,0.));
#683 = VECTOR('',#684,1.);
#684 = DIRECTION('',(0.,-1.));
#685 = ( GEOMETRIC_REPRESENTATION_CONTEXT(2) 
PARAMETRIC_REPRESENTATION_CONTEXT() REPRESENTATION_CONTEXT('2D SPACE',''
  ) );
#686 = PCURVE('',#274,#687);
#687 = DEFINITIONAL_REPRESENTATION('',(#688),#692);
#688 = LINE('',#689,#690);
#689 = CARTESIAN_POINT('',(0.,0.));
#690 = VECTOR('',#691,1.);
#691 = DIRECTION('',(0.,-1.));
#692 = ( GEOMETRIC_REPRESENTATION_CONTEXT(2) 
PARAMETRIC_REPRESENTATION_CONTEXT() REPRESENTATION_CONTEXT('2D SPACE',''
  ) );
#693 = ORIENTED_EDGE('',*,*,#286,.F.);
#694 = FACE_BOUND('',#695,.T.);
#695 = EDGE_LOOP('',(#696,#733));
#696 = ORIENTED_EDGE('',*,*,#697,.F.);
#697 = EDGE_CURVE('',#698,#700,#702,.T.);
#698 = VERTEX_POINT('',#699);
#699 = CARTESIAN_POINT('',(71.010445097388,6.010445097388,44.98739384798
    ));
#700 = VERTEX_POINT('',#701);
#701 = CARTESIAN_POINT('',(72.229001796013,7.229001796013,43.51672197033
    ));
#702 = SURFACE_CURVE('',#703,(#708,#715),.PCURVE_S1.);
#703 = ELLIPSE('',#704,2.754884345141,1.5);
#704 = AXIS2_PLACEMENT_3D('',#705,#706,#707);
#705 = CARTESIAN_POINT('',(71.,8.142135623731,45.));
#706 = DIRECTION('',(0.770021560906,1.723116858068E-18,0.63801786475));
#707 = DIRECTION('',(-0.343169215044,0.843029248848,0.414169742295));
#708 = PCURVE('',#302,#709);
#709 = DEFINITIONAL_REPRESENTATION('',(#710),#714);
#710 = ELLIPSE('',#711,2.754884345141,1.5);
#711 = AXIS2_PLACEMENT_2D('',#712,#713);
#712 = CARTESIAN_POINT('',(45.453272709454,-1.857864376269));
#713 = DIRECTION('',(-0.537867721272,0.843029248848));
#714 = ( GEOMETRIC_REPRESENTATION_CONTEXT(2) 
PARAMETRIC_REPRESENTATION_CONTEXT() REPRESENTATION_CONTEXT('2D SPACE',''
  ) );
#715 = PCURVE('',#716,#721);
#716 = CYLINDRICAL_SURFACE('',#717,1.5);
#717 = AXIS2_PLACEMENT_3D('',#718,#719,#720);
#718 = CARTESIAN_POINT('',(72.071067811865,7.071067811865,45.));
#719 = DIRECTION('',(-0.707106781187,0.707106781187,-0.));
#720 = DIRECTION('',(0.707106781187,0.707106781187,0.));
#721 = DEFINITIONAL_REPRESENTATION('',(#722),#732);
#722 = B_SPLINE_CURVE_WITH_KNOTS('',8,(#723,#724,#725,#726,#727,#728,
    #729,#730,#731),.UNSPECIFIED.,.F.,.F.,(9,9),(2.28566755412,
    3.997517753059),.PIECEWISE_BEZIER_KNOTS.);
#723 = CARTESIAN_POINT('',(-3.149996510028,5.999999999062E-07));
#724 = CARTESIAN_POINT('',(-3.363977784896,-0.373396237669));
#725 = CARTESIAN_POINT('',(-3.577959059768,-0.667529221195));
#726 = CARTESIAN_POINT('',(-3.791940334602,-0.856345436588));
#727 = CARTESIAN_POINT('',(-4.005921609515,-0.921535975474));
#728 = CARTESIAN_POINT('',(-4.219902884342,-0.856345436588));
#729 = CARTESIAN_POINT('',(-4.433884159237,-0.667529221195));
#730 = CARTESIAN_POINT('',(-4.6478654341,-0.373396237669));
#731 = CARTESIAN_POINT('',(-4.861846708967,5.999999999062E-07));
#732 = ( GEOMETRIC_REPRESENTATION_CONTEXT(2) 
PARAMETRIC_REPRESENTATION_CONTEXT() REPRESENTATION_CONTEXT('2D SPACE',''
  ) );
#733 = ORIENTED_EDGE('',*,*,#734,.T.);
#734 = EDGE_CURVE('',#698,#700,#735,.T.);
#735 = SURFACE_CURVE('',#736,(#740,#746),.PCURVE_S1.);
#736 = LINE('',#737,#738);
#737 = CARTESIAN_POINT('',(60.683682126055,-4.316317873945,
    57.450728468554));
#738 = VECTOR('',#739,1.);
#739 = DIRECTION('',(0.537867721272,0.537867721272,-0.649150698087));
#740 = PCURVE('',#302,#741);
#741 = DEFINITIONAL_REPRESENTATION('',(#742),#745);
#742 = B_SPLINE_CURVE_WITH_KNOTS('',1,(#743,#744),.UNSPECIFIED.,.F.,.F.,
  (2,2),(19.199377664095,21.490739376332),.PIECEWISE_BEZIER_KNOTS.);
#743 = CARTESIAN_POINT('',(45.469585168181,-3.989592359914));
#744 = CARTESIAN_POINT('',(47.401270111288,-2.757142857143));
#745 = ( GEOMETRIC_REPRESENTATION_CONTEXT(2) 
PARAMETRIC_REPRESENTATION_CONTEXT() REPRESENTATION_CONTEXT('2D SPACE',''
  ) );
#746 = PCURVE('',#747,#752);
#747 = PLANE('',#748);
#748 = AXIS2_PLACEMENT_3D('',#749,#750,#751);
#749 = CARTESIAN_POINT('',(50.857864376269,-14.14213562373,15.));
#750 = DIRECTION('',(0.707106781187,-0.707106781187,4.834630952926E-16)
  );
#751 = DIRECTION('',(-0.707106781187,-0.707106781187,1.060825372818E-32)
  );
#752 = DEFINITIONAL_REPRESENTATION('',(#753),#756);
#753 = B_SPLINE_CURVE_WITH_KNOTS('',1,(#754,#755),.UNSPECIFIED.,.F.,.F.,
  (2,2),(19.199377664095,21.490739376332),.PIECEWISE_BEZIER_KNOTS.);
#754 = CARTESIAN_POINT('',(-28.5,-29.98743905506));
#755 = CARTESIAN_POINT('',(-30.24294680175,-28.5));
#756 = ( GEOMETRIC_REPRESENTATION_CONTEXT(2) 
PARAMETRIC_REPRESENTATION_CONTEXT() REPRESENTATION_CONTEXT('2D SPACE',''
  ) );
#757 = ADVANCED_FACE('',(#758,#784),#274,.T.);
#758 = FACE_BOUND('',#759,.T.);
#759 = EDGE_LOOP('',(#760,#761,#782,#783));
#760 = ORIENTED_EDGE('',*,*,#673,.T.);
#761 = ORIENTED_EDGE('',*,*,#762,.T.);
#762 = EDGE_CURVE('',#651,#580,#763,.T.);
#763 = SURFACE_CURVE('',#764,(#768,#775),.PCURVE_S1.);
#764 = LINE('',#765,#766);
#765 = CARTESIAN_POINT('',(100.,-70.,10.));
#766 = VECTOR('',#767,1.);
#767 = DIRECTION('',(-0.707106781187,0.,0.707106781187));
#768 = PCURVE('',#274,#769);
#769 = DEFINITIONAL_REPRESENTATION('',(#770),#774);
#770 = LINE('',#771,#772);
#771 = CARTESIAN_POINT('',(0.,-80.));
#772 = VECTOR('',#773,1.);
#773 = DIRECTION('',(1.,0.));
#774 = ( GEOMETRIC_REPRESENTATION_CONTEXT(2) 
PARAMETRIC_REPRESENTATION_CONTEXT() REPRESENTATION_CONTEXT('2D SPACE',''
  ) );
#775 = PCURVE('',#388,#776);
#776 = DEFINITIONAL_REPRESENTATION('',(#777),#781);
#777 = LINE('',#778,#779);
#778 = CARTESIAN_POINT('',(13.999857627513,36.540897331762));
#779 = VECTOR('',#780,1.);
#780 = DIRECTION('',(-0.707106781187,-0.707106781187));
#781 = ( GEOMETRIC_REPRESENTATION_CONTEXT(2) 
PARAMETRIC_REPRESENTATION_CONTEXT() REPRESENTATION_CONTEXT('2D SPACE',''
  ) );
#782 = ORIENTED_EDGE('',*,*,#579,.F.);
#783 = ORIENTED_EDGE('',*,*,#258,.F.);
#784 = FACE_BOUND('',#785,.T.);
#785 = EDGE_LOOP('',(#786,#820,#846,#873));
#786 = ORIENTED_EDGE('',*,*,#787,.F.);
#787 = EDGE_CURVE('',#788,#790,#792,.T.);
#788 = VERTEX_POINT('',#789);
#789 = CARTESIAN_POINT('',(65.866025403784,0.866025403784,
    44.133974596216));
#790 = VERTEX_POINT('',#791);
#791 = CARTESIAN_POINT('',(66.201070756253,6.96999063549E-02,
    43.798929243747));
#792 = SURFACE_CURVE('',#793,(#798,#805),.PCURVE_S1.);
#793 = ELLIPSE('',#794,3.,1.5);
#794 = AXIS2_PLACEMENT_3D('',#795,#796,#797);
#795 = CARTESIAN_POINT('',(65.,0.,45.));
#796 = DIRECTION('',(-0.707106781187,6.803361091336E-18,-0.707106781187)
  );
#797 = DIRECTION('',(-0.408248290464,0.816496580928,0.408248290464));
#798 = PCURVE('',#274,#799);
#799 = DEFINITIONAL_REPRESENTATION('',(#800),#804);
#800 = ELLIPSE('',#801,3.,1.5);
#801 = AXIS2_PLACEMENT_2D('',#802,#803);
#802 = CARTESIAN_POINT('',(49.497474683058,-10.));
#803 = DIRECTION('',(0.57735026919,0.816496580928));
#804 = ( GEOMETRIC_REPRESENTATION_CONTEXT(2) 
PARAMETRIC_REPRESENTATION_CONTEXT() REPRESENTATION_CONTEXT('2D SPACE',''
  ) );
#805 = PCURVE('',#806,#811);
#806 = CYLINDRICAL_SURFACE('',#807,1.5);
#807 = AXIS2_PLACEMENT_3D('',#808,#809,#810);
#808 = CARTESIAN_POINT('',(65.,0.,45.));
#809 = DIRECTION('',(-0.707106781187,0.707106781187,-0.));
#810 = DIRECTION('',(0.707106781187,0.707106781187,0.));
#811 = DEFINITIONAL_REPRESENTATION('',(#812),#819);
#812 = B_SPLINE_CURVE_WITH_KNOTS('',5,(#813,#814,#815,#816,#817,#818),
  .UNSPECIFIED.,.F.,.F.,(6,6),(1.570796095855,1.883802753449),
  .PIECEWISE_BEZIER_KNOTS.);
#813 = CARTESIAN_POINT('',(-5.667705829449,5.999999999062E-07));
#814 = CARTESIAN_POINT('',(-5.60510449793,-0.162642430218));
#815 = CARTESIAN_POINT('',(-5.542503166412,-0.325285473649));
#816 = CARTESIAN_POINT('',(-5.479901834893,-0.48660057927));
#817 = CARTESIAN_POINT('',(-5.417300503374,-0.645260048032));
#818 = CARTESIAN_POINT('',(-5.354699171855,-0.8000006));
#819 = ( GEOMETRIC_REPRESENTATION_CONTEXT(2) 
PARAMETRIC_REPRESENTATION_CONTEXT() REPRESENTATION_CONTEXT('2D SPACE',''
  ) );
#820 = ORIENTED_EDGE('',*,*,#821,.T.);
#821 = EDGE_CURVE('',#788,#822,#824,.T.);
#822 = VERTEX_POINT('',#823);
#823 = CARTESIAN_POINT('',(64.133974596216,-0.866025403784,
    45.866025403784));
#824 = SURFACE_CURVE('',#825,(#829,#835),.PCURVE_S1.);
#825 = LINE('',#826,#827);
#826 = CARTESIAN_POINT('',(78.619288125423,13.619288125423,
    31.380711874577));
#827 = VECTOR('',#828,1.);
#828 = DIRECTION('',(-0.57735026919,-0.57735026919,0.57735026919));
#829 = PCURVE('',#274,#830);
#830 = DEFINITIONAL_REPRESENTATION('',(#831),#834);
#831 = B_SPLINE_CURVE_WITH_KNOTS('',1,(#832,#833),.UNSPECIFIED.,.F.,.F.,
  (2,2),(21.752181689065,25.42641630324),.PIECEWISE_BEZIER_KNOTS.);
#832 = CARTESIAN_POINT('',(47.997474683058,-8.93933982822));
#833 = CARTESIAN_POINT('',(50.997474683058,-11.06066017178));
#834 = ( GEOMETRIC_REPRESENTATION_CONTEXT(2) 
PARAMETRIC_REPRESENTATION_CONTEXT() REPRESENTATION_CONTEXT('2D SPACE',''
  ) );
#835 = PCURVE('',#836,#841);
#836 = PLANE('',#837);
#837 = AXIS2_PLACEMENT_3D('',#838,#839,#840);
#838 = CARTESIAN_POINT('',(50.857864376269,-14.14213562373,15.));
#839 = DIRECTION('',(0.707106781187,-0.707106781187,4.834630952926E-16)
  );
#840 = DIRECTION('',(-0.707106781187,-0.707106781187,1.060825372818E-32)
  );
#841 = DEFINITIONAL_REPRESENTATION('',(#842),#845);
#842 = B_SPLINE_CURVE_WITH_KNOTS('',1,(#843,#844),.UNSPECIFIED.,.F.,.F.,
  (2,2),(21.752181689065,25.42641630324),.PIECEWISE_BEZIER_KNOTS.);
#843 = CARTESIAN_POINT('',(-21.5,-28.93933982822));
#844 = CARTESIAN_POINT('',(-18.5,-31.06066017178));
#845 = ( GEOMETRIC_REPRESENTATION_CONTEXT(2) 
PARAMETRIC_REPRESENTATION_CONTEXT() REPRESENTATION_CONTEXT('2D SPACE',''
  ) );
#846 = ORIENTED_EDGE('',*,*,#847,.F.);
#847 = EDGE_CURVE('',#848,#822,#850,.T.);
#848 = VERTEX_POINT('',#849);
#849 = CARTESIAN_POINT('',(64.553176477012,-1.578194372886,
    45.446823522988));
#850 = SURFACE_CURVE('',#851,(#856,#863),.PCURVE_S1.);
#851 = ELLIPSE('',#852,3.,1.5);
#852 = AXIS2_PLACEMENT_3D('',#853,#854,#855);
#853 = CARTESIAN_POINT('',(65.,0.,45.));
#854 = DIRECTION('',(-0.707106781187,6.803361091336E-18,-0.707106781187)
  );
#855 = DIRECTION('',(-0.408248290464,0.816496580928,0.408248290464));
#856 = PCURVE('',#274,#857);
#857 = DEFINITIONAL_REPRESENTATION('',(#858),#862);
#858 = ELLIPSE('',#859,3.,1.5);
#859 = AXIS2_PLACEMENT_2D('',#860,#861);
#860 = CARTESIAN_POINT('',(49.497474683058,-10.));
#861 = DIRECTION('',(0.57735026919,0.816496580928));
#862 = ( GEOMETRIC_REPRESENTATION_CONTEXT(2) 
PARAMETRIC_REPRESENTATION_CONTEXT() REPRESENTATION_CONTEXT('2D SPACE',''
  ) );
#863 = PCURVE('',#806,#864);
#864 = DEFINITIONAL_REPRESENTATION('',(#865),#872);
#865 = B_SPLINE_CURVE_WITH_KNOTS('',5,(#866,#867,#868,#869,#870,#871),
  .UNSPECIFIED.,.F.,.F.,(6,6),(4.39938255373,4.712389211325),
  .PIECEWISE_BEZIER_KNOTS.);
#866 = CARTESIAN_POINT('',(-2.839119371574,-0.8000006));
#867 = CARTESIAN_POINT('',(-2.776518040055,-0.645260048032));
#868 = CARTESIAN_POINT('',(-2.713916708536,-0.48660057927));
#869 = CARTESIAN_POINT('',(-2.651315377017,-0.325285473649));
#870 = CARTESIAN_POINT('',(-2.588714045498,-0.162642430218));
#871 = CARTESIAN_POINT('',(-2.526112713979,5.999999928008E-07));
#872 = ( GEOMETRIC_REPRESENTATION_CONTEXT(2) 
PARAMETRIC_REPRESENTATION_CONTEXT() REPRESENTATION_CONTEXT('2D SPACE',''
  ) );
#873 = ORIENTED_EDGE('',*,*,#874,.F.);
#874 = EDGE_CURVE('',#790,#848,#875,.T.);
#875 = SURFACE_CURVE('',#876,(#880,#886),.PCURVE_S1.);
#876 = LINE('',#877,#878);
#877 = CARTESIAN_POINT('',(78.996411742056,12.865040892157,
    31.003588257944));
#878 = VECTOR('',#879,1.);
#879 = DIRECTION('',(-0.57735026919,-0.57735026919,0.57735026919));
#880 = PCURVE('',#274,#881);
#881 = DEFINITIONAL_REPRESENTATION('',(#882),#885);
#882 = B_SPLINE_CURVE_WITH_KNOTS('',1,(#883,#884),.UNSPECIFIED.,.F.,.F.,
  (2,2),(21.644420049541,25.099817670868),.PIECEWISE_BEZIER_KNOTS.);
#883 = CARTESIAN_POINT('',(47.376154339499,-9.631370849898));
#884 = CARTESIAN_POINT('',(50.197474683058,-11.62634559672));
#885 = ( GEOMETRIC_REPRESENTATION_CONTEXT(2) 
PARAMETRIC_REPRESENTATION_CONTEXT() REPRESENTATION_CONTEXT('2D SPACE',''
  ) );
#886 = PCURVE('',#887,#892);
#887 = PLANE('',#888);
#888 = AXIS2_PLACEMENT_3D('',#889,#890,#891);
#889 = CARTESIAN_POINT('',(51.423549801218,-14.70782104868,15.));
#890 = DIRECTION('',(0.707106781187,-0.707106781187,4.834630952926E-16)
  );
#891 = DIRECTION('',(-0.707106781187,-0.707106781187,1.060825372818E-32)
  );
#892 = DEFINITIONAL_REPRESENTATION('',(#893),#896);
#893 = B_SPLINE_CURVE_WITH_KNOTS('',1,(#894,#895),.UNSPECIFIED.,.F.,.F.,
  (2,2),(21.644420049541,25.099817670868),.PIECEWISE_BEZIER_KNOTS.);
#894 = CARTESIAN_POINT('',(-21.32132034356,-28.5));
#895 = CARTESIAN_POINT('',(-18.5,-30.49497474683));
#896 = ( GEOMETRIC_REPRESENTATION_CONTEXT(2) 
PARAMETRIC_REPRESENTATION_CONTEXT() REPRESENTATION_CONTEXT('2D SPACE',''
  ) );
#897 = ADVANCED_FACE('',(#898),#360,.T.);
#898 = FACE_BOUND('',#899,.T.);
#899 = EDGE_LOOP('',(#900,#901,#924,#961));
#900 = ORIENTED_EDGE('',*,*,#492,.T.);
#901 = ORIENTED_EDGE('',*,*,#902,.T.);
#902 = EDGE_CURVE('',#465,#903,#905,.T.);
#903 = VERTEX_POINT('',#904);
#904 = CARTESIAN_POINT('',(34.,-68.,90.));
#905 = SURFACE_CURVE('',#906,(#910,#917),.PCURVE_S1.);
#906 = LINE('',#907,#908);
#907 = CARTESIAN_POINT('',(34.,10.,90.));
#908 = VECTOR('',#909,1.);
#909 = DIRECTION('',(0.,-1.,0.));
#910 = PCURVE('',#360,#911);
#911 = DEFINITIONAL_REPRESENTATION('',(#912),#916);
#912 = LINE('',#913,#914);
#913 = CARTESIAN_POINT('',(1.570796326795,0.));
#914 = VECTOR('',#915,1.);
#915 = DIRECTION('',(0.,1.));
#916 = ( GEOMETRIC_REPRESENTATION_CONTEXT(2) 
PARAMETRIC_REPRESENTATION_CONTEXT() REPRESENTATION_CONTEXT('2D SPACE',''
  ) );
#917 = PCURVE('',#480,#918);
#918 = DEFINITIONAL_REPRESENTATION('',(#919),#923);
#919 = LINE('',#920,#921);
#920 = CARTESIAN_POINT('',(4.,0.));
#921 = VECTOR('',#922,1.);
#922 = DIRECTION('',(0.,-1.));
#923 = ( GEOMETRIC_REPRESENTATION_CONTEXT(2) 
PARAMETRIC_REPRESENTATION_CONTEXT() REPRESENTATION_CONTEXT('2D SPACE',''
  ) );
#924 = ORIENTED_EDGE('',*,*,#925,.F.);
#925 = EDGE_CURVE('',#345,#903,#926,.T.);
#926 = SURFACE_CURVE('',#927,(#932,#944),.PCURVE_S1.);
#927 = ELLIPSE('',#928,2.828427124746,2.);
#928 = AXIS2_PLACEMENT_3D('',#929,#930,#931);
#929 = CARTESIAN_POINT('',(34.,-68.,88.));
#930 = DIRECTION('',(-0.707106781187,-0.707106781187,0.));
#931 = DIRECTION('',(0.707106781187,-0.707106781187,0.));
#932 = PCURVE('',#360,#933);
#933 = DEFINITIONAL_REPRESENTATION('',(#934),#943);
#934 = B_SPLINE_CURVE_WITH_KNOTS('',7,(#935,#936,#937,#938,#939,#940,
    #941,#942),.UNSPECIFIED.,.F.,.F.,(8,8),(0.,1.570796326795),
  .PIECEWISE_BEZIER_KNOTS.);
#935 = CARTESIAN_POINT('',(-1.110223024625E-16,80.));
#936 = CARTESIAN_POINT('',(0.224399475256,80.));
#937 = CARTESIAN_POINT('',(0.448799055753,79.882502462846));
#938 = CARTESIAN_POINT('',(0.673198288165,79.647525343508));
#939 = CARTESIAN_POINT('',(0.897597857643,79.309493573773));
#940 = CARTESIAN_POINT('',(1.121997450401,78.897596016918));
#941 = CARTESIAN_POINT('',(1.346396851538,78.448798950512));
#942 = CARTESIAN_POINT('',(1.570796326795,78.));
#943 = ( GEOMETRIC_REPRESENTATION_CONTEXT(2) 
PARAMETRIC_REPRESENTATION_CONTEXT() REPRESENTATION_CONTEXT('2D SPACE',''
  ) );
#944 = PCURVE('',#945,#950);
#945 = CYLINDRICAL_SURFACE('',#946,2.);
#946 = AXIS2_PLACEMENT_3D('',#947,#948,#949);
#947 = CARTESIAN_POINT('',(30.,-68.,88.));
#948 = DIRECTION('',(1.,0.,0.));
#949 = DIRECTION('',(0.,-1.,-0.));
#950 = DEFINITIONAL_REPRESENTATION('',(#951),#960);
#951 = B_SPLINE_CURVE_WITH_KNOTS('',7,(#952,#953,#954,#955,#956,#957,
    #958,#959),.UNSPECIFIED.,.F.,.F.,(8,8),(0.,1.570796326795),
  .PIECEWISE_BEZIER_KNOTS.);
#952 = CARTESIAN_POINT('',(0.,6.));
#953 = CARTESIAN_POINT('',(-0.224399475256,6.));
#954 = CARTESIAN_POINT('',(-0.448799055753,5.882502462849));
#955 = CARTESIAN_POINT('',(-0.673198288166,5.647525343505));
#956 = CARTESIAN_POINT('',(-0.89759785764,5.309493573767));
#957 = CARTESIAN_POINT('',(-1.121997450402,4.897596016921));
#958 = CARTESIAN_POINT('',(-1.346396851538,4.448798950513));
#959 = CARTESIAN_POINT('',(-1.570796326795,4.));
#960 = ( GEOMETRIC_REPRESENTATION_CONTEXT(2) 
PARAMETRIC_REPRESENTATION_CONTEXT() REPRESENTATION_CONTEXT('2D SPACE',''
  ) );
#961 = ORIENTED_EDGE('',*,*,#344,.F.);
#962 = ADVANCED_FACE('',(#963),#388,.T.);
#963 = FACE_BOUND('',#964,.T.);
#964 = EDGE_LOOP('',(#965,#966,#987,#988,#989,#990));
#965 = ORIENTED_EDGE('',*,*,#372,.F.);
#966 = ORIENTED_EDGE('',*,*,#967,.F.);
#967 = EDGE_CURVE('',#603,#345,#968,.T.);
#968 = SURFACE_CURVE('',#969,(#973,#980),.PCURVE_S1.);
#969 = LINE('',#970,#971);
#970 = CARTESIAN_POINT('',(30.,-70.,88.));
#971 = VECTOR('',#972,1.);
#972 = DIRECTION('',(1.,0.,0.));
#973 = PCURVE('',#388,#974);
#974 = DEFINITIONAL_REPRESENTATION('',(#975),#979);
#975 = LINE('',#976,#977);
#976 = CARTESIAN_POINT('',(-64.00014237248,-33.45910266823));
#977 = VECTOR('',#978,1.);
#978 = DIRECTION('',(0.,1.));
#979 = ( GEOMETRIC_REPRESENTATION_CONTEXT(2) 
PARAMETRIC_REPRESENTATION_CONTEXT() REPRESENTATION_CONTEXT('2D SPACE',''
  ) );
#980 = PCURVE('',#945,#981);
#981 = DEFINITIONAL_REPRESENTATION('',(#982),#986);
#982 = LINE('',#983,#984);
#983 = CARTESIAN_POINT('',(-0.,0.));
#984 = VECTOR('',#985,1.);
#985 = DIRECTION('',(-0.,1.));
#986 = ( GEOMETRIC_REPRESENTATION_CONTEXT(2) 
PARAMETRIC_REPRESENTATION_CONTEXT() REPRESENTATION_CONTEXT('2D SPACE',''
  ) );
#987 = ORIENTED_EDGE('',*,*,#602,.F.);
#988 = ORIENTED_EDGE('',*,*,#762,.F.);
#989 = ORIENTED_EDGE('',*,*,#650,.F.);
#990 = ORIENTED_EDGE('',*,*,#530,.F.);
#991 = ADVANCED_FACE('',(#992),#446,.T.);
#992 = FACE_BOUND('',#993,.F.);
#993 = EDGE_LOOP('',(#994,#995,#1018,#1050));
#994 = ORIENTED_EDGE('',*,*,#424,.T.);
#995 = ORIENTED_EDGE('',*,*,#996,.T.);
#996 = EDGE_CURVE('',#425,#997,#999,.T.);
#997 = VERTEX_POINT('',#998);
#998 = CARTESIAN_POINT('',(32.,-68.,90.));
#999 = SURFACE_CURVE('',#1000,(#1004,#1011),.PCURVE_S1.);
#1000 = LINE('',#1001,#1002);
#1001 = CARTESIAN_POINT('',(32.,10.,90.));
#1002 = VECTOR('',#1003,1.);
#1003 = DIRECTION('',(0.,-1.,0.));
#1004 = PCURVE('',#446,#1005);
#1005 = DEFINITIONAL_REPRESENTATION('',(#1006),#1010);
#1006 = LINE('',#1007,#1008);
#1007 = CARTESIAN_POINT('',(-1.570796326795,0.));
#1008 = VECTOR('',#1009,1.);
#1009 = DIRECTION('',(-0.,1.));
#1010 = ( GEOMETRIC_REPRESENTATION_CONTEXT(2) 
PARAMETRIC_REPRESENTATION_CONTEXT() REPRESENTATION_CONTEXT('2D SPACE',''
  ) );
#1011 = PCURVE('',#480,#1012);
#1012 = DEFINITIONAL_REPRESENTATION('',(#1013),#1017);
#1013 = LINE('',#1014,#1015);
#1014 = CARTESIAN_POINT('',(2.,0.));
#1015 = VECTOR('',#1016,1.);
#1016 = DIRECTION('',(0.,-1.));
#1017 = ( GEOMETRIC_REPRESENTATION_CONTEXT(2) 
PARAMETRIC_REPRESENTATION_CONTEXT() REPRESENTATION_CONTEXT('2D SPACE',''
  ) );
#1018 = ORIENTED_EDGE('',*,*,#1019,.F.);
#1019 = EDGE_CURVE('',#603,#997,#1020,.T.);
#1020 = SURFACE_CURVE('',#1021,(#1026,#1038),.PCURVE_S1.);
#1021 = ELLIPSE('',#1022,2.828427124746,2.);
#1022 = AXIS2_PLACEMENT_3D('',#1023,#1024,#1025);
#1023 = CARTESIAN_POINT('',(32.,-68.,88.));
#1024 = DIRECTION('',(-0.707106781187,0.707106781187,0.));
#1025 = DIRECTION('',(0.707106781187,0.707106781187,0.));
#1026 = PCURVE('',#446,#1027);
#1027 = DEFINITIONAL_REPRESENTATION('',(#1028),#1037);
#1028 = B_SPLINE_CURVE_WITH_KNOTS('',7,(#1029,#1030,#1031,#1032,#1033,
    #1034,#1035,#1036),.UNSPECIFIED.,.F.,.F.,(8,8),(3.14159265359,
    4.712388980385),.PIECEWISE_BEZIER_KNOTS.);
#1029 = CARTESIAN_POINT('',(-1.110223024625E-16,80.));
#1030 = CARTESIAN_POINT('',(-0.224399475256,79.999999999999));
#1031 = CARTESIAN_POINT('',(-0.448799055753,79.882502462851));
#1032 = CARTESIAN_POINT('',(-0.673198288165,79.6475253435));
#1033 = CARTESIAN_POINT('',(-0.897597857644,79.309493573781));
#1034 = CARTESIAN_POINT('',(-1.121997450401,78.897596016914));
#1035 = CARTESIAN_POINT('',(-1.346396851539,78.448798950514));
#1036 = CARTESIAN_POINT('',(-1.570796326795,78.));
#1037 = ( GEOMETRIC_REPRESENTATION_CONTEXT(2) 
PARAMETRIC_REPRESENTATION_CONTEXT() REPRESENTATION_CONTEXT('2D SPACE',''
  ) );
#1038 = PCURVE('',#945,#1039);
#1039 = DEFINITIONAL_REPRESENTATION('',(#1040),#1049);
#1040 = B_SPLINE_CURVE_WITH_KNOTS('',7,(#1041,#1042,#1043,#1044,#1045,
    #1046,#1047,#1048),.UNSPECIFIED.,.F.,.F.,(8,8),(3.14159265359,
    4.712388980385),.PIECEWISE_BEZIER_KNOTS.);
#1041 = CARTESIAN_POINT('',(1.110223024625E-16,1.110223024625E-16));
#1042 = CARTESIAN_POINT('',(-0.224399475256,-8.853876606068E-15));
#1043 = CARTESIAN_POINT('',(-0.448799055753,0.117497537152));
#1044 = CARTESIAN_POINT('',(-0.673198288166,0.352474656493));
#1045 = CARTESIAN_POINT('',(-0.897597857639,0.690506426235));
#1046 = CARTESIAN_POINT('',(-1.121997450402,1.102403983079));
#1047 = CARTESIAN_POINT('',(-1.346396851538,1.551201049487));
#1048 = CARTESIAN_POINT('',(-1.570796326795,2.));
#1049 = ( GEOMETRIC_REPRESENTATION_CONTEXT(2) 
PARAMETRIC_REPRESENTATION_CONTEXT() REPRESENTATION_CONTEXT('2D SPACE',''
  ) );
#1050 = ORIENTED_EDGE('',*,*,#625,.F.);
#1051 = ADVANCED_FACE('',(#1052),#480,.T.);
#1052 = FACE_BOUND('',#1053,.T.);
#1053 = EDGE_LOOP('',(#1054,#1055,#1056,#1077));
#1054 = ORIENTED_EDGE('',*,*,#464,.F.);
#1055 = ORIENTED_EDGE('',*,*,#996,.T.);
#1056 = ORIENTED_EDGE('',*,*,#1057,.T.);
#1057 = EDGE_CURVE('',#997,#903,#1058,.T.);
#1058 = SURFACE_CURVE('',#1059,(#1063,#1070),.PCURVE_S1.);
#1059 = LINE('',#1060,#1061);
#1060 = CARTESIAN_POINT('',(30.,-68.,90.));
#1061 = VECTOR('',#1062,1.);
#1062 = DIRECTION('',(1.,0.,0.));
#1063 = PCURVE('',#480,#1064);
#1064 = DEFINITIONAL_REPRESENTATION('',(#1065),#1069);
#1065 = LINE('',#1066,#1067);
#1066 = CARTESIAN_POINT('',(0.,-78.));
#1067 = VECTOR('',#1068,1.);
#1068 = DIRECTION('',(1.,0.));
#1069 = ( GEOMETRIC_REPRESENTATION_CONTEXT(2) 
PARAMETRIC_REPRESENTATION_CONTEXT() REPRESENTATION_CONTEXT('2D SPACE',''
  ) );
#1070 = PCURVE('',#945,#1071);
#1071 = DEFINITIONAL_REPRESENTATION('',(#1072),#1076);
#1072 = LINE('',#1073,#1074);
#1073 = CARTESIAN_POINT('',(-1.570796326795,0.));
#1074 = VECTOR('',#1075,1.);
#1075 = DIRECTION('',(-0.,1.));
#1076 = ( GEOMETRIC_REPRESENTATION_CONTEXT(2) 
PARAMETRIC_REPRESENTATION_CONTEXT() REPRESENTATION_CONTEXT('2D SPACE',''
  ) );
#1077 = ORIENTED_EDGE('',*,*,#902,.F.);
#1078 = ADVANCED_FACE('',(#1079),#716,.T.);
#1079 = FACE_BOUND('',#1080,.F.);
#1080 = EDGE_LOOP('',(#1081,#1105,#1128,#1155,#1156,#1178));
#1081 = ORIENTED_EDGE('',*,*,#1082,.F.);
#1082 = EDGE_CURVE('',#1083,#698,#1085,.T.);
#1083 = VERTEX_POINT('',#1084);
#1084 = CARTESIAN_POINT('',(73.131727983645,8.131727983645,45.));
#1085 = SURFACE_CURVE('',#1086,(#1091,#1098),.PCURVE_S1.);
#1086 = CIRCLE('',#1087,1.5);
#1087 = AXIS2_PLACEMENT_3D('',#1088,#1089,#1090);
#1088 = CARTESIAN_POINT('',(72.071067811865,7.071067811865,45.));
#1089 = DIRECTION('',(0.707106781187,-0.707106781187,0.));
#1090 = DIRECTION('',(0.707106781187,0.707106781187,0.));
#1091 = PCURVE('',#716,#1092);
#1092 = DEFINITIONAL_REPRESENTATION('',(#1093),#1097);
#1093 = LINE('',#1094,#1095);
#1094 = CARTESIAN_POINT('',(-0.,0.));
#1095 = VECTOR('',#1096,1.);
#1096 = DIRECTION('',(-1.,0.));
#1097 = ( GEOMETRIC_REPRESENTATION_CONTEXT(2) 
PARAMETRIC_REPRESENTATION_CONTEXT() REPRESENTATION_CONTEXT('2D SPACE',''
  ) );
#1098 = PCURVE('',#747,#1099);
#1099 = DEFINITIONAL_REPRESENTATION('',(#1100),#1104);
#1100 = CIRCLE('',#1101,1.5);
#1101 = AXIS2_PLACEMENT_2D('',#1102,#1103);
#1102 = CARTESIAN_POINT('',(-30.,-30.));
#1103 = DIRECTION('',(-1.,-8.854031496642E-32));
#1104 = ( GEOMETRIC_REPRESENTATION_CONTEXT(2) 
PARAMETRIC_REPRESENTATION_CONTEXT() REPRESENTATION_CONTEXT('2D SPACE',''
  ) );
#1105 = ORIENTED_EDGE('',*,*,#1106,.T.);
#1106 = EDGE_CURVE('',#1083,#1107,#1109,.T.);
#1107 = VERTEX_POINT('',#1108);
#1108 = CARTESIAN_POINT('',(73.697413408595,7.566042558696,45.));
#1109 = SEAM_CURVE('',#1110,(#1114,#1121),.PCURVE_S1.);
#1110 = LINE('',#1111,#1112);
#1111 = CARTESIAN_POINT('',(73.131727983645,8.131727983645,45.));
#1112 = VECTOR('',#1113,1.);
#1113 = DIRECTION('',(0.707106781187,-0.707106781187,0.));
#1114 = PCURVE('',#716,#1115);
#1115 = DEFINITIONAL_REPRESENTATION('',(#1116),#1120);
#1116 = LINE('',#1117,#1118);
#1117 = CARTESIAN_POINT('',(-6.28318530718,0.));
#1118 = VECTOR('',#1119,1.);
#1119 = DIRECTION('',(-0.,-1.));
#1120 = ( GEOMETRIC_REPRESENTATION_CONTEXT(2) 
PARAMETRIC_REPRESENTATION_CONTEXT() REPRESENTATION_CONTEXT('2D SPACE',''
  ) );
#1121 = PCURVE('',#716,#1122);
#1122 = DEFINITIONAL_REPRESENTATION('',(#1123),#1127);
#1123 = LINE('',#1124,#1125);
#1124 = CARTESIAN_POINT('',(-0.,0.));
#1125 = VECTOR('',#1126,1.);
#1126 = DIRECTION('',(-0.,-1.));
#1127 = ( GEOMETRIC_REPRESENTATION_CONTEXT(2) 
PARAMETRIC_REPRESENTATION_CONTEXT() REPRESENTATION_CONTEXT('2D SPACE',''
  ) );
#1128 = ORIENTED_EDGE('',*,*,#1129,.T.);
#1129 = EDGE_CURVE('',#1107,#1107,#1130,.T.);
#1130 = SURFACE_CURVE('',#1131,(#1136,#1143),.PCURVE_S1.);
#1131 = CIRCLE('',#1132,1.5);
#1132 = AXIS2_PLACEMENT_3D('',#1133,#1134,#1135);
#1133 = CARTESIAN_POINT('',(72.636753236815,6.505382386916,45.));
#1134 = DIRECTION('',(0.707106781187,-0.707106781187,0.));
#1135 = DIRECTION('',(0.707106781187,0.707106781187,0.));
#1136 = PCURVE('',#716,#1137);
#1137 = DEFINITIONAL_REPRESENTATION('',(#1138),#1142);
#1138 = LINE('',#1139,#1140);
#1139 = CARTESIAN_POINT('',(-0.,-0.8));
#1140 = VECTOR('',#1141,1.);
#1141 = DIRECTION('',(-1.,0.));
#1142 = ( GEOMETRIC_REPRESENTATION_CONTEXT(2) 
PARAMETRIC_REPRESENTATION_CONTEXT() REPRESENTATION_CONTEXT('2D SPACE',''
  ) );
#1143 = PCURVE('',#1144,#1149);
#1144 = PLANE('',#1145);
#1145 = AXIS2_PLACEMENT_3D('',#1146,#1147,#1148);
#1146 = CARTESIAN_POINT('',(51.423549801218,-14.70782104868,15.));
#1147 = DIRECTION('',(0.707106781187,-0.707106781187,4.834630952926E-16)
  );
#1148 = DIRECTION('',(-0.707106781187,-0.707106781187,1.060825372818E-32
    ));
#1149 = DEFINITIONAL_REPRESENTATION('',(#1150),#1154);
#1150 = CIRCLE('',#1151,1.5);
#1151 = AXIS2_PLACEMENT_2D('',#1152,#1153);
#1152 = CARTESIAN_POINT('',(-30.,-30.));
#1153 = DIRECTION('',(-1.,-8.854031496642E-32));
#1154 = ( GEOMETRIC_REPRESENTATION_CONTEXT(2) 
PARAMETRIC_REPRESENTATION_CONTEXT() REPRESENTATION_CONTEXT('2D SPACE',''
  ) );
#1155 = ORIENTED_EDGE('',*,*,#1106,.F.);
#1156 = ORIENTED_EDGE('',*,*,#1157,.F.);
#1157 = EDGE_CURVE('',#700,#1083,#1158,.T.);
#1158 = SURFACE_CURVE('',#1159,(#1164,#1171),.PCURVE_S1.);
#1159 = CIRCLE('',#1160,1.5);
#1160 = AXIS2_PLACEMENT_3D('',#1161,#1162,#1163);
#1161 = CARTESIAN_POINT('',(72.071067811865,7.071067811865,45.));
#1162 = DIRECTION('',(0.707106781187,-0.707106781187,0.));
#1163 = DIRECTION('',(0.707106781187,0.707106781187,0.));
#1164 = PCURVE('',#716,#1165);
#1165 = DEFINITIONAL_REPRESENTATION('',(#1166),#1170);
#1166 = LINE('',#1167,#1168);
#1167 = CARTESIAN_POINT('',(-0.,0.));
#1168 = VECTOR('',#1169,1.);
#1169 = DIRECTION('',(-1.,0.));
#1170 = ( GEOMETRIC_REPRESENTATION_CONTEXT(2) 
PARAMETRIC_REPRESENTATION_CONTEXT() REPRESENTATION_CONTEXT('2D SPACE',''
  ) );
#1171 = PCURVE('',#747,#1172);
#1172 = DEFINITIONAL_REPRESENTATION('',(#1173),#1177);
#1173 = CIRCLE('',#1174,1.5);
#1174 = AXIS2_PLACEMENT_2D('',#1175,#1176);
#1175 = CARTESIAN_POINT('',(-30.,-30.));
#1176 = DIRECTION('',(-1.,-8.854031496642E-32));
#1177 = ( GEOMETRIC_REPRESENTATION_CONTEXT(2) 
PARAMETRIC_REPRESENTATION_CONTEXT() REPRESENTATION_CONTEXT('2D SPACE',''
  ) );
#1178 = ORIENTED_EDGE('',*,*,#697,.F.);
#1179 = ADVANCED_FACE('',(#1180),#747,.F.);
#1180 = FACE_BOUND('',#1181,.F.);
#1181 = EDGE_LOOP('',(#1182,#1183,#1184));
#1182 = ORIENTED_EDGE('',*,*,#1157,.T.);
#1183 = ORIENTED_EDGE('',*,*,#1082,.T.);
#1184 = ORIENTED_EDGE('',*,*,#734,.T.);
#1185 = ADVANCED_FACE('',(#1186),#806,.T.);
#1186 = FACE_BOUND('',#1187,.F.);
#1187 = EDGE_LOOP('',(#1188,#1210,#1211,#1233));
#1188 = ORIENTED_EDGE('',*,*,#1189,.F.);
#1189 = EDGE_CURVE('',#822,#788,#1190,.T.);
#1190 = SURFACE_CURVE('',#1191,(#1196,#1203),.PCURVE_S1.);
#1191 = CIRCLE('',#1192,1.5);
#1192 = AXIS2_PLACEMENT_3D('',#1193,#1194,#1195);
#1193 = CARTESIAN_POINT('',(65.,0.,45.));
#1194 = DIRECTION('',(0.707106781187,-0.707106781187,0.));
#1195 = DIRECTION('',(0.707106781187,0.707106781187,0.));
#1196 = PCURVE('',#806,#1197);
#1197 = DEFINITIONAL_REPRESENTATION('',(#1198),#1202);
#1198 = LINE('',#1199,#1200);
#1199 = CARTESIAN_POINT('',(-0.,0.));
#1200 = VECTOR('',#1201,1.);
#1201 = DIRECTION('',(-1.,0.));
#1202 = ( GEOMETRIC_REPRESENTATION_CONTEXT(2) 
PARAMETRIC_REPRESENTATION_CONTEXT() REPRESENTATION_CONTEXT('2D SPACE',''
  ) );
#1203 = PCURVE('',#836,#1204);
#1204 = DEFINITIONAL_REPRESENTATION('',(#1205),#1209);
#1205 = CIRCLE('',#1206,1.5);
#1206 = AXIS2_PLACEMENT_2D('',#1207,#1208);
#1207 = CARTESIAN_POINT('',(-20.,-30.));
#1208 = DIRECTION('',(-1.,-8.854031496642E-32));
#1209 = ( GEOMETRIC_REPRESENTATION_CONTEXT(2) 
PARAMETRIC_REPRESENTATION_CONTEXT() REPRESENTATION_CONTEXT('2D SPACE',''
  ) );
#1210 = ORIENTED_EDGE('',*,*,#847,.F.);
#1211 = ORIENTED_EDGE('',*,*,#1212,.T.);
#1212 = EDGE_CURVE('',#848,#790,#1213,.T.);
#1213 = SURFACE_CURVE('',#1214,(#1219,#1226),.PCURVE_S1.);
#1214 = CIRCLE('',#1215,1.5);
#1215 = AXIS2_PLACEMENT_3D('',#1216,#1217,#1218);
#1216 = CARTESIAN_POINT('',(65.565685424949,-0.565685424949,45.));
#1217 = DIRECTION('',(0.707106781187,-0.707106781187,0.));
#1218 = DIRECTION('',(0.707106781187,0.707106781187,0.));
#1219 = PCURVE('',#806,#1220);
#1220 = DEFINITIONAL_REPRESENTATION('',(#1221),#1225);
#1221 = LINE('',#1222,#1223);
#1222 = CARTESIAN_POINT('',(-0.,-0.8));
#1223 = VECTOR('',#1224,1.);
#1224 = DIRECTION('',(-1.,0.));
#1225 = ( GEOMETRIC_REPRESENTATION_CONTEXT(2) 
PARAMETRIC_REPRESENTATION_CONTEXT() REPRESENTATION_CONTEXT('2D SPACE',''
  ) );
#1226 = PCURVE('',#887,#1227);
#1227 = DEFINITIONAL_REPRESENTATION('',(#1228),#1232);
#1228 = CIRCLE('',#1229,1.5);
#1229 = AXIS2_PLACEMENT_2D('',#1230,#1231);
#1230 = CARTESIAN_POINT('',(-20.,-30.));
#1231 = DIRECTION('',(-1.,-8.854031496642E-32));
#1232 = ( GEOMETRIC_REPRESENTATION_CONTEXT(2) 
PARAMETRIC_REPRESENTATION_CONTEXT() REPRESENTATION_CONTEXT('2D SPACE',''
  ) );
#1233 = ORIENTED_EDGE('',*,*,#787,.F.);
#1234 = ADVANCED_FACE('',(#1235),#887,.T.);
#1235 = FACE_BOUND('',#1236,.T.);
#1236 = EDGE_LOOP('',(#1237,#1238));
#1237 = ORIENTED_EDGE('',*,*,#874,.T.);
#1238 = ORIENTED_EDGE('',*,*,#1212,.T.);
#1239 = ADVANCED_FACE('',(#1240),#836,.F.);
#1240 = FACE_BOUND('',#1241,.F.);
#1241 = EDGE_LOOP('',(#1242,#1243));
#1242 = ORIENTED_EDGE('',*,*,#821,.T.);
#1243 = ORIENTED_EDGE('',*,*,#1189,.T.);
#1244 = ADVANCED_FACE('',(#1245),#945,.T.);
#1245 = FACE_BOUND('',#1246,.F.);
#1246 = EDGE_LOOP('',(#1247,#1248,#1249,#1250));
#1247 = ORIENTED_EDGE('',*,*,#1019,.T.);
#1248 = ORIENTED_EDGE('',*,*,#1057,.T.);
#1249 = ORIENTED_EDGE('',*,*,#925,.F.);
#1250 = ORIENTED_EDGE('',*,*,#967,.F.);
#1251 = ADVANCED_FACE('',(#1252),#1144,.T.);
#1252 = FACE_BOUND('',#1253,.T.);
#1253 = EDGE_LOOP('',(#1254));
#1254 = ORIENTED_EDGE('',*,*,#1129,.T.);
#1255 = ( GEOMETRIC_REPRESENTATION_CONTEXT(3) 
GLOBAL_UNCERTAINTY_ASSIGNED_CONTEXT((#1259)) 
GLOBAL_UNIT_ASSIGNED_CONTEXT((#1256,#1257,#1258)) REPRESENTATION_CONTEXT
('Context #1','3D Context with UNIT and UNCERTAINTY') );
#1256 = ( LENGTH_UNIT() NAMED_UNIT(*) SI_UNIT(.MILLI.,.METRE.) );
#1257 = ( NAMED_UNIT(*) PLANE_ANGLE_UNIT() SI_UNIT($,.RADIAN.) );
#1258 = ( NAMED_UNIT(*) SI_UNIT($,.STERADIAN.) SOLID_ANGLE_UNIT() );
#1259 = UNCERTAINTY_MEASURE_WITH_UNIT(LENGTH_MEASURE(2.E-07),#1256,
  'distance_accuracy_value','confusion accuracy');
#1260 = CONTEXT_DEPENDENT_SHAPE_REPRESENTATION(#1261,#1263);
#1261 = ( REPRESENTATION_RELATIONSHIP('','',#160,#10) 
REPRESENTATION_RELATIONSHIP_WITH_TRANSFORMATION(#1262) 
SHAPE_REPRESENTATION_RELATIONSHIP() );
#1262 = ITEM_DEFINED_TRANSFORMATION('','',#11,#15);
#1263 = PRODUCT_DEFINITION_SHAPE('Placement','Placement of an item',
  #1264);
#1264 = NEXT_ASSEMBLY_USAGE_OCCURRENCE('1','','',#5,#155,$);
#1265 = PRODUCT_RELATED_PRODUCT_CATEGORY('part',$,(#157));
#1266 = SHAPE_DEFINITION_REPRESENTATION(#1267,#1273);
#1267 = PRODUCT_DEFINITION_SHAPE('','',#1268);
#1268 = PRODUCT_DEFINITION('design','',#1269,#1272);
#1269 = PRODUCT_DEFINITION_FORMATION('','',#1270);
#1270 = PRODUCT('Open CASCADE STEP translator 7.8 1.2',
  'Open CASCADE STEP translator 7.8 1.2','',(#1271));
#1271 = PRODUCT_CONTEXT('',#2,'mechanical');
#1272 = PRODUCT_DEFINITION_CONTEXT('part definition',#2,'design');
#1273 = ADVANCED_BREP_SHAPE_REPRESENTATION('',(#11,#1274),#1866);
#1274 = MANIFOLD_SOLID_BREP('',#1275);
#1275 = CLOSED_SHELL('',(#1276,#1396,#1495,#1560,#1626,#1658,#1734,#1783
    ,#1832,#1859));
#1276 = ADVANCED_FACE('',(#1277),#1291,.F.);
#1277 = FACE_BOUND('',#1278,.F.);
#1278 = EDGE_LOOP('',(#1279,#1314,#1342,#1370));
#1279 = ORIENTED_EDGE('',*,*,#1280,.F.);
#1280 = EDGE_CURVE('',#1281,#1283,#1285,.T.);
#1281 = VERTEX_POINT('',#1282);
#1282 = CARTESIAN_POINT('',(118.,8.,-4.440892098501E-16));
#1283 = VERTEX_POINT('',#1284);
#1284 = CARTESIAN_POINT('',(118.,-68.,-4.440892098501E-16));
#1285 = SURFACE_CURVE('',#1286,(#1290,#1302),.PCURVE_S1.);
#1286 = LINE('',#1287,#1288);
#1287 = CARTESIAN_POINT('',(118.,10.,-4.440892098501E-16));
#1288 = VECTOR('',#1289,1.);
#1289 = DIRECTION('',(0.,-1.,0.));
#1290 = PCURVE('',#1291,#1296);
#1291 = PLANE('',#1292);
#1292 = AXIS2_PLACEMENT_3D('',#1293,#1294,#1295);
#1293 = CARTESIAN_POINT('',(100.,10.,0.));
#1294 = DIRECTION('',(-0.,0.,1.));
#1295 = DIRECTION('',(1.,0.,0.));
#1296 = DEFINITIONAL_REPRESENTATION('',(#1297),#1301);
#1297 = LINE('',#1298,#1299);
#1298 = CARTESIAN_POINT('',(18.,0.));
#1299 = VECTOR('',#1300,1.);
#1300 = DIRECTION('',(0.,-1.));
#1301 = ( GEOMETRIC_REPRESENTATION_CONTEXT(2) 
PARAMETRIC_REPRESENTATION_CONTEXT() REPRESENTATION_CONTEXT('2D SPACE',''
  ) );
#1302 = PCURVE('',#1303,#1308);
#1303 = CYLINDRICAL_SURFACE('',#1304,2.);
#1304 = AXIS2_PLACEMENT_3D('',#1305,#1306,#1307);
#1305 = CARTESIAN_POINT('',(118.,10.,2.));
#1306 = DIRECTION('',(0.,-1.,0.));
#1307 = DIRECTION('',(0.,-0.,-1.));
#1308 = DEFINITIONAL_REPRESENTATION('',(#1309),#1313);
#1309 = LINE('',#1310,#1311);
#1310 = CARTESIAN_POINT('',(0.,0.));
#1311 = VECTOR('',#1312,1.);
#1312 = DIRECTION('',(0.,1.));
#1313 = ( GEOMETRIC_REPRESENTATION_CONTEXT(2) 
PARAMETRIC_REPRESENTATION_CONTEXT() REPRESENTATION_CONTEXT('2D SPACE',''
  ) );
#1314 = ORIENTED_EDGE('',*,*,#1315,.F.);
#1315 = EDGE_CURVE('',#1316,#1281,#1318,.T.);
#1316 = VERTEX_POINT('',#1317);
#1317 = CARTESIAN_POINT('',(102.,8.,-4.440892098501E-16));
#1318 = SURFACE_CURVE('',#1319,(#1323,#1330),.PCURVE_S1.);
#1319 = LINE('',#1320,#1321);
#1320 = CARTESIAN_POINT('',(100.,8.,-4.440892098501E-16));
#1321 = VECTOR('',#1322,1.);
#1322 = DIRECTION('',(1.,0.,0.));
#1323 = PCURVE('',#1291,#1324);
#1324 = DEFINITIONAL_REPRESENTATION('',(#1325),#1329);
#1325 = LINE('',#1326,#1327);
#1326 = CARTESIAN_POINT('',(0.,-2.));
#1327 = VECTOR('',#1328,1.);
#1328 = DIRECTION('',(1.,0.));
#1329 = ( GEOMETRIC_REPRESENTATION_CONTEXT(2) 
PARAMETRIC_REPRESENTATION_CONTEXT() REPRESENTATION_CONTEXT('2D SPACE',''
  ) );
#1330 = PCURVE('',#1331,#1336);
#1331 = CYLINDRICAL_SURFACE('',#1332,2.);
#1332 = AXIS2_PLACEMENT_3D('',#1333,#1334,#1335);
#1333 = CARTESIAN_POINT('',(100.,8.,2.));
#1334 = DIRECTION('',(1.,0.,0.));
#1335 = DIRECTION('',(0.,0.,-1.));
#1336 = DEFINITIONAL_REPRESENTATION('',(#1337),#1341);
#1337 = LINE('',#1338,#1339);
#1338 = CARTESIAN_POINT('',(0.,0.));
#1339 = VECTOR('',#1340,1.);
#1340 = DIRECTION('',(0.,1.));
#1341 = ( GEOMETRIC_REPRESENTATION_CONTEXT(2) 
PARAMETRIC_REPRESENTATION_CONTEXT() REPRESENTATION_CONTEXT('2D SPACE',''
  ) );
#1342 = ORIENTED_EDGE('',*,*,#1343,.T.);
#1343 = EDGE_CURVE('',#1316,#1344,#1346,.T.);
#1344 = VERTEX_POINT('',#1345);
#1345 = CARTESIAN_POINT('',(102.,-68.,-4.440892098501E-16));
#1346 = SURFACE_CURVE('',#1347,(#1351,#1358),.PCURVE_S1.);
#1347 = LINE('',#1348,#1349);
#1348 = CARTESIAN_POINT('',(102.,10.,-4.440892098501E-16));
#1349 = VECTOR('',#1350,1.);
#1350 = DIRECTION('',(0.,-1.,0.));
#1351 = PCURVE('',#1291,#1352);
#1352 = DEFINITIONAL_REPRESENTATION('',(#1353),#1357);
#1353 = LINE('',#1354,#1355);
#1354 = CARTESIAN_POINT('',(2.,0.));
#1355 = VECTOR('',#1356,1.);
#1356 = DIRECTION('',(0.,-1.));
#1357 = ( GEOMETRIC_REPRESENTATION_CONTEXT(2) 
PARAMETRIC_REPRESENTATION_CONTEXT() REPRESENTATION_CONTEXT('2D SPACE',''
  ) );
#1358 = PCURVE('',#1359,#1364);
#1359 = CYLINDRICAL_SURFACE('',#1360,2.);
#1360 = AXIS2_PLACEMENT_3D('',#1361,#1362,#1363);
#1361 = CARTESIAN_POINT('',(102.,10.,2.));
#1362 = DIRECTION('',(0.,-1.,0.));
#1363 = DIRECTION('',(0.,-0.,-1.));
#1364 = DEFINITIONAL_REPRESENTATION('',(#1365),#1369);
#1365 = LINE('',#1366,#1367);
#1366 = CARTESIAN_POINT('',(-0.,0.));
#1367 = VECTOR('',#1368,1.);
#1368 = DIRECTION('',(-0.,1.));
#1369 = ( GEOMETRIC_REPRESENTATION_CONTEXT(2) 
PARAMETRIC_REPRESENTATION_CONTEXT() REPRESENTATION_CONTEXT('2D SPACE',''
  ) );
#1370 = ORIENTED_EDGE('',*,*,#1371,.T.);
#1371 = EDGE_CURVE('',#1344,#1283,#1372,.T.);
#1372 = SURFACE_CURVE('',#1373,(#1377,#1384),.PCURVE_S1.);
#1373 = LINE('',#1374,#1375);
#1374 = CARTESIAN_POINT('',(100.,-68.,-4.440892098501E-16));
#1375 = VECTOR('',#1376,1.);
#1376 = DIRECTION('',(1.,0.,0.));
#1377 = PCURVE('',#1291,#1378);
#1378 = DEFINITIONAL_REPRESENTATION('',(#1379),#1383);
#1379 = LINE('',#1380,#1381);
#1380 = CARTESIAN_POINT('',(0.,-78.));
#1381 = VECTOR('',#1382,1.);
#1382 = DIRECTION('',(1.,0.));
#1383 = ( GEOMETRIC_REPRESENTATION_CONTEXT(2) 
PARAMETRIC_REPRESENTATION_CONTEXT() REPRESENTATION_CONTEXT('2D SPACE',''
  ) );
#1384 = PCURVE('',#1385,#1390);
#1385 = CYLINDRICAL_SURFACE('',#1386,2.);
#1386 = AXIS2_PLACEMENT_3D('',#1387,#1388,#1389);
#1387 = CARTESIAN_POINT('',(100.,-68.,2.));
#1388 = DIRECTION('',(1.,0.,0.));
#1389 = DIRECTION('',(0.,0.,-1.));
#1390 = DEFINITIONAL_REPRESENTATION('',(#1391),#1395);
#1391 = LINE('',#1392,#1393);
#1392 = CARTESIAN_POINT('',(-0.,0.));
#1393 = VECTOR('',#1394,1.);
#1394 = DIRECTION('',(-0.,1.));
#1395 = ( GEOMETRIC_REPRESENTATION_CONTEXT(2) 
PARAMETRIC_REPRESENTATION_CONTEXT() REPRESENTATION_CONTEXT('2D SPACE',''
  ) );
#1396 = ADVANCED_FACE('',(#1397),#1303,.T.);
#1397 = FACE_BOUND('',#1398,.T.);
#1398 = EDGE_LOOP('',(#1399,#1433,#1461,#1494));
#1399 = ORIENTED_EDGE('',*,*,#1400,.T.);
#1400 = EDGE_CURVE('',#1281,#1401,#1403,.T.);
#1401 = VERTEX_POINT('',#1402);
#1402 = CARTESIAN_POINT('',(120.,10.,2.));
#1403 = SURFACE_CURVE('',#1404,(#1409,#1421),.PCURVE_S1.);
#1404 = ELLIPSE('',#1405,2.828427124746,2.);
#1405 = AXIS2_PLACEMENT_3D('',#1406,#1407,#1408);
#1406 = CARTESIAN_POINT('',(118.,8.,2.));
#1407 = DIRECTION('',(0.707106781187,-0.707106781187,0.));
#1408 = DIRECTION('',(-0.707106781187,-0.707106781187,0.));
#1409 = PCURVE('',#1303,#1410);
#1410 = DEFINITIONAL_REPRESENTATION('',(#1411),#1420);
#1411 = B_SPLINE_CURVE_WITH_KNOTS('',7,(#1412,#1413,#1414,#1415,#1416,
    #1417,#1418,#1419),.UNSPECIFIED.,.F.,.F.,(8,8),(1.570796326795,
    3.14159265359),.PIECEWISE_BEZIER_KNOTS.);
#1412 = CARTESIAN_POINT('',(-1.110223024625E-16,2.));
#1413 = CARTESIAN_POINT('',(0.224399475256,1.551201049487));
#1414 = CARTESIAN_POINT('',(0.448798876392,1.102403983079));
#1415 = CARTESIAN_POINT('',(0.673198469156,0.690506426236));
#1416 = CARTESIAN_POINT('',(0.897598038629,0.352474656493));
#1417 = CARTESIAN_POINT('',(1.121997271042,0.117497537152));
#1418 = CARTESIAN_POINT('',(1.346396851538,-3.837294461814E-15));
#1419 = CARTESIAN_POINT('',(1.570796326795,-2.22044604925E-16));
#1420 = ( GEOMETRIC_REPRESENTATION_CONTEXT(2) 
PARAMETRIC_REPRESENTATION_CONTEXT() REPRESENTATION_CONTEXT('2D SPACE',''
  ) );
#1421 = PCURVE('',#1331,#1422);
#1422 = DEFINITIONAL_REPRESENTATION('',(#1423),#1432);
#1423 = B_SPLINE_CURVE_WITH_KNOTS('',7,(#1424,#1425,#1426,#1427,#1428,
    #1429,#1430,#1431),.UNSPECIFIED.,.F.,.F.,(8,8),(1.570796326795,
    3.14159265359),.PIECEWISE_BEZIER_KNOTS.);
#1424 = CARTESIAN_POINT('',(1.110223024625E-16,18.));
#1425 = CARTESIAN_POINT('',(0.224399475256,18.448798950513));
#1426 = CARTESIAN_POINT('',(0.448798876393,18.897596016919));
#1427 = CARTESIAN_POINT('',(0.673198469155,19.309493573769));
#1428 = CARTESIAN_POINT('',(0.897598038629,19.647525343504));
#1429 = CARTESIAN_POINT('',(1.121997271042,19.88250246285));
#1430 = CARTESIAN_POINT('',(1.346396851538,20.));
#1431 = CARTESIAN_POINT('',(1.570796326795,20.));
#1432 = ( GEOMETRIC_REPRESENTATION_CONTEXT(2) 
PARAMETRIC_REPRESENTATION_CONTEXT() REPRESENTATION_CONTEXT('2D SPACE',''
  ) );
#1433 = ORIENTED_EDGE('',*,*,#1434,.T.);
#1434 = EDGE_CURVE('',#1401,#1435,#1437,.T.);
#1435 = VERTEX_POINT('',#1436);
#1436 = CARTESIAN_POINT('',(120.,-70.,2.));
#1437 = SURFACE_CURVE('',#1438,(#1442,#1449),.PCURVE_S1.);
#1438 = LINE('',#1439,#1440);
#1439 = CARTESIAN_POINT('',(120.,10.,2.));
#1440 = VECTOR('',#1441,1.);
#1441 = DIRECTION('',(0.,-1.,0.));
#1442 = PCURVE('',#1303,#1443);
#1443 = DEFINITIONAL_REPRESENTATION('',(#1444),#1448);
#1444 = LINE('',#1445,#1446);
#1445 = CARTESIAN_POINT('',(1.570796326795,0.));
#1446 = VECTOR('',#1447,1.);
#1447 = DIRECTION('',(0.,1.));
#1448 = ( GEOMETRIC_REPRESENTATION_CONTEXT(2) 
PARAMETRIC_REPRESENTATION_CONTEXT() REPRESENTATION_CONTEXT('2D SPACE',''
  ) );
#1449 = PCURVE('',#1450,#1455);
#1450 = PLANE('',#1451);
#1451 = AXIS2_PLACEMENT_3D('',#1452,#1453,#1454);
#1452 = CARTESIAN_POINT('',(120.,10.,0.));
#1453 = DIRECTION('',(-1.,0.,0.));
#1454 = DIRECTION('',(0.,0.,1.));
#1455 = DEFINITIONAL_REPRESENTATION('',(#1456),#1460);
#1456 = LINE('',#1457,#1458);
#1457 = CARTESIAN_POINT('',(2.,0.));
#1458 = VECTOR('',#1459,1.);
#1459 = DIRECTION('',(0.,-1.));
#1460 = ( GEOMETRIC_REPRESENTATION_CONTEXT(2) 
PARAMETRIC_REPRESENTATION_CONTEXT() REPRESENTATION_CONTEXT('2D SPACE',''
  ) );
#1461 = ORIENTED_EDGE('',*,*,#1462,.F.);
#1462 = EDGE_CURVE('',#1283,#1435,#1463,.T.);
#1463 = SURFACE_CURVE('',#1464,(#1469,#1481),.PCURVE_S1.);
#1464 = ELLIPSE('',#1465,2.828427124746,2.);
#1465 = AXIS2_PLACEMENT_3D('',#1466,#1467,#1468);
#1466 = CARTESIAN_POINT('',(118.,-68.,2.));
#1467 = DIRECTION('',(-0.707106781187,-0.707106781187,0.));
#1468 = DIRECTION('',(0.707106781187,-0.707106781187,0.));
#1469 = PCURVE('',#1303,#1470);
#1470 = DEFINITIONAL_REPRESENTATION('',(#1471),#1480);
#1471 = B_SPLINE_CURVE_WITH_KNOTS('',7,(#1472,#1473,#1474,#1475,#1476,
    #1477,#1478,#1479),.UNSPECIFIED.,.F.,.F.,(8,8),(4.712388980385,
    6.28318530718),.PIECEWISE_BEZIER_KNOTS.);
#1472 = CARTESIAN_POINT('',(-2.692044588945E-16,78.));
#1473 = CARTESIAN_POINT('',(0.224399475256,78.448798950514));
#1474 = CARTESIAN_POINT('',(0.448798876395,78.897596016913));
#1475 = CARTESIAN_POINT('',(0.673198469151,79.309493573781));
#1476 = CARTESIAN_POINT('',(0.89759803863,79.6475253435));
#1477 = CARTESIAN_POINT('',(1.121997271042,79.882502462851));
#1478 = CARTESIAN_POINT('',(1.346396851538,79.999999999999));
#1479 = CARTESIAN_POINT('',(1.570796326795,80.));
#1480 = ( GEOMETRIC_REPRESENTATION_CONTEXT(2) 
PARAMETRIC_REPRESENTATION_CONTEXT() REPRESENTATION_CONTEXT('2D SPACE',''
  ) );
#1481 = PCURVE('',#1385,#1482);
#1482 = DEFINITIONAL_REPRESENTATION('',(#1483),#1493);
#1483 = B_SPLINE_CURVE_WITH_KNOTS('',8,(#1484,#1485,#1486,#1487,#1488,
    #1489,#1490,#1491,#1492),.UNSPECIFIED.,.F.,.F.,(9,9),(4.712388980385
    ,6.28318530718),.PIECEWISE_BEZIER_KNOTS.);
#1484 = CARTESIAN_POINT('',(0.,18.));
#1485 = CARTESIAN_POINT('',(-0.196349540849,18.392699081699));
#1486 = CARTESIAN_POINT('',(-0.392699081699,18.785398256626));
#1487 = CARTESIAN_POINT('',(-0.589048622546,19.155026522414));
#1488 = CARTESIAN_POINT('',(-0.785398163397,19.478517501114));
#1489 = CARTESIAN_POINT('',(-0.981747704245,19.73563609269));
#1490 = CARTESIAN_POINT('',(-1.178097245096,19.911878448014));
#1491 = CARTESIAN_POINT('',(-1.374446785946,20.));
#1492 = CARTESIAN_POINT('',(-1.570796326795,20.));
#1493 = ( GEOMETRIC_REPRESENTATION_CONTEXT(2) 
PARAMETRIC_REPRESENTATION_CONTEXT() REPRESENTATION_CONTEXT('2D SPACE',''
  ) );
#1494 = ORIENTED_EDGE('',*,*,#1280,.F.);
#1495 = ADVANCED_FACE('',(#1496),#1331,.T.);
#1496 = FACE_BOUND('',#1497,.T.);
#1497 = EDGE_LOOP('',(#1498,#1532,#1558,#1559));
#1498 = ORIENTED_EDGE('',*,*,#1499,.T.);
#1499 = EDGE_CURVE('',#1316,#1500,#1502,.T.);
#1500 = VERTEX_POINT('',#1501);
#1501 = CARTESIAN_POINT('',(100.,10.,2.));
#1502 = SURFACE_CURVE('',#1503,(#1508,#1520),.PCURVE_S1.);
#1503 = ELLIPSE('',#1504,2.828427124746,2.);
#1504 = AXIS2_PLACEMENT_3D('',#1505,#1506,#1507);
#1505 = CARTESIAN_POINT('',(102.,8.,2.));
#1506 = DIRECTION('',(0.707106781187,0.707106781187,0.));
#1507 = DIRECTION('',(0.707106781187,-0.707106781187,0.));
#1508 = PCURVE('',#1331,#1509);
#1509 = DEFINITIONAL_REPRESENTATION('',(#1510),#1519);
#1510 = B_SPLINE_CURVE_WITH_KNOTS('',7,(#1511,#1512,#1513,#1514,#1515,
    #1516,#1517,#1518),.UNSPECIFIED.,.F.,.F.,(8,8),(1.570796326795,
    3.14159265359),.PIECEWISE_BEZIER_KNOTS.);
#1511 = CARTESIAN_POINT('',(1.110223024625E-16,2.));
#1512 = CARTESIAN_POINT('',(0.224399475256,1.551201049487));
#1513 = CARTESIAN_POINT('',(0.448798876392,1.102403983079));
#1514 = CARTESIAN_POINT('',(0.673198469156,0.690506426236));
#1515 = CARTESIAN_POINT('',(0.897598038629,0.352474656493));
#1516 = CARTESIAN_POINT('',(1.121997271042,0.117497537152));
#1517 = CARTESIAN_POINT('',(1.346396851538,-4.622058580582E-15));
#1518 = CARTESIAN_POINT('',(1.570796326795,0.));
#1519 = ( GEOMETRIC_REPRESENTATION_CONTEXT(2) 
PARAMETRIC_REPRESENTATION_CONTEXT() REPRESENTATION_CONTEXT('2D SPACE',''
  ) );
#1520 = PCURVE('',#1359,#1521);
#1521 = DEFINITIONAL_REPRESENTATION('',(#1522),#1531);
#1522 = B_SPLINE_CURVE_WITH_KNOTS('',7,(#1523,#1524,#1525,#1526,#1527,
    #1528,#1529,#1530),.UNSPECIFIED.,.F.,.F.,(8,8),(1.570796326795,
    3.14159265359),.PIECEWISE_BEZIER_KNOTS.);
#1523 = CARTESIAN_POINT('',(-3.330669073875E-16,2.));
#1524 = CARTESIAN_POINT('',(-0.224399475256,1.551201049487));
#1525 = CARTESIAN_POINT('',(-0.448798876392,1.102403983079));
#1526 = CARTESIAN_POINT('',(-0.673198469156,0.690506426236));
#1527 = CARTESIAN_POINT('',(-0.897598038629,0.352474656493));
#1528 = CARTESIAN_POINT('',(-1.121997271042,0.117497537152));
#1529 = CARTESIAN_POINT('',(-1.346396851538,-4.936241783845E-15));
#1530 = CARTESIAN_POINT('',(-1.570796326795,-2.22044604925E-16));
#1531 = ( GEOMETRIC_REPRESENTATION_CONTEXT(2) 
PARAMETRIC_REPRESENTATION_CONTEXT() REPRESENTATION_CONTEXT('2D SPACE',''
  ) );
#1532 = ORIENTED_EDGE('',*,*,#1533,.T.);
#1533 = EDGE_CURVE('',#1500,#1401,#1534,.T.);
#1534 = SURFACE_CURVE('',#1535,(#1539,#1546),.PCURVE_S1.);
#1535 = LINE('',#1536,#1537);
#1536 = CARTESIAN_POINT('',(100.,10.,2.));
#1537 = VECTOR('',#1538,1.);
#1538 = DIRECTION('',(1.,0.,0.));
#1539 = PCURVE('',#1331,#1540);
#1540 = DEFINITIONAL_REPRESENTATION('',(#1541),#1545);
#1541 = LINE('',#1542,#1543);
#1542 = CARTESIAN_POINT('',(1.570796326795,0.));
#1543 = VECTOR('',#1544,1.);
#1544 = DIRECTION('',(0.,1.));
#1545 = ( GEOMETRIC_REPRESENTATION_CONTEXT(2) 
PARAMETRIC_REPRESENTATION_CONTEXT() REPRESENTATION_CONTEXT('2D SPACE',''
  ) );
#1546 = PCURVE('',#1547,#1552);
#1547 = PLANE('',#1548);
#1548 = AXIS2_PLACEMENT_3D('',#1549,#1550,#1551);
#1549 = CARTESIAN_POINT('',(63.459102668238,10.,23.999857627513));
#1550 = DIRECTION('',(-0.,-1.,-0.));
#1551 = DIRECTION('',(0.,0.,-1.));
#1552 = DEFINITIONAL_REPRESENTATION('',(#1553),#1557);
#1553 = LINE('',#1554,#1555);
#1554 = CARTESIAN_POINT('',(21.999857627513,36.540897331762));
#1555 = VECTOR('',#1556,1.);
#1556 = DIRECTION('',(0.,1.));
#1557 = ( GEOMETRIC_REPRESENTATION_CONTEXT(2) 
PARAMETRIC_REPRESENTATION_CONTEXT() REPRESENTATION_CONTEXT('2D SPACE',''
  ) );
#1558 = ORIENTED_EDGE('',*,*,#1400,.F.);
#1559 = ORIENTED_EDGE('',*,*,#1315,.F.);
#1560 = ADVANCED_FACE('',(#1561),#1385,.T.);
#1561 = FACE_BOUND('',#1562,.F.);
#1562 = EDGE_LOOP('',(#1563,#1598,#1624,#1625));
#1563 = ORIENTED_EDGE('',*,*,#1564,.T.);
#1564 = EDGE_CURVE('',#1344,#1565,#1567,.T.);
#1565 = VERTEX_POINT('',#1566);
#1566 = CARTESIAN_POINT('',(100.,-70.,2.));
#1567 = SURFACE_CURVE('',#1568,(#1573,#1586),.PCURVE_S1.);
#1568 = ELLIPSE('',#1569,2.828427124746,2.);
#1569 = AXIS2_PLACEMENT_3D('',#1570,#1571,#1572);
#1570 = CARTESIAN_POINT('',(102.,-68.,2.));
#1571 = DIRECTION('',(-0.707106781187,0.707106781187,0.));
#1572 = DIRECTION('',(-0.707106781187,-0.707106781187,0.));
#1573 = PCURVE('',#1385,#1574);
#1574 = DEFINITIONAL_REPRESENTATION('',(#1575),#1585);
#1575 = B_SPLINE_CURVE_WITH_KNOTS('',8,(#1576,#1577,#1578,#1579,#1580,
    #1581,#1582,#1583,#1584),.UNSPECIFIED.,.F.,.F.,(9,9),(4.712388980385
    ,6.28318530718),.PIECEWISE_BEZIER_KNOTS.);
#1576 = CARTESIAN_POINT('',(0.,2.));
#1577 = CARTESIAN_POINT('',(-0.196349540849,1.607300918301));
#1578 = CARTESIAN_POINT('',(-0.392699081699,1.214601743363));
#1579 = CARTESIAN_POINT('',(-0.589048622545,0.844973477577));
#1580 = CARTESIAN_POINT('',(-0.785398163398,0.521482498845));
#1581 = CARTESIAN_POINT('',(-0.981747704244,0.26436390732));
#1582 = CARTESIAN_POINT('',(-1.178097245096,8.812155197234E-02));
#1583 = CARTESIAN_POINT('',(-1.374446785946,0.));
#1584 = CARTESIAN_POINT('',(-1.570796326795,0.));
#1585 = ( GEOMETRIC_REPRESENTATION_CONTEXT(2) 
PARAMETRIC_REPRESENTATION_CONTEXT() REPRESENTATION_CONTEXT('2D SPACE',''
  ) );
#1586 = PCURVE('',#1359,#1587);
#1587 = DEFINITIONAL_REPRESENTATION('',(#1588),#1597);
#1588 = B_SPLINE_CURVE_WITH_KNOTS('',7,(#1589,#1590,#1591,#1592,#1593,
    #1594,#1595,#1596),.UNSPECIFIED.,.F.,.F.,(8,8),(4.712388980385,
    6.28318530718),.PIECEWISE_BEZIER_KNOTS.);
#1589 = CARTESIAN_POINT('',(4.912490638182E-16,78.));
#1590 = CARTESIAN_POINT('',(-0.224399475256,78.448798950514));
#1591 = CARTESIAN_POINT('',(-0.448798876393,78.897596016919));
#1592 = CARTESIAN_POINT('',(-0.673198469152,79.309493573777));
#1593 = CARTESIAN_POINT('',(-0.897598038626,79.647525343508));
#1594 = CARTESIAN_POINT('',(-1.121997271043,79.882502462857));
#1595 = CARTESIAN_POINT('',(-1.346396851538,79.999999999999));
#1596 = CARTESIAN_POINT('',(-1.570796326795,80.));
#1597 = ( GEOMETRIC_REPRESENTATION_CONTEXT(2) 
PARAMETRIC_REPRESENTATION_CONTEXT() REPRESENTATION_CONTEXT('2D SPACE',''
  ) );
#1598 = ORIENTED_EDGE('',*,*,#1599,.T.);
#1599 = EDGE_CURVE('',#1565,#1435,#1600,.T.);
#1600 = SURFACE_CURVE('',#1601,(#1605,#1612),.PCURVE_S1.);
#1601 = LINE('',#1602,#1603);
#1602 = CARTESIAN_POINT('',(100.,-70.,2.));
#1603 = VECTOR('',#1604,1.);
#1604 = DIRECTION('',(1.,0.,0.));
#1605 = PCURVE('',#1385,#1606);
#1606 = DEFINITIONAL_REPRESENTATION('',(#1607),#1611);
#1607 = LINE('',#1608,#1609);
#1608 = CARTESIAN_POINT('',(-1.570796326795,0.));
#1609 = VECTOR('',#1610,1.);
#1610 = DIRECTION('',(-0.,1.));
#1611 = ( GEOMETRIC_REPRESENTATION_CONTEXT(2) 
PARAMETRIC_REPRESENTATION_CONTEXT() REPRESENTATION_CONTEXT('2D SPACE',''
  ) );
#1612 = PCURVE('',#1613,#1618);
#1613 = PLANE('',#1614);
#1614 = AXIS2_PLACEMENT_3D('',#1615,#1616,#1617);
#1615 = CARTESIAN_POINT('',(63.459102668238,-70.,23.999857627513));
#1616 = DIRECTION('',(-0.,-1.,-0.));
#1617 = DIRECTION('',(0.,0.,-1.));
#1618 = DEFINITIONAL_REPRESENTATION('',(#1619),#1623);
#1619 = LINE('',#1620,#1621);
#1620 = CARTESIAN_POINT('',(21.999857627513,36.540897331762));
#1621 = VECTOR('',#1622,1.);
#1622 = DIRECTION('',(0.,1.));
#1623 = ( GEOMETRIC_REPRESENTATION_CONTEXT(2) 
PARAMETRIC_REPRESENTATION_CONTEXT() REPRESENTATION_CONTEXT('2D SPACE',''
  ) );
#1624 = ORIENTED_EDGE('',*,*,#1462,.F.);
#1625 = ORIENTED_EDGE('',*,*,#1371,.F.);
#1626 = ADVANCED_FACE('',(#1627),#1359,.T.);
#1627 = FACE_BOUND('',#1628,.F.);
#1628 = EDGE_LOOP('',(#1629,#1630,#1656,#1657));
#1629 = ORIENTED_EDGE('',*,*,#1499,.T.);
#1630 = ORIENTED_EDGE('',*,*,#1631,.T.);
#1631 = EDGE_CURVE('',#1500,#1565,#1632,.T.);
#1632 = SURFACE_CURVE('',#1633,(#1637,#1644),.PCURVE_S1.);
#1633 = LINE('',#1634,#1635);
#1634 = CARTESIAN_POINT('',(100.,10.,2.));
#1635 = VECTOR('',#1636,1.);
#1636 = DIRECTION('',(0.,-1.,0.));
#1637 = PCURVE('',#1359,#1638);
#1638 = DEFINITIONAL_REPRESENTATION('',(#1639),#1643);
#1639 = LINE('',#1640,#1641);
#1640 = CARTESIAN_POINT('',(-1.570796326795,0.));
#1641 = VECTOR('',#1642,1.);
#1642 = DIRECTION('',(-0.,1.));
#1643 = ( GEOMETRIC_REPRESENTATION_CONTEXT(2) 
PARAMETRIC_REPRESENTATION_CONTEXT() REPRESENTATION_CONTEXT('2D SPACE',''
  ) );
#1644 = PCURVE('',#1645,#1650);
#1645 = PLANE('',#1646);
#1646 = AXIS2_PLACEMENT_3D('',#1647,#1648,#1649);
#1647 = CARTESIAN_POINT('',(100.,10.,10.));
#1648 = DIRECTION('',(1.,0.,0.));
#1649 = DIRECTION('',(0.,0.,-1.));
#1650 = DEFINITIONAL_REPRESENTATION('',(#1651),#1655);
#1651 = LINE('',#1652,#1653);
#1652 = CARTESIAN_POINT('',(8.,0.));
#1653 = VECTOR('',#1654,1.);
#1654 = DIRECTION('',(0.,-1.));
#1655 = ( GEOMETRIC_REPRESENTATION_CONTEXT(2) 
PARAMETRIC_REPRESENTATION_CONTEXT() REPRESENTATION_CONTEXT('2D SPACE',''
  ) );
#1656 = ORIENTED_EDGE('',*,*,#1564,.F.);
#1657 = ORIENTED_EDGE('',*,*,#1343,.F.);
#1658 = ADVANCED_FACE('',(#1659),#1450,.F.);
#1659 = FACE_BOUND('',#1660,.F.);
#1660 = EDGE_LOOP('',(#1661,#1684,#1685,#1708));
#1661 = ORIENTED_EDGE('',*,*,#1662,.F.);
#1662 = EDGE_CURVE('',#1401,#1663,#1665,.T.);
#1663 = VERTEX_POINT('',#1664);
#1664 = CARTESIAN_POINT('',(120.,10.,10.));
#1665 = SURFACE_CURVE('',#1666,(#1670,#1677),.PCURVE_S1.);
#1666 = LINE('',#1667,#1668);
#1667 = CARTESIAN_POINT('',(120.,10.,0.));
#1668 = VECTOR('',#1669,1.);
#1669 = DIRECTION('',(0.,0.,1.));
#1670 = PCURVE('',#1450,#1671);
#1671 = DEFINITIONAL_REPRESENTATION('',(#1672),#1676);
#1672 = LINE('',#1673,#1674);
#1673 = CARTESIAN_POINT('',(0.,0.));
#1674 = VECTOR('',#1675,1.);
#1675 = DIRECTION('',(1.,0.));
#1676 = ( GEOMETRIC_REPRESENTATION_CONTEXT(2) 
PARAMETRIC_REPRESENTATION_CONTEXT() REPRESENTATION_CONTEXT('2D SPACE',''
  ) );
#1677 = PCURVE('',#1547,#1678);
#1678 = DEFINITIONAL_REPRESENTATION('',(#1679),#1683);
#1679 = LINE('',#1680,#1681);
#1680 = CARTESIAN_POINT('',(23.999857627513,56.540897331762));
#1681 = VECTOR('',#1682,1.);
#1682 = DIRECTION('',(-1.,0.));
#1683 = ( GEOMETRIC_REPRESENTATION_CONTEXT(2) 
PARAMETRIC_REPRESENTATION_CONTEXT() REPRESENTATION_CONTEXT('2D SPACE',''
  ) );
#1684 = ORIENTED_EDGE('',*,*,#1434,.T.);
#1685 = ORIENTED_EDGE('',*,*,#1686,.T.);
#1686 = EDGE_CURVE('',#1435,#1687,#1689,.T.);
#1687 = VERTEX_POINT('',#1688);
#1688 = CARTESIAN_POINT('',(120.,-70.,10.));
#1689 = SURFACE_CURVE('',#1690,(#1694,#1701),.PCURVE_S1.);
#1690 = LINE('',#1691,#1692);
#1691 = CARTESIAN_POINT('',(120.,-70.,0.));
#1692 = VECTOR('',#1693,1.);
#1693 = DIRECTION('',(0.,0.,1.));
#1694 = PCURVE('',#1450,#1695);
#1695 = DEFINITIONAL_REPRESENTATION('',(#1696),#1700);
#1696 = LINE('',#1697,#1698);
#1697 = CARTESIAN_POINT('',(0.,-80.));
#1698 = VECTOR('',#1699,1.);
#1699 = DIRECTION('',(1.,0.));
#1700 = ( GEOMETRIC_REPRESENTATION_CONTEXT(2) 
PARAMETRIC_REPRESENTATION_CONTEXT() REPRESENTATION_CONTEXT('2D SPACE',''
  ) );
#1701 = PCURVE('',#1613,#1702);
#1702 = DEFINITIONAL_REPRESENTATION('',(#1703),#1707);
#1703 = LINE('',#1704,#1705);
#1704 = CARTESIAN_POINT('',(23.999857627513,56.540897331762));
#1705 = VECTOR('',#1706,1.);
#1706 = DIRECTION('',(-1.,0.));
#1707 = ( GEOMETRIC_REPRESENTATION_CONTEXT(2) 
PARAMETRIC_REPRESENTATION_CONTEXT() REPRESENTATION_CONTEXT('2D SPACE',''
  ) );
#1708 = ORIENTED_EDGE('',*,*,#1709,.F.);
#1709 = EDGE_CURVE('',#1663,#1687,#1710,.T.);
#1710 = SURFACE_CURVE('',#1711,(#1715,#1722),.PCURVE_S1.);
#1711 = LINE('',#1712,#1713);
#1712 = CARTESIAN_POINT('',(120.,10.,10.));
#1713 = VECTOR('',#1714,1.);
#1714 = DIRECTION('',(0.,-1.,0.));
#1715 = PCURVE('',#1450,#1716);
#1716 = DEFINITIONAL_REPRESENTATION('',(#1717),#1721);
#1717 = LINE('',#1718,#1719);
#1718 = CARTESIAN_POINT('',(10.,0.));
#1719 = VECTOR('',#1720,1.);
#1720 = DIRECTION('',(0.,-1.));
#1721 = ( GEOMETRIC_REPRESENTATION_CONTEXT(2) 
PARAMETRIC_REPRESENTATION_CONTEXT() REPRESENTATION_CONTEXT('2D SPACE',''
  ) );
#1722 = PCURVE('',#1723,#1728);
#1723 = PLANE('',#1724);
#1724 = AXIS2_PLACEMENT_3D('',#1725,#1726,#1727);
#1725 = CARTESIAN_POINT('',(120.,10.,10.));
#1726 = DIRECTION('',(-0.,-0.,-1.));
#1727 = DIRECTION('',(-1.,0.,0.));
#1728 = DEFINITIONAL_REPRESENTATION('',(#1729),#1733);
#1729 = LINE('',#1730,#1731);
#1730 = CARTESIAN_POINT('',(0.,0.));
#1731 = VECTOR('',#1732,1.);
#1732 = DIRECTION('',(0.,-1.));
#1733 = ( GEOMETRIC_REPRESENTATION_CONTEXT(2) 
PARAMETRIC_REPRESENTATION_CONTEXT() REPRESENTATION_CONTEXT('2D SPACE',''
  ) );
#1734 = ADVANCED_FACE('',(#1735),#1547,.F.);
#1735 = FACE_BOUND('',#1736,.F.);
#1736 = EDGE_LOOP('',(#1737,#1738,#1761,#1782));
#1737 = ORIENTED_EDGE('',*,*,#1662,.T.);
#1738 = ORIENTED_EDGE('',*,*,#1739,.T.);
#1739 = EDGE_CURVE('',#1663,#1740,#1742,.T.);
#1740 = VERTEX_POINT('',#1741);
#1741 = CARTESIAN_POINT('',(100.,10.,10.));
#1742 = SURFACE_CURVE('',#1743,(#1747,#1754),.PCURVE_S1.);
#1743 = LINE('',#1744,#1745);
#1744 = CARTESIAN_POINT('',(120.,10.,10.));
#1745 = VECTOR('',#1746,1.);
#1746 = DIRECTION('',(-1.,0.,0.));
#1747 = PCURVE('',#1547,#1748);
#1748 = DEFINITIONAL_REPRESENTATION('',(#1749),#1753);
#1749 = LINE('',#1750,#1751);
#1750 = CARTESIAN_POINT('',(13.999857627513,56.540897331762));
#1751 = VECTOR('',#1752,1.);
#1752 = DIRECTION('',(0.,-1.));
#1753 = ( GEOMETRIC_REPRESENTATION_CONTEXT(2) 
PARAMETRIC_REPRESENTATION_CONTEXT() REPRESENTATION_CONTEXT('2D SPACE',''
  ) );
#1754 = PCURVE('',#1723,#1755);
#1755 = DEFINITIONAL_REPRESENTATION('',(#1756),#1760);
#1756 = LINE('',#1757,#1758);
#1757 = CARTESIAN_POINT('',(0.,0.));
#1758 = VECTOR('',#1759,1.);
#1759 = DIRECTION('',(1.,0.));
#1760 = ( GEOMETRIC_REPRESENTATION_CONTEXT(2) 
PARAMETRIC_REPRESENTATION_CONTEXT() REPRESENTATION_CONTEXT('2D SPACE',''
  ) );
#1761 = ORIENTED_EDGE('',*,*,#1762,.T.);
#1762 = EDGE_CURVE('',#1740,#1500,#1763,.T.);
#1763 = SURFACE_CURVE('',#1764,(#1768,#1775),.PCURVE_S1.);
#1764 = LINE('',#1765,#1766);
#1765 = CARTESIAN_POINT('',(100.,10.,10.));
#1766 = VECTOR('',#1767,1.);
#1767 = DIRECTION('',(0.,0.,-1.));
#1768 = PCURVE('',#1547,#1769);
#1769 = DEFINITIONAL_REPRESENTATION('',(#1770),#1774);
#1770 = LINE('',#1771,#1772);
#1771 = CARTESIAN_POINT('',(13.999857627513,36.540897331762));
#1772 = VECTOR('',#1773,1.);
#1773 = DIRECTION('',(1.,0.));
#1774 = ( GEOMETRIC_REPRESENTATION_CONTEXT(2) 
PARAMETRIC_REPRESENTATION_CONTEXT() REPRESENTATION_CONTEXT('2D SPACE',''
  ) );
#1775 = PCURVE('',#1645,#1776);
#1776 = DEFINITIONAL_REPRESENTATION('',(#1777),#1781);
#1777 = LINE('',#1778,#1779);
#1778 = CARTESIAN_POINT('',(0.,0.));
#1779 = VECTOR('',#1780,1.);
#1780 = DIRECTION('',(1.,0.));
#1781 = ( GEOMETRIC_REPRESENTATION_CONTEXT(2) 
PARAMETRIC_REPRESENTATION_CONTEXT() REPRESENTATION_CONTEXT('2D SPACE',''
  ) );
#1782 = ORIENTED_EDGE('',*,*,#1533,.T.);
#1783 = ADVANCED_FACE('',(#1784),#1613,.T.);
#1784 = FACE_BOUND('',#1785,.T.);
#1785 = EDGE_LOOP('',(#1786,#1787,#1810,#1831));
#1786 = ORIENTED_EDGE('',*,*,#1686,.T.);
#1787 = ORIENTED_EDGE('',*,*,#1788,.T.);
#1788 = EDGE_CURVE('',#1687,#1789,#1791,.T.);
#1789 = VERTEX_POINT('',#1790);
#1790 = CARTESIAN_POINT('',(100.,-70.,10.));
#1791 = SURFACE_CURVE('',#1792,(#1796,#1803),.PCURVE_S1.);
#1792 = LINE('',#1793,#1794);
#1793 = CARTESIAN_POINT('',(120.,-70.,10.));
#1794 = VECTOR('',#1795,1.);
#1795 = DIRECTION('',(-1.,0.,0.));
#1796 = PCURVE('',#1613,#1797);
#1797 = DEFINITIONAL_REPRESENTATION('',(#1798),#1802);
#1798 = LINE('',#1799,#1800);
#1799 = CARTESIAN_POINT('',(13.999857627513,56.540897331762));
#1800 = VECTOR('',#1801,1.);
#1801 = DIRECTION('',(0.,-1.));
#1802 = ( GEOMETRIC_REPRESENTATION_CONTEXT(2) 
PARAMETRIC_REPRESENTATION_CONTEXT() REPRESENTATION_CONTEXT('2D SPACE',''
  ) );
#1803 = PCURVE('',#1723,#1804);
#1804 = DEFINITIONAL_REPRESENTATION('',(#1805),#1809);
#1805 = LINE('',#1806,#1807);
#1806 = CARTESIAN_POINT('',(0.,-80.));
#1807 = VECTOR('',#1808,1.);
#1808 = DIRECTION('',(1.,0.));
#1809 = ( GEOMETRIC_REPRESENTATION_CONTEXT(2) 
PARAMETRIC_REPRESENTATION_CONTEXT() REPRESENTATION_CONTEXT('2D SPACE',''
  ) );
#1810 = ORIENTED_EDGE('',*,*,#1811,.T.);
#1811 = EDGE_CURVE('',#1789,#1565,#1812,.T.);
#1812 = SURFACE_CURVE('',#1813,(#1817,#1824),.PCURVE_S1.);
#1813 = LINE('',#1814,#1815);
#1814 = CARTESIAN_POINT('',(100.,-70.,10.));
#1815 = VECTOR('',#1816,1.);
#1816 = DIRECTION('',(0.,0.,-1.));
#1817 = PCURVE('',#1613,#1818);
#1818 = DEFINITIONAL_REPRESENTATION('',(#1819),#1823);
#1819 = LINE('',#1820,#1821);
#1820 = CARTESIAN_POINT('',(13.999857627513,36.540897331762));
#1821 = VECTOR('',#1822,1.);
#1822 = DIRECTION('',(1.,0.));
#1823 = ( GEOMETRIC_REPRESENTATION_CONTEXT(2) 
PARAMETRIC_REPRESENTATION_CONTEXT() REPRESENTATION_CONTEXT('2D SPACE',''
  ) );
#1824 = PCURVE('',#1645,#1825);
#1825 = DEFINITIONAL_REPRESENTATION('',(#1826),#1830);
#1826 = LINE('',#1827,#1828);
#1827 = CARTESIAN_POINT('',(0.,-80.));
#1828 = VECTOR('',#1829,1.);
#1829 = DIRECTION('',(1.,0.));
#1830 = ( GEOMETRIC_REPRESENTATION_CONTEXT(2) 
PARAMETRIC_REPRESENTATION_CONTEXT() REPRESENTATION_CONTEXT('2D SPACE',''
  ) );
#1831 = ORIENTED_EDGE('',*,*,#1599,.T.);
#1832 = ADVANCED_FACE('',(#1833),#1645,.F.);
#1833 = FACE_BOUND('',#1834,.F.);
#1834 = EDGE_LOOP('',(#1835,#1836,#1857,#1858));
#1835 = ORIENTED_EDGE('',*,*,#1762,.F.);
#1836 = ORIENTED_EDGE('',*,*,#1837,.T.);
#1837 = EDGE_CURVE('',#1740,#1789,#1838,.T.);
#1838 = SURFACE_CURVE('',#1839,(#1843,#1850),.PCURVE_S1.);
#1839 = LINE('',#1840,#1841);
#1840 = CARTESIAN_POINT('',(100.,10.,10.));
#1841 = VECTOR('',#1842,1.);
#1842 = DIRECTION('',(0.,-1.,0.));
#1843 = PCURVE('',#1645,#1844);
#1844 = DEFINITIONAL_REPRESENTATION('',(#1845),#1849);
#1845 = LINE('',#1846,#1847);
#1846 = CARTESIAN_POINT('',(-3.552713678801E-15,0.));
#1847 = VECTOR('',#1848,1.);
#1848 = DIRECTION('',(0.,-1.));
#1849 = ( GEOMETRIC_REPRESENTATION_CONTEXT(2) 
PARAMETRIC_REPRESENTATION_CONTEXT() REPRESENTATION_CONTEXT('2D SPACE',''
  ) );
#1850 = PCURVE('',#1723,#1851);
#1851 = DEFINITIONAL_REPRESENTATION('',(#1852),#1856);
#1852 = LINE('',#1853,#1854);
#1853 = CARTESIAN_POINT('',(20.,0.));
#1854 = VECTOR('',#1855,1.);
#1855 = DIRECTION('',(0.,-1.));
#1856 = ( GEOMETRIC_REPRESENTATION_CONTEXT(2) 
PARAMETRIC_REPRESENTATION_CONTEXT() REPRESENTATION_CONTEXT('2D SPACE',''
  ) );
#1857 = ORIENTED_EDGE('',*,*,#1811,.T.);
#1858 = ORIENTED_EDGE('',*,*,#1631,.F.);
#1859 = ADVANCED_FACE('',(#1860),#1723,.F.);
#1860 = FACE_BOUND('',#1861,.F.);
#1861 = EDGE_LOOP('',(#1862,#1863,#1864,#1865));
#1862 = ORIENTED_EDGE('',*,*,#1709,.T.);
#1863 = ORIENTED_EDGE('',*,*,#1788,.T.);
#1864 = ORIENTED_EDGE('',*,*,#1837,.F.);
#1865 = ORIENTED_EDGE('',*,*,#1739,.F.);
#1866 = ( GEOMETRIC_REPRESENTATION_CONTEXT(3) 
GLOBAL_UNCERTAINTY_ASSIGNED_CONTEXT((#1870)) 
GLOBAL_UNIT_ASSIGNED_CONTEXT((#1867,#1868,#1869)) REPRESENTATION_CONTEXT
('Context #1','3D Context with UNIT and UNCERTAINTY') );
#1867 = ( LENGTH_UNIT() NAMED_UNIT(*) SI_UNIT(.MILLI.,.METRE.) );
#1868 = ( NAMED_UNIT(*) PLANE_ANGLE_UNIT() SI_UNIT($,.RADIAN.) );
#1869 = ( NAMED_UNIT(*) SI_UNIT($,.STERADIAN.) SOLID_ANGLE_UNIT() );
#1870 = UNCERTAINTY_MEASURE_WITH_UNIT(LENGTH_MEASURE(2.E-07),#1867,
  'distance_accuracy_value','confusion accuracy');
#1871 = CONTEXT_DEPENDENT_SHAPE_REPRESENTATION(#1872,#1874);
#1872 = ( REPRESENTATION_RELATIONSHIP('','',#1273,#10) 
REPRESENTATION_RELATIONSHIP_WITH_TRANSFORMATION(#1873) 
SHAPE_REPRESENTATION_RELATIONSHIP() );
#1873 = ITEM_DEFINED_TRANSFORMATION('','',#11,#19);
#1874 = PRODUCT_DEFINITION_SHAPE('Placement','Placement of an item',
  #1875);
#1875 = NEXT_ASSEMBLY_USAGE_OCCURRENCE('2','','',#5,#1268,$);
#1876 = PRODUCT_RELATED_PRODUCT_CATEGORY('part',$,(#1270));
#1877 = SHAPE_DEFINITION_REPRESENTATION(#1878,#1884);
#1878 = PRODUCT_DEFINITION_SHAPE('','',#1879);
#1879 = PRODUCT_DEFINITION('design','',#1880,#1883);
#1880 = PRODUCT_DEFINITION_FORMATION('','',#1881);
#1881 = PRODUCT('Open CASCADE STEP translator 7.8 1.3',
  'Open CASCADE STEP translator 7.8 1.3','',(#1882));
#1882 = PRODUCT_CONTEXT('',#2,'mechanical');
#1883 = PRODUCT_DEFINITION_CONTEXT('part definition',#2,'design');
#1884 = ADVANCED_BREP_SHAPE_REPRESENTATION('',(#11,#1885),#1983);
#1885 = MANIFOLD_SOLID_BREP('',#1886);
#1886 = CLOSED_SHELL('',(#1887,#1975,#1979));
#1887 = ADVANCED_FACE('',(#1888),#1902,.T.);
#1888 = FACE_BOUND('',#1889,.F.);
#1889 = EDGE_LOOP('',(#1890,#1920,#1947,#1948));
#1890 = ORIENTED_EDGE('',*,*,#1891,.T.);
#1891 = EDGE_CURVE('',#1892,#1894,#1896,.T.);
#1892 = VERTEX_POINT('',#1893);
#1893 = CARTESIAN_POINT('',(51.918524548049,-13.08147545195,15.));
#1894 = VERTEX_POINT('',#1895);
#1895 = CARTESIAN_POINT('',(52.484209972998,-13.6471608769,15.));
#1896 = SEAM_CURVE('',#1897,(#1901,#1913),.PCURVE_S1.);
#1897 = LINE('',#1898,#1899);
#1898 = CARTESIAN_POINT('',(51.918524548049,-13.08147545195,15.));
#1899 = VECTOR('',#1900,1.);
#1900 = DIRECTION('',(0.707106781187,-0.707106781187,0.));
#1901 = PCURVE('',#1902,#1907);
#1902 = CYLINDRICAL_SURFACE('',#1903,1.5);
#1903 = AXIS2_PLACEMENT_3D('',#1904,#1905,#1906);
#1904 = CARTESIAN_POINT('',(50.857864376269,-14.14213562373,15.));
#1905 = DIRECTION('',(-0.707106781187,0.707106781187,-0.));
#1906 = DIRECTION('',(0.707106781187,0.707106781187,0.));
#1907 = DEFINITIONAL_REPRESENTATION('',(#1908),#1912);
#1908 = LINE('',#1909,#1910);
#1909 = CARTESIAN_POINT('',(-0.,0.));
#1910 = VECTOR('',#1911,1.);
#1911 = DIRECTION('',(-0.,-1.));
#1912 = ( GEOMETRIC_REPRESENTATION_CONTEXT(2) 
PARAMETRIC_REPRESENTATION_CONTEXT() REPRESENTATION_CONTEXT('2D SPACE',''
  ) );
#1913 = PCURVE('',#1902,#1914);
#1914 = DEFINITIONAL_REPRESENTATION('',(#1915),#1919);
#1915 = LINE('',#1916,#1917);
#1916 = CARTESIAN_POINT('',(-6.28318530718,0.));
#1917 = VECTOR('',#1918,1.);
#1918 = DIRECTION('',(-0.,-1.));
#1919 = ( GEOMETRIC_REPRESENTATION_CONTEXT(2) 
PARAMETRIC_REPRESENTATION_CONTEXT() REPRESENTATION_CONTEXT('2D SPACE',''
  ) );
#1920 = ORIENTED_EDGE('',*,*,#1921,.T.);
#1921 = EDGE_CURVE('',#1894,#1894,#1922,.T.);
#1922 = SURFACE_CURVE('',#1923,(#1928,#1935),.PCURVE_S1.);
#1923 = CIRCLE('',#1924,1.5);
#1924 = AXIS2_PLACEMENT_3D('',#1925,#1926,#1927);
#1925 = CARTESIAN_POINT('',(51.423549801218,-14.70782104868,15.));
#1926 = DIRECTION('',(0.707106781187,-0.707106781187,0.));
#1927 = DIRECTION('',(0.707106781187,0.707106781187,0.));
#1928 = PCURVE('',#1902,#1929);
#1929 = DEFINITIONAL_REPRESENTATION('',(#1930),#1934);
#1930 = LINE('',#1931,#1932);
#1931 = CARTESIAN_POINT('',(-0.,-0.8));
#1932 = VECTOR('',#1933,1.);
#1933 = DIRECTION('',(-1.,0.));
#1934 = ( GEOMETRIC_REPRESENTATION_CONTEXT(2) 
PARAMETRIC_REPRESENTATION_CONTEXT() REPRESENTATION_CONTEXT('2D SPACE',''
  ) );
#1935 = PCURVE('',#1936,#1941);
#1936 = PLANE('',#1937);
#1937 = AXIS2_PLACEMENT_3D('',#1938,#1939,#1940);
#1938 = CARTESIAN_POINT('',(51.423549801218,-14.70782104868,15.));
#1939 = DIRECTION('',(0.707106781187,-0.707106781187,4.834630952926E-16)
  );
#1940 = DIRECTION('',(-0.707106781187,-0.707106781187,1.060825372818E-32
    ));
#1941 = DEFINITIONAL_REPRESENTATION('',(#1942),#1946);
#1942 = CIRCLE('',#1943,1.5);
#1943 = AXIS2_PLACEMENT_2D('',#1944,#1945);
#1944 = CARTESIAN_POINT('',(0.,0.));
#1945 = DIRECTION('',(-1.,-8.854031496642E-32));
#1946 = ( GEOMETRIC_REPRESENTATION_CONTEXT(2) 
PARAMETRIC_REPRESENTATION_CONTEXT() REPRESENTATION_CONTEXT('2D SPACE',''
  ) );
#1947 = ORIENTED_EDGE('',*,*,#1891,.F.);
#1948 = ORIENTED_EDGE('',*,*,#1949,.F.);
#1949 = EDGE_CURVE('',#1892,#1892,#1950,.T.);
#1950 = SURFACE_CURVE('',#1951,(#1956,#1963),.PCURVE_S1.);
#1951 = CIRCLE('',#1952,1.5);
#1952 = AXIS2_PLACEMENT_3D('',#1953,#1954,#1955);
#1953 = CARTESIAN_POINT('',(50.857864376269,-14.14213562373,15.));
#1954 = DIRECTION('',(0.707106781187,-0.707106781187,0.));
#1955 = DIRECTION('',(0.707106781187,0.707106781187,0.));
#1956 = PCURVE('',#1902,#1957);
#1957 = DEFINITIONAL_REPRESENTATION('',(#1958),#1962);
#1958 = LINE('',#1959,#1960);
#1959 = CARTESIAN_POINT('',(-0.,0.));
#1960 = VECTOR('',#1961,1.);
#1961 = DIRECTION('',(-1.,0.));
#1962 = ( GEOMETRIC_REPRESENTATION_CONTEXT(2) 
PARAMETRIC_REPRESENTATION_CONTEXT() REPRESENTATION_CONTEXT('2D SPACE',''
  ) );
#1963 = PCURVE('',#1964,#1969);
#1964 = PLANE('',#1965);
#1965 = AXIS2_PLACEMENT_3D('',#1966,#1967,#1968);
#1966 = CARTESIAN_POINT('',(50.857864376269,-14.14213562373,15.));
#1967 = DIRECTION('',(0.707106781187,-0.707106781187,4.834630952926E-16)
  );
#1968 = DIRECTION('',(-0.707106781187,-0.707106781187,1.060825372818E-32
    ));
#1969 = DEFINITIONAL_REPRESENTATION('',(#1970),#1974);
#1970 = CIRCLE('',#1971,1.5);
#1971 = AXIS2_PLACEMENT_2D('',#1972,#1973);
#1972 = CARTESIAN_POINT('',(0.,0.));
#1973 = DIRECTION('',(-1.,-8.854031496642E-32));
#1974 = ( GEOMETRIC_REPRESENTATION_CONTEXT(2) 
PARAMETRIC_REPRESENTATION_CONTEXT() REPRESENTATION_CONTEXT('2D SPACE',''
  ) );
#1975 = ADVANCED_FACE('',(#1976),#1964,.F.);
#1976 = FACE_BOUND('',#1977,.F.);
#1977 = EDGE_LOOP('',(#1978));
#1978 = ORIENTED_EDGE('',*,*,#1949,.T.);
#1979 = ADVANCED_FACE('',(#1980),#1936,.T.);
#1980 = FACE_BOUND('',#1981,.T.);
#1981 = EDGE_LOOP('',(#1982));
#1982 = ORIENTED_EDGE('',*,*,#1921,.T.);
#1983 = ( GEOMETRIC_REPRESENTATION_CONTEXT(3) 
GLOBAL_UNCERTAINTY_ASSIGNED_CONTEXT((#1987)) 
GLOBAL_UNIT_ASSIGNED_CONTEXT((#1984,#1985,#1986)) REPRESENTATION_CONTEXT
('Context #1','3D Context with UNIT and UNCERTAINTY') );
#1984 = ( LENGTH_UNIT() NAMED_UNIT(*) SI_UNIT(.MILLI.,.METRE.) );
#1985 = ( NAMED_UNIT(*) PLANE_ANGLE_UNIT() SI_UNIT($,.RADIAN.) );
#1986 = ( NAMED_UNIT(*) SI_UNIT($,.STERADIAN.) SOLID_ANGLE_UNIT() );
#1987 = UNCERTAINTY_MEASURE_WITH_UNIT(LENGTH_MEASURE(1.E-07),#1984,
  'distance_accuracy_value','confusion accuracy');
#1988 = CONTEXT_DEPENDENT_SHAPE_REPRESENTATION(#1989,#1991);
#1989 = ( REPRESENTATION_RELATIONSHIP('','',#1884,#10) 
REPRESENTATION_RELATIONSHIP_WITH_TRANSFORMATION(#1990) 
SHAPE_REPRESENTATION_RELATIONSHIP() );
#1990 = ITEM_DEFINED_TRANSFORMATION('','',#11,#23);
#1991 = PRODUCT_DEFINITION_SHAPE('Placement','Placement of an item',
  #1992);
#1992 = NEXT_ASSEMBLY_USAGE_OCCURRENCE('3','','',#5,#1879,$);
#1993 = PRODUCT_RELATED_PRODUCT_CATEGORY('part',$,(#1881));
#1994 = SHAPE_DEFINITION_REPRESENTATION(#1995,#2001);
#1995 = PRODUCT_DEFINITION_SHAPE('','',#1996);
#1996 = PRODUCT_DEFINITION('design','',#1997,#2000);
#1997 = PRODUCT_DEFINITION_FORMATION('','',#1998);
#1998 = PRODUCT('Open CASCADE STEP translator 7.8 1.4',
  'Open CASCADE STEP translator 7.8 1.4','',(#1999));
#1999 = PRODUCT_CONTEXT('',#2,'mechanical');
#2000 = PRODUCT_DEFINITION_CONTEXT('part definition',#2,'design');
#2001 = ADVANCED_BREP_SHAPE_REPRESENTATION('',(#11,#2002),#2100);
#2002 = MANIFOLD_SOLID_BREP('',#2003);
#2003 = CLOSED_SHELL('',(#2004,#2092,#2096));
#2004 = ADVANCED_FACE('',(#2005),#2019,.T.);
#2005 = FACE_BOUND('',#2006,.F.);
#2006 = EDGE_LOOP('',(#2007,#2037,#2064,#2065));
#2007 = ORIENTED_EDGE('',*,*,#2008,.T.);
#2008 = EDGE_CURVE('',#2009,#2011,#2013,.T.);
#2009 = VERTEX_POINT('',#2010);
#2010 = CARTESIAN_POINT('',(51.918524548049,-13.08147545195,25.));
#2011 = VERTEX_POINT('',#2012);
#2012 = CARTESIAN_POINT('',(52.484209972998,-13.6471608769,25.));
#2013 = SEAM_CURVE('',#2014,(#2018,#2030),.PCURVE_S1.);
#2014 = LINE('',#2015,#2016);
#2015 = CARTESIAN_POINT('',(51.918524548049,-13.08147545195,25.));
#2016 = VECTOR('',#2017,1.);
#2017 = DIRECTION('',(0.707106781187,-0.707106781187,0.));
#2018 = PCURVE('',#2019,#2024);
#2019 = CYLINDRICAL_SURFACE('',#2020,1.5);
#2020 = AXIS2_PLACEMENT_3D('',#2021,#2022,#2023);
#2021 = CARTESIAN_POINT('',(50.857864376269,-14.14213562373,25.));
#2022 = DIRECTION('',(-0.707106781187,0.707106781187,-0.));
#2023 = DIRECTION('',(0.707106781187,0.707106781187,0.));
#2024 = DEFINITIONAL_REPRESENTATION('',(#2025),#2029);
#2025 = LINE('',#2026,#2027);
#2026 = CARTESIAN_POINT('',(-0.,0.));
#2027 = VECTOR('',#2028,1.);
#2028 = DIRECTION('',(-0.,-1.));
#2029 = ( GEOMETRIC_REPRESENTATION_CONTEXT(2) 
PARAMETRIC_REPRESENTATION_CONTEXT() REPRESENTATION_CONTEXT('2D SPACE',''
  ) );
#2030 = PCURVE('',#2019,#2031);
#2031 = DEFINITIONAL_REPRESENTATION('',(#2032),#2036);
#2032 = LINE('',#2033,#2034);
#2033 = CARTESIAN_POINT('',(-6.28318530718,0.));
#2034 = VECTOR('',#2035,1.);
#2035 = DIRECTION('',(-0.,-1.));
#2036 = ( GEOMETRIC_REPRESENTATION_CONTEXT(2) 
PARAMETRIC_REPRESENTATION_CONTEXT() REPRESENTATION_CONTEXT('2D SPACE',''
  ) );
#2037 = ORIENTED_EDGE('',*,*,#2038,.T.);
#2038 = EDGE_CURVE('',#2011,#2011,#2039,.T.);
#2039 = SURFACE_CURVE('',#2040,(#2045,#2052),.PCURVE_S1.);
#2040 = CIRCLE('',#2041,1.5);
#2041 = AXIS2_PLACEMENT_3D('',#2042,#2043,#2044);
#2042 = CARTESIAN_POINT('',(51.423549801218,-14.70782104868,25.));
#2043 = DIRECTION('',(0.707106781187,-0.707106781187,0.));
#2044 = DIRECTION('',(0.707106781187,0.707106781187,0.));
#2045 = PCURVE('',#2019,#2046);
#2046 = DEFINITIONAL_REPRESENTATION('',(#2047),#2051);
#2047 = LINE('',#2048,#2049);
#2048 = CARTESIAN_POINT('',(-0.,-0.8));
#2049 = VECTOR('',#2050,1.);
#2050 = DIRECTION('',(-1.,0.));
#2051 = ( GEOMETRIC_REPRESENTATION_CONTEXT(2) 
PARAMETRIC_REPRESENTATION_CONTEXT() REPRESENTATION_CONTEXT('2D SPACE',''
  ) );
#2052 = PCURVE('',#2053,#2058);
#2053 = PLANE('',#2054);
#2054 = AXIS2_PLACEMENT_3D('',#2055,#2056,#2057);
#2055 = CARTESIAN_POINT('',(51.423549801218,-14.70782104868,15.));
#2056 = DIRECTION('',(0.707106781187,-0.707106781187,4.834630952926E-16)
  );
#2057 = DIRECTION('',(-0.707106781187,-0.707106781187,1.060825372818E-32
    ));
#2058 = DEFINITIONAL_REPRESENTATION('',(#2059),#2063);
#2059 = CIRCLE('',#2060,1.5);
#2060 = AXIS2_PLACEMENT_2D('',#2061,#2062);
#2061 = CARTESIAN_POINT('',(-2.512147933894E-15,-10.));
#2062 = DIRECTION('',(-1.,-8.854031496642E-32));
#2063 = ( GEOMETRIC_REPRESENTATION_CONTEXT(2) 
PARAMETRIC_REPRESENTATION_CONTEXT() REPRESENTATION_CONTEXT('2D SPACE',''
  ) );
#2064 = ORIENTED_EDGE('',*,*,#2008,.F.);
#2065 = ORIENTED_EDGE('',*,*,#2066,.F.);
#2066 = EDGE_CURVE('',#2009,#2009,#2067,.T.);
#2067 = SURFACE_CURVE('',#2068,(#2073,#2080),.PCURVE_S1.);
#2068 = CIRCLE('',#2069,1.5);
#2069 = AXIS2_PLACEMENT_3D('',#2070,#2071,#2072);
#2070 = CARTESIAN_POINT('',(50.857864376269,-14.14213562373,25.));
#2071 = DIRECTION('',(0.707106781187,-0.707106781187,0.));
#2072 = DIRECTION('',(0.707106781187,0.707106781187,0.));
#2073 = PCURVE('',#2019,#2074);
#2074 = DEFINITIONAL_REPRESENTATION('',(#2075),#2079);
#2075 = LINE('',#2076,#2077);
#2076 = CARTESIAN_POINT('',(-0.,0.));
#2077 = VECTOR('',#2078,1.);
#2078 = DIRECTION('',(-1.,0.));
#2079 = ( GEOMETRIC_REPRESENTATION_CONTEXT(2) 
PARAMETRIC_REPRESENTATION_CONTEXT() REPRESENTATION_CONTEXT('2D SPACE',''
  ) );
#2080 = PCURVE('',#2081,#2086);
#2081 = PLANE('',#2082);
#2082 = AXIS2_PLACEMENT_3D('',#2083,#2084,#2085);
#2083 = CARTESIAN_POINT('',(50.857864376269,-14.14213562373,15.));
#2084 = DIRECTION('',(0.707106781187,-0.707106781187,4.834630952926E-16)
  );
#2085 = DIRECTION('',(-0.707106781187,-0.707106781187,1.060825372818E-32
    ));
#2086 = DEFINITIONAL_REPRESENTATION('',(#2087),#2091);
#2087 = CIRCLE('',#2088,1.5);
#2088 = AXIS2_PLACEMENT_2D('',#2089,#2090);
#2089 = CARTESIAN_POINT('',(-2.512147933894E-15,-10.));
#2090 = DIRECTION('',(-1.,-8.854031496642E-32));
#2091 = ( GEOMETRIC_REPRESENTATION_CONTEXT(2) 
PARAMETRIC_REPRESENTATION_CONTEXT() REPRESENTATION_CONTEXT('2D SPACE',''
  ) );
#2092 = ADVANCED_FACE('',(#2093),#2081,.F.);
#2093 = FACE_BOUND('',#2094,.F.);
#2094 = EDGE_LOOP('',(#2095));
#2095 = ORIENTED_EDGE('',*,*,#2066,.T.);
#2096 = ADVANCED_FACE('',(#2097),#2053,.T.);
#2097 = FACE_BOUND('',#2098,.T.);
#2098 = EDGE_LOOP('',(#2099));
#2099 = ORIENTED_EDGE('',*,*,#2038,.T.);
#2100 = ( GEOMETRIC_REPRESENTATION_CONTEXT(3) 
GLOBAL_UNCERTAINTY_ASSIGNED_CONTEXT((#2104)) 
GLOBAL_UNIT_ASSIGNED_CONTEXT((#2101,#2102,#2103)) REPRESENTATION_CONTEXT
('Context #1','3D Context with UNIT and UNCERTAINTY') );
#2101 = ( LENGTH_UNIT() NAMED_UNIT(*) SI_UNIT(.MILLI.,.METRE.) );
#2102 = ( NAMED_UNIT(*) PLANE_ANGLE_UNIT() SI_UNIT($,.RADIAN.) );
#2103 = ( NAMED_UNIT(*) SI_UNIT($,.STERADIAN.) SOLID_ANGLE_UNIT() );
#2104 = UNCERTAINTY_MEASURE_WITH_UNIT(LENGTH_MEASURE(1.E-07),#2101,
  'distance_accuracy_value','confusion accuracy');
#2105 = CONTEXT_DEPENDENT_SHAPE_REPRESENTATION(#2106,#2108);
#2106 = ( REPRESENTATION_RELATIONSHIP('','',#2001,#10) 
REPRESENTATION_RELATIONSHIP_WITH_TRANSFORMATION(#2107) 
SHAPE_REPRESENTATION_RELATIONSHIP() );
#2107 = ITEM_DEFINED_TRANSFORMATION('','',#11,#27);
#2108 = PRODUCT_DEFINITION_SHAPE('Placement','Placement of an item',
  #2109);
#2109 = NEXT_ASSEMBLY_USAGE_OCCURRENCE('4','','',#5,#1996,$);
#2110 = PRODUCT_RELATED_PRODUCT_CATEGORY('part',$,(#1998));
#2111 = SHAPE_DEFINITION_REPRESENTATION(#2112,#2118);
#2112 = PRODUCT_DEFINITION_SHAPE('','',#2113);
#2113 = PRODUCT_DEFINITION('design','',#2114,#2117);
#2114 = PRODUCT_DEFINITION_FORMATION('','',#2115);
#2115 = PRODUCT('Open CASCADE STEP translator 7.8 1.5',
  'Open CASCADE STEP translator 7.8 1.5','',(#2116));
#2116 = PRODUCT_CONTEXT('',#2,'mechanical');
#2117 = PRODUCT_DEFINITION_CONTEXT('part definition',#2,'design');
#2118 = ADVANCED_BREP_SHAPE_REPRESENTATION('',(#11,#2119),#2217);
#2119 = MANIFOLD_SOLID_BREP('',#2120);
#2120 = CLOSED_SHELL('',(#2121,#2209,#2213));
#2121 = ADVANCED_FACE('',(#2122),#2136,.T.);
#2122 = FACE_BOUND('',#2123,.F.);
#2123 = EDGE_LOOP('',(#2124,#2154,#2181,#2182));
#2124 = ORIENTED_EDGE('',*,*,#2125,.T.);
#2125 = EDGE_CURVE('',#2126,#2128,#2130,.T.);
#2126 = VERTEX_POINT('',#2127);
#2127 = CARTESIAN_POINT('',(51.918524548049,-13.08147545195,35.));
#2128 = VERTEX_POINT('',#2129);
#2129 = CARTESIAN_POINT('',(52.484209972998,-13.6471608769,35.));
#2130 = SEAM_CURVE('',#2131,(#2135,#2147),.PCURVE_S1.);
#2131 = LINE('',#2132,#2133);
#2132 = CARTESIAN_POINT('',(51.918524548049,-13.08147545195,35.));
#2133 = VECTOR('',#2134,1.);
#2134 = DIRECTION('',(0.707106781187,-0.707106781187,0.));
#2135 = PCURVE('',#2136,#2141);
#2136 = CYLINDRICAL_SURFACE('',#2137,1.5);
#2137 = AXIS2_PLACEMENT_3D('',#2138,#2139,#2140);
#2138 = CARTESIAN_POINT('',(50.857864376269,-14.14213562373,35.));
#2139 = DIRECTION('',(-0.707106781187,0.707106781187,-0.));
#2140 = DIRECTION('',(0.707106781187,0.707106781187,0.));
#2141 = DEFINITIONAL_REPRESENTATION('',(#2142),#2146);
#2142 = LINE('',#2143,#2144);
#2143 = CARTESIAN_POINT('',(-0.,0.));
#2144 = VECTOR('',#2145,1.);
#2145 = DIRECTION('',(-0.,-1.));
#2146 = ( GEOMETRIC_REPRESENTATION_CONTEXT(2) 
PARAMETRIC_REPRESENTATION_CONTEXT() REPRESENTATION_CONTEXT('2D SPACE',''
  ) );
#2147 = PCURVE('',#2136,#2148);
#2148 = DEFINITIONAL_REPRESENTATION('',(#2149),#2153);
#2149 = LINE('',#2150,#2151);
#2150 = CARTESIAN_POINT('',(-6.28318530718,0.));
#2151 = VECTOR('',#2152,1.);
#2152 = DIRECTION('',(-0.,-1.));
#2153 = ( GEOMETRIC_REPRESENTATION_CONTEXT(2) 
PARAMETRIC_REPRESENTATION_CONTEXT() REPRESENTATION_CONTEXT('2D SPACE',''
  ) );
#2154 = ORIENTED_EDGE('',*,*,#2155,.T.);
#2155 = EDGE_CURVE('',#2128,#2128,#2156,.T.);
#2156 = SURFACE_CURVE('',#2157,(#2162,#2169),.PCURVE_S1.);
#2157 = CIRCLE('',#2158,1.5);
#2158 = AXIS2_PLACEMENT_3D('',#2159,#2160,#2161);
#2159 = CARTESIAN_POINT('',(51.423549801218,-14.70782104868,35.));
#2160 = DIRECTION('',(0.707106781187,-0.707106781187,0.));
#2161 = DIRECTION('',(0.707106781187,0.707106781187,0.));
#2162 = PCURVE('',#2136,#2163);
#2163 = DEFINITIONAL_REPRESENTATION('',(#2164),#2168);
#2164 = LINE('',#2165,#2166);
#2165 = CARTESIAN_POINT('',(-0.,-0.8));
#2166 = VECTOR('',#2167,1.);
#2167 = DIRECTION('',(-1.,0.));
#2168 = ( GEOMETRIC_REPRESENTATION_CONTEXT(2) 
PARAMETRIC_REPRESENTATION_CONTEXT() REPRESENTATION_CONTEXT('2D SPACE',''
  ) );
#2169 = PCURVE('',#2170,#2175);
#2170 = PLANE('',#2171);
#2171 = AXIS2_PLACEMENT_3D('',#2172,#2173,#2174);
#2172 = CARTESIAN_POINT('',(51.423549801218,-14.70782104868,15.));
#2173 = DIRECTION('',(0.707106781187,-0.707106781187,4.834630952926E-16)
  );
#2174 = DIRECTION('',(-0.707106781187,-0.707106781187,1.060825372818E-32
    ));
#2175 = DEFINITIONAL_REPRESENTATION('',(#2176),#2180);
#2176 = CIRCLE('',#2177,1.5);
#2177 = AXIS2_PLACEMENT_2D('',#2178,#2179);
#2178 = CARTESIAN_POINT('',(2.578747790227E-30,-20.));
#2179 = DIRECTION('',(-1.,-8.854031496642E-32));
#2180 = ( GEOMETRIC_REPRESENTATION_CONTEXT(2) 
PARAMETRIC_REPRESENTATION_CONTEXT() REPRESENTATION_CONTEXT('2D SPACE',''
  ) );
#2181 = ORIENTED_EDGE('',*,*,#2125,.F.);
#2182 = ORIENTED_EDGE('',*,*,#2183,.F.);
#2183 = EDGE_CURVE('',#2126,#2126,#2184,.T.);
#2184 = SURFACE_CURVE('',#2185,(#2190,#2197),.PCURVE_S1.);
#2185 = CIRCLE('',#2186,1.5);
#2186 = AXIS2_PLACEMENT_3D('',#2187,#2188,#2189);
#2187 = CARTESIAN_POINT('',(50.857864376269,-14.14213562373,35.));
#2188 = DIRECTION('',(0.707106781187,-0.707106781187,0.));
#2189 = DIRECTION('',(0.707106781187,0.707106781187,0.));
#2190 = PCURVE('',#2136,#2191);
#2191 = DEFINITIONAL_REPRESENTATION('',(#2192),#2196);
#2192 = LINE('',#2193,#2194);
#2193 = CARTESIAN_POINT('',(-0.,0.));
#2194 = VECTOR('',#2195,1.);
#2195 = DIRECTION('',(-1.,0.));
#2196 = ( GEOMETRIC_REPRESENTATION_CONTEXT(2) 
PARAMETRIC_REPRESENTATION_CONTEXT() REPRESENTATION_CONTEXT('2D SPACE',''
  ) );
#2197 = PCURVE('',#2198,#2203);
#2198 = PLANE('',#2199);
#2199 = AXIS2_PLACEMENT_3D('',#2200,#2201,#2202);
#2200 = CARTESIAN_POINT('',(50.857864376269,-14.14213562373,15.));
#2201 = DIRECTION('',(0.707106781187,-0.707106781187,4.834630952926E-16)
  );
#2202 = DIRECTION('',(-0.707106781187,-0.707106781187,1.060825372818E-32
    ));
#2203 = DEFINITIONAL_REPRESENTATION('',(#2204),#2208);
#2204 = CIRCLE('',#2205,1.5);
#2205 = AXIS2_PLACEMENT_2D('',#2206,#2207);
#2206 = CARTESIAN_POINT('',(2.578747790227E-30,-20.));
#2207 = DIRECTION('',(-1.,-8.854031496642E-32));
#2208 = ( GEOMETRIC_REPRESENTATION_CONTEXT(2) 
PARAMETRIC_REPRESENTATION_CONTEXT() REPRESENTATION_CONTEXT('2D SPACE',''
  ) );
#2209 = ADVANCED_FACE('',(#2210),#2198,.F.);
#2210 = FACE_BOUND('',#2211,.F.);
#2211 = EDGE_LOOP('',(#2212));
#2212 = ORIENTED_EDGE('',*,*,#2183,.T.);
#2213 = ADVANCED_FACE('',(#2214),#2170,.T.);
#2214 = FACE_BOUND('',#2215,.T.);
#2215 = EDGE_LOOP('',(#2216));
#2216 = ORIENTED_EDGE('',*,*,#2155,.T.);
#2217 = ( GEOMETRIC_REPRESENTATION_CONTEXT(3) 
GLOBAL_UNCERTAINTY_ASSIGNED_CONTEXT((#2221)) 
GLOBAL_UNIT_ASSIGNED_CONTEXT((#2218,#2219,#2220)) REPRESENTATION_CONTEXT
('Context #1','3D Context with UNIT and UNCERTAINTY') );
#2218 = ( LENGTH_UNIT() NAMED_UNIT(*) SI_UNIT(.MILLI.,.METRE.) );
#2219 = ( NAMED_UNIT(*) PLANE_ANGLE_UNIT() SI_UNIT($,.RADIAN.) );
#2220 = ( NAMED_UNIT(*) SI_UNIT($,.STERADIAN.) SOLID_ANGLE_UNIT() );
#2221 = UNCERTAINTY_MEASURE_WITH_UNIT(LENGTH_MEASURE(1.E-07),#2218,
  'distance_accuracy_value','confusion accuracy');
#2222 = CONTEXT_DEPENDENT_SHAPE_REPRESENTATION(#2223,#2225);
#2223 = ( REPRESENTATION_RELATIONSHIP('','',#2118,#10) 
REPRESENTATION_RELATIONSHIP_WITH_TRANSFORMATION(#2224) 
SHAPE_REPRESENTATION_RELATIONSHIP() );
#2224 = ITEM_DEFINED_TRANSFORMATION('','',#11,#31);
#2225 = PRODUCT_DEFINITION_SHAPE('Placement','Placement of an item',
  #2226);
#2226 = NEXT_ASSEMBLY_USAGE_OCCURRENCE('5','','',#5,#2113,$);
#2227 = PRODUCT_RELATED_PRODUCT_CATEGORY('part',$,(#2115));
#2228 = SHAPE_DEFINITION_REPRESENTATION(#2229,#2235);
#2229 = PRODUCT_DEFINITION_SHAPE('','',#2230);
#2230 = PRODUCT_DEFINITION('design','',#2231,#2234);
#2231 = PRODUCT_DEFINITION_FORMATION('','',#2232);
#2232 = PRODUCT('Open CASCADE STEP translator 7.8 1.6',
  'Open CASCADE STEP translator 7.8 1.6','',(#2233));
#2233 = PRODUCT_CONTEXT('',#2,'mechanical');
#2234 = PRODUCT_DEFINITION_CONTEXT('part definition',#2,'design');
#2235 = ADVANCED_BREP_SHAPE_REPRESENTATION('',(#11,#2236),#2334);
#2236 = MANIFOLD_SOLID_BREP('',#2237);
#2237 = CLOSED_SHELL('',(#2238,#2326,#2330));
#2238 = ADVANCED_FACE('',(#2239),#2253,.T.);
#2239 = FACE_BOUND('',#2240,.F.);
#2240 = EDGE_LOOP('',(#2241,#2271,#2298,#2299));
#2241 = ORIENTED_EDGE('',*,*,#2242,.T.);
#2242 = EDGE_CURVE('',#2243,#2245,#2247,.T.);
#2243 = VERTEX_POINT('',#2244);
#2244 = CARTESIAN_POINT('',(51.918524548049,-13.08147545195,45.));
#2245 = VERTEX_POINT('',#2246);
#2246 = CARTESIAN_POINT('',(52.484209972998,-13.6471608769,45.));
#2247 = SEAM_CURVE('',#2248,(#2252,#2264),.PCURVE_S1.);
#2248 = LINE('',#2249,#2250);
#2249 = CARTESIAN_POINT('',(51.918524548049,-13.08147545195,45.));
#2250 = VECTOR('',#2251,1.);
#2251 = DIRECTION('',(0.707106781187,-0.707106781187,0.));
#2252 = PCURVE('',#2253,#2258);
#2253 = CYLINDRICAL_SURFACE('',#2254,1.5);
#2254 = AXIS2_PLACEMENT_3D('',#2255,#2256,#2257);
#2255 = CARTESIAN_POINT('',(50.857864376269,-14.14213562373,45.));
#2256 = DIRECTION('',(-0.707106781187,0.707106781187,-0.));
#2257 = DIRECTION('',(0.707106781187,0.707106781187,0.));
#2258 = DEFINITIONAL_REPRESENTATION('',(#2259),#2263);
#2259 = LINE('',#2260,#2261);
#2260 = CARTESIAN_POINT('',(-0.,0.));
#2261 = VECTOR('',#2262,1.);
#2262 = DIRECTION('',(-0.,-1.));
#2263 = ( GEOMETRIC_REPRESENTATION_CONTEXT(2) 
PARAMETRIC_REPRESENTATION_CONTEXT() REPRESENTATION_CONTEXT('2D SPACE',''
  ) );
#2264 = PCURVE('',#2253,#2265);
#2265 = DEFINITIONAL_REPRESENTATION('',(#2266),#2270);
#2266 = LINE('',#2267,#2268);
#2267 = CARTESIAN_POINT('',(-6.28318530718,0.));
#2268 = VECTOR('',#2269,1.);
#2269 = DIRECTION('',(-0.,-1.));
#2270 = ( GEOMETRIC_REPRESENTATION_CONTEXT(2) 
PARAMETRIC_REPRESENTATION_CONTEXT() REPRESENTATION_CONTEXT('2D SPACE',''
  ) );
#2271 = ORIENTED_EDGE('',*,*,#2272,.T.);
#2272 = EDGE_CURVE('',#2245,#2245,#2273,.T.);
#2273 = SURFACE_CURVE('',#2274,(#2279,#2286),.PCURVE_S1.);
#2274 = CIRCLE('',#2275,1.5);
#2275 = AXIS2_PLACEMENT_3D('',#2276,#2277,#2278);
#2276 = CARTESIAN_POINT('',(51.423549801218,-14.70782104868,45.));
#2277 = DIRECTION('',(0.707106781187,-0.707106781187,0.));
#2278 = DIRECTION('',(0.707106781187,0.707106781187,0.));
#2279 = PCURVE('',#2253,#2280);
#2280 = DEFINITIONAL_REPRESENTATION('',(#2281),#2285);
#2281 = LINE('',#2282,#2283);
#2282 = CARTESIAN_POINT('',(-0.,-0.8));
#2283 = VECTOR('',#2284,1.);
#2284 = DIRECTION('',(-1.,0.));
#2285 = ( GEOMETRIC_REPRESENTATION_CONTEXT(2) 
PARAMETRIC_REPRESENTATION_CONTEXT() REPRESENTATION_CONTEXT('2D SPACE',''
  ) );
#2286 = PCURVE('',#2287,#2292);
#2287 = PLANE('',#2288);
#2288 = AXIS2_PLACEMENT_3D('',#2289,#2290,#2291);
#2289 = CARTESIAN_POINT('',(51.423549801218,-14.70782104868,15.));
#2290 = DIRECTION('',(0.707106781187,-0.707106781187,4.834630952926E-16)
  );
#2291 = DIRECTION('',(-0.707106781187,-0.707106781187,1.060825372818E-32
    ));
#2292 = DEFINITIONAL_REPRESENTATION('',(#2293),#2297);
#2293 = CIRCLE('',#2294,1.5);
#2294 = AXIS2_PLACEMENT_2D('',#2295,#2296);
#2295 = CARTESIAN_POINT('',(-2.512147933894E-15,-30.));
#2296 = DIRECTION('',(-1.,-8.854031496642E-32));
#2297 = ( GEOMETRIC_REPRESENTATION_CONTEXT(2) 
PARAMETRIC_REPRESENTATION_CONTEXT() REPRESENTATION_CONTEXT('2D SPACE',''
  ) );
#2298 = ORIENTED_EDGE('',*,*,#2242,.F.);
#2299 = ORIENTED_EDGE('',*,*,#2300,.F.);
#2300 = EDGE_CURVE('',#2243,#2243,#2301,.T.);
#2301 = SURFACE_CURVE('',#2302,(#2307,#2314),.PCURVE_S1.);
#2302 = CIRCLE('',#2303,1.5);
#2303 = AXIS2_PLACEMENT_3D('',#2304,#2305,#2306);
#2304 = CARTESIAN_POINT('',(50.857864376269,-14.14213562373,45.));
#2305 = DIRECTION('',(0.707106781187,-0.707106781187,0.));
#2306 = DIRECTION('',(0.707106781187,0.707106781187,0.));
#2307 = PCURVE('',#2253,#2308);
#2308 = DEFINITIONAL_REPRESENTATION('',(#2309),#2313);
#2309 = LINE('',#2310,#2311);
#2310 = CARTESIAN_POINT('',(-0.,0.));
#2311 = VECTOR('',#2312,1.);
#2312 = DIRECTION('',(-1.,0.));
#2313 = ( GEOMETRIC_REPRESENTATION_CONTEXT(2) 
PARAMETRIC_REPRESENTATION_CONTEXT() REPRESENTATION_CONTEXT('2D SPACE',''
  ) );
#2314 = PCURVE('',#2315,#2320);
#2315 = PLANE('',#2316);
#2316 = AXIS2_PLACEMENT_3D('',#2317,#2318,#2319);
#2317 = CARTESIAN_POINT('',(50.857864376269,-14.14213562373,15.));
#2318 = DIRECTION('',(0.707106781187,-0.707106781187,4.834630952926E-16)
  );
#2319 = DIRECTION('',(-0.707106781187,-0.707106781187,1.060825372818E-32
    ));
#2320 = DEFINITIONAL_REPRESENTATION('',(#2321),#2325);
#2321 = CIRCLE('',#2322,1.5);
#2322 = AXIS2_PLACEMENT_2D('',#2323,#2324);
#2323 = CARTESIAN_POINT('',(-2.512147933894E-15,-30.));
#2324 = DIRECTION('',(-1.,-8.854031496642E-32));
#2325 = ( GEOMETRIC_REPRESENTATION_CONTEXT(2) 
PARAMETRIC_REPRESENTATION_CONTEXT() REPRESENTATION_CONTEXT('2D SPACE',''
  ) );
#2326 = ADVANCED_FACE('',(#2327),#2315,.F.);
#2327 = FACE_BOUND('',#2328,.F.);
#2328 = EDGE_LOOP('',(#2329));
#2329 = ORIENTED_EDGE('',*,*,#2300,.T.);
#2330 = ADVANCED_FACE('',(#2331),#2287,.T.);
#2331 = FACE_BOUND('',#2332,.T.);
#2332 = EDGE_LOOP('',(#2333));
#2333 = ORIENTED_EDGE('',*,*,#2272,.T.);
#2334 = ( GEOMETRIC_REPRESENTATION_CONTEXT(3) 
GLOBAL_UNCERTAINTY_ASSIGNED_CONTEXT((#2338)) 
GLOBAL_UNIT_ASSIGNED_CONTEXT((#2335,#2336,#2337)) REPRESENTATION_CONTEXT
('Context #1','3D Context with UNIT and UNCERTAINTY') );
#2335 = ( LENGTH_UNIT() NAMED_UNIT(*) SI_UNIT(.MILLI.,.METRE.) );
#2336 = ( NAMED_UNIT(*) PLANE_ANGLE_UNIT() SI_UNIT($,.RADIAN.) );
#2337 = ( NAMED_UNIT(*) SI_UNIT($,.STERADIAN.) SOLID_ANGLE_UNIT() );
#2338 = UNCERTAINTY_MEASURE_WITH_UNIT(LENGTH_MEASURE(1.E-07),#2335,
  'distance_accuracy_value','confusion accuracy');
#2339 = CONTEXT_DEPENDENT_SHAPE_REPRESENTATION(#2340,#2342);
#2340 = ( REPRESENTATION_RELATIONSHIP('','',#2235,#10) 
REPRESENTATION_RELATIONSHIP_WITH_TRANSFORMATION(#2341) 
SHAPE_REPRESENTATION_RELATIONSHIP() );
#2341 = ITEM_DEFINED_TRANSFORMATION('','',#11,#35);
#2342 = PRODUCT_DEFINITION_SHAPE('Placement','Placement of an item',
  #2343);
#2343 = NEXT_ASSEMBLY_USAGE_OCCURRENCE('6','','',#5,#2230,$);
#2344 = PRODUCT_RELATED_PRODUCT_CATEGORY('part',$,(#2232));
#2345 = SHAPE_DEFINITION_REPRESENTATION(#2346,#2352);
#2346 = PRODUCT_DEFINITION_SHAPE('','',#2347);
#2347 = PRODUCT_DEFINITION('design','',#2348,#2351);
#2348 = PRODUCT_DEFINITION_FORMATION('','',#2349);
#2349 = PRODUCT('Open CASCADE STEP translator 7.8 1.7',
  'Open CASCADE STEP translator 7.8 1.7','',(#2350));
#2350 = PRODUCT_CONTEXT('',#2,'mechanical');
#2351 = PRODUCT_DEFINITION_CONTEXT('part definition',#2,'design');
#2352 = ADVANCED_BREP_SHAPE_REPRESENTATION('',(#11,#2353),#2451);
#2353 = MANIFOLD_SOLID_BREP('',#2354);
#2354 = CLOSED_SHELL('',(#2355,#2443,#2447));
#2355 = ADVANCED_FACE('',(#2356),#2370,.T.);
#2356 = FACE_BOUND('',#2357,.F.);
#2357 = EDGE_LOOP('',(#2358,#2388,#2415,#2416));
#2358 = ORIENTED_EDGE('',*,*,#2359,.T.);
#2359 = EDGE_CURVE('',#2360,#2362,#2364,.T.);
#2360 = VERTEX_POINT('',#2361);
#2361 = CARTESIAN_POINT('',(51.918524548049,-13.08147545195,55.));
#2362 = VERTEX_POINT('',#2363);
#2363 = CARTESIAN_POINT('',(52.484209972998,-13.6471608769,55.));
#2364 = SEAM_CURVE('',#2365,(#2369,#2381),.PCURVE_S1.);
#2365 = LINE('',#2366,#2367);
#2366 = CARTESIAN_POINT('',(51.918524548049,-13.08147545195,55.));
#2367 = VECTOR('',#2368,1.);
#2368 = DIRECTION('',(0.707106781187,-0.707106781187,0.));
#2369 = PCURVE('',#2370,#2375);
#2370 = CYLINDRICAL_SURFACE('',#2371,1.5);
#2371 = AXIS2_PLACEMENT_3D('',#2372,#2373,#2374);
#2372 = CARTESIAN_POINT('',(50.857864376269,-14.14213562373,55.));
#2373 = DIRECTION('',(-0.707106781187,0.707106781187,-0.));
#2374 = DIRECTION('',(0.707106781187,0.707106781187,0.));
#2375 = DEFINITIONAL_REPRESENTATION('',(#2376),#2380);
#2376 = LINE('',#2377,#2378);
#2377 = CARTESIAN_POINT('',(-0.,0.));
#2378 = VECTOR('',#2379,1.);
#2379 = DIRECTION('',(-0.,-1.));
#2380 = ( GEOMETRIC_REPRESENTATION_CONTEXT(2) 
PARAMETRIC_REPRESENTATION_CONTEXT() REPRESENTATION_CONTEXT('2D SPACE',''
  ) );
#2381 = PCURVE('',#2370,#2382);
#2382 = DEFINITIONAL_REPRESENTATION('',(#2383),#2387);
#2383 = LINE('',#2384,#2385);
#2384 = CARTESIAN_POINT('',(-6.28318530718,0.));
#2385 = VECTOR('',#2386,1.);
#2386 = DIRECTION('',(-0.,-1.));
#2387 = ( GEOMETRIC_REPRESENTATION_CONTEXT(2) 
PARAMETRIC_REPRESENTATION_CONTEXT() REPRESENTATION_CONTEXT('2D SPACE',''
  ) );
#2388 = ORIENTED_EDGE('',*,*,#2389,.T.);
#2389 = EDGE_CURVE('',#2362,#2362,#2390,.T.);
#2390 = SURFACE_CURVE('',#2391,(#2396,#2403),.PCURVE_S1.);
#2391 = CIRCLE('',#2392,1.5);
#2392 = AXIS2_PLACEMENT_3D('',#2393,#2394,#2395);
#2393 = CARTESIAN_POINT('',(51.423549801218,-14.70782104868,55.));
#2394 = DIRECTION('',(0.707106781187,-0.707106781187,0.));
#2395 = DIRECTION('',(0.707106781187,0.707106781187,0.));
#2396 = PCURVE('',#2370,#2397);
#2397 = DEFINITIONAL_REPRESENTATION('',(#2398),#2402);
#2398 = LINE('',#2399,#2400);
#2399 = CARTESIAN_POINT('',(-0.,-0.8));
#2400 = VECTOR('',#2401,1.);
#2401 = DIRECTION('',(-1.,0.));
#2402 = ( GEOMETRIC_REPRESENTATION_CONTEXT(2) 
PARAMETRIC_REPRESENTATION_CONTEXT() REPRESENTATION_CONTEXT('2D SPACE',''
  ) );
#2403 = PCURVE('',#2404,#2409);
#2404 = PLANE('',#2405);
#2405 = AXIS2_PLACEMENT_3D('',#2406,#2407,#2408);
#2406 = CARTESIAN_POINT('',(51.423549801218,-14.70782104868,15.));
#2407 = DIRECTION('',(0.707106781187,-0.707106781187,4.834630952926E-16)
  );
#2408 = DIRECTION('',(-0.707106781187,-0.707106781187,1.060825372818E-32
    ));
#2409 = DEFINITIONAL_REPRESENTATION('',(#2410),#2414);
#2410 = CIRCLE('',#2411,1.5);
#2411 = AXIS2_PLACEMENT_2D('',#2412,#2413);
#2412 = CARTESIAN_POINT('',(5.157495580453E-30,-40.));
#2413 = DIRECTION('',(-1.,-8.854031496642E-32));
#2414 = ( GEOMETRIC_REPRESENTATION_CONTEXT(2) 
PARAMETRIC_REPRESENTATION_CONTEXT() REPRESENTATION_CONTEXT('2D SPACE',''
  ) );
#2415 = ORIENTED_EDGE('',*,*,#2359,.F.);
#2416 = ORIENTED_EDGE('',*,*,#2417,.F.);
#2417 = EDGE_CURVE('',#2360,#2360,#2418,.T.);
#2418 = SURFACE_CURVE('',#2419,(#2424,#2431),.PCURVE_S1.);
#2419 = CIRCLE('',#2420,1.5);
#2420 = AXIS2_PLACEMENT_3D('',#2421,#2422,#2423);
#2421 = CARTESIAN_POINT('',(50.857864376269,-14.14213562373,55.));
#2422 = DIRECTION('',(0.707106781187,-0.707106781187,0.));
#2423 = DIRECTION('',(0.707106781187,0.707106781187,0.));
#2424 = PCURVE('',#2370,#2425);
#2425 = DEFINITIONAL_REPRESENTATION('',(#2426),#2430);
#2426 = LINE('',#2427,#2428);
#2427 = CARTESIAN_POINT('',(-0.,0.));
#2428 = VECTOR('',#2429,1.);
#2429 = DIRECTION('',(-1.,0.));
#2430 = ( GEOMETRIC_REPRESENTATION_CONTEXT(2) 
PARAMETRIC_REPRESENTATION_CONTEXT() REPRESENTATION_CONTEXT('2D SPACE',''
  ) );
#2431 = PCURVE('',#2432,#2437);
#2432 = PLANE('',#2433);
#2433 = AXIS2_PLACEMENT_3D('',#2434,#2435,#2436);
#2434 = CARTESIAN_POINT('',(50.857864376269,-14.14213562373,15.));
#2435 = DIRECTION('',(0.707106781187,-0.707106781187,4.834630952926E-16)
  );
#2436 = DIRECTION('',(-0.707106781187,-0.707106781187,1.060825372818E-32
    ));
#2437 = DEFINITIONAL_REPRESENTATION('',(#2438),#2442);
#2438 = CIRCLE('',#2439,1.5);
#2439 = AXIS2_PLACEMENT_2D('',#2440,#2441);
#2440 = CARTESIAN_POINT('',(5.157495580453E-30,-40.));
#2441 = DIRECTION('',(-1.,-8.854031496642E-32));
#2442 = ( GEOMETRIC_REPRESENTATION_CONTEXT(2) 
PARAMETRIC_REPRESENTATION_CONTEXT() REPRESENTATION_CONTEXT('2D SPACE',''
  ) );
#2443 = ADVANCED_FACE('',(#2444),#2432,.F.);
#2444 = FACE_BOUND('',#2445,.F.);
#2445 = EDGE_LOOP('',(#2446));
#2446 = ORIENTED_EDGE('',*,*,#2417,.T.);
#2447 = ADVANCED_FACE('',(#2448),#2404,.T.);
#2448 = FACE_BOUND('',#2449,.T.);
#2449 = EDGE_LOOP('',(#2450));
#2450 = ORIENTED_EDGE('',*,*,#2389,.T.);
#2451 = ( GEOMETRIC_REPRESENTATION_CONTEXT(3) 
GLOBAL_UNCERTAINTY_ASSIGNED_CONTEXT((#2455)) 
GLOBAL_UNIT_ASSIGNED_CONTEXT((#2452,#2453,#2454)) REPRESENTATION_CONTEXT
('Context #1','3D Context with UNIT and UNCERTAINTY') );
#2452 = ( LENGTH_UNIT() NAMED_UNIT(*) SI_UNIT(.MILLI.,.METRE.) );
#2453 = ( NAMED_UNIT(*) PLANE_ANGLE_UNIT() SI_UNIT($,.RADIAN.) );
#2454 = ( NAMED_UNIT(*) SI_UNIT($,.STERADIAN.) SOLID_ANGLE_UNIT() );
#2455 = UNCERTAINTY_MEASURE_WITH_UNIT(LENGTH_MEASURE(1.E-07),#2452,
  'distance_accuracy_value','confusion accuracy');
#2456 = CONTEXT_DEPENDENT_SHAPE_REPRESENTATION(#2457,#2459);
#2457 = ( REPRESENTATION_RELATIONSHIP('','',#2352,#10) 
REPRESENTATION_RELATIONSHIP_WITH_TRANSFORMATION(#2458) 
SHAPE_REPRESENTATION_RELATIONSHIP() );
#2458 = ITEM_DEFINED_TRANSFORMATION('','',#11,#39);
#2459 = PRODUCT_DEFINITION_SHAPE('Placement','Placement of an item',
  #2460);
#2460 = NEXT_ASSEMBLY_USAGE_OCCURRENCE('7','','',#5,#2347,$);
#2461 = PRODUCT_RELATED_PRODUCT_CATEGORY('part',$,(#2349));
#2462 = SHAPE_DEFINITION_REPRESENTATION(#2463,#2469);
#2463 = PRODUCT_DEFINITION_SHAPE('','',#2464);
#2464 = PRODUCT_DEFINITION('design','',#2465,#2468);
#2465 = PRODUCT_DEFINITION_FORMATION('','',#2466);
#2466 = PRODUCT('Open CASCADE STEP translator 7.8 1.8',
  'Open CASCADE STEP translator 7.8 1.8','',(#2467));
#2467 = PRODUCT_CONTEXT('',#2,'mechanical');
#2468 = PRODUCT_DEFINITION_CONTEXT('part definition',#2,'design');
#2469 = ADVANCED_BREP_SHAPE_REPRESENTATION('',(#11,#2470),#2568);
#2470 = MANIFOLD_SOLID_BREP('',#2471);
#2471 = CLOSED_SHELL('',(#2472,#2560,#2564));
#2472 = ADVANCED_FACE('',(#2473),#2487,.T.);
#2473 = FACE_BOUND('',#2474,.F.);
#2474 = EDGE_LOOP('',(#2475,#2505,#2532,#2533));
#2475 = ORIENTED_EDGE('',*,*,#2476,.T.);
#2476 = EDGE_CURVE('',#2477,#2479,#2481,.T.);
#2477 = VERTEX_POINT('',#2478);
#2478 = CARTESIAN_POINT('',(51.918524548049,-13.08147545195,75.));
#2479 = VERTEX_POINT('',#2480);
#2480 = CARTESIAN_POINT('',(52.484209972998,-13.6471608769,75.));
#2481 = SEAM_CURVE('',#2482,(#2486,#2498),.PCURVE_S1.);
#2482 = LINE('',#2483,#2484);
#2483 = CARTESIAN_POINT('',(51.918524548049,-13.08147545195,75.));
#2484 = VECTOR('',#2485,1.);
#2485 = DIRECTION('',(0.707106781187,-0.707106781187,0.));
#2486 = PCURVE('',#2487,#2492);
#2487 = CYLINDRICAL_SURFACE('',#2488,1.5);
#2488 = AXIS2_PLACEMENT_3D('',#2489,#2490,#2491);
#2489 = CARTESIAN_POINT('',(50.857864376269,-14.14213562373,75.));
#2490 = DIRECTION('',(-0.707106781187,0.707106781187,-0.));
#2491 = DIRECTION('',(0.707106781187,0.707106781187,0.));
#2492 = DEFINITIONAL_REPRESENTATION('',(#2493),#2497);
#2493 = LINE('',#2494,#2495);
#2494 = CARTESIAN_POINT('',(-0.,0.));
#2495 = VECTOR('',#2496,1.);
#2496 = DIRECTION('',(-0.,-1.));
#2497 = ( GEOMETRIC_REPRESENTATION_CONTEXT(2) 
PARAMETRIC_REPRESENTATION_CONTEXT() REPRESENTATION_CONTEXT('2D SPACE',''
  ) );
#2498 = PCURVE('',#2487,#2499);
#2499 = DEFINITIONAL_REPRESENTATION('',(#2500),#2504);
#2500 = LINE('',#2501,#2502);
#2501 = CARTESIAN_POINT('',(-6.28318530718,0.));
#2502 = VECTOR('',#2503,1.);
#2503 = DIRECTION('',(-0.,-1.));
#2504 = ( GEOMETRIC_REPRESENTATION_CONTEXT(2) 
PARAMETRIC_REPRESENTATION_CONTEXT() REPRESENTATION_CONTEXT('2D SPACE',''
  ) );
#2505 = ORIENTED_EDGE('',*,*,#2506,.T.);
#2506 = EDGE_CURVE('',#2479,#2479,#2507,.T.);
#2507 = SURFACE_CURVE('',#2508,(#2513,#2520),.PCURVE_S1.);
#2508 = CIRCLE('',#2509,1.5);
#2509 = AXIS2_PLACEMENT_3D('',#2510,#2511,#2512);
#2510 = CARTESIAN_POINT('',(51.423549801218,-14.70782104868,75.));
#2511 = DIRECTION('',(0.707106781187,-0.707106781187,0.));
#2512 = DIRECTION('',(0.707106781187,0.707106781187,0.));
#2513 = PCURVE('',#2487,#2514);
#2514 = DEFINITIONAL_REPRESENTATION('',(#2515),#2519);
#2515 = LINE('',#2516,#2517);
#2516 = CARTESIAN_POINT('',(-0.,-0.8));
#2517 = VECTOR('',#2518,1.);
#2518 = DIRECTION('',(-1.,0.));
#2519 = ( GEOMETRIC_REPRESENTATION_CONTEXT(2) 
PARAMETRIC_REPRESENTATION_CONTEXT() REPRESENTATION_CONTEXT('2D SPACE',''
  ) );
#2520 = PCURVE('',#2521,#2526);
#2521 = PLANE('',#2522);
#2522 = AXIS2_PLACEMENT_3D('',#2523,#2524,#2525);
#2523 = CARTESIAN_POINT('',(51.423549801218,-14.70782104868,15.));
#2524 = DIRECTION('',(0.707106781187,-0.707106781187,4.834630952926E-16)
  );
#2525 = DIRECTION('',(-0.707106781187,-0.707106781187,1.060825372818E-32
    ));
#2526 = DEFINITIONAL_REPRESENTATION('',(#2527),#2531);
#2527 = CIRCLE('',#2528,1.5);
#2528 = AXIS2_PLACEMENT_2D('',#2529,#2530);
#2529 = CARTESIAN_POINT('',(8.525104275901E-30,-60.));
#2530 = DIRECTION('',(-1.,-8.854031496642E-32));
#2531 = ( GEOMETRIC_REPRESENTATION_CONTEXT(2) 
PARAMETRIC_REPRESENTATION_CONTEXT() REPRESENTATION_CONTEXT('2D SPACE',''
  ) );
#2532 = ORIENTED_EDGE('',*,*,#2476,.F.);
#2533 = ORIENTED_EDGE('',*,*,#2534,.F.);
#2534 = EDGE_CURVE('',#2477,#2477,#2535,.T.);
#2535 = SURFACE_CURVE('',#2536,(#2541,#2548),.PCURVE_S1.);
#2536 = CIRCLE('',#2537,1.5);
#2537 = AXIS2_PLACEMENT_3D('',#2538,#2539,#2540);
#2538 = CARTESIAN_POINT('',(50.857864376269,-14.14213562373,75.));
#2539 = DIRECTION('',(0.707106781187,-0.707106781187,0.));
#2540 = DIRECTION('',(0.707106781187,0.707106781187,0.));
#2541 = PCURVE('',#2487,#2542);
#2542 = DEFINITIONAL_REPRESENTATION('',(#2543),#2547);
#2543 = LINE('',#2544,#2545);
#2544 = CARTESIAN_POINT('',(-0.,0.));
#2545 = VECTOR('',#2546,1.);
#2546 = DIRECTION('',(-1.,0.));
#2547 = ( GEOMETRIC_REPRESENTATION_CONTEXT(2) 
PARAMETRIC_REPRESENTATION_CONTEXT() REPRESENTATION_CONTEXT('2D SPACE',''
  ) );
#2548 = PCURVE('',#2549,#2554);
#2549 = PLANE('',#2550);
#2550 = AXIS2_PLACEMENT_3D('',#2551,#2552,#2553);
#2551 = CARTESIAN_POINT('',(50.857864376269,-14.14213562373,15.));
#2552 = DIRECTION('',(0.707106781187,-0.707106781187,4.834630952926E-16)
  );
#2553 = DIRECTION('',(-0.707106781187,-0.707106781187,1.060825372818E-32
    ));
#2554 = DEFINITIONAL_REPRESENTATION('',(#2555),#2559);
#2555 = CIRCLE('',#2556,1.5);
#2556 = AXIS2_PLACEMENT_2D('',#2557,#2558);
#2557 = CARTESIAN_POINT('',(8.525104275901E-30,-60.));
#2558 = DIRECTION('',(-1.,-8.854031496642E-32));
#2559 = ( GEOMETRIC_REPRESENTATION_CONTEXT(2) 
PARAMETRIC_REPRESENTATION_CONTEXT() REPRESENTATION_CONTEXT('2D SPACE',''
  ) );
#2560 = ADVANCED_FACE('',(#2561),#2549,.F.);
#2561 = FACE_BOUND('',#2562,.F.);
#2562 = EDGE_LOOP('',(#2563));
#2563 = ORIENTED_EDGE('',*,*,#2534,.T.);
#2564 = ADVANCED_FACE('',(#2565),#2521,.T.);
#2565 = FACE_BOUND('',#2566,.T.);
#2566 = EDGE_LOOP('',(#2567));
#2567 = ORIENTED_EDGE('',*,*,#2506,.T.);
#2568 = ( GEOMETRIC_REPRESENTATION_CONTEXT(3) 
GLOBAL_UNCERTAINTY_ASSIGNED_CONTEXT((#2572)) 
GLOBAL_UNIT_ASSIGNED_CONTEXT((#2569,#2570,#2571)) REPRESENTATION_CONTEXT
('Context #1','3D Context with UNIT and UNCERTAINTY') );
#2569 = ( LENGTH_UNIT() NAMED_UNIT(*) SI_UNIT(.MILLI.,.METRE.) );
#2570 = ( NAMED_UNIT(*) PLANE_ANGLE_UNIT() SI_UNIT($,.RADIAN.) );
#2571 = ( NAMED_UNIT(*) SI_UNIT($,.STERADIAN.) SOLID_ANGLE_UNIT() );
#2572 = UNCERTAINTY_MEASURE_WITH_UNIT(LENGTH_MEASURE(1.E-07),#2569,
  'distance_accuracy_value','confusion accuracy');
#2573 = CONTEXT_DEPENDENT_SHAPE_REPRESENTATION(#2574,#2576);
#2574 = ( REPRESENTATION_RELATIONSHIP('','',#2469,#10) 
REPRESENTATION_RELATIONSHIP_WITH_TRANSFORMATION(#2575) 
SHAPE_REPRESENTATION_RELATIONSHIP() );
#2575 = ITEM_DEFINED_TRANSFORMATION('','',#11,#43);
#2576 = PRODUCT_DEFINITION_SHAPE('Placement','Placement of an item',
  #2577);
#2577 = NEXT_ASSEMBLY_USAGE_OCCURRENCE('8','','',#5,#2464,$);
#2578 = PRODUCT_RELATED_PRODUCT_CATEGORY('part',$,(#2466));
#2579 = SHAPE_DEFINITION_REPRESENTATION(#2580,#2586);
#2580 = PRODUCT_DEFINITION_SHAPE('','',#2581);
#2581 = PRODUCT_DEFINITION('design','',#2582,#2585);
#2582 = PRODUCT_DEFINITION_FORMATION('','',#2583);
#2583 = PRODUCT('Open CASCADE STEP translator 7.8 1.9',
  'Open CASCADE STEP translator 7.8 1.9','',(#2584));
#2584 = PRODUCT_CONTEXT('',#2,'mechanical');
#2585 = PRODUCT_DEFINITION_CONTEXT('part definition',#2,'design');
#2586 = ADVANCED_BREP_SHAPE_REPRESENTATION('',(#11,#2587),#2685);
#2587 = MANIFOLD_SOLID_BREP('',#2588);
#2588 = CLOSED_SHELL('',(#2589,#2677,#2681));
#2589 = ADVANCED_FACE('',(#2590),#2604,.T.);
#2590 = FACE_BOUND('',#2591,.F.);
#2591 = EDGE_LOOP('',(#2592,#2622,#2649,#2650));
#2592 = ORIENTED_EDGE('',*,*,#2593,.T.);
#2593 = EDGE_CURVE('',#2594,#2596,#2598,.T.);
#2594 = VERTEX_POINT('',#2595);
#2595 = CARTESIAN_POINT('',(58.989592359914,-6.010407640086,15.));
#2596 = VERTEX_POINT('',#2597);
#2597 = CARTESIAN_POINT('',(59.555277784864,-6.576093065035,15.));
#2598 = SEAM_CURVE('',#2599,(#2603,#2615),.PCURVE_S1.);
#2599 = LINE('',#2600,#2601);
#2600 = CARTESIAN_POINT('',(58.989592359914,-6.010407640086,15.));
#2601 = VECTOR('',#2602,1.);
#2602 = DIRECTION('',(0.707106781187,-0.707106781187,0.));
#2603 = PCURVE('',#2604,#2609);
#2604 = CYLINDRICAL_SURFACE('',#2605,1.5);
#2605 = AXIS2_PLACEMENT_3D('',#2606,#2607,#2608);
#2606 = CARTESIAN_POINT('',(57.928932188135,-7.071067811865,15.));
#2607 = DIRECTION('',(-0.707106781187,0.707106781187,-0.));
#2608 = DIRECTION('',(0.707106781187,0.707106781187,0.));
#2609 = DEFINITIONAL_REPRESENTATION('',(#2610),#2614);
#2610 = LINE('',#2611,#2612);
#2611 = CARTESIAN_POINT('',(-0.,0.));
#2612 = VECTOR('',#2613,1.);
#2613 = DIRECTION('',(-0.,-1.));
#2614 = ( GEOMETRIC_REPRESENTATION_CONTEXT(2) 
PARAMETRIC_REPRESENTATION_CONTEXT() REPRESENTATION_CONTEXT('2D SPACE',''
  ) );
#2615 = PCURVE('',#2604,#2616);
#2616 = DEFINITIONAL_REPRESENTATION('',(#2617),#2621);
#2617 = LINE('',#2618,#2619);
#2618 = CARTESIAN_POINT('',(-6.28318530718,0.));
#2619 = VECTOR('',#2620,1.);
#2620 = DIRECTION('',(-0.,-1.));
#2621 = ( GEOMETRIC_REPRESENTATION_CONTEXT(2) 
PARAMETRIC_REPRESENTATION_CONTEXT() REPRESENTATION_CONTEXT('2D SPACE',''
  ) );
#2622 = ORIENTED_EDGE('',*,*,#2623,.T.);
#2623 = EDGE_CURVE('',#2596,#2596,#2624,.T.);
#2624 = SURFACE_CURVE('',#2625,(#2630,#2637),.PCURVE_S1.);
#2625 = CIRCLE('',#2626,1.5);
#2626 = AXIS2_PLACEMENT_3D('',#2627,#2628,#2629);
#2627 = CARTESIAN_POINT('',(58.494617613084,-7.636753236815,15.));
#2628 = DIRECTION('',(0.707106781187,-0.707106781187,0.));
#2629 = DIRECTION('',(0.707106781187,0.707106781187,0.));
#2630 = PCURVE('',#2604,#2631);
#2631 = DEFINITIONAL_REPRESENTATION('',(#2632),#2636);
#2632 = LINE('',#2633,#2634);
#2633 = CARTESIAN_POINT('',(-0.,-0.8));
#2634 = VECTOR('',#2635,1.);
#2635 = DIRECTION('',(-1.,0.));
#2636 = ( GEOMETRIC_REPRESENTATION_CONTEXT(2) 
PARAMETRIC_REPRESENTATION_CONTEXT() REPRESENTATION_CONTEXT('2D SPACE',''
  ) );
#2637 = PCURVE('',#2638,#2643);
#2638 = PLANE('',#2639);
#2639 = AXIS2_PLACEMENT_3D('',#2640,#2641,#2642);
#2640 = CARTESIAN_POINT('',(51.423549801218,-14.70782104868,15.));
#2641 = DIRECTION('',(0.707106781187,-0.707106781187,4.834630952926E-16)
  );
#2642 = DIRECTION('',(-0.707106781187,-0.707106781187,1.060825372818E-32
    ));
#2643 = DEFINITIONAL_REPRESENTATION('',(#2644),#2648);
#2644 = CIRCLE('',#2645,1.5);
#2645 = AXIS2_PLACEMENT_2D('',#2646,#2647);
#2646 = CARTESIAN_POINT('',(-10.,-7.038737306338E-31));
#2647 = DIRECTION('',(-1.,-8.854031496642E-32));
#2648 = ( GEOMETRIC_REPRESENTATION_CONTEXT(2) 
PARAMETRIC_REPRESENTATION_CONTEXT() REPRESENTATION_CONTEXT('2D SPACE',''
  ) );
#2649 = ORIENTED_EDGE('',*,*,#2593,.F.);
#2650 = ORIENTED_EDGE('',*,*,#2651,.F.);
#2651 = EDGE_CURVE('',#2594,#2594,#2652,.T.);
#2652 = SURFACE_CURVE('',#2653,(#2658,#2665),.PCURVE_S1.);
#2653 = CIRCLE('',#2654,1.5);
#2654 = AXIS2_PLACEMENT_3D('',#2655,#2656,#2657);
#2655 = CARTESIAN_POINT('',(57.928932188135,-7.071067811865,15.));
#2656 = DIRECTION('',(0.707106781187,-0.707106781187,0.));
#2657 = DIRECTION('',(0.707106781187,0.707106781187,0.));
#2658 = PCURVE('',#2604,#2659);
#2659 = DEFINITIONAL_REPRESENTATION('',(#2660),#2664);
#2660 = LINE('',#2661,#2662);
#2661 = CARTESIAN_POINT('',(-0.,0.));
#2662 = VECTOR('',#2663,1.);
#2663 = DIRECTION('',(-1.,0.));
#2664 = ( GEOMETRIC_REPRESENTATION_CONTEXT(2) 
PARAMETRIC_REPRESENTATION_CONTEXT() REPRESENTATION_CONTEXT('2D SPACE',''
  ) );
#2665 = PCURVE('',#2666,#2671);
#2666 = PLANE('',#2667);
#2667 = AXIS2_PLACEMENT_3D('',#2668,#2669,#2670);
#2668 = CARTESIAN_POINT('',(50.857864376269,-14.14213562373,15.));
#2669 = DIRECTION('',(0.707106781187,-0.707106781187,4.834630952926E-16)
  );
#2670 = DIRECTION('',(-0.707106781187,-0.707106781187,1.060825372818E-32
    ));
#2671 = DEFINITIONAL_REPRESENTATION('',(#2672),#2676);
#2672 = CIRCLE('',#2673,1.5);
#2673 = AXIS2_PLACEMENT_2D('',#2674,#2675);
#2674 = CARTESIAN_POINT('',(-10.,-3.094432780233E-31));
#2675 = DIRECTION('',(-1.,-8.854031496642E-32));
#2676 = ( GEOMETRIC_REPRESENTATION_CONTEXT(2) 
PARAMETRIC_REPRESENTATION_CONTEXT() REPRESENTATION_CONTEXT('2D SPACE',''
  ) );
#2677 = ADVANCED_FACE('',(#2678),#2666,.F.);
#2678 = FACE_BOUND('',#2679,.F.);
#2679 = EDGE_LOOP('',(#2680));
#2680 = ORIENTED_EDGE('',*,*,#2651,.T.);
#2681 = ADVANCED_FACE('',(#2682),#2638,.T.);
#2682 = FACE_BOUND('',#2683,.T.);
#2683 = EDGE_LOOP('',(#2684));
#2684 = ORIENTED_EDGE('',*,*,#2623,.T.);
#2685 = ( GEOMETRIC_REPRESENTATION_CONTEXT(3) 
GLOBAL_UNCERTAINTY_ASSIGNED_CONTEXT((#2689)) 
GLOBAL_UNIT_ASSIGNED_CONTEXT((#2686,#2687,#2688)) REPRESENTATION_CONTEXT
('Context #1','3D Context with UNIT and UNCERTAINTY') );
#2686 = ( LENGTH_UNIT() NAMED_UNIT(*) SI_UNIT(.MILLI.,.METRE.) );
#2687 = ( NAMED_UNIT(*) PLANE_ANGLE_UNIT() SI_UNIT($,.RADIAN.) );
#2688 = ( NAMED_UNIT(*) SI_UNIT($,.STERADIAN.) SOLID_ANGLE_UNIT() );
#2689 = UNCERTAINTY_MEASURE_WITH_UNIT(LENGTH_MEASURE(1.E-07),#2686,
  'distance_accuracy_value','confusion accuracy');
#2690 = CONTEXT_DEPENDENT_SHAPE_REPRESENTATION(#2691,#2693);
#2691 = ( REPRESENTATION_RELATIONSHIP('','',#2586,#10) 
REPRESENTATION_RELATIONSHIP_WITH_TRANSFORMATION(#2692) 
SHAPE_REPRESENTATION_RELATIONSHIP() );
#2692 = ITEM_DEFINED_TRANSFORMATION('','',#11,#47);
#2693 = PRODUCT_DEFINITION_SHAPE('Placement','Placement of an item',
  #2694);
#2694 = NEXT_ASSEMBLY_USAGE_OCCURRENCE('9','','',#5,#2581,$);
#2695 = PRODUCT_RELATED_PRODUCT_CATEGORY('part',$,(#2583));
#2696 = SHAPE_DEFINITION_REPRESENTATION(#2697,#2703);
#2697 = PRODUCT_DEFINITION_SHAPE('','',#2698);
#2698 = PRODUCT_DEFINITION('design','',#2699,#2702);
#2699 = PRODUCT_DEFINITION_FORMATION('','',#2700);
#2700 = PRODUCT('Open CASCADE STEP translator 7.8 1.10',
  'Open CASCADE STEP translator 7.8 1.10','',(#2701));
#2701 = PRODUCT_CONTEXT('',#2,'mechanical');
#2702 = PRODUCT_DEFINITION_CONTEXT('part definition',#2,'design');
#2703 = ADVANCED_BREP_SHAPE_REPRESENTATION('',(#11,#2704),#2802);
#2704 = MANIFOLD_SOLID_BREP('',#2705);
#2705 = CLOSED_SHELL('',(#2706,#2794,#2798));
#2706 = ADVANCED_FACE('',(#2707),#2721,.T.);
#2707 = FACE_BOUND('',#2708,.F.);
#2708 = EDGE_LOOP('',(#2709,#2739,#2766,#2767));
#2709 = ORIENTED_EDGE('',*,*,#2710,.T.);
#2710 = EDGE_CURVE('',#2711,#2713,#2715,.T.);
#2711 = VERTEX_POINT('',#2712);
#2712 = CARTESIAN_POINT('',(58.989592359914,-6.010407640086,25.));
#2713 = VERTEX_POINT('',#2714);
#2714 = CARTESIAN_POINT('',(59.555277784864,-6.576093065035,25.));
#2715 = SEAM_CURVE('',#2716,(#2720,#2732),.PCURVE_S1.);
#2716 = LINE('',#2717,#2718);
#2717 = CARTESIAN_POINT('',(58.989592359914,-6.010407640086,25.));
#2718 = VECTOR('',#2719,1.);
#2719 = DIRECTION('',(0.707106781187,-0.707106781187,0.));
#2720 = PCURVE('',#2721,#2726);
#2721 = CYLINDRICAL_SURFACE('',#2722,1.5);
#2722 = AXIS2_PLACEMENT_3D('',#2723,#2724,#2725);
#2723 = CARTESIAN_POINT('',(57.928932188135,-7.071067811865,25.));
#2724 = DIRECTION('',(-0.707106781187,0.707106781187,-0.));
#2725 = DIRECTION('',(0.707106781187,0.707106781187,0.));
#2726 = DEFINITIONAL_REPRESENTATION('',(#2727),#2731);
#2727 = LINE('',#2728,#2729);
#2728 = CARTESIAN_POINT('',(-0.,0.));
#2729 = VECTOR('',#2730,1.);
#2730 = DIRECTION('',(-0.,-1.));
#2731 = ( GEOMETRIC_REPRESENTATION_CONTEXT(2) 
PARAMETRIC_REPRESENTATION_CONTEXT() REPRESENTATION_CONTEXT('2D SPACE',''
  ) );
#2732 = PCURVE('',#2721,#2733);
#2733 = DEFINITIONAL_REPRESENTATION('',(#2734),#2738);
#2734 = LINE('',#2735,#2736);
#2735 = CARTESIAN_POINT('',(-6.28318530718,0.));
#2736 = VECTOR('',#2737,1.);
#2737 = DIRECTION('',(-0.,-1.));
#2738 = ( GEOMETRIC_REPRESENTATION_CONTEXT(2) 
PARAMETRIC_REPRESENTATION_CONTEXT() REPRESENTATION_CONTEXT('2D SPACE',''
  ) );
#2739 = ORIENTED_EDGE('',*,*,#2740,.T.);
#2740 = EDGE_CURVE('',#2713,#2713,#2741,.T.);
#2741 = SURFACE_CURVE('',#2742,(#2747,#2754),.PCURVE_S1.);
#2742 = CIRCLE('',#2743,1.5);
#2743 = AXIS2_PLACEMENT_3D('',#2744,#2745,#2746);
#2744 = CARTESIAN_POINT('',(58.494617613084,-7.636753236815,25.));
#2745 = DIRECTION('',(0.707106781187,-0.707106781187,0.));
#2746 = DIRECTION('',(0.707106781187,0.707106781187,0.));
#2747 = PCURVE('',#2721,#2748);
#2748 = DEFINITIONAL_REPRESENTATION('',(#2749),#2753);
#2749 = LINE('',#2750,#2751);
#2750 = CARTESIAN_POINT('',(-0.,-0.8));
#2751 = VECTOR('',#2752,1.);
#2752 = DIRECTION('',(-1.,0.));
#2753 = ( GEOMETRIC_REPRESENTATION_CONTEXT(2) 
PARAMETRIC_REPRESENTATION_CONTEXT() REPRESENTATION_CONTEXT('2D SPACE',''
  ) );
#2754 = PCURVE('',#2755,#2760);
#2755 = PLANE('',#2756);
#2756 = AXIS2_PLACEMENT_3D('',#2757,#2758,#2759);
#2757 = CARTESIAN_POINT('',(51.423549801218,-14.70782104868,15.));
#2758 = DIRECTION('',(0.707106781187,-0.707106781187,4.834630952926E-16)
  );
#2759 = DIRECTION('',(-0.707106781187,-0.707106781187,1.060825372818E-32
    ));
#2760 = DEFINITIONAL_REPRESENTATION('',(#2761),#2765);
#2761 = CIRCLE('',#2762,1.5);
#2762 = AXIS2_PLACEMENT_2D('',#2763,#2764);
#2763 = CARTESIAN_POINT('',(-10.,-10.));
#2764 = DIRECTION('',(-1.,-8.854031496642E-32));
#2765 = ( GEOMETRIC_REPRESENTATION_CONTEXT(2) 
PARAMETRIC_REPRESENTATION_CONTEXT() REPRESENTATION_CONTEXT('2D SPACE',''
  ) );
#2766 = ORIENTED_EDGE('',*,*,#2710,.F.);
#2767 = ORIENTED_EDGE('',*,*,#2768,.F.);
#2768 = EDGE_CURVE('',#2711,#2711,#2769,.T.);
#2769 = SURFACE_CURVE('',#2770,(#2775,#2782),.PCURVE_S1.);
#2770 = CIRCLE('',#2771,1.5);
#2771 = AXIS2_PLACEMENT_3D('',#2772,#2773,#2774);
#2772 = CARTESIAN_POINT('',(57.928932188135,-7.071067811865,25.));
#2773 = DIRECTION('',(0.707106781187,-0.707106781187,0.));
#2774 = DIRECTION('',(0.707106781187,0.707106781187,0.));
#2775 = PCURVE('',#2721,#2776);
#2776 = DEFINITIONAL_REPRESENTATION('',(#2777),#2781);
#2777 = LINE('',#2778,#2779);
#2778 = CARTESIAN_POINT('',(-0.,0.));
#2779 = VECTOR('',#2780,1.);
#2780 = DIRECTION('',(-1.,0.));
#2781 = ( GEOMETRIC_REPRESENTATION_CONTEXT(2) 
PARAMETRIC_REPRESENTATION_CONTEXT() REPRESENTATION_CONTEXT('2D SPACE',''
  ) );
#2782 = PCURVE('',#2783,#2788);
#2783 = PLANE('',#2784);
#2784 = AXIS2_PLACEMENT_3D('',#2785,#2786,#2787);
#2785 = CARTESIAN_POINT('',(50.857864376269,-14.14213562373,15.));
#2786 = DIRECTION('',(0.707106781187,-0.707106781187,4.834630952926E-16)
  );
#2787 = DIRECTION('',(-0.707106781187,-0.707106781187,1.060825372818E-32
    ));
#2788 = DEFINITIONAL_REPRESENTATION('',(#2789),#2793);
#2789 = CIRCLE('',#2790,1.5);
#2790 = AXIS2_PLACEMENT_2D('',#2791,#2792);
#2791 = CARTESIAN_POINT('',(-10.,-10.));
#2792 = DIRECTION('',(-1.,-8.854031496642E-32));
#2793 = ( GEOMETRIC_REPRESENTATION_CONTEXT(2) 
PARAMETRIC_REPRESENTATION_CONTEXT() REPRESENTATION_CONTEXT('2D SPACE',''
  ) );
#2794 = ADVANCED_FACE('',(#2795),#2783,.F.);
#2795 = FACE_BOUND('',#2796,.F.);
#2796 = EDGE_LOOP('',(#2797));
#2797 = ORIENTED_EDGE('',*,*,#2768,.T.);
#2798 = ADVANCED_FACE('',(#2799),#2755,.T.);
#2799 = FACE_BOUND('',#2800,.T.);
#2800 = EDGE_LOOP('',(#2801));
#2801 = ORIENTED_EDGE('',*,*,#2740,.T.);
#2802 = ( GEOMETRIC_REPRESENTATION_CONTEXT(3) 
GLOBAL_UNCERTAINTY_ASSIGNED_CONTEXT((#2806)) 
GLOBAL_UNIT_ASSIGNED_CONTEXT((#2803,#2804,#2805)) REPRESENTATION_CONTEXT
('Context #1','3D Context with UNIT and UNCERTAINTY') );
#2803 = ( LENGTH_UNIT() NAMED_UNIT(*) SI_UNIT(.MILLI.,.METRE.) );
#2804 = ( NAMED_UNIT(*) PLANE_ANGLE_UNIT() SI_UNIT($,.RADIAN.) );
#2805 = ( NAMED_UNIT(*) SI_UNIT($,.STERADIAN.) SOLID_ANGLE_UNIT() );
#2806 = UNCERTAINTY_MEASURE_WITH_UNIT(LENGTH_MEASURE(1.E-07),#2803,
  'distance_accuracy_value','confusion accuracy');
#2807 = CONTEXT_DEPENDENT_SHAPE_REPRESENTATION(#2808,#2810);
#2808 = ( REPRESENTATION_RELATIONSHIP('','',#2703,#10) 
REPRESENTATION_RELATIONSHIP_WITH_TRANSFORMATION(#2809) 
SHAPE_REPRESENTATION_RELATIONSHIP() );
#2809 = ITEM_DEFINED_TRANSFORMATION('','',#11,#51);
#2810 = PRODUCT_DEFINITION_SHAPE('Placement','Placement of an item',
  #2811);
#2811 = NEXT_ASSEMBLY_USAGE_OCCURRENCE('10','','',#5,#2698,$);
#2812 = PRODUCT_RELATED_PRODUCT_CATEGORY('part',$,(#2700));
#2813 = SHAPE_DEFINITION_REPRESENTATION(#2814,#2820);
#2814 = PRODUCT_DEFINITION_SHAPE('','',#2815);
#2815 = PRODUCT_DEFINITION('design','',#2816,#2819);
#2816 = PRODUCT_DEFINITION_FORMATION('','',#2817);
#2817 = PRODUCT('Open CASCADE STEP translator 7.8 1.11',
  'Open CASCADE STEP translator 7.8 1.11','',(#2818));
#2818 = PRODUCT_CONTEXT('',#2,'mechanical');
#2819 = PRODUCT_DEFINITION_CONTEXT('part definition',#2,'design');
#2820 = ADVANCED_BREP_SHAPE_REPRESENTATION('',(#11,#2821),#2919);
#2821 = MANIFOLD_SOLID_BREP('',#2822);
#2822 = CLOSED_SHELL('',(#2823,#2911,#2915));
#2823 = ADVANCED_FACE('',(#2824),#2838,.T.);
#2824 = FACE_BOUND('',#2825,.F.);
#2825 = EDGE_LOOP('',(#2826,#2856,#2883,#2884));
#2826 = ORIENTED_EDGE('',*,*,#2827,.T.);
#2827 = EDGE_CURVE('',#2828,#2830,#2832,.T.);
#2828 = VERTEX_POINT('',#2829);
#2829 = CARTESIAN_POINT('',(58.989592359914,-6.010407640086,35.));
#2830 = VERTEX_POINT('',#2831);
#2831 = CARTESIAN_POINT('',(59.555277784864,-6.576093065035,35.));
#2832 = SEAM_CURVE('',#2833,(#2837,#2849),.PCURVE_S1.);
#2833 = LINE('',#2834,#2835);
#2834 = CARTESIAN_POINT('',(58.989592359914,-6.010407640086,35.));
#2835 = VECTOR('',#2836,1.);
#2836 = DIRECTION('',(0.707106781187,-0.707106781187,0.));
#2837 = PCURVE('',#2838,#2843);
#2838 = CYLINDRICAL_SURFACE('',#2839,1.5);
#2839 = AXIS2_PLACEMENT_3D('',#2840,#2841,#2842);
#2840 = CARTESIAN_POINT('',(57.928932188135,-7.071067811865,35.));
#2841 = DIRECTION('',(-0.707106781187,0.707106781187,-0.));
#2842 = DIRECTION('',(0.707106781187,0.707106781187,0.));
#2843 = DEFINITIONAL_REPRESENTATION('',(#2844),#2848);
#2844 = LINE('',#2845,#2846);
#2845 = CARTESIAN_POINT('',(-0.,0.));
#2846 = VECTOR('',#2847,1.);
#2847 = DIRECTION('',(-0.,-1.));
#2848 = ( GEOMETRIC_REPRESENTATION_CONTEXT(2) 
PARAMETRIC_REPRESENTATION_CONTEXT() REPRESENTATION_CONTEXT('2D SPACE',''
  ) );
#2849 = PCURVE('',#2838,#2850);
#2850 = DEFINITIONAL_REPRESENTATION('',(#2851),#2855);
#2851 = LINE('',#2852,#2853);
#2852 = CARTESIAN_POINT('',(-6.28318530718,0.));
#2853 = VECTOR('',#2854,1.);
#2854 = DIRECTION('',(-0.,-1.));
#2855 = ( GEOMETRIC_REPRESENTATION_CONTEXT(2) 
PARAMETRIC_REPRESENTATION_CONTEXT() REPRESENTATION_CONTEXT('2D SPACE',''
  ) );
#2856 = ORIENTED_EDGE('',*,*,#2857,.T.);
#2857 = EDGE_CURVE('',#2830,#2830,#2858,.T.);
#2858 = SURFACE_CURVE('',#2859,(#2864,#2871),.PCURVE_S1.);
#2859 = CIRCLE('',#2860,1.5);
#2860 = AXIS2_PLACEMENT_3D('',#2861,#2862,#2863);
#2861 = CARTESIAN_POINT('',(58.494617613084,-7.636753236815,35.));
#2862 = DIRECTION('',(0.707106781187,-0.707106781187,0.));
#2863 = DIRECTION('',(0.707106781187,0.707106781187,0.));
#2864 = PCURVE('',#2838,#2865);
#2865 = DEFINITIONAL_REPRESENTATION('',(#2866),#2870);
#2866 = LINE('',#2867,#2868);
#2867 = CARTESIAN_POINT('',(-0.,-0.8));
#2868 = VECTOR('',#2869,1.);
#2869 = DIRECTION('',(-1.,0.));
#2870 = ( GEOMETRIC_REPRESENTATION_CONTEXT(2) 
PARAMETRIC_REPRESENTATION_CONTEXT() REPRESENTATION_CONTEXT('2D SPACE',''
  ) );
#2871 = PCURVE('',#2872,#2877);
#2872 = PLANE('',#2873);
#2873 = AXIS2_PLACEMENT_3D('',#2874,#2875,#2876);
#2874 = CARTESIAN_POINT('',(51.423549801218,-14.70782104868,15.));
#2875 = DIRECTION('',(0.707106781187,-0.707106781187,4.834630952926E-16)
  );
#2876 = DIRECTION('',(-0.707106781187,-0.707106781187,1.060825372818E-32
    ));
#2877 = DEFINITIONAL_REPRESENTATION('',(#2878),#2882);
#2878 = CIRCLE('',#2879,1.5);
#2879 = AXIS2_PLACEMENT_2D('',#2880,#2881);
#2880 = CARTESIAN_POINT('',(-10.,-20.));
#2881 = DIRECTION('',(-1.,-8.854031496642E-32));
#2882 = ( GEOMETRIC_REPRESENTATION_CONTEXT(2) 
PARAMETRIC_REPRESENTATION_CONTEXT() REPRESENTATION_CONTEXT('2D SPACE',''
  ) );
#2883 = ORIENTED_EDGE('',*,*,#2827,.F.);
#2884 = ORIENTED_EDGE('',*,*,#2885,.F.);
#2885 = EDGE_CURVE('',#2828,#2828,#2886,.T.);
#2886 = SURFACE_CURVE('',#2887,(#2892,#2899),.PCURVE_S1.);
#2887 = CIRCLE('',#2888,1.5);
#2888 = AXIS2_PLACEMENT_3D('',#2889,#2890,#2891);
#2889 = CARTESIAN_POINT('',(57.928932188135,-7.071067811865,35.));
#2890 = DIRECTION('',(0.707106781187,-0.707106781187,0.));
#2891 = DIRECTION('',(0.707106781187,0.707106781187,0.));
#2892 = PCURVE('',#2838,#2893);
#2893 = DEFINITIONAL_REPRESENTATION('',(#2894),#2898);
#2894 = LINE('',#2895,#2896);
#2895 = CARTESIAN_POINT('',(-0.,0.));
#2896 = VECTOR('',#2897,1.);
#2897 = DIRECTION('',(-1.,0.));
#2898 = ( GEOMETRIC_REPRESENTATION_CONTEXT(2) 
PARAMETRIC_REPRESENTATION_CONTEXT() REPRESENTATION_CONTEXT('2D SPACE',''
  ) );
#2899 = PCURVE('',#2900,#2905);
#2900 = PLANE('',#2901);
#2901 = AXIS2_PLACEMENT_3D('',#2902,#2903,#2904);
#2902 = CARTESIAN_POINT('',(50.857864376269,-14.14213562373,15.));
#2903 = DIRECTION('',(0.707106781187,-0.707106781187,4.834630952926E-16)
  );
#2904 = DIRECTION('',(-0.707106781187,-0.707106781187,1.060825372818E-32
    ));
#2905 = DEFINITIONAL_REPRESENTATION('',(#2906),#2910);
#2906 = CIRCLE('',#2907,1.5);
#2907 = AXIS2_PLACEMENT_2D('',#2908,#2909);
#2908 = CARTESIAN_POINT('',(-10.,-20.));
#2909 = DIRECTION('',(-1.,-8.854031496642E-32));
#2910 = ( GEOMETRIC_REPRESENTATION_CONTEXT(2) 
PARAMETRIC_REPRESENTATION_CONTEXT() REPRESENTATION_CONTEXT('2D SPACE',''
  ) );
#2911 = ADVANCED_FACE('',(#2912),#2900,.F.);
#2912 = FACE_BOUND('',#2913,.F.);
#2913 = EDGE_LOOP('',(#2914));
#2914 = ORIENTED_EDGE('',*,*,#2885,.T.);
#2915 = ADVANCED_FACE('',(#2916),#2872,.T.);
#2916 = FACE_BOUND('',#2917,.T.);
#2917 = EDGE_LOOP('',(#2918));
#2918 = ORIENTED_EDGE('',*,*,#2857,.T.);
#2919 = ( GEOMETRIC_REPRESENTATION_CONTEXT(3) 
GLOBAL_UNCERTAINTY_ASSIGNED_CONTEXT((#2923)) 
GLOBAL_UNIT_ASSIGNED_CONTEXT((#2920,#2921,#2922)) REPRESENTATION_CONTEXT
('Context #1','3D Context with UNIT and UNCERTAINTY') );
#2920 = ( LENGTH_UNIT() NAMED_UNIT(*) SI_UNIT(.MILLI.,.METRE.) );
#2921 = ( NAMED_UNIT(*) PLANE_ANGLE_UNIT() SI_UNIT($,.RADIAN.) );
#2922 = ( NAMED_UNIT(*) SI_UNIT($,.STERADIAN.) SOLID_ANGLE_UNIT() );
#2923 = UNCERTAINTY_MEASURE_WITH_UNIT(LENGTH_MEASURE(1.E-07),#2920,
  'distance_accuracy_value','confusion accuracy');
#2924 = CONTEXT_DEPENDENT_SHAPE_REPRESENTATION(#2925,#2927);
#2925 = ( REPRESENTATION_RELATIONSHIP('','',#2820,#10) 
REPRESENTATION_RELATIONSHIP_WITH_TRANSFORMATION(#2926) 
SHAPE_REPRESENTATION_RELATIONSHIP() );
#2926 = ITEM_DEFINED_TRANSFORMATION('','',#11,#55);
#2927 = PRODUCT_DEFINITION_SHAPE('Placement','Placement of an item',
  #2928);
#2928 = NEXT_ASSEMBLY_USAGE_OCCURRENCE('11','','',#5,#2815,$);
#2929 = PRODUCT_RELATED_PRODUCT_CATEGORY('part',$,(#2817));
#2930 = SHAPE_DEFINITION_REPRESENTATION(#2931,#2937);
#2931 = PRODUCT_DEFINITION_SHAPE('','',#2932);
#2932 = PRODUCT_DEFINITION('design','',#2933,#2936);
#2933 = PRODUCT_DEFINITION_FORMATION('','',#2934);
#2934 = PRODUCT('Open CASCADE STEP translator 7.8 1.12',
  'Open CASCADE STEP translator 7.8 1.12','',(#2935));
#2935 = PRODUCT_CONTEXT('',#2,'mechanical');
#2936 = PRODUCT_DEFINITION_CONTEXT('part definition',#2,'design');
#2937 = ADVANCED_BREP_SHAPE_REPRESENTATION('',(#11,#2938),#3036);
#2938 = MANIFOLD_SOLID_BREP('',#2939);
#2939 = CLOSED_SHELL('',(#2940,#3028,#3032));
#2940 = ADVANCED_FACE('',(#2941),#2955,.T.);
#2941 = FACE_BOUND('',#2942,.F.);
#2942 = EDGE_LOOP('',(#2943,#2973,#3000,#3001));
#2943 = ORIENTED_EDGE('',*,*,#2944,.T.);
#2944 = EDGE_CURVE('',#2945,#2947,#2949,.T.);
#2945 = VERTEX_POINT('',#2946);
#2946 = CARTESIAN_POINT('',(58.989592359914,-6.010407640086,45.));
#2947 = VERTEX_POINT('',#2948);
#2948 = CARTESIAN_POINT('',(59.555277784864,-6.576093065035,45.));
#2949 = SEAM_CURVE('',#2950,(#2954,#2966),.PCURVE_S1.);
#2950 = LINE('',#2951,#2952);
#2951 = CARTESIAN_POINT('',(58.989592359914,-6.010407640086,45.));
#2952 = VECTOR('',#2953,1.);
#2953 = DIRECTION('',(0.707106781187,-0.707106781187,0.));
#2954 = PCURVE('',#2955,#2960);
#2955 = CYLINDRICAL_SURFACE('',#2956,1.5);
#2956 = AXIS2_PLACEMENT_3D('',#2957,#2958,#2959);
#2957 = CARTESIAN_POINT('',(57.928932188135,-7.071067811865,45.));
#2958 = DIRECTION('',(-0.707106781187,0.707106781187,-0.));
#2959 = DIRECTION('',(0.707106781187,0.707106781187,0.));
#2960 = DEFINITIONAL_REPRESENTATION('',(#2961),#2965);
#2961 = LINE('',#2962,#2963);
#2962 = CARTESIAN_POINT('',(-0.,0.));
#2963 = VECTOR('',#2964,1.);
#2964 = DIRECTION('',(-0.,-1.));
#2965 = ( GEOMETRIC_REPRESENTATION_CONTEXT(2) 
PARAMETRIC_REPRESENTATION_CONTEXT() REPRESENTATION_CONTEXT('2D SPACE',''
  ) );
#2966 = PCURVE('',#2955,#2967);
#2967 = DEFINITIONAL_REPRESENTATION('',(#2968),#2972);
#2968 = LINE('',#2969,#2970);
#2969 = CARTESIAN_POINT('',(-6.28318530718,0.));
#2970 = VECTOR('',#2971,1.);
#2971 = DIRECTION('',(-0.,-1.));
#2972 = ( GEOMETRIC_REPRESENTATION_CONTEXT(2) 
PARAMETRIC_REPRESENTATION_CONTEXT() REPRESENTATION_CONTEXT('2D SPACE',''
  ) );
#2973 = ORIENTED_EDGE('',*,*,#2974,.T.);
#2974 = EDGE_CURVE('',#2947,#2947,#2975,.T.);
#2975 = SURFACE_CURVE('',#2976,(#2981,#2988),.PCURVE_S1.);
#2976 = CIRCLE('',#2977,1.5);
#2977 = AXIS2_PLACEMENT_3D('',#2978,#2979,#2980);
#2978 = CARTESIAN_POINT('',(58.494617613084,-7.636753236815,45.));
#2979 = DIRECTION('',(0.707106781187,-0.707106781187,0.));
#2980 = DIRECTION('',(0.707106781187,0.707106781187,0.));
#2981 = PCURVE('',#2955,#2982);
#2982 = DEFINITIONAL_REPRESENTATION('',(#2983),#2987);
#2983 = LINE('',#2984,#2985);
#2984 = CARTESIAN_POINT('',(-0.,-0.8));
#2985 = VECTOR('',#2986,1.);
#2986 = DIRECTION('',(-1.,0.));
#2987 = ( GEOMETRIC_REPRESENTATION_CONTEXT(2) 
PARAMETRIC_REPRESENTATION_CONTEXT() REPRESENTATION_CONTEXT('2D SPACE',''
  ) );
#2988 = PCURVE('',#2989,#2994);
#2989 = PLANE('',#2990);
#2990 = AXIS2_PLACEMENT_3D('',#2991,#2992,#2993);
#2991 = CARTESIAN_POINT('',(51.423549801218,-14.70782104868,15.));
#2992 = DIRECTION('',(0.707106781187,-0.707106781187,4.834630952926E-16)
  );
#2993 = DIRECTION('',(-0.707106781187,-0.707106781187,1.060825372818E-32
    ));
#2994 = DEFINITIONAL_REPRESENTATION('',(#2995),#2999);
#2995 = CIRCLE('',#2996,1.5);
#2996 = AXIS2_PLACEMENT_2D('',#2997,#2998);
#2997 = CARTESIAN_POINT('',(-10.,-30.));
#2998 = DIRECTION('',(-1.,-8.854031496642E-32));
#2999 = ( GEOMETRIC_REPRESENTATION_CONTEXT(2) 
PARAMETRIC_REPRESENTATION_CONTEXT() REPRESENTATION_CONTEXT('2D SPACE',''
  ) );
#3000 = ORIENTED_EDGE('',*,*,#2944,.F.);
#3001 = ORIENTED_EDGE('',*,*,#3002,.F.);
#3002 = EDGE_CURVE('',#2945,#2945,#3003,.T.);
#3003 = SURFACE_CURVE('',#3004,(#3009,#3016),.PCURVE_S1.);
#3004 = CIRCLE('',#3005,1.5);
#3005 = AXIS2_PLACEMENT_3D('',#3006,#3007,#3008);
#3006 = CARTESIAN_POINT('',(57.928932188135,-7.071067811865,45.));
#3007 = DIRECTION('',(0.707106781187,-0.707106781187,0.));
#3008 = DIRECTION('',(0.707106781187,0.707106781187,0.));
#3009 = PCURVE('',#2955,#3010);
#3010 = DEFINITIONAL_REPRESENTATION('',(#3011),#3015);
#3011 = LINE('',#3012,#3013);
#3012 = CARTESIAN_POINT('',(-0.,0.));
#3013 = VECTOR('',#3014,1.);
#3014 = DIRECTION('',(-1.,0.));
#3015 = ( GEOMETRIC_REPRESENTATION_CONTEXT(2) 
PARAMETRIC_REPRESENTATION_CONTEXT() REPRESENTATION_CONTEXT('2D SPACE',''
  ) );
#3016 = PCURVE('',#3017,#3022);
#3017 = PLANE('',#3018);
#3018 = AXIS2_PLACEMENT_3D('',#3019,#3020,#3021);
#3019 = CARTESIAN_POINT('',(50.857864376269,-14.14213562373,15.));
#3020 = DIRECTION('',(0.707106781187,-0.707106781187,4.834630952926E-16)
  );
#3021 = DIRECTION('',(-0.707106781187,-0.707106781187,1.060825372818E-32
    ));
#3022 = DEFINITIONAL_REPRESENTATION('',(#3023),#3027);
#3023 = CIRCLE('',#3024,1.5);
#3024 = AXIS2_PLACEMENT_2D('',#3025,#3026);
#3025 = CARTESIAN_POINT('',(-10.,-30.));
#3026 = DIRECTION('',(-1.,-8.854031496642E-32));
#3027 = ( GEOMETRIC_REPRESENTATION_CONTEXT(2) 
PARAMETRIC_REPRESENTATION_CONTEXT() REPRESENTATION_CONTEXT('2D SPACE',''
  ) );
#3028 = ADVANCED_FACE('',(#3029),#3017,.F.);
#3029 = FACE_BOUND('',#3030,.F.);
#3030 = EDGE_LOOP('',(#3031));
#3031 = ORIENTED_EDGE('',*,*,#3002,.T.);
#3032 = ADVANCED_FACE('',(#3033),#2989,.T.);
#3033 = FACE_BOUND('',#3034,.T.);
#3034 = EDGE_LOOP('',(#3035));
#3035 = ORIENTED_EDGE('',*,*,#2974,.T.);
#3036 = ( GEOMETRIC_REPRESENTATION_CONTEXT(3) 
GLOBAL_UNCERTAINTY_ASSIGNED_CONTEXT((#3040)) 
GLOBAL_UNIT_ASSIGNED_CONTEXT((#3037,#3038,#3039)) REPRESENTATION_CONTEXT
('Context #1','3D Context with UNIT and UNCERTAINTY') );
#3037 = ( LENGTH_UNIT() NAMED_UNIT(*) SI_UNIT(.MILLI.,.METRE.) );
#3038 = ( NAMED_UNIT(*) PLANE_ANGLE_UNIT() SI_UNIT($,.RADIAN.) );
#3039 = ( NAMED_UNIT(*) SI_UNIT($,.STERADIAN.) SOLID_ANGLE_UNIT() );
#3040 = UNCERTAINTY_MEASURE_WITH_UNIT(LENGTH_MEASURE(1.E-07),#3037,
  'distance_accuracy_value','confusion accuracy');
#3041 = CONTEXT_DEPENDENT_SHAPE_REPRESENTATION(#3042,#3044);
#3042 = ( REPRESENTATION_RELATIONSHIP('','',#2937,#10) 
REPRESENTATION_RELATIONSHIP_WITH_TRANSFORMATION(#3043) 
SHAPE_REPRESENTATION_RELATIONSHIP() );
#3043 = ITEM_DEFINED_TRANSFORMATION('','',#11,#59);
#3044 = PRODUCT_DEFINITION_SHAPE('Placement','Placement of an item',
  #3045);
#3045 = NEXT_ASSEMBLY_USAGE_OCCURRENCE('12','','',#5,#2932,$);
#3046 = PRODUCT_RELATED_PRODUCT_CATEGORY('part',$,(#2934));
#3047 = SHAPE_DEFINITION_REPRESENTATION(#3048,#3054);
#3048 = PRODUCT_DEFINITION_SHAPE('','',#3049);
#3049 = PRODUCT_DEFINITION('design','',#3050,#3053);
#3050 = PRODUCT_DEFINITION_FORMATION('','',#3051);
#3051 = PRODUCT('Open CASCADE STEP translator 7.8 1.13',
  'Open CASCADE STEP translator 7.8 1.13','',(#3052));
#3052 = PRODUCT_CONTEXT('',#2,'mechanical');
#3053 = PRODUCT_DEFINITION_CONTEXT('part definition',#2,'design');
#3054 = ADVANCED_BREP_SHAPE_REPRESENTATION('',(#11,#3055),#3153);
#3055 = MANIFOLD_SOLID_BREP('',#3056);
#3056 = CLOSED_SHELL('',(#3057,#3145,#3149));
#3057 = ADVANCED_FACE('',(#3058),#3072,.T.);
#3058 = FACE_BOUND('',#3059,.F.);
#3059 = EDGE_LOOP('',(#3060,#3090,#3117,#3118));
#3060 = ORIENTED_EDGE('',*,*,#3061,.T.);
#3061 = EDGE_CURVE('',#3062,#3064,#3066,.T.);
#3062 = VERTEX_POINT('',#3063);
#3063 = CARTESIAN_POINT('',(58.989592359914,-6.010407640086,65.));
#3064 = VERTEX_POINT('',#3065);
#3065 = CARTESIAN_POINT('',(59.555277784864,-6.576093065035,65.));
#3066 = SEAM_CURVE('',#3067,(#3071,#3083),.PCURVE_S1.);
#3067 = LINE('',#3068,#3069);
#3068 = CARTESIAN_POINT('',(58.989592359914,-6.010407640086,65.));
#3069 = VECTOR('',#3070,1.);
#3070 = DIRECTION('',(0.707106781187,-0.707106781187,0.));
#3071 = PCURVE('',#3072,#3077);
#3072 = CYLINDRICAL_SURFACE('',#3073,1.5);
#3073 = AXIS2_PLACEMENT_3D('',#3074,#3075,#3076);
#3074 = CARTESIAN_POINT('',(57.928932188135,-7.071067811865,65.));
#3075 = DIRECTION('',(-0.707106781187,0.707106781187,-0.));
#3076 = DIRECTION('',(0.707106781187,0.707106781187,0.));
#3077 = DEFINITIONAL_REPRESENTATION('',(#3078),#3082);
#3078 = LINE('',#3079,#3080);
#3079 = CARTESIAN_POINT('',(-0.,0.));
#3080 = VECTOR('',#3081,1.);
#3081 = DIRECTION('',(-0.,-1.));
#3082 = ( GEOMETRIC_REPRESENTATION_CONTEXT(2) 
PARAMETRIC_REPRESENTATION_CONTEXT() REPRESENTATION_CONTEXT('2D SPACE',''
  ) );
#3083 = PCURVE('',#3072,#3084);
#3084 = DEFINITIONAL_REPRESENTATION('',(#3085),#3089);
#3085 = LINE('',#3086,#3087);
#3086 = CARTESIAN_POINT('',(-6.28318530718,0.));
#3087 = VECTOR('',#3088,1.);
#3088 = DIRECTION('',(-0.,-1.));
#3089 = ( GEOMETRIC_REPRESENTATION_CONTEXT(2) 
PARAMETRIC_REPRESENTATION_CONTEXT() REPRESENTATION_CONTEXT('2D SPACE',''
  ) );
#3090 = ORIENTED_EDGE('',*,*,#3091,.T.);
#3091 = EDGE_CURVE('',#3064,#3064,#3092,.T.);
#3092 = SURFACE_CURVE('',#3093,(#3098,#3105),.PCURVE_S1.);
#3093 = CIRCLE('',#3094,1.5);
#3094 = AXIS2_PLACEMENT_3D('',#3095,#3096,#3097);
#3095 = CARTESIAN_POINT('',(58.494617613084,-7.636753236815,65.));
#3096 = DIRECTION('',(0.707106781187,-0.707106781187,0.));
#3097 = DIRECTION('',(0.707106781187,0.707106781187,0.));
#3098 = PCURVE('',#3072,#3099);
#3099 = DEFINITIONAL_REPRESENTATION('',(#3100),#3104);
#3100 = LINE('',#3101,#3102);
#3101 = CARTESIAN_POINT('',(-0.,-0.8));
#3102 = VECTOR('',#3103,1.);
#3103 = DIRECTION('',(-1.,0.));
#3104 = ( GEOMETRIC_REPRESENTATION_CONTEXT(2) 
PARAMETRIC_REPRESENTATION_CONTEXT() REPRESENTATION_CONTEXT('2D SPACE',''
  ) );
#3105 = PCURVE('',#3106,#3111);
#3106 = PLANE('',#3107);
#3107 = AXIS2_PLACEMENT_3D('',#3108,#3109,#3110);
#3108 = CARTESIAN_POINT('',(51.423549801218,-14.70782104868,15.));
#3109 = DIRECTION('',(0.707106781187,-0.707106781187,4.834630952926E-16)
  );
#3110 = DIRECTION('',(-0.707106781187,-0.707106781187,1.060825372818E-32
    ));
#3111 = DEFINITIONAL_REPRESENTATION('',(#3112),#3116);
#3112 = CIRCLE('',#3113,1.5);
#3113 = AXIS2_PLACEMENT_2D('',#3114,#3115);
#3114 = CARTESIAN_POINT('',(-10.,-50.));
#3115 = DIRECTION('',(-1.,-8.854031496642E-32));
#3116 = ( GEOMETRIC_REPRESENTATION_CONTEXT(2) 
PARAMETRIC_REPRESENTATION_CONTEXT() REPRESENTATION_CONTEXT('2D SPACE',''
  ) );
#3117 = ORIENTED_EDGE('',*,*,#3061,.F.);
#3118 = ORIENTED_EDGE('',*,*,#3119,.F.);
#3119 = EDGE_CURVE('',#3062,#3062,#3120,.T.);
#3120 = SURFACE_CURVE('',#3121,(#3126,#3133),.PCURVE_S1.);
#3121 = CIRCLE('',#3122,1.5);
#3122 = AXIS2_PLACEMENT_3D('',#3123,#3124,#3125);
#3123 = CARTESIAN_POINT('',(57.928932188135,-7.071067811865,65.));
#3124 = DIRECTION('',(0.707106781187,-0.707106781187,0.));
#3125 = DIRECTION('',(0.707106781187,0.707106781187,0.));
#3126 = PCURVE('',#3072,#3127);
#3127 = DEFINITIONAL_REPRESENTATION('',(#3128),#3132);
#3128 = LINE('',#3129,#3130);
#3129 = CARTESIAN_POINT('',(-0.,0.));
#3130 = VECTOR('',#3131,1.);
#3131 = DIRECTION('',(-1.,0.));
#3132 = ( GEOMETRIC_REPRESENTATION_CONTEXT(2) 
PARAMETRIC_REPRESENTATION_CONTEXT() REPRESENTATION_CONTEXT('2D SPACE',''
  ) );
#3133 = PCURVE('',#3134,#3139);
#3134 = PLANE('',#3135);
#3135 = AXIS2_PLACEMENT_3D('',#3136,#3137,#3138);
#3136 = CARTESIAN_POINT('',(50.857864376269,-14.14213562373,15.));
#3137 = DIRECTION('',(0.707106781187,-0.707106781187,4.834630952926E-16)
  );
#3138 = DIRECTION('',(-0.707106781187,-0.707106781187,1.060825372818E-32
    ));
#3139 = DEFINITIONAL_REPRESENTATION('',(#3140),#3144);
#3140 = CIRCLE('',#3141,1.5);
#3141 = AXIS2_PLACEMENT_2D('',#3142,#3143);
#3142 = CARTESIAN_POINT('',(-10.,-50.));
#3143 = DIRECTION('',(-1.,-8.854031496642E-32));
#3144 = ( GEOMETRIC_REPRESENTATION_CONTEXT(2) 
PARAMETRIC_REPRESENTATION_CONTEXT() REPRESENTATION_CONTEXT('2D SPACE',''
  ) );
#3145 = ADVANCED_FACE('',(#3146),#3134,.F.);
#3146 = FACE_BOUND('',#3147,.F.);
#3147 = EDGE_LOOP('',(#3148));
#3148 = ORIENTED_EDGE('',*,*,#3119,.T.);
#3149 = ADVANCED_FACE('',(#3150),#3106,.T.);
#3150 = FACE_BOUND('',#3151,.T.);
#3151 = EDGE_LOOP('',(#3152));
#3152 = ORIENTED_EDGE('',*,*,#3091,.T.);
#3153 = ( GEOMETRIC_REPRESENTATION_CONTEXT(3) 
GLOBAL_UNCERTAINTY_ASSIGNED_CONTEXT((#3157)) 
GLOBAL_UNIT_ASSIGNED_CONTEXT((#3154,#3155,#3156)) REPRESENTATION_CONTEXT
('Context #1','3D Context with UNIT and UNCERTAINTY') );
#3154 = ( LENGTH_UNIT() NAMED_UNIT(*) SI_UNIT(.MILLI.,.METRE.) );
#3155 = ( NAMED_UNIT(*) PLANE_ANGLE_UNIT() SI_UNIT($,.RADIAN.) );
#3156 = ( NAMED_UNIT(*) SI_UNIT($,.STERADIAN.) SOLID_ANGLE_UNIT() );
#3157 = UNCERTAINTY_MEASURE_WITH_UNIT(LENGTH_MEASURE(1.E-07),#3154,
  'distance_accuracy_value','confusion accuracy');
#3158 = CONTEXT_DEPENDENT_SHAPE_REPRESENTATION(#3159,#3161);
#3159 = ( REPRESENTATION_RELATIONSHIP('','',#3054,#10) 
REPRESENTATION_RELATIONSHIP_WITH_TRANSFORMATION(#3160) 
SHAPE_REPRESENTATION_RELATIONSHIP() );
#3160 = ITEM_DEFINED_TRANSFORMATION('','',#11,#63);
#3161 = PRODUCT_DEFINITION_SHAPE('Placement','Placement of an item',
  #3162);
#3162 = NEXT_ASSEMBLY_USAGE_OCCURRENCE('13','','',#5,#3049,$);
#3163 = PRODUCT_RELATED_PRODUCT_CATEGORY('part',$,(#3051));
#3164 = SHAPE_DEFINITION_REPRESENTATION(#3165,#3171);
#3165 = PRODUCT_DEFINITION_SHAPE('','',#3166);
#3166 = PRODUCT_DEFINITION('design','',#3167,#3170);
#3167 = PRODUCT_DEFINITION_FORMATION('','',#3168);
#3168 = PRODUCT('Open CASCADE STEP translator 7.8 1.14',
  'Open CASCADE STEP translator 7.8 1.14','',(#3169));
#3169 = PRODUCT_CONTEXT('',#2,'mechanical');
#3170 = PRODUCT_DEFINITION_CONTEXT('part definition',#2,'design');
#3171 = ADVANCED_BREP_SHAPE_REPRESENTATION('',(#11,#3172),#3270);
#3172 = MANIFOLD_SOLID_BREP('',#3173);
#3173 = CLOSED_SHELL('',(#3174,#3262,#3266));
#3174 = ADVANCED_FACE('',(#3175),#3189,.T.);
#3175 = FACE_BOUND('',#3176,.F.);
#3176 = EDGE_LOOP('',(#3177,#3207,#3234,#3235));
#3177 = ORIENTED_EDGE('',*,*,#3178,.T.);
#3178 = EDGE_CURVE('',#3179,#3181,#3183,.T.);
#3179 = VERTEX_POINT('',#3180);
#3180 = CARTESIAN_POINT('',(58.989592359914,-6.010407640086,75.));
#3181 = VERTEX_POINT('',#3182);
#3182 = CARTESIAN_POINT('',(59.555277784864,-6.576093065035,75.));
#3183 = SEAM_CURVE('',#3184,(#3188,#3200),.PCURVE_S1.);
#3184 = LINE('',#3185,#3186);
#3185 = CARTESIAN_POINT('',(58.989592359914,-6.010407640086,75.));
#3186 = VECTOR('',#3187,1.);
#3187 = DIRECTION('',(0.707106781187,-0.707106781187,0.));
#3188 = PCURVE('',#3189,#3194);
#3189 = CYLINDRICAL_SURFACE('',#3190,1.5);
#3190 = AXIS2_PLACEMENT_3D('',#3191,#3192,#3193);
#3191 = CARTESIAN_POINT('',(57.928932188135,-7.071067811865,75.));
#3192 = DIRECTION('',(-0.707106781187,0.707106781187,-0.));
#3193 = DIRECTION('',(0.707106781187,0.707106781187,0.));
#3194 = DEFINITIONAL_REPRESENTATION('',(#3195),#3199);
#3195 = LINE('',#3196,#3197);
#3196 = CARTESIAN_POINT('',(-0.,0.));
#3197 = VECTOR('',#3198,1.);
#3198 = DIRECTION('',(-0.,-1.));
#3199 = ( GEOMETRIC_REPRESENTATION_CONTEXT(2) 
PARAMETRIC_REPRESENTATION_CONTEXT() REPRESENTATION_CONTEXT('2D SPACE',''
  ) );
#3200 = PCURVE('',#3189,#3201);
#3201 = DEFINITIONAL_REPRESENTATION('',(#3202),#3206);
#3202 = LINE('',#3203,#3204);
#3203 = CARTESIAN_POINT('',(-6.28318530718,0.));
#3204 = VECTOR('',#3205,1.);
#3205 = DIRECTION('',(-0.,-1.));
#3206 = ( GEOMETRIC_REPRESENTATION_CONTEXT(2) 
PARAMETRIC_REPRESENTATION_CONTEXT() REPRESENTATION_CONTEXT('2D SPACE',''
  ) );
#3207 = ORIENTED_EDGE('',*,*,#3208,.T.);
#3208 = EDGE_CURVE('',#3181,#3181,#3209,.T.);
#3209 = SURFACE_CURVE('',#3210,(#3215,#3222),.PCURVE_S1.);
#3210 = CIRCLE('',#3211,1.5);
#3211 = AXIS2_PLACEMENT_3D('',#3212,#3213,#3214);
#3212 = CARTESIAN_POINT('',(58.494617613084,-7.636753236815,75.));
#3213 = DIRECTION('',(0.707106781187,-0.707106781187,0.));
#3214 = DIRECTION('',(0.707106781187,0.707106781187,0.));
#3215 = PCURVE('',#3189,#3216);
#3216 = DEFINITIONAL_REPRESENTATION('',(#3217),#3221);
#3217 = LINE('',#3218,#3219);
#3218 = CARTESIAN_POINT('',(-0.,-0.8));
#3219 = VECTOR('',#3220,1.);
#3220 = DIRECTION('',(-1.,0.));
#3221 = ( GEOMETRIC_REPRESENTATION_CONTEXT(2) 
PARAMETRIC_REPRESENTATION_CONTEXT() REPRESENTATION_CONTEXT('2D SPACE',''
  ) );
#3222 = PCURVE('',#3223,#3228);
#3223 = PLANE('',#3224);
#3224 = AXIS2_PLACEMENT_3D('',#3225,#3226,#3227);
#3225 = CARTESIAN_POINT('',(51.423549801218,-14.70782104868,15.));
#3226 = DIRECTION('',(0.707106781187,-0.707106781187,4.834630952926E-16)
  );
#3227 = DIRECTION('',(-0.707106781187,-0.707106781187,1.060825372818E-32
    ));
#3228 = DEFINITIONAL_REPRESENTATION('',(#3229),#3233);
#3229 = CIRCLE('',#3230,1.5);
#3230 = AXIS2_PLACEMENT_2D('',#3231,#3232);
#3231 = CARTESIAN_POINT('',(-10.,-60.));
#3232 = DIRECTION('',(-1.,-8.854031496642E-32));
#3233 = ( GEOMETRIC_REPRESENTATION_CONTEXT(2) 
PARAMETRIC_REPRESENTATION_CONTEXT() REPRESENTATION_CONTEXT('2D SPACE',''
  ) );
#3234 = ORIENTED_EDGE('',*,*,#3178,.F.);
#3235 = ORIENTED_EDGE('',*,*,#3236,.F.);
#3236 = EDGE_CURVE('',#3179,#3179,#3237,.T.);
#3237 = SURFACE_CURVE('',#3238,(#3243,#3250),.PCURVE_S1.);
#3238 = CIRCLE('',#3239,1.5);
#3239 = AXIS2_PLACEMENT_3D('',#3240,#3241,#3242);
#3240 = CARTESIAN_POINT('',(57.928932188135,-7.071067811865,75.));
#3241 = DIRECTION('',(0.707106781187,-0.707106781187,0.));
#3242 = DIRECTION('',(0.707106781187,0.707106781187,0.));
#3243 = PCURVE('',#3189,#3244);
#3244 = DEFINITIONAL_REPRESENTATION('',(#3245),#3249);
#3245 = LINE('',#3246,#3247);
#3246 = CARTESIAN_POINT('',(-0.,0.));
#3247 = VECTOR('',#3248,1.);
#3248 = DIRECTION('',(-1.,0.));
#3249 = ( GEOMETRIC_REPRESENTATION_CONTEXT(2) 
PARAMETRIC_REPRESENTATION_CONTEXT() REPRESENTATION_CONTEXT('2D SPACE',''
  ) );
#3250 = PCURVE('',#3251,#3256);
#3251 = PLANE('',#3252);
#3252 = AXIS2_PLACEMENT_3D('',#3253,#3254,#3255);
#3253 = CARTESIAN_POINT('',(50.857864376269,-14.14213562373,15.));
#3254 = DIRECTION('',(0.707106781187,-0.707106781187,4.834630952926E-16)
  );
#3255 = DIRECTION('',(-0.707106781187,-0.707106781187,1.060825372818E-32
    ));
#3256 = DEFINITIONAL_REPRESENTATION('',(#3257),#3261);
#3257 = CIRCLE('',#3258,1.5);
#3258 = AXIS2_PLACEMENT_2D('',#3259,#3260);
#3259 = CARTESIAN_POINT('',(-10.,-60.));
#3260 = DIRECTION('',(-1.,-8.854031496642E-32));
#3261 = ( GEOMETRIC_REPRESENTATION_CONTEXT(2) 
PARAMETRIC_REPRESENTATION_CONTEXT() REPRESENTATION_CONTEXT('2D SPACE',''
  ) );
#3262 = ADVANCED_FACE('',(#3263),#3251,.F.);
#3263 = FACE_BOUND('',#3264,.F.);
#3264 = EDGE_LOOP('',(#3265));
#3265 = ORIENTED_EDGE('',*,*,#3236,.T.);
#3266 = ADVANCED_FACE('',(#3267),#3223,.T.);
#3267 = FACE_BOUND('',#3268,.T.);
#3268 = EDGE_LOOP('',(#3269));
#3269 = ORIENTED_EDGE('',*,*,#3208,.T.);
#3270 = ( GEOMETRIC_REPRESENTATION_CONTEXT(3) 
GLOBAL_UNCERTAINTY_ASSIGNED_CONTEXT((#3274)) 
GLOBAL_UNIT_ASSIGNED_CONTEXT((#3271,#3272,#3273)) REPRESENTATION_CONTEXT
('Context #1','3D Context with UNIT and UNCERTAINTY') );
#3271 = ( LENGTH_UNIT() NAMED_UNIT(*) SI_UNIT(.MILLI.,.METRE.) );
#3272 = ( NAMED_UNIT(*) PLANE_ANGLE_UNIT() SI_UNIT($,.RADIAN.) );
#3273 = ( NAMED_UNIT(*) SI_UNIT($,.STERADIAN.) SOLID_ANGLE_UNIT() );
#3274 = UNCERTAINTY_MEASURE_WITH_UNIT(LENGTH_MEASURE(1.E-07),#3271,
  'distance_accuracy_value','confusion accuracy');
#3275 = CONTEXT_DEPENDENT_SHAPE_REPRESENTATION(#3276,#3278);
#3276 = ( REPRESENTATION_RELATIONSHIP('','',#3171,#10) 
REPRESENTATION_RELATIONSHIP_WITH_TRANSFORMATION(#3277) 
SHAPE_REPRESENTATION_RELATIONSHIP() );
#3277 = ITEM_DEFINED_TRANSFORMATION('','',#11,#67);
#3278 = PRODUCT_DEFINITION_SHAPE('Placement','Placement of an item',
  #3279);
#3279 = NEXT_ASSEMBLY_USAGE_OCCURRENCE('14','','',#5,#3166,$);
#3280 = PRODUCT_RELATED_PRODUCT_CATEGORY('part',$,(#3168));
#3281 = SHAPE_DEFINITION_REPRESENTATION(#3282,#3288);
#3282 = PRODUCT_DEFINITION_SHAPE('','',#3283);
#3283 = PRODUCT_DEFINITION('design','',#3284,#3287);
#3284 = PRODUCT_DEFINITION_FORMATION('','',#3285);
#3285 = PRODUCT('Open CASCADE STEP translator 7.8 1.15',
  'Open CASCADE STEP translator 7.8 1.15','',(#3286));
#3286 = PRODUCT_CONTEXT('',#2,'mechanical');
#3287 = PRODUCT_DEFINITION_CONTEXT('part definition',#2,'design');
#3288 = ADVANCED_BREP_SHAPE_REPRESENTATION('',(#11,#3289),#3387);
#3289 = MANIFOLD_SOLID_BREP('',#3290);
#3290 = CLOSED_SHELL('',(#3291,#3379,#3383));
#3291 = ADVANCED_FACE('',(#3292),#3306,.T.);
#3292 = FACE_BOUND('',#3293,.F.);
#3293 = EDGE_LOOP('',(#3294,#3324,#3351,#3352));
#3294 = ORIENTED_EDGE('',*,*,#3295,.T.);
#3295 = EDGE_CURVE('',#3296,#3298,#3300,.T.);
#3296 = VERTEX_POINT('',#3297);
#3297 = CARTESIAN_POINT('',(66.06066017178,1.06066017178,15.));
#3298 = VERTEX_POINT('',#3299);
#3299 = CARTESIAN_POINT('',(66.626345596729,0.494974746831,15.));
#3300 = SEAM_CURVE('',#3301,(#3305,#3317),.PCURVE_S1.);
#3301 = LINE('',#3302,#3303);
#3302 = CARTESIAN_POINT('',(66.06066017178,1.06066017178,15.));
#3303 = VECTOR('',#3304,1.);
#3304 = DIRECTION('',(0.707106781187,-0.707106781187,0.));
#3305 = PCURVE('',#3306,#3311);
#3306 = CYLINDRICAL_SURFACE('',#3307,1.5);
#3307 = AXIS2_PLACEMENT_3D('',#3308,#3309,#3310);
#3308 = CARTESIAN_POINT('',(65.,0.,15.));
#3309 = DIRECTION('',(-0.707106781187,0.707106781187,-0.));
#3310 = DIRECTION('',(0.707106781187,0.707106781187,0.));
#3311 = DEFINITIONAL_REPRESENTATION('',(#3312),#3316);
#3312 = LINE('',#3313,#3314);
#3313 = CARTESIAN_POINT('',(-0.,0.));
#3314 = VECTOR('',#3315,1.);
#3315 = DIRECTION('',(-0.,-1.));
#3316 = ( GEOMETRIC_REPRESENTATION_CONTEXT(2) 
PARAMETRIC_REPRESENTATION_CONTEXT() REPRESENTATION_CONTEXT('2D SPACE',''
  ) );
#3317 = PCURVE('',#3306,#3318);
#3318 = DEFINITIONAL_REPRESENTATION('',(#3319),#3323);
#3319 = LINE('',#3320,#3321);
#3320 = CARTESIAN_POINT('',(-6.28318530718,0.));
#3321 = VECTOR('',#3322,1.);
#3322 = DIRECTION('',(-0.,-1.));
#3323 = ( GEOMETRIC_REPRESENTATION_CONTEXT(2) 
PARAMETRIC_REPRESENTATION_CONTEXT() REPRESENTATION_CONTEXT('2D SPACE',''
  ) );
#3324 = ORIENTED_EDGE('',*,*,#3325,.T.);
#3325 = EDGE_CURVE('',#3298,#3298,#3326,.T.);
#3326 = SURFACE_CURVE('',#3327,(#3332,#3339),.PCURVE_S1.);
#3327 = CIRCLE('',#3328,1.5);
#3328 = AXIS2_PLACEMENT_3D('',#3329,#3330,#3331);
#3329 = CARTESIAN_POINT('',(65.565685424949,-0.565685424949,15.));
#3330 = DIRECTION('',(0.707106781187,-0.707106781187,0.));
#3331 = DIRECTION('',(0.707106781187,0.707106781187,0.));
#3332 = PCURVE('',#3306,#3333);
#3333 = DEFINITIONAL_REPRESENTATION('',(#3334),#3338);
#3334 = LINE('',#3335,#3336);
#3335 = CARTESIAN_POINT('',(-0.,-0.8));
#3336 = VECTOR('',#3337,1.);
#3337 = DIRECTION('',(-1.,0.));
#3338 = ( GEOMETRIC_REPRESENTATION_CONTEXT(2) 
PARAMETRIC_REPRESENTATION_CONTEXT() REPRESENTATION_CONTEXT('2D SPACE',''
  ) );
#3339 = PCURVE('',#3340,#3345);
#3340 = PLANE('',#3341);
#3341 = AXIS2_PLACEMENT_3D('',#3342,#3343,#3344);
#3342 = CARTESIAN_POINT('',(51.423549801218,-14.70782104868,15.));
#3343 = DIRECTION('',(0.707106781187,-0.707106781187,4.834630952926E-16)
  );
#3344 = DIRECTION('',(-0.707106781187,-0.707106781187,1.060825372818E-32
    ));
#3345 = DEFINITIONAL_REPRESENTATION('',(#3346),#3350);
#3346 = CIRCLE('',#3347,1.5);
#3347 = AXIS2_PLACEMENT_2D('',#3348,#3349);
#3348 = CARTESIAN_POINT('',(-20.,-1.407747461268E-30));
#3349 = DIRECTION('',(-1.,-8.854031496642E-32));
#3350 = ( GEOMETRIC_REPRESENTATION_CONTEXT(2) 
PARAMETRIC_REPRESENTATION_CONTEXT() REPRESENTATION_CONTEXT('2D SPACE',''
  ) );
#3351 = ORIENTED_EDGE('',*,*,#3295,.F.);
#3352 = ORIENTED_EDGE('',*,*,#3353,.F.);
#3353 = EDGE_CURVE('',#3296,#3296,#3354,.T.);
#3354 = SURFACE_CURVE('',#3355,(#3360,#3367),.PCURVE_S1.);
#3355 = CIRCLE('',#3356,1.5);
#3356 = AXIS2_PLACEMENT_3D('',#3357,#3358,#3359);
#3357 = CARTESIAN_POINT('',(65.,0.,15.));
#3358 = DIRECTION('',(0.707106781187,-0.707106781187,0.));
#3359 = DIRECTION('',(0.707106781187,0.707106781187,0.));
#3360 = PCURVE('',#3306,#3361);
#3361 = DEFINITIONAL_REPRESENTATION('',(#3362),#3366);
#3362 = LINE('',#3363,#3364);
#3363 = CARTESIAN_POINT('',(-0.,0.));
#3364 = VECTOR('',#3365,1.);
#3365 = DIRECTION('',(-1.,0.));
#3366 = ( GEOMETRIC_REPRESENTATION_CONTEXT(2) 
PARAMETRIC_REPRESENTATION_CONTEXT() REPRESENTATION_CONTEXT('2D SPACE',''
  ) );
#3367 = PCURVE('',#3368,#3373);
#3368 = PLANE('',#3369);
#3369 = AXIS2_PLACEMENT_3D('',#3370,#3371,#3372);
#3370 = CARTESIAN_POINT('',(50.857864376269,-14.14213562373,15.));
#3371 = DIRECTION('',(0.707106781187,-0.707106781187,4.834630952926E-16)
  );
#3372 = DIRECTION('',(-0.707106781187,-0.707106781187,1.060825372818E-32
    ));
#3373 = DEFINITIONAL_REPRESENTATION('',(#3374),#3378);
#3374 = CIRCLE('',#3375,1.5);
#3375 = AXIS2_PLACEMENT_2D('',#3376,#3377);
#3376 = CARTESIAN_POINT('',(-20.,-6.188865560467E-31));
#3377 = DIRECTION('',(-1.,-8.854031496642E-32));
#3378 = ( GEOMETRIC_REPRESENTATION_CONTEXT(2) 
PARAMETRIC_REPRESENTATION_CONTEXT() REPRESENTATION_CONTEXT('2D SPACE',''
  ) );
#3379 = ADVANCED_FACE('',(#3380),#3368,.F.);
#3380 = FACE_BOUND('',#3381,.F.);
#3381 = EDGE_LOOP('',(#3382));
#3382 = ORIENTED_EDGE('',*,*,#3353,.T.);
#3383 = ADVANCED_FACE('',(#3384),#3340,.T.);
#3384 = FACE_BOUND('',#3385,.T.);
#3385 = EDGE_LOOP('',(#3386));
#3386 = ORIENTED_EDGE('',*,*,#3325,.T.);
#3387 = ( GEOMETRIC_REPRESENTATION_CONTEXT(3) 
GLOBAL_UNCERTAINTY_ASSIGNED_CONTEXT((#3391)) 
GLOBAL_UNIT_ASSIGNED_CONTEXT((#3388,#3389,#3390)) REPRESENTATION_CONTEXT
('Context #1','3D Context with UNIT and UNCERTAINTY') );
#3388 = ( LENGTH_UNIT() NAMED_UNIT(*) SI_UNIT(.MILLI.,.METRE.) );
#3389 = ( NAMED_UNIT(*) PLANE_ANGLE_UNIT() SI_UNIT($,.RADIAN.) );
#3390 = ( NAMED_UNIT(*) SI_UNIT($,.STERADIAN.) SOLID_ANGLE_UNIT() );
#3391 = UNCERTAINTY_MEASURE_WITH_UNIT(LENGTH_MEASURE(1.E-07),#3388,
  'distance_accuracy_value','confusion accuracy');
#3392 = CONTEXT_DEPENDENT_SHAPE_REPRESENTATION(#3393,#3395);
#3393 = ( REPRESENTATION_RELATIONSHIP('','',#3288,#10) 
REPRESENTATION_RELATIONSHIP_WITH_TRANSFORMATION(#3394) 
SHAPE_REPRESENTATION_RELATIONSHIP() );
#3394 = ITEM_DEFINED_TRANSFORMATION('','',#11,#71);
#3395 = PRODUCT_DEFINITION_SHAPE('Placement','Placement of an item',
  #3396);
#3396 = NEXT_ASSEMBLY_USAGE_OCCURRENCE('15','','',#5,#3283,$);
#3397 = PRODUCT_RELATED_PRODUCT_CATEGORY('part',$,(#3285));
#3398 = SHAPE_DEFINITION_REPRESENTATION(#3399,#3405);
#3399 = PRODUCT_DEFINITION_SHAPE('','',#3400);
#3400 = PRODUCT_DEFINITION('design','',#3401,#3404);
#3401 = PRODUCT_DEFINITION_FORMATION('','',#3402);
#3402 = PRODUCT('Open CASCADE STEP translator 7.8 1.16',
  'Open CASCADE STEP translator 7.8 1.16','',(#3403));
#3403 = PRODUCT_CONTEXT('',#2,'mechanical');
#3404 = PRODUCT_DEFINITION_CONTEXT('part definition',#2,'design');
#3405 = ADVANCED_BREP_SHAPE_REPRESENTATION('',(#11,#3406),#3504);
#3406 = MANIFOLD_SOLID_BREP('',#3407);
#3407 = CLOSED_SHELL('',(#3408,#3496,#3500));
#3408 = ADVANCED_FACE('',(#3409),#3423,.T.);
#3409 = FACE_BOUND('',#3410,.F.);
#3410 = EDGE_LOOP('',(#3411,#3441,#3468,#3469));
#3411 = ORIENTED_EDGE('',*,*,#3412,.T.);
#3412 = EDGE_CURVE('',#3413,#3415,#3417,.T.);
#3413 = VERTEX_POINT('',#3414);
#3414 = CARTESIAN_POINT('',(66.06066017178,1.06066017178,25.));
#3415 = VERTEX_POINT('',#3416);
#3416 = CARTESIAN_POINT('',(66.626345596729,0.494974746831,25.));
#3417 = SEAM_CURVE('',#3418,(#3422,#3434),.PCURVE_S1.);
#3418 = LINE('',#3419,#3420);
#3419 = CARTESIAN_POINT('',(66.06066017178,1.06066017178,25.));
#3420 = VECTOR('',#3421,1.);
#3421 = DIRECTION('',(0.707106781187,-0.707106781187,0.));
#3422 = PCURVE('',#3423,#3428);
#3423 = CYLINDRICAL_SURFACE('',#3424,1.5);
#3424 = AXIS2_PLACEMENT_3D('',#3425,#3426,#3427);
#3425 = CARTESIAN_POINT('',(65.,0.,25.));
#3426 = DIRECTION('',(-0.707106781187,0.707106781187,-0.));
#3427 = DIRECTION('',(0.707106781187,0.707106781187,0.));
#3428 = DEFINITIONAL_REPRESENTATION('',(#3429),#3433);
#3429 = LINE('',#3430,#3431);
#3430 = CARTESIAN_POINT('',(-0.,0.));
#3431 = VECTOR('',#3432,1.);
#3432 = DIRECTION('',(-0.,-1.));
#3433 = ( GEOMETRIC_REPRESENTATION_CONTEXT(2) 
PARAMETRIC_REPRESENTATION_CONTEXT() REPRESENTATION_CONTEXT('2D SPACE',''
  ) );
#3434 = PCURVE('',#3423,#3435);
#3435 = DEFINITIONAL_REPRESENTATION('',(#3436),#3440);
#3436 = LINE('',#3437,#3438);
#3437 = CARTESIAN_POINT('',(-6.28318530718,0.));
#3438 = VECTOR('',#3439,1.);
#3439 = DIRECTION('',(-0.,-1.));
#3440 = ( GEOMETRIC_REPRESENTATION_CONTEXT(2) 
PARAMETRIC_REPRESENTATION_CONTEXT() REPRESENTATION_CONTEXT('2D SPACE',''
  ) );
#3441 = ORIENTED_EDGE('',*,*,#3442,.T.);
#3442 = EDGE_CURVE('',#3415,#3415,#3443,.T.);
#3443 = SURFACE_CURVE('',#3444,(#3449,#3456),.PCURVE_S1.);
#3444 = CIRCLE('',#3445,1.5);
#3445 = AXIS2_PLACEMENT_3D('',#3446,#3447,#3448);
#3446 = CARTESIAN_POINT('',(65.565685424949,-0.565685424949,25.));
#3447 = DIRECTION('',(0.707106781187,-0.707106781187,0.));
#3448 = DIRECTION('',(0.707106781187,0.707106781187,0.));
#3449 = PCURVE('',#3423,#3450);
#3450 = DEFINITIONAL_REPRESENTATION('',(#3451),#3455);
#3451 = LINE('',#3452,#3453);
#3452 = CARTESIAN_POINT('',(-0.,-0.8));
#3453 = VECTOR('',#3454,1.);
#3454 = DIRECTION('',(-1.,0.));
#3455 = ( GEOMETRIC_REPRESENTATION_CONTEXT(2) 
PARAMETRIC_REPRESENTATION_CONTEXT() REPRESENTATION_CONTEXT('2D SPACE',''
  ) );
#3456 = PCURVE('',#3457,#3462);
#3457 = PLANE('',#3458);
#3458 = AXIS2_PLACEMENT_3D('',#3459,#3460,#3461);
#3459 = CARTESIAN_POINT('',(51.423549801218,-14.70782104868,15.));
#3460 = DIRECTION('',(0.707106781187,-0.707106781187,4.834630952926E-16)
  );
#3461 = DIRECTION('',(-0.707106781187,-0.707106781187,1.060825372818E-32
    ));
#3462 = DEFINITIONAL_REPRESENTATION('',(#3463),#3467);
#3463 = CIRCLE('',#3464,1.5);
#3464 = AXIS2_PLACEMENT_2D('',#3465,#3466);
#3465 = CARTESIAN_POINT('',(-20.,-10.));
#3466 = DIRECTION('',(-1.,-8.854031496642E-32));
#3467 = ( GEOMETRIC_REPRESENTATION_CONTEXT(2) 
PARAMETRIC_REPRESENTATION_CONTEXT() REPRESENTATION_CONTEXT('2D SPACE',''
  ) );
#3468 = ORIENTED_EDGE('',*,*,#3412,.F.);
#3469 = ORIENTED_EDGE('',*,*,#3470,.F.);
#3470 = EDGE_CURVE('',#3413,#3413,#3471,.T.);
#3471 = SURFACE_CURVE('',#3472,(#3477,#3484),.PCURVE_S1.);
#3472 = CIRCLE('',#3473,1.5);
#3473 = AXIS2_PLACEMENT_3D('',#3474,#3475,#3476);
#3474 = CARTESIAN_POINT('',(65.,0.,25.));
#3475 = DIRECTION('',(0.707106781187,-0.707106781187,0.));
#3476 = DIRECTION('',(0.707106781187,0.707106781187,0.));
#3477 = PCURVE('',#3423,#3478);
#3478 = DEFINITIONAL_REPRESENTATION('',(#3479),#3483);
#3479 = LINE('',#3480,#3481);
#3480 = CARTESIAN_POINT('',(-0.,0.));
#3481 = VECTOR('',#3482,1.);
#3482 = DIRECTION('',(-1.,0.));
#3483 = ( GEOMETRIC_REPRESENTATION_CONTEXT(2) 
PARAMETRIC_REPRESENTATION_CONTEXT() REPRESENTATION_CONTEXT('2D SPACE',''
  ) );
#3484 = PCURVE('',#3485,#3490);
#3485 = PLANE('',#3486);
#3486 = AXIS2_PLACEMENT_3D('',#3487,#3488,#3489);
#3487 = CARTESIAN_POINT('',(50.857864376269,-14.14213562373,15.));
#3488 = DIRECTION('',(0.707106781187,-0.707106781187,4.834630952926E-16)
  );
#3489 = DIRECTION('',(-0.707106781187,-0.707106781187,1.060825372818E-32
    ));
#3490 = DEFINITIONAL_REPRESENTATION('',(#3491),#3495);
#3491 = CIRCLE('',#3492,1.5);
#3492 = AXIS2_PLACEMENT_2D('',#3493,#3494);
#3493 = CARTESIAN_POINT('',(-20.,-10.));
#3494 = DIRECTION('',(-1.,-8.854031496642E-32));
#3495 = ( GEOMETRIC_REPRESENTATION_CONTEXT(2) 
PARAMETRIC_REPRESENTATION_CONTEXT() REPRESENTATION_CONTEXT('2D SPACE',''
  ) );
#3496 = ADVANCED_FACE('',(#3497),#3485,.F.);
#3497 = FACE_BOUND('',#3498,.F.);
#3498 = EDGE_LOOP('',(#3499));
#3499 = ORIENTED_EDGE('',*,*,#3470,.T.);
#3500 = ADVANCED_FACE('',(#3501),#3457,.T.);
#3501 = FACE_BOUND('',#3502,.T.);
#3502 = EDGE_LOOP('',(#3503));
#3503 = ORIENTED_EDGE('',*,*,#3442,.T.);
#3504 = ( GEOMETRIC_REPRESENTATION_CONTEXT(3) 
GLOBAL_UNCERTAINTY_ASSIGNED_CONTEXT((#3508)) 
GLOBAL_UNIT_ASSIGNED_CONTEXT((#3505,#3506,#3507)) REPRESENTATION_CONTEXT
('Context #1','3D Context with UNIT and UNCERTAINTY') );
#3505 = ( LENGTH_UNIT() NAMED_UNIT(*) SI_UNIT(.MILLI.,.METRE.) );
#3506 = ( NAMED_UNIT(*) PLANE_ANGLE_UNIT() SI_UNIT($,.RADIAN.) );
#3507 = ( NAMED_UNIT(*) SI_UNIT($,.STERADIAN.) SOLID_ANGLE_UNIT() );
#3508 = UNCERTAINTY_MEASURE_WITH_UNIT(LENGTH_MEASURE(1.E-07),#3505,
  'distance_accuracy_value','confusion accuracy');
#3509 = CONTEXT_DEPENDENT_SHAPE_REPRESENTATION(#3510,#3512);
#3510 = ( REPRESENTATION_RELATIONSHIP('','',#3405,#10) 
REPRESENTATION_RELATIONSHIP_WITH_TRANSFORMATION(#3511) 
SHAPE_REPRESENTATION_RELATIONSHIP() );
#3511 = ITEM_DEFINED_TRANSFORMATION('','',#11,#75);
#3512 = PRODUCT_DEFINITION_SHAPE('Placement','Placement of an item',
  #3513);
#3513 = NEXT_ASSEMBLY_USAGE_OCCURRENCE('16','','',#5,#3400,$);
#3514 = PRODUCT_RELATED_PRODUCT_CATEGORY('part',$,(#3402));
#3515 = SHAPE_DEFINITION_REPRESENTATION(#3516,#3522);
#3516 = PRODUCT_DEFINITION_SHAPE('','',#3517);
#3517 = PRODUCT_DEFINITION('design','',#3518,#3521);
#3518 = PRODUCT_DEFINITION_FORMATION('','',#3519);
#3519 = PRODUCT('Open CASCADE STEP translator 7.8 1.17',
  'Open CASCADE STEP translator 7.8 1.17','',(#3520));
#3520 = PRODUCT_CONTEXT('',#2,'mechanical');
#3521 = PRODUCT_DEFINITION_CONTEXT('part definition',#2,'design');
#3522 = ADVANCED_BREP_SHAPE_REPRESENTATION('',(#11,#3523),#3621);
#3523 = MANIFOLD_SOLID_BREP('',#3524);
#3524 = CLOSED_SHELL('',(#3525,#3613,#3617));
#3525 = ADVANCED_FACE('',(#3526),#3540,.T.);
#3526 = FACE_BOUND('',#3527,.F.);
#3527 = EDGE_LOOP('',(#3528,#3558,#3585,#3586));
#3528 = ORIENTED_EDGE('',*,*,#3529,.T.);
#3529 = EDGE_CURVE('',#3530,#3532,#3534,.T.);
#3530 = VERTEX_POINT('',#3531);
#3531 = CARTESIAN_POINT('',(66.06066017178,1.06066017178,35.));
#3532 = VERTEX_POINT('',#3533);
#3533 = CARTESIAN_POINT('',(66.626345596729,0.494974746831,35.));
#3534 = SEAM_CURVE('',#3535,(#3539,#3551),.PCURVE_S1.);
#3535 = LINE('',#3536,#3537);
#3536 = CARTESIAN_POINT('',(66.06066017178,1.06066017178,35.));
#3537 = VECTOR('',#3538,1.);
#3538 = DIRECTION('',(0.707106781187,-0.707106781187,0.));
#3539 = PCURVE('',#3540,#3545);
#3540 = CYLINDRICAL_SURFACE('',#3541,1.5);
#3541 = AXIS2_PLACEMENT_3D('',#3542,#3543,#3544);
#3542 = CARTESIAN_POINT('',(65.,0.,35.));
#3543 = DIRECTION('',(-0.707106781187,0.707106781187,-0.));
#3544 = DIRECTION('',(0.707106781187,0.707106781187,0.));
#3545 = DEFINITIONAL_REPRESENTATION('',(#3546),#3550);
#3546 = LINE('',#3547,#3548);
#3547 = CARTESIAN_POINT('',(-0.,0.));
#3548 = VECTOR('',#3549,1.);
#3549 = DIRECTION('',(-0.,-1.));
#3550 = ( GEOMETRIC_REPRESENTATION_CONTEXT(2) 
PARAMETRIC_REPRESENTATION_CONTEXT() REPRESENTATION_CONTEXT('2D SPACE',''
  ) );
#3551 = PCURVE('',#3540,#3552);
#3552 = DEFINITIONAL_REPRESENTATION('',(#3553),#3557);
#3553 = LINE('',#3554,#3555);
#3554 = CARTESIAN_POINT('',(-6.28318530718,0.));
#3555 = VECTOR('',#3556,1.);
#3556 = DIRECTION('',(-0.,-1.));
#3557 = ( GEOMETRIC_REPRESENTATION_CONTEXT(2) 
PARAMETRIC_REPRESENTATION_CONTEXT() REPRESENTATION_CONTEXT('2D SPACE',''
  ) );
#3558 = ORIENTED_EDGE('',*,*,#3559,.T.);
#3559 = EDGE_CURVE('',#3532,#3532,#3560,.T.);
#3560 = SURFACE_CURVE('',#3561,(#3566,#3573),.PCURVE_S1.);
#3561 = CIRCLE('',#3562,1.5);
#3562 = AXIS2_PLACEMENT_3D('',#3563,#3564,#3565);
#3563 = CARTESIAN_POINT('',(65.565685424949,-0.565685424949,35.));
#3564 = DIRECTION('',(0.707106781187,-0.707106781187,0.));
#3565 = DIRECTION('',(0.707106781187,0.707106781187,0.));
#3566 = PCURVE('',#3540,#3567);
#3567 = DEFINITIONAL_REPRESENTATION('',(#3568),#3572);
#3568 = LINE('',#3569,#3570);
#3569 = CARTESIAN_POINT('',(-0.,-0.8));
#3570 = VECTOR('',#3571,1.);
#3571 = DIRECTION('',(-1.,0.));
#3572 = ( GEOMETRIC_REPRESENTATION_CONTEXT(2) 
PARAMETRIC_REPRESENTATION_CONTEXT() REPRESENTATION_CONTEXT('2D SPACE',''
  ) );
#3573 = PCURVE('',#3574,#3579);
#3574 = PLANE('',#3575);
#3575 = AXIS2_PLACEMENT_3D('',#3576,#3577,#3578);
#3576 = CARTESIAN_POINT('',(51.423549801218,-14.70782104868,15.));
#3577 = DIRECTION('',(0.707106781187,-0.707106781187,4.834630952926E-16)
  );
#3578 = DIRECTION('',(-0.707106781187,-0.707106781187,1.060825372818E-32
    ));
#3579 = DEFINITIONAL_REPRESENTATION('',(#3580),#3584);
#3580 = CIRCLE('',#3581,1.5);
#3581 = AXIS2_PLACEMENT_2D('',#3582,#3583);
#3582 = CARTESIAN_POINT('',(-20.,-20.));
#3583 = DIRECTION('',(-1.,-8.854031496642E-32));
#3584 = ( GEOMETRIC_REPRESENTATION_CONTEXT(2) 
PARAMETRIC_REPRESENTATION_CONTEXT() REPRESENTATION_CONTEXT('2D SPACE',''
  ) );
#3585 = ORIENTED_EDGE('',*,*,#3529,.F.);
#3586 = ORIENTED_EDGE('',*,*,#3587,.F.);
#3587 = EDGE_CURVE('',#3530,#3530,#3588,.T.);
#3588 = SURFACE_CURVE('',#3589,(#3594,#3601),.PCURVE_S1.);
#3589 = CIRCLE('',#3590,1.5);
#3590 = AXIS2_PLACEMENT_3D('',#3591,#3592,#3593);
#3591 = CARTESIAN_POINT('',(65.,0.,35.));
#3592 = DIRECTION('',(0.707106781187,-0.707106781187,0.));
#3593 = DIRECTION('',(0.707106781187,0.707106781187,0.));
#3594 = PCURVE('',#3540,#3595);
#3595 = DEFINITIONAL_REPRESENTATION('',(#3596),#3600);
#3596 = LINE('',#3597,#3598);
#3597 = CARTESIAN_POINT('',(-0.,0.));
#3598 = VECTOR('',#3599,1.);
#3599 = DIRECTION('',(-1.,0.));
#3600 = ( GEOMETRIC_REPRESENTATION_CONTEXT(2) 
PARAMETRIC_REPRESENTATION_CONTEXT() REPRESENTATION_CONTEXT('2D SPACE',''
  ) );
#3601 = PCURVE('',#3602,#3607);
#3602 = PLANE('',#3603);
#3603 = AXIS2_PLACEMENT_3D('',#3604,#3605,#3606);
#3604 = CARTESIAN_POINT('',(50.857864376269,-14.14213562373,15.));
#3605 = DIRECTION('',(0.707106781187,-0.707106781187,4.834630952926E-16)
  );
#3606 = DIRECTION('',(-0.707106781187,-0.707106781187,1.060825372818E-32
    ));
#3607 = DEFINITIONAL_REPRESENTATION('',(#3608),#3612);
#3608 = CIRCLE('',#3609,1.5);
#3609 = AXIS2_PLACEMENT_2D('',#3610,#3611);
#3610 = CARTESIAN_POINT('',(-20.,-20.));
#3611 = DIRECTION('',(-1.,-8.854031496642E-32));
#3612 = ( GEOMETRIC_REPRESENTATION_CONTEXT(2) 
PARAMETRIC_REPRESENTATION_CONTEXT() REPRESENTATION_CONTEXT('2D SPACE',''
  ) );
#3613 = ADVANCED_FACE('',(#3614),#3602,.F.);
#3614 = FACE_BOUND('',#3615,.F.);
#3615 = EDGE_LOOP('',(#3616));
#3616 = ORIENTED_EDGE('',*,*,#3587,.T.);
#3617 = ADVANCED_FACE('',(#3618),#3574,.T.);
#3618 = FACE_BOUND('',#3619,.T.);
#3619 = EDGE_LOOP('',(#3620));
#3620 = ORIENTED_EDGE('',*,*,#3559,.T.);
#3621 = ( GEOMETRIC_REPRESENTATION_CONTEXT(3) 
GLOBAL_UNCERTAINTY_ASSIGNED_CONTEXT((#3625)) 
GLOBAL_UNIT_ASSIGNED_CONTEXT((#3622,#3623,#3624)) REPRESENTATION_CONTEXT
('Context #1','3D Context with UNIT and UNCERTAINTY') );
#3622 = ( LENGTH_UNIT() NAMED_UNIT(*) SI_UNIT(.MILLI.,.METRE.) );
#3623 = ( NAMED_UNIT(*) PLANE_ANGLE_UNIT() SI_UNIT($,.RADIAN.) );
#3624 = ( NAMED_UNIT(*) SI_UNIT($,.STERADIAN.) SOLID_ANGLE_UNIT() );
#3625 = UNCERTAINTY_MEASURE_WITH_UNIT(LENGTH_MEASURE(1.E-07),#3622,
  'distance_accuracy_value','confusion accuracy');
#3626 = CONTEXT_DEPENDENT_SHAPE_REPRESENTATION(#3627,#3629);
#3627 = ( REPRESENTATION_RELATIONSHIP('','',#3522,#10) 
REPRESENTATION_RELATIONSHIP_WITH_TRANSFORMATION(#3628) 
SHAPE_REPRESENTATION_RELATIONSHIP() );
#3628 = ITEM_DEFINED_TRANSFORMATION('','',#11,#79);
#3629 = PRODUCT_DEFINITION_SHAPE('Placement','Placement of an item',
  #3630);
#3630 = NEXT_ASSEMBLY_USAGE_OCCURRENCE('17','','',#5,#3517,$);
#3631 = PRODUCT_RELATED_PRODUCT_CATEGORY('part',$,(#3519));
#3632 = SHAPE_DEFINITION_REPRESENTATION(#3633,#3639);
#3633 = PRODUCT_DEFINITION_SHAPE('','',#3634);
#3634 = PRODUCT_DEFINITION('design','',#3635,#3638);
#3635 = PRODUCT_DEFINITION_FORMATION('','',#3636);
#3636 = PRODUCT('Open CASCADE STEP translator 7.8 1.18',
  'Open CASCADE STEP translator 7.8 1.18','',(#3637));
#3637 = PRODUCT_CONTEXT('',#2,'mechanical');
#3638 = PRODUCT_DEFINITION_CONTEXT('part definition',#2,'design');
#3639 = ADVANCED_BREP_SHAPE_REPRESENTATION('',(#11,#3640),#3738);
#3640 = MANIFOLD_SOLID_BREP('',#3641);
#3641 = CLOSED_SHELL('',(#3642,#3730,#3734));
#3642 = ADVANCED_FACE('',(#3643),#3657,.T.);
#3643 = FACE_BOUND('',#3644,.F.);
#3644 = EDGE_LOOP('',(#3645,#3675,#3702,#3703));
#3645 = ORIENTED_EDGE('',*,*,#3646,.T.);
#3646 = EDGE_CURVE('',#3647,#3649,#3651,.T.);
#3647 = VERTEX_POINT('',#3648);
#3648 = CARTESIAN_POINT('',(66.06066017178,1.06066017178,55.));
#3649 = VERTEX_POINT('',#3650);
#3650 = CARTESIAN_POINT('',(66.626345596729,0.494974746831,55.));
#3651 = SEAM_CURVE('',#3652,(#3656,#3668),.PCURVE_S1.);
#3652 = LINE('',#3653,#3654);
#3653 = CARTESIAN_POINT('',(66.06066017178,1.06066017178,55.));
#3654 = VECTOR('',#3655,1.);
#3655 = DIRECTION('',(0.707106781187,-0.707106781187,0.));
#3656 = PCURVE('',#3657,#3662);
#3657 = CYLINDRICAL_SURFACE('',#3658,1.5);
#3658 = AXIS2_PLACEMENT_3D('',#3659,#3660,#3661);
#3659 = CARTESIAN_POINT('',(65.,0.,55.));
#3660 = DIRECTION('',(-0.707106781187,0.707106781187,-0.));
#3661 = DIRECTION('',(0.707106781187,0.707106781187,0.));
#3662 = DEFINITIONAL_REPRESENTATION('',(#3663),#3667);
#3663 = LINE('',#3664,#3665);
#3664 = CARTESIAN_POINT('',(-0.,0.));
#3665 = VECTOR('',#3666,1.);
#3666 = DIRECTION('',(-0.,-1.));
#3667 = ( GEOMETRIC_REPRESENTATION_CONTEXT(2) 
PARAMETRIC_REPRESENTATION_CONTEXT() REPRESENTATION_CONTEXT('2D SPACE',''
  ) );
#3668 = PCURVE('',#3657,#3669);
#3669 = DEFINITIONAL_REPRESENTATION('',(#3670),#3674);
#3670 = LINE('',#3671,#3672);
#3671 = CARTESIAN_POINT('',(-6.28318530718,0.));
#3672 = VECTOR('',#3673,1.);
#3673 = DIRECTION('',(-0.,-1.));
#3674 = ( GEOMETRIC_REPRESENTATION_CONTEXT(2) 
PARAMETRIC_REPRESENTATION_CONTEXT() REPRESENTATION_CONTEXT('2D SPACE',''
  ) );
#3675 = ORIENTED_EDGE('',*,*,#3676,.T.);
#3676 = EDGE_CURVE('',#3649,#3649,#3677,.T.);
#3677 = SURFACE_CURVE('',#3678,(#3683,#3690),.PCURVE_S1.);
#3678 = CIRCLE('',#3679,1.5);
#3679 = AXIS2_PLACEMENT_3D('',#3680,#3681,#3682);
#3680 = CARTESIAN_POINT('',(65.565685424949,-0.565685424949,55.));
#3681 = DIRECTION('',(0.707106781187,-0.707106781187,0.));
#3682 = DIRECTION('',(0.707106781187,0.707106781187,0.));
#3683 = PCURVE('',#3657,#3684);
#3684 = DEFINITIONAL_REPRESENTATION('',(#3685),#3689);
#3685 = LINE('',#3686,#3687);
#3686 = CARTESIAN_POINT('',(-0.,-0.8));
#3687 = VECTOR('',#3688,1.);
#3688 = DIRECTION('',(-1.,0.));
#3689 = ( GEOMETRIC_REPRESENTATION_CONTEXT(2) 
PARAMETRIC_REPRESENTATION_CONTEXT() REPRESENTATION_CONTEXT('2D SPACE',''
  ) );
#3690 = PCURVE('',#3691,#3696);
#3691 = PLANE('',#3692);
#3692 = AXIS2_PLACEMENT_3D('',#3693,#3694,#3695);
#3693 = CARTESIAN_POINT('',(51.423549801218,-14.70782104868,15.));
#3694 = DIRECTION('',(0.707106781187,-0.707106781187,4.834630952926E-16)
  );
#3695 = DIRECTION('',(-0.707106781187,-0.707106781187,1.060825372818E-32
    ));
#3696 = DEFINITIONAL_REPRESENTATION('',(#3697),#3701);
#3697 = CIRCLE('',#3698,1.5);
#3698 = AXIS2_PLACEMENT_2D('',#3699,#3700);
#3699 = CARTESIAN_POINT('',(-20.,-40.));
#3700 = DIRECTION('',(-1.,-8.854031496642E-32));
#3701 = ( GEOMETRIC_REPRESENTATION_CONTEXT(2) 
PARAMETRIC_REPRESENTATION_CONTEXT() REPRESENTATION_CONTEXT('2D SPACE',''
  ) );
#3702 = ORIENTED_EDGE('',*,*,#3646,.F.);
#3703 = ORIENTED_EDGE('',*,*,#3704,.F.);
#3704 = EDGE_CURVE('',#3647,#3647,#3705,.T.);
#3705 = SURFACE_CURVE('',#3706,(#3711,#3718),.PCURVE_S1.);
#3706 = CIRCLE('',#3707,1.5);
#3707 = AXIS2_PLACEMENT_3D('',#3708,#3709,#3710);
#3708 = CARTESIAN_POINT('',(65.,0.,55.));
#3709 = DIRECTION('',(0.707106781187,-0.707106781187,0.));
#3710 = DIRECTION('',(0.707106781187,0.707106781187,0.));
#3711 = PCURVE('',#3657,#3712);
#3712 = DEFINITIONAL_REPRESENTATION('',(#3713),#3717);
#3713 = LINE('',#3714,#3715);
#3714 = CARTESIAN_POINT('',(-0.,0.));
#3715 = VECTOR('',#3716,1.);
#3716 = DIRECTION('',(-1.,0.));
#3717 = ( GEOMETRIC_REPRESENTATION_CONTEXT(2) 
PARAMETRIC_REPRESENTATION_CONTEXT() REPRESENTATION_CONTEXT('2D SPACE',''
  ) );
#3718 = PCURVE('',#3719,#3724);
#3719 = PLANE('',#3720);
#3720 = AXIS2_PLACEMENT_3D('',#3721,#3722,#3723);
#3721 = CARTESIAN_POINT('',(50.857864376269,-14.14213562373,15.));
#3722 = DIRECTION('',(0.707106781187,-0.707106781187,4.834630952926E-16)
  );
#3723 = DIRECTION('',(-0.707106781187,-0.707106781187,1.060825372818E-32
    ));
#3724 = DEFINITIONAL_REPRESENTATION('',(#3725),#3729);
#3725 = CIRCLE('',#3726,1.5);
#3726 = AXIS2_PLACEMENT_2D('',#3727,#3728);
#3727 = CARTESIAN_POINT('',(-20.,-40.));
#3728 = DIRECTION('',(-1.,-8.854031496642E-32));
#3729 = ( GEOMETRIC_REPRESENTATION_CONTEXT(2) 
PARAMETRIC_REPRESENTATION_CONTEXT() REPRESENTATION_CONTEXT('2D SPACE',''
  ) );
#3730 = ADVANCED_FACE('',(#3731),#3719,.F.);
#3731 = FACE_BOUND('',#3732,.F.);
#3732 = EDGE_LOOP('',(#3733));
#3733 = ORIENTED_EDGE('',*,*,#3704,.T.);
#3734 = ADVANCED_FACE('',(#3735),#3691,.T.);
#3735 = FACE_BOUND('',#3736,.T.);
#3736 = EDGE_LOOP('',(#3737));
#3737 = ORIENTED_EDGE('',*,*,#3676,.T.);
#3738 = ( GEOMETRIC_REPRESENTATION_CONTEXT(3) 
GLOBAL_UNCERTAINTY_ASSIGNED_CONTEXT((#3742)) 
GLOBAL_UNIT_ASSIGNED_CONTEXT((#3739,#3740,#3741)) REPRESENTATION_CONTEXT
('Context #1','3D Context with UNIT and UNCERTAINTY') );
#3739 = ( LENGTH_UNIT() NAMED_UNIT(*) SI_UNIT(.MILLI.,.METRE.) );
#3740 = ( NAMED_UNIT(*) PLANE_ANGLE_UNIT() SI_UNIT($,.RADIAN.) );
#3741 = ( NAMED_UNIT(*) SI_UNIT($,.STERADIAN.) SOLID_ANGLE_UNIT() );
#3742 = UNCERTAINTY_MEASURE_WITH_UNIT(LENGTH_MEASURE(1.E-07),#3739,
  'distance_accuracy_value','confusion accuracy');
#3743 = CONTEXT_DEPENDENT_SHAPE_REPRESENTATION(#3744,#3746);
#3744 = ( REPRESENTATION_RELATIONSHIP('','',#3639,#10) 
REPRESENTATION_RELATIONSHIP_WITH_TRANSFORMATION(#3745) 
SHAPE_REPRESENTATION_RELATIONSHIP() );
#3745 = ITEM_DEFINED_TRANSFORMATION('','',#11,#83);
#3746 = PRODUCT_DEFINITION_SHAPE('Placement','Placement of an item',
  #3747);
#3747 = NEXT_ASSEMBLY_USAGE_OCCURRENCE('18','','',#5,#3634,$);
#3748 = PRODUCT_RELATED_PRODUCT_CATEGORY('part',$,(#3636));
#3749 = SHAPE_DEFINITION_REPRESENTATION(#3750,#3756);
#3750 = PRODUCT_DEFINITION_SHAPE('','',#3751);
#3751 = PRODUCT_DEFINITION('design','',#3752,#3755);
#3752 = PRODUCT_DEFINITION_FORMATION('','',#3753);
#3753 = PRODUCT('Open CASCADE STEP translator 7.8 1.19',
  'Open CASCADE STEP translator 7.8 1.19','',(#3754));
#3754 = PRODUCT_CONTEXT('',#2,'mechanical');
#3755 = PRODUCT_DEFINITION_CONTEXT('part definition',#2,'design');
#3756 = ADVANCED_BREP_SHAPE_REPRESENTATION('',(#11,#3757),#3855);
#3757 = MANIFOLD_SOLID_BREP('',#3758);
#3758 = CLOSED_SHELL('',(#3759,#3847,#3851));
#3759 = ADVANCED_FACE('',(#3760),#3774,.T.);
#3760 = FACE_BOUND('',#3761,.F.);
#3761 = EDGE_LOOP('',(#3762,#3792,#3819,#3820));
#3762 = ORIENTED_EDGE('',*,*,#3763,.T.);
#3763 = EDGE_CURVE('',#3764,#3766,#3768,.T.);
#3764 = VERTEX_POINT('',#3765);
#3765 = CARTESIAN_POINT('',(66.06066017178,1.06066017178,65.));
#3766 = VERTEX_POINT('',#3767);
#3767 = CARTESIAN_POINT('',(66.626345596729,0.494974746831,65.));
#3768 = SEAM_CURVE('',#3769,(#3773,#3785),.PCURVE_S1.);
#3769 = LINE('',#3770,#3771);
#3770 = CARTESIAN_POINT('',(66.06066017178,1.06066017178,65.));
#3771 = VECTOR('',#3772,1.);
#3772 = DIRECTION('',(0.707106781187,-0.707106781187,0.));
#3773 = PCURVE('',#3774,#3779);
#3774 = CYLINDRICAL_SURFACE('',#3775,1.5);
#3775 = AXIS2_PLACEMENT_3D('',#3776,#3777,#3778);
#3776 = CARTESIAN_POINT('',(65.,0.,65.));
#3777 = DIRECTION('',(-0.707106781187,0.707106781187,-0.));
#3778 = DIRECTION('',(0.707106781187,0.707106781187,0.));
#3779 = DEFINITIONAL_REPRESENTATION('',(#3780),#3784);
#3780 = LINE('',#3781,#3782);
#3781 = CARTESIAN_POINT('',(-0.,0.));
#3782 = VECTOR('',#3783,1.);
#3783 = DIRECTION('',(-0.,-1.));
#3784 = ( GEOMETRIC_REPRESENTATION_CONTEXT(2) 
PARAMETRIC_REPRESENTATION_CONTEXT() REPRESENTATION_CONTEXT('2D SPACE',''
  ) );
#3785 = PCURVE('',#3774,#3786);
#3786 = DEFINITIONAL_REPRESENTATION('',(#3787),#3791);
#3787 = LINE('',#3788,#3789);
#3788 = CARTESIAN_POINT('',(-6.28318530718,0.));
#3789 = VECTOR('',#3790,1.);
#3790 = DIRECTION('',(-0.,-1.));
#3791 = ( GEOMETRIC_REPRESENTATION_CONTEXT(2) 
PARAMETRIC_REPRESENTATION_CONTEXT() REPRESENTATION_CONTEXT('2D SPACE',''
  ) );
#3792 = ORIENTED_EDGE('',*,*,#3793,.T.);
#3793 = EDGE_CURVE('',#3766,#3766,#3794,.T.);
#3794 = SURFACE_CURVE('',#3795,(#3800,#3807),.PCURVE_S1.);
#3795 = CIRCLE('',#3796,1.5);
#3796 = AXIS2_PLACEMENT_3D('',#3797,#3798,#3799);
#3797 = CARTESIAN_POINT('',(65.565685424949,-0.565685424949,65.));
#3798 = DIRECTION('',(0.707106781187,-0.707106781187,0.));
#3799 = DIRECTION('',(0.707106781187,0.707106781187,0.));
#3800 = PCURVE('',#3774,#3801);
#3801 = DEFINITIONAL_REPRESENTATION('',(#3802),#3806);
#3802 = LINE('',#3803,#3804);
#3803 = CARTESIAN_POINT('',(-0.,-0.8));
#3804 = VECTOR('',#3805,1.);
#3805 = DIRECTION('',(-1.,0.));
#3806 = ( GEOMETRIC_REPRESENTATION_CONTEXT(2) 
PARAMETRIC_REPRESENTATION_CONTEXT() REPRESENTATION_CONTEXT('2D SPACE',''
  ) );
#3807 = PCURVE('',#3808,#3813);
#3808 = PLANE('',#3809);
#3809 = AXIS2_PLACEMENT_3D('',#3810,#3811,#3812);
#3810 = CARTESIAN_POINT('',(51.423549801218,-14.70782104868,15.));
#3811 = DIRECTION('',(0.707106781187,-0.707106781187,4.834630952926E-16)
  );
#3812 = DIRECTION('',(-0.707106781187,-0.707106781187,1.060825372818E-32
    ));
#3813 = DEFINITIONAL_REPRESENTATION('',(#3814),#3818);
#3814 = CIRCLE('',#3815,1.5);
#3815 = AXIS2_PLACEMENT_2D('',#3816,#3817);
#3816 = CARTESIAN_POINT('',(-20.,-50.));
#3817 = DIRECTION('',(-1.,-8.854031496642E-32));
#3818 = ( GEOMETRIC_REPRESENTATION_CONTEXT(2) 
PARAMETRIC_REPRESENTATION_CONTEXT() REPRESENTATION_CONTEXT('2D SPACE',''
  ) );
#3819 = ORIENTED_EDGE('',*,*,#3763,.F.);
#3820 = ORIENTED_EDGE('',*,*,#3821,.F.);
#3821 = EDGE_CURVE('',#3764,#3764,#3822,.T.);
#3822 = SURFACE_CURVE('',#3823,(#3828,#3835),.PCURVE_S1.);
#3823 = CIRCLE('',#3824,1.5);
#3824 = AXIS2_PLACEMENT_3D('',#3825,#3826,#3827);
#3825 = CARTESIAN_POINT('',(65.,0.,65.));
#3826 = DIRECTION('',(0.707106781187,-0.707106781187,0.));
#3827 = DIRECTION('',(0.707106781187,0.707106781187,0.));
#3828 = PCURVE('',#3774,#3829);
#3829 = DEFINITIONAL_REPRESENTATION('',(#3830),#3834);
#3830 = LINE('',#3831,#3832);
#3831 = CARTESIAN_POINT('',(-0.,0.));
#3832 = VECTOR('',#3833,1.);
#3833 = DIRECTION('',(-1.,0.));
#3834 = ( GEOMETRIC_REPRESENTATION_CONTEXT(2) 
PARAMETRIC_REPRESENTATION_CONTEXT() REPRESENTATION_CONTEXT('2D SPACE',''
  ) );
#3835 = PCURVE('',#3836,#3841);
#3836 = PLANE('',#3837);
#3837 = AXIS2_PLACEMENT_3D('',#3838,#3839,#3840);
#3838 = CARTESIAN_POINT('',(50.857864376269,-14.14213562373,15.));
#3839 = DIRECTION('',(0.707106781187,-0.707106781187,4.834630952926E-16)
  );
#3840 = DIRECTION('',(-0.707106781187,-0.707106781187,1.060825372818E-32
    ));
#3841 = DEFINITIONAL_REPRESENTATION('',(#3842),#3846);
#3842 = CIRCLE('',#3843,1.5);
#3843 = AXIS2_PLACEMENT_2D('',#3844,#3845);
#3844 = CARTESIAN_POINT('',(-20.,-50.));
#3845 = DIRECTION('',(-1.,-8.854031496642E-32));
#3846 = ( GEOMETRIC_REPRESENTATION_CONTEXT(2) 
PARAMETRIC_REPRESENTATION_CONTEXT() REPRESENTATION_CONTEXT('2D SPACE',''
  ) );
#3847 = ADVANCED_FACE('',(#3848),#3836,.F.);
#3848 = FACE_BOUND('',#3849,.F.);
#3849 = EDGE_LOOP('',(#3850));
#3850 = ORIENTED_EDGE('',*,*,#3821,.T.);
#3851 = ADVANCED_FACE('',(#3852),#3808,.T.);
#3852 = FACE_BOUND('',#3853,.T.);
#3853 = EDGE_LOOP('',(#3854));
#3854 = ORIENTED_EDGE('',*,*,#3793,.T.);
#3855 = ( GEOMETRIC_REPRESENTATION_CONTEXT(3) 
GLOBAL_UNCERTAINTY_ASSIGNED_CONTEXT((#3859)) 
GLOBAL_UNIT_ASSIGNED_CONTEXT((#3856,#3857,#3858)) REPRESENTATION_CONTEXT
('Context #1','3D Context with UNIT and UNCERTAINTY') );
#3856 = ( LENGTH_UNIT() NAMED_UNIT(*) SI_UNIT(.MILLI.,.METRE.) );
#3857 = ( NAMED_UNIT(*) PLANE_ANGLE_UNIT() SI_UNIT($,.RADIAN.) );
#3858 = ( NAMED_UNIT(*) SI_UNIT($,.STERADIAN.) SOLID_ANGLE_UNIT() );
#3859 = UNCERTAINTY_MEASURE_WITH_UNIT(LENGTH_MEASURE(1.E-07),#3856,
  'distance_accuracy_value','confusion accuracy');
#3860 = CONTEXT_DEPENDENT_SHAPE_REPRESENTATION(#3861,#3863);
#3861 = ( REPRESENTATION_RELATIONSHIP('','',#3756,#10) 
REPRESENTATION_RELATIONSHIP_WITH_TRANSFORMATION(#3862) 
SHAPE_REPRESENTATION_RELATIONSHIP() );
#3862 = ITEM_DEFINED_TRANSFORMATION('','',#11,#87);
#3863 = PRODUCT_DEFINITION_SHAPE('Placement','Placement of an item',
  #3864);
#3864 = NEXT_ASSEMBLY_USAGE_OCCURRENCE('19','','',#5,#3751,$);
#3865 = PRODUCT_RELATED_PRODUCT_CATEGORY('part',$,(#3753));
#3866 = SHAPE_DEFINITION_REPRESENTATION(#3867,#3873);
#3867 = PRODUCT_DEFINITION_SHAPE('','',#3868);
#3868 = PRODUCT_DEFINITION('design','',#3869,#3872);
#3869 = PRODUCT_DEFINITION_FORMATION('','',#3870);
#3870 = PRODUCT('Open CASCADE STEP translator 7.8 1.20',
  'Open CASCADE STEP translator 7.8 1.20','',(#3871));
#3871 = PRODUCT_CONTEXT('',#2,'mechanical');
#3872 = PRODUCT_DEFINITION_CONTEXT('part definition',#2,'design');
#3873 = ADVANCED_BREP_SHAPE_REPRESENTATION('',(#11,#3874),#3972);
#3874 = MANIFOLD_SOLID_BREP('',#3875);
#3875 = CLOSED_SHELL('',(#3876,#3964,#3968));
#3876 = ADVANCED_FACE('',(#3877),#3891,.T.);
#3877 = FACE_BOUND('',#3878,.F.);
#3878 = EDGE_LOOP('',(#3879,#3909,#3936,#3937));
#3879 = ORIENTED_EDGE('',*,*,#3880,.T.);
#3880 = EDGE_CURVE('',#3881,#3883,#3885,.T.);
#3881 = VERTEX_POINT('',#3882);
#3882 = CARTESIAN_POINT('',(66.06066017178,1.06066017178,75.));
#3883 = VERTEX_POINT('',#3884);
#3884 = CARTESIAN_POINT('',(66.626345596729,0.494974746831,75.));
#3885 = SEAM_CURVE('',#3886,(#3890,#3902),.PCURVE_S1.);
#3886 = LINE('',#3887,#3888);
#3887 = CARTESIAN_POINT('',(66.06066017178,1.06066017178,75.));
#3888 = VECTOR('',#3889,1.);
#3889 = DIRECTION('',(0.707106781187,-0.707106781187,0.));
#3890 = PCURVE('',#3891,#3896);
#3891 = CYLINDRICAL_SURFACE('',#3892,1.5);
#3892 = AXIS2_PLACEMENT_3D('',#3893,#3894,#3895);
#3893 = CARTESIAN_POINT('',(65.,0.,75.));
#3894 = DIRECTION('',(-0.707106781187,0.707106781187,-0.));
#3895 = DIRECTION('',(0.707106781187,0.707106781187,0.));
#3896 = DEFINITIONAL_REPRESENTATION('',(#3897),#3901);
#3897 = LINE('',#3898,#3899);
#3898 = CARTESIAN_POINT('',(-0.,0.));
#3899 = VECTOR('',#3900,1.);
#3900 = DIRECTION('',(-0.,-1.));
#3901 = ( GEOMETRIC_REPRESENTATION_CONTEXT(2) 
PARAMETRIC_REPRESENTATION_CONTEXT() REPRESENTATION_CONTEXT('2D SPACE',''
  ) );
#3902 = PCURVE('',#3891,#3903);
#3903 = DEFINITIONAL_REPRESENTATION('',(#3904),#3908);
#3904 = LINE('',#3905,#3906);
#3905 = CARTESIAN_POINT('',(-6.28318530718,0.));
#3906 = VECTOR('',#3907,1.);
#3907 = DIRECTION('',(-0.,-1.));
#3908 = ( GEOMETRIC_REPRESENTATION_CONTEXT(2) 
PARAMETRIC_REPRESENTATION_CONTEXT() REPRESENTATION_CONTEXT('2D SPACE',''
  ) );
#3909 = ORIENTED_EDGE('',*,*,#3910,.T.);
#3910 = EDGE_CURVE('',#3883,#3883,#3911,.T.);
#3911 = SURFACE_CURVE('',#3912,(#3917,#3924),.PCURVE_S1.);
#3912 = CIRCLE('',#3913,1.5);
#3913 = AXIS2_PLACEMENT_3D('',#3914,#3915,#3916);
#3914 = CARTESIAN_POINT('',(65.565685424949,-0.565685424949,75.));
#3915 = DIRECTION('',(0.707106781187,-0.707106781187,0.));
#3916 = DIRECTION('',(0.707106781187,0.707106781187,0.));
#3917 = PCURVE('',#3891,#3918);
#3918 = DEFINITIONAL_REPRESENTATION('',(#3919),#3923);
#3919 = LINE('',#3920,#3921);
#3920 = CARTESIAN_POINT('',(-0.,-0.8));
#3921 = VECTOR('',#3922,1.);
#3922 = DIRECTION('',(-1.,0.));
#3923 = ( GEOMETRIC_REPRESENTATION_CONTEXT(2) 
PARAMETRIC_REPRESENTATION_CONTEXT() REPRESENTATION_CONTEXT('2D SPACE',''
  ) );
#3924 = PCURVE('',#3925,#3930);
#3925 = PLANE('',#3926);
#3926 = AXIS2_PLACEMENT_3D('',#3927,#3928,#3929);
#3927 = CARTESIAN_POINT('',(51.423549801218,-14.70782104868,15.));
#3928 = DIRECTION('',(0.707106781187,-0.707106781187,4.834630952926E-16)
  );
#3929 = DIRECTION('',(-0.707106781187,-0.707106781187,1.060825372818E-32
    ));
#3930 = DEFINITIONAL_REPRESENTATION('',(#3931),#3935);
#3931 = CIRCLE('',#3932,1.5);
#3932 = AXIS2_PLACEMENT_2D('',#3933,#3934);
#3933 = CARTESIAN_POINT('',(-20.,-60.));
#3934 = DIRECTION('',(-1.,-8.854031496642E-32));
#3935 = ( GEOMETRIC_REPRESENTATION_CONTEXT(2) 
PARAMETRIC_REPRESENTATION_CONTEXT() REPRESENTATION_CONTEXT('2D SPACE',''
  ) );
#3936 = ORIENTED_EDGE('',*,*,#3880,.F.);
#3937 = ORIENTED_EDGE('',*,*,#3938,.F.);
#3938 = EDGE_CURVE('',#3881,#3881,#3939,.T.);
#3939 = SURFACE_CURVE('',#3940,(#3945,#3952),.PCURVE_S1.);
#3940 = CIRCLE('',#3941,1.5);
#3941 = AXIS2_PLACEMENT_3D('',#3942,#3943,#3944);
#3942 = CARTESIAN_POINT('',(65.,0.,75.));
#3943 = DIRECTION('',(0.707106781187,-0.707106781187,0.));
#3944 = DIRECTION('',(0.707106781187,0.707106781187,0.));
#3945 = PCURVE('',#3891,#3946);
#3946 = DEFINITIONAL_REPRESENTATION('',(#3947),#3951);
#3947 = LINE('',#3948,#3949);
#3948 = CARTESIAN_POINT('',(-0.,0.));
#3949 = VECTOR('',#3950,1.);
#3950 = DIRECTION('',(-1.,0.));
#3951 = ( GEOMETRIC_REPRESENTATION_CONTEXT(2) 
PARAMETRIC_REPRESENTATION_CONTEXT() REPRESENTATION_CONTEXT('2D SPACE',''
  ) );
#3952 = PCURVE('',#3953,#3958);
#3953 = PLANE('',#3954);
#3954 = AXIS2_PLACEMENT_3D('',#3955,#3956,#3957);
#3955 = CARTESIAN_POINT('',(50.857864376269,-14.14213562373,15.));
#3956 = DIRECTION('',(0.707106781187,-0.707106781187,4.834630952926E-16)
  );
#3957 = DIRECTION('',(-0.707106781187,-0.707106781187,1.060825372818E-32
    ));
#3958 = DEFINITIONAL_REPRESENTATION('',(#3959),#3963);
#3959 = CIRCLE('',#3960,1.5);
#3960 = AXIS2_PLACEMENT_2D('',#3961,#3962);
#3961 = CARTESIAN_POINT('',(-20.,-60.));
#3962 = DIRECTION('',(-1.,-8.854031496642E-32));
#3963 = ( GEOMETRIC_REPRESENTATION_CONTEXT(2) 
PARAMETRIC_REPRESENTATION_CONTEXT() REPRESENTATION_CONTEXT('2D SPACE',''
  ) );
#3964 = ADVANCED_FACE('',(#3965),#3953,.F.);
#3965 = FACE_BOUND('',#3966,.F.);
#3966 = EDGE_LOOP('',(#3967));
#3967 = ORIENTED_EDGE('',*,*,#3938,.T.);
#3968 = ADVANCED_FACE('',(#3969),#3925,.T.);
#3969 = FACE_BOUND('',#3970,.T.);
#3970 = EDGE_LOOP('',(#3971));
#3971 = ORIENTED_EDGE('',*,*,#3910,.T.);
#3972 = ( GEOMETRIC_REPRESENTATION_CONTEXT(3) 
GLOBAL_UNCERTAINTY_ASSIGNED_CONTEXT((#3976)) 
GLOBAL_UNIT_ASSIGNED_CONTEXT((#3973,#3974,#3975)) REPRESENTATION_CONTEXT
('Context #1','3D Context with UNIT and UNCERTAINTY') );
#3973 = ( LENGTH_UNIT() NAMED_UNIT(*) SI_UNIT(.MILLI.,.METRE.) );
#3974 = ( NAMED_UNIT(*) PLANE_ANGLE_UNIT() SI_UNIT($,.RADIAN.) );
#3975 = ( NAMED_UNIT(*) SI_UNIT($,.STERADIAN.) SOLID_ANGLE_UNIT() );
#3976 = UNCERTAINTY_MEASURE_WITH_UNIT(LENGTH_MEASURE(1.E-07),#3973,
  'distance_accuracy_value','confusion accuracy');
#3977 = CONTEXT_DEPENDENT_SHAPE_REPRESENTATION(#3978,#3980);
#3978 = ( REPRESENTATION_RELATIONSHIP('','',#3873,#10) 
REPRESENTATION_RELATIONSHIP_WITH_TRANSFORMATION(#3979) 
SHAPE_REPRESENTATION_RELATIONSHIP() );
#3979 = ITEM_DEFINED_TRANSFORMATION('','',#11,#91);
#3980 = PRODUCT_DEFINITION_SHAPE('Placement','Placement of an item',
  #3981);
#3981 = NEXT_ASSEMBLY_USAGE_OCCURRENCE('20','','',#5,#3868,$);
#3982 = PRODUCT_RELATED_PRODUCT_CATEGORY('part',$,(#3870));
#3983 = SHAPE_DEFINITION_REPRESENTATION(#3984,#3990);
#3984 = PRODUCT_DEFINITION_SHAPE('','',#3985);
#3985 = PRODUCT_DEFINITION('design','',#3986,#3989);
#3986 = PRODUCT_DEFINITION_FORMATION('','',#3987);
#3987 = PRODUCT('Open CASCADE STEP translator 7.8 1.21',
  'Open CASCADE STEP translator 7.8 1.21','',(#3988));
#3988 = PRODUCT_CONTEXT('',#2,'mechanical');
#3989 = PRODUCT_DEFINITION_CONTEXT('part definition',#2,'design');
#3990 = ADVANCED_BREP_SHAPE_REPRESENTATION('',(#11,#3991),#4089);
#3991 = MANIFOLD_SOLID_BREP('',#3992);
#3992 = CLOSED_SHELL('',(#3993,#4081,#4085));
#3993 = ADVANCED_FACE('',(#3994),#4008,.T.);
#3994 = FACE_BOUND('',#3995,.F.);
#3995 = EDGE_LOOP('',(#3996,#4026,#4053,#4054));
#3996 = ORIENTED_EDGE('',*,*,#3997,.T.);
#3997 = EDGE_CURVE('',#3998,#4000,#4002,.T.);
#3998 = VERTEX_POINT('',#3999);
#3999 = CARTESIAN_POINT('',(73.131727983645,8.131727983645,15.));
#4000 = VERTEX_POINT('',#4001);
#4001 = CARTESIAN_POINT('',(73.697413408595,7.566042558696,15.));
#4002 = SEAM_CURVE('',#4003,(#4007,#4019),.PCURVE_S1.);
#4003 = LINE('',#4004,#4005);
#4004 = CARTESIAN_POINT('',(73.131727983645,8.131727983645,15.));
#4005 = VECTOR('',#4006,1.);
#4006 = DIRECTION('',(0.707106781187,-0.707106781187,0.));
#4007 = PCURVE('',#4008,#4013);
#4008 = CYLINDRICAL_SURFACE('',#4009,1.5);
#4009 = AXIS2_PLACEMENT_3D('',#4010,#4011,#4012);
#4010 = CARTESIAN_POINT('',(72.071067811865,7.071067811865,15.));
#4011 = DIRECTION('',(-0.707106781187,0.707106781187,-0.));
#4012 = DIRECTION('',(0.707106781187,0.707106781187,0.));
#4013 = DEFINITIONAL_REPRESENTATION('',(#4014),#4018);
#4014 = LINE('',#4015,#4016);
#4015 = CARTESIAN_POINT('',(-0.,0.));
#4016 = VECTOR('',#4017,1.);
#4017 = DIRECTION('',(-0.,-1.));
#4018 = ( GEOMETRIC_REPRESENTATION_CONTEXT(2) 
PARAMETRIC_REPRESENTATION_CONTEXT() REPRESENTATION_CONTEXT('2D SPACE',''
  ) );
#4019 = PCURVE('',#4008,#4020);
#4020 = DEFINITIONAL_REPRESENTATION('',(#4021),#4025);
#4021 = LINE('',#4022,#4023);
#4022 = CARTESIAN_POINT('',(-6.28318530718,0.));
#4023 = VECTOR('',#4024,1.);
#4024 = DIRECTION('',(-0.,-1.));
#4025 = ( GEOMETRIC_REPRESENTATION_CONTEXT(2) 
PARAMETRIC_REPRESENTATION_CONTEXT() REPRESENTATION_CONTEXT('2D SPACE',''
  ) );
#4026 = ORIENTED_EDGE('',*,*,#4027,.T.);
#4027 = EDGE_CURVE('',#4000,#4000,#4028,.T.);
#4028 = SURFACE_CURVE('',#4029,(#4034,#4041),.PCURVE_S1.);
#4029 = CIRCLE('',#4030,1.5);
#4030 = AXIS2_PLACEMENT_3D('',#4031,#4032,#4033);
#4031 = CARTESIAN_POINT('',(72.636753236815,6.505382386916,15.));
#4032 = DIRECTION('',(0.707106781187,-0.707106781187,0.));
#4033 = DIRECTION('',(0.707106781187,0.707106781187,0.));
#4034 = PCURVE('',#4008,#4035);
#4035 = DEFINITIONAL_REPRESENTATION('',(#4036),#4040);
#4036 = LINE('',#4037,#4038);
#4037 = CARTESIAN_POINT('',(-0.,-0.8));
#4038 = VECTOR('',#4039,1.);
#4039 = DIRECTION('',(-1.,0.));
#4040 = ( GEOMETRIC_REPRESENTATION_CONTEXT(2) 
PARAMETRIC_REPRESENTATION_CONTEXT() REPRESENTATION_CONTEXT('2D SPACE',''
  ) );
#4041 = PCURVE('',#4042,#4047);
#4042 = PLANE('',#4043);
#4043 = AXIS2_PLACEMENT_3D('',#4044,#4045,#4046);
#4044 = CARTESIAN_POINT('',(51.423549801218,-14.70782104868,15.));
#4045 = DIRECTION('',(0.707106781187,-0.707106781187,4.834630952926E-16)
  );
#4046 = DIRECTION('',(-0.707106781187,-0.707106781187,1.060825372818E-32
    ));
#4047 = DEFINITIONAL_REPRESENTATION('',(#4048),#4052);
#4048 = CIRCLE('',#4049,1.5);
#4049 = AXIS2_PLACEMENT_2D('',#4050,#4051);
#4050 = CARTESIAN_POINT('',(-30.,-2.506051644512E-30));
#4051 = DIRECTION('',(-1.,-8.854031496642E-32));
#4052 = ( GEOMETRIC_REPRESENTATION_CONTEXT(2) 
PARAMETRIC_REPRESENTATION_CONTEXT() REPRESENTATION_CONTEXT('2D SPACE',''
  ) );
#4053 = ORIENTED_EDGE('',*,*,#3997,.F.);
#4054 = ORIENTED_EDGE('',*,*,#4055,.F.);
#4055 = EDGE_CURVE('',#3998,#3998,#4056,.T.);
#4056 = SURFACE_CURVE('',#4057,(#4062,#4069),.PCURVE_S1.);
#4057 = CIRCLE('',#4058,1.5);
#4058 = AXIS2_PLACEMENT_3D('',#4059,#4060,#4061);
#4059 = CARTESIAN_POINT('',(72.071067811865,7.071067811865,15.));
#4060 = DIRECTION('',(0.707106781187,-0.707106781187,0.));
#4061 = DIRECTION('',(0.707106781187,0.707106781187,0.));
#4062 = PCURVE('',#4008,#4063);
#4063 = DEFINITIONAL_REPRESENTATION('',(#4064),#4068);
#4064 = LINE('',#4065,#4066);
#4065 = CARTESIAN_POINT('',(-0.,0.));
#4066 = VECTOR('',#4067,1.);
#4067 = DIRECTION('',(-1.,0.));
#4068 = ( GEOMETRIC_REPRESENTATION_CONTEXT(2) 
PARAMETRIC_REPRESENTATION_CONTEXT() REPRESENTATION_CONTEXT('2D SPACE',''
  ) );
#4069 = PCURVE('',#4070,#4075);
#4070 = PLANE('',#4071);
#4071 = AXIS2_PLACEMENT_3D('',#4072,#4073,#4074);
#4072 = CARTESIAN_POINT('',(50.857864376269,-14.14213562373,15.));
#4073 = DIRECTION('',(0.707106781187,-0.707106781187,4.834630952926E-16)
  );
#4074 = DIRECTION('',(-0.707106781187,-0.707106781187,1.060825372818E-32
    ));
#4075 = DEFINITIONAL_REPRESENTATION('',(#4076),#4080);
#4076 = CIRCLE('',#4077,1.5);
#4077 = AXIS2_PLACEMENT_2D('',#4078,#4079);
#4078 = CARTESIAN_POINT('',(-30.,-2.506051644512E-30));
#4079 = DIRECTION('',(-1.,-8.854031496642E-32));
#4080 = ( GEOMETRIC_REPRESENTATION_CONTEXT(2) 
PARAMETRIC_REPRESENTATION_CONTEXT() REPRESENTATION_CONTEXT('2D SPACE',''
  ) );
#4081 = ADVANCED_FACE('',(#4082),#4070,.F.);
#4082 = FACE_BOUND('',#4083,.F.);
#4083 = EDGE_LOOP('',(#4084));
#4084 = ORIENTED_EDGE('',*,*,#4055,.T.);
#4085 = ADVANCED_FACE('',(#4086),#4042,.T.);
#4086 = FACE_BOUND('',#4087,.T.);
#4087 = EDGE_LOOP('',(#4088));
#4088 = ORIENTED_EDGE('',*,*,#4027,.T.);
#4089 = ( GEOMETRIC_REPRESENTATION_CONTEXT(3) 
GLOBAL_UNCERTAINTY_ASSIGNED_CONTEXT((#4093)) 
GLOBAL_UNIT_ASSIGNED_CONTEXT((#4090,#4091,#4092)) REPRESENTATION_CONTEXT
('Context #1','3D Context with UNIT and UNCERTAINTY') );
#4090 = ( LENGTH_UNIT() NAMED_UNIT(*) SI_UNIT(.MILLI.,.METRE.) );
#4091 = ( NAMED_UNIT(*) PLANE_ANGLE_UNIT() SI_UNIT($,.RADIAN.) );
#4092 = ( NAMED_UNIT(*) SI_UNIT($,.STERADIAN.) SOLID_ANGLE_UNIT() );
#4093 = UNCERTAINTY_MEASURE_WITH_UNIT(LENGTH_MEASURE(1.E-07),#4090,
  'distance_accuracy_value','confusion accuracy');
#4094 = CONTEXT_DEPENDENT_SHAPE_REPRESENTATION(#4095,#4097);
#4095 = ( REPRESENTATION_RELATIONSHIP('','',#3990,#10) 
REPRESENTATION_RELATIONSHIP_WITH_TRANSFORMATION(#4096) 
SHAPE_REPRESENTATION_RELATIONSHIP() );
#4096 = ITEM_DEFINED_TRANSFORMATION('','',#11,#95);
#4097 = PRODUCT_DEFINITION_SHAPE('Placement','Placement of an item',
  #4098);
#4098 = NEXT_ASSEMBLY_USAGE_OCCURRENCE('21','','',#5,#3985,$);
#4099 = PRODUCT_RELATED_PRODUCT_CATEGORY('part',$,(#3987));
#4100 = SHAPE_DEFINITION_REPRESENTATION(#4101,#4107);
#4101 = PRODUCT_DEFINITION_SHAPE('','',#4102);
#4102 = PRODUCT_DEFINITION('design','',#4103,#4106);
#4103 = PRODUCT_DEFINITION_FORMATION('','',#4104);
#4104 = PRODUCT('Open CASCADE STEP translator 7.8 1.22',
  'Open CASCADE STEP translator 7.8 1.22','',(#4105));
#4105 = PRODUCT_CONTEXT('',#2,'mechanical');
#4106 = PRODUCT_DEFINITION_CONTEXT('part definition',#2,'design');
#4107 = ADVANCED_BREP_SHAPE_REPRESENTATION('',(#11,#4108),#4206);
#4108 = MANIFOLD_SOLID_BREP('',#4109);
#4109 = CLOSED_SHELL('',(#4110,#4198,#4202));
#4110 = ADVANCED_FACE('',(#4111),#4125,.T.);
#4111 = FACE_BOUND('',#4112,.F.);
#4112 = EDGE_LOOP('',(#4113,#4143,#4170,#4171));
#4113 = ORIENTED_EDGE('',*,*,#4114,.T.);
#4114 = EDGE_CURVE('',#4115,#4117,#4119,.T.);
#4115 = VERTEX_POINT('',#4116);
#4116 = CARTESIAN_POINT('',(73.131727983645,8.131727983645,25.));
#4117 = VERTEX_POINT('',#4118);
#4118 = CARTESIAN_POINT('',(73.697413408595,7.566042558696,25.));
#4119 = SEAM_CURVE('',#4120,(#4124,#4136),.PCURVE_S1.);
#4120 = LINE('',#4121,#4122);
#4121 = CARTESIAN_POINT('',(73.131727983645,8.131727983645,25.));
#4122 = VECTOR('',#4123,1.);
#4123 = DIRECTION('',(0.707106781187,-0.707106781187,0.));
#4124 = PCURVE('',#4125,#4130);
#4125 = CYLINDRICAL_SURFACE('',#4126,1.5);
#4126 = AXIS2_PLACEMENT_3D('',#4127,#4128,#4129);
#4127 = CARTESIAN_POINT('',(72.071067811865,7.071067811865,25.));
#4128 = DIRECTION('',(-0.707106781187,0.707106781187,-0.));
#4129 = DIRECTION('',(0.707106781187,0.707106781187,0.));
#4130 = DEFINITIONAL_REPRESENTATION('',(#4131),#4135);
#4131 = LINE('',#4132,#4133);
#4132 = CARTESIAN_POINT('',(-0.,0.));
#4133 = VECTOR('',#4134,1.);
#4134 = DIRECTION('',(-0.,-1.));
#4135 = ( GEOMETRIC_REPRESENTATION_CONTEXT(2) 
PARAMETRIC_REPRESENTATION_CONTEXT() REPRESENTATION_CONTEXT('2D SPACE',''
  ) );
#4136 = PCURVE('',#4125,#4137);
#4137 = DEFINITIONAL_REPRESENTATION('',(#4138),#4142);
#4138 = LINE('',#4139,#4140);
#4139 = CARTESIAN_POINT('',(-6.28318530718,0.));
#4140 = VECTOR('',#4141,1.);
#4141 = DIRECTION('',(-0.,-1.));
#4142 = ( GEOMETRIC_REPRESENTATION_CONTEXT(2) 
PARAMETRIC_REPRESENTATION_CONTEXT() REPRESENTATION_CONTEXT('2D SPACE',''
  ) );
#4143 = ORIENTED_EDGE('',*,*,#4144,.T.);
#4144 = EDGE_CURVE('',#4117,#4117,#4145,.T.);
#4145 = SURFACE_CURVE('',#4146,(#4151,#4158),.PCURVE_S1.);
#4146 = CIRCLE('',#4147,1.5);
#4147 = AXIS2_PLACEMENT_3D('',#4148,#4149,#4150);
#4148 = CARTESIAN_POINT('',(72.636753236815,6.505382386916,25.));
#4149 = DIRECTION('',(0.707106781187,-0.707106781187,0.));
#4150 = DIRECTION('',(0.707106781187,0.707106781187,0.));
#4151 = PCURVE('',#4125,#4152);
#4152 = DEFINITIONAL_REPRESENTATION('',(#4153),#4157);
#4153 = LINE('',#4154,#4155);
#4154 = CARTESIAN_POINT('',(-0.,-0.8));
#4155 = VECTOR('',#4156,1.);
#4156 = DIRECTION('',(-1.,0.));
#4157 = ( GEOMETRIC_REPRESENTATION_CONTEXT(2) 
PARAMETRIC_REPRESENTATION_CONTEXT() REPRESENTATION_CONTEXT('2D SPACE',''
  ) );
#4158 = PCURVE('',#4159,#4164);
#4159 = PLANE('',#4160);
#4160 = AXIS2_PLACEMENT_3D('',#4161,#4162,#4163);
#4161 = CARTESIAN_POINT('',(51.423549801218,-14.70782104868,15.));
#4162 = DIRECTION('',(0.707106781187,-0.707106781187,4.834630952926E-16)
  );
#4163 = DIRECTION('',(-0.707106781187,-0.707106781187,1.060825372818E-32
    ));
#4164 = DEFINITIONAL_REPRESENTATION('',(#4165),#4169);
#4165 = CIRCLE('',#4166,1.5);
#4166 = AXIS2_PLACEMENT_2D('',#4167,#4168);
#4167 = CARTESIAN_POINT('',(-30.,-10.));
#4168 = DIRECTION('',(-1.,-8.854031496642E-32));
#4169 = ( GEOMETRIC_REPRESENTATION_CONTEXT(2) 
PARAMETRIC_REPRESENTATION_CONTEXT() REPRESENTATION_CONTEXT('2D SPACE',''
  ) );
#4170 = ORIENTED_EDGE('',*,*,#4114,.F.);
#4171 = ORIENTED_EDGE('',*,*,#4172,.F.);
#4172 = EDGE_CURVE('',#4115,#4115,#4173,.T.);
#4173 = SURFACE_CURVE('',#4174,(#4179,#4186),.PCURVE_S1.);
#4174 = CIRCLE('',#4175,1.5);
#4175 = AXIS2_PLACEMENT_3D('',#4176,#4177,#4178);
#4176 = CARTESIAN_POINT('',(72.071067811865,7.071067811865,25.));
#4177 = DIRECTION('',(0.707106781187,-0.707106781187,0.));
#4178 = DIRECTION('',(0.707106781187,0.707106781187,0.));
#4179 = PCURVE('',#4125,#4180);
#4180 = DEFINITIONAL_REPRESENTATION('',(#4181),#4185);
#4181 = LINE('',#4182,#4183);
#4182 = CARTESIAN_POINT('',(-0.,0.));
#4183 = VECTOR('',#4184,1.);
#4184 = DIRECTION('',(-1.,0.));
#4185 = ( GEOMETRIC_REPRESENTATION_CONTEXT(2) 
PARAMETRIC_REPRESENTATION_CONTEXT() REPRESENTATION_CONTEXT('2D SPACE',''
  ) );
#4186 = PCURVE('',#4187,#4192);
#4187 = PLANE('',#4188);
#4188 = AXIS2_PLACEMENT_3D('',#4189,#4190,#4191);
#4189 = CARTESIAN_POINT('',(50.857864376269,-14.14213562373,15.));
#4190 = DIRECTION('',(0.707106781187,-0.707106781187,4.834630952926E-16)
  );
#4191 = DIRECTION('',(-0.707106781187,-0.707106781187,1.060825372818E-32
    ));
#4192 = DEFINITIONAL_REPRESENTATION('',(#4193),#4197);
#4193 = CIRCLE('',#4194,1.5);
#4194 = AXIS2_PLACEMENT_2D('',#4195,#4196);
#4195 = CARTESIAN_POINT('',(-30.,-10.));
#4196 = DIRECTION('',(-1.,-8.854031496642E-32));
#4197 = ( GEOMETRIC_REPRESENTATION_CONTEXT(2) 
PARAMETRIC_REPRESENTATION_CONTEXT() REPRESENTATION_CONTEXT('2D SPACE',''
  ) );
#4198 = ADVANCED_FACE('',(#4199),#4187,.F.);
#4199 = FACE_BOUND('',#4200,.F.);
#4200 = EDGE_LOOP('',(#4201));
#4201 = ORIENTED_EDGE('',*,*,#4172,.T.);
#4202 = ADVANCED_FACE('',(#4203),#4159,.T.);
#4203 = FACE_BOUND('',#4204,.T.);
#4204 = EDGE_LOOP('',(#4205));
#4205 = ORIENTED_EDGE('',*,*,#4144,.T.);
#4206 = ( GEOMETRIC_REPRESENTATION_CONTEXT(3) 
GLOBAL_UNCERTAINTY_ASSIGNED_CONTEXT((#4210)) 
GLOBAL_UNIT_ASSIGNED_CONTEXT((#4207,#4208,#4209)) REPRESENTATION_CONTEXT
('Context #1','3D Context with UNIT and UNCERTAINTY') );
#4207 = ( LENGTH_UNIT() NAMED_UNIT(*) SI_UNIT(.MILLI.,.METRE.) );
#4208 = ( NAMED_UNIT(*) PLANE_ANGLE_UNIT() SI_UNIT($,.RADIAN.) );
#4209 = ( NAMED_UNIT(*) SI_UNIT($,.STERADIAN.) SOLID_ANGLE_UNIT() );
#4210 = UNCERTAINTY_MEASURE_WITH_UNIT(LENGTH_MEASURE(1.E-07),#4207,
  'distance_accuracy_value','confusion accuracy');
#4211 = CONTEXT_DEPENDENT_SHAPE_REPRESENTATION(#4212,#4214);
#4212 = ( REPRESENTATION_RELATIONSHIP('','',#4107,#10) 
REPRESENTATION_RELATIONSHIP_WITH_TRANSFORMATION(#4213) 
SHAPE_REPRESENTATION_RELATIONSHIP() );
#4213 = ITEM_DEFINED_TRANSFORMATION('','',#11,#99);
#4214 = PRODUCT_DEFINITION_SHAPE('Placement','Placement of an item',
  #4215);
#4215 = NEXT_ASSEMBLY_USAGE_OCCURRENCE('22','','',#5,#4102,$);
#4216 = PRODUCT_RELATED_PRODUCT_CATEGORY('part',$,(#4104));
#4217 = SHAPE_DEFINITION_REPRESENTATION(#4218,#4224);
#4218 = PRODUCT_DEFINITION_SHAPE('','',#4219);
#4219 = PRODUCT_DEFINITION('design','',#4220,#4223);
#4220 = PRODUCT_DEFINITION_FORMATION('','',#4221);
#4221 = PRODUCT('Open CASCADE STEP translator 7.8 1.23',
  'Open CASCADE STEP translator 7.8 1.23','',(#4222));
#4222 = PRODUCT_CONTEXT('',#2,'mechanical');
#4223 = PRODUCT_DEFINITION_CONTEXT('part definition',#2,'design');
#4224 = ADVANCED_BREP_SHAPE_REPRESENTATION('',(#11,#4225),#4323);
#4225 = MANIFOLD_SOLID_BREP('',#4226);
#4226 = CLOSED_SHELL('',(#4227,#4315,#4319));
#4227 = ADVANCED_FACE('',(#4228),#4242,.T.);
#4228 = FACE_BOUND('',#4229,.F.);
#4229 = EDGE_LOOP('',(#4230,#4260,#4287,#4288));
#4230 = ORIENTED_EDGE('',*,*,#4231,.T.);
#4231 = EDGE_CURVE('',#4232,#4234,#4236,.T.);
#4232 = VERTEX_POINT('',#4233);
#4233 = CARTESIAN_POINT('',(73.131727983645,8.131727983645,35.));
#4234 = VERTEX_POINT('',#4235);
#4235 = CARTESIAN_POINT('',(73.697413408595,7.566042558696,35.));
#4236 = SEAM_CURVE('',#4237,(#4241,#4253),.PCURVE_S1.);
#4237 = LINE('',#4238,#4239);
#4238 = CARTESIAN_POINT('',(73.131727983645,8.131727983645,35.));
#4239 = VECTOR('',#4240,1.);
#4240 = DIRECTION('',(0.707106781187,-0.707106781187,0.));
#4241 = PCURVE('',#4242,#4247);
#4242 = CYLINDRICAL_SURFACE('',#4243,1.5);
#4243 = AXIS2_PLACEMENT_3D('',#4244,#4245,#4246);
#4244 = CARTESIAN_POINT('',(72.071067811865,7.071067811865,35.));
#4245 = DIRECTION('',(-0.707106781187,0.707106781187,-0.));
#4246 = DIRECTION('',(0.707106781187,0.707106781187,0.));
#4247 = DEFINITIONAL_REPRESENTATION('',(#4248),#4252);
#4248 = LINE('',#4249,#4250);
#4249 = CARTESIAN_POINT('',(-0.,0.));
#4250 = VECTOR('',#4251,1.);
#4251 = DIRECTION('',(-0.,-1.));
#4252 = ( GEOMETRIC_REPRESENTATION_CONTEXT(2) 
PARAMETRIC_REPRESENTATION_CONTEXT() REPRESENTATION_CONTEXT('2D SPACE',''
  ) );
#4253 = PCURVE('',#4242,#4254);
#4254 = DEFINITIONAL_REPRESENTATION('',(#4255),#4259);
#4255 = LINE('',#4256,#4257);
#4256 = CARTESIAN_POINT('',(-6.28318530718,0.));
#4257 = VECTOR('',#4258,1.);
#4258 = DIRECTION('',(-0.,-1.));
#4259 = ( GEOMETRIC_REPRESENTATION_CONTEXT(2) 
PARAMETRIC_REPRESENTATION_CONTEXT() REPRESENTATION_CONTEXT('2D SPACE',''
  ) );
#4260 = ORIENTED_EDGE('',*,*,#4261,.T.);
#4261 = EDGE_CURVE('',#4234,#4234,#4262,.T.);
#4262 = SURFACE_CURVE('',#4263,(#4268,#4275),.PCURVE_S1.);
#4263 = CIRCLE('',#4264,1.5);
#4264 = AXIS2_PLACEMENT_3D('',#4265,#4266,#4267);
#4265 = CARTESIAN_POINT('',(72.636753236815,6.505382386916,35.));
#4266 = DIRECTION('',(0.707106781187,-0.707106781187,0.));
#4267 = DIRECTION('',(0.707106781187,0.707106781187,0.));
#4268 = PCURVE('',#4242,#4269);
#4269 = DEFINITIONAL_REPRESENTATION('',(#4270),#4274);
#4270 = LINE('',#4271,#4272);
#4271 = CARTESIAN_POINT('',(-0.,-0.8));
#4272 = VECTOR('',#4273,1.);
#4273 = DIRECTION('',(-1.,0.));
#4274 = ( GEOMETRIC_REPRESENTATION_CONTEXT(2) 
PARAMETRIC_REPRESENTATION_CONTEXT() REPRESENTATION_CONTEXT('2D SPACE',''
  ) );
#4275 = PCURVE('',#4276,#4281);
#4276 = PLANE('',#4277);
#4277 = AXIS2_PLACEMENT_3D('',#4278,#4279,#4280);
#4278 = CARTESIAN_POINT('',(51.423549801218,-14.70782104868,15.));
#4279 = DIRECTION('',(0.707106781187,-0.707106781187,4.834630952926E-16)
  );
#4280 = DIRECTION('',(-0.707106781187,-0.707106781187,1.060825372818E-32
    ));
#4281 = DEFINITIONAL_REPRESENTATION('',(#4282),#4286);
#4282 = CIRCLE('',#4283,1.5);
#4283 = AXIS2_PLACEMENT_2D('',#4284,#4285);
#4284 = CARTESIAN_POINT('',(-30.,-20.));
#4285 = DIRECTION('',(-1.,-8.854031496642E-32));
#4286 = ( GEOMETRIC_REPRESENTATION_CONTEXT(2) 
PARAMETRIC_REPRESENTATION_CONTEXT() REPRESENTATION_CONTEXT('2D SPACE',''
  ) );
#4287 = ORIENTED_EDGE('',*,*,#4231,.F.);
#4288 = ORIENTED_EDGE('',*,*,#4289,.F.);
#4289 = EDGE_CURVE('',#4232,#4232,#4290,.T.);
#4290 = SURFACE_CURVE('',#4291,(#4296,#4303),.PCURVE_S1.);
#4291 = CIRCLE('',#4292,1.5);
#4292 = AXIS2_PLACEMENT_3D('',#4293,#4294,#4295);
#4293 = CARTESIAN_POINT('',(72.071067811865,7.071067811865,35.));
#4294 = DIRECTION('',(0.707106781187,-0.707106781187,0.));
#4295 = DIRECTION('',(0.707106781187,0.707106781187,0.));
#4296 = PCURVE('',#4242,#4297);
#4297 = DEFINITIONAL_REPRESENTATION('',(#4298),#4302);
#4298 = LINE('',#4299,#4300);
#4299 = CARTESIAN_POINT('',(-0.,0.));
#4300 = VECTOR('',#4301,1.);
#4301 = DIRECTION('',(-1.,0.));
#4302 = ( GEOMETRIC_REPRESENTATION_CONTEXT(2) 
PARAMETRIC_REPRESENTATION_CONTEXT() REPRESENTATION_CONTEXT('2D SPACE',''
  ) );
#4303 = PCURVE('',#4304,#4309);
#4304 = PLANE('',#4305);
#4305 = AXIS2_PLACEMENT_3D('',#4306,#4307,#4308);
#4306 = CARTESIAN_POINT('',(50.857864376269,-14.14213562373,15.));
#4307 = DIRECTION('',(0.707106781187,-0.707106781187,4.834630952926E-16)
  );
#4308 = DIRECTION('',(-0.707106781187,-0.707106781187,1.060825372818E-32
    ));
#4309 = DEFINITIONAL_REPRESENTATION('',(#4310),#4314);
#4310 = CIRCLE('',#4311,1.5);
#4311 = AXIS2_PLACEMENT_2D('',#4312,#4313);
#4312 = CARTESIAN_POINT('',(-30.,-20.));
#4313 = DIRECTION('',(-1.,-8.854031496642E-32));
#4314 = ( GEOMETRIC_REPRESENTATION_CONTEXT(2) 
PARAMETRIC_REPRESENTATION_CONTEXT() REPRESENTATION_CONTEXT('2D SPACE',''
  ) );
#4315 = ADVANCED_FACE('',(#4316),#4304,.F.);
#4316 = FACE_BOUND('',#4317,.F.);
#4317 = EDGE_LOOP('',(#4318));
#4318 = ORIENTED_EDGE('',*,*,#4289,.T.);
#4319 = ADVANCED_FACE('',(#4320),#4276,.T.);
#4320 = FACE_BOUND('',#4321,.T.);
#4321 = EDGE_LOOP('',(#4322));
#4322 = ORIENTED_EDGE('',*,*,#4261,.T.);
#4323 = ( GEOMETRIC_REPRESENTATION_CONTEXT(3) 
GLOBAL_UNCERTAINTY_ASSIGNED_CONTEXT((#4327)) 
GLOBAL_UNIT_ASSIGNED_CONTEXT((#4324,#4325,#4326)) REPRESENTATION_CONTEXT
('Context #1','3D Context with UNIT and UNCERTAINTY') );
#4324 = ( LENGTH_UNIT() NAMED_UNIT(*) SI_UNIT(.MILLI.,.METRE.) );
#4325 = ( NAMED_UNIT(*) PLANE_ANGLE_UNIT() SI_UNIT($,.RADIAN.) );
#4326 = ( NAMED_UNIT(*) SI_UNIT($,.STERADIAN.) SOLID_ANGLE_UNIT() );
#4327 = UNCERTAINTY_MEASURE_WITH_UNIT(LENGTH_MEASURE(1.E-07),#4324,
  'distance_accuracy_value','confusion accuracy');
#4328 = CONTEXT_DEPENDENT_SHAPE_REPRESENTATION(#4329,#4331);
#4329 = ( REPRESENTATION_RELATIONSHIP('','',#4224,#10) 
REPRESENTATION_RELATIONSHIP_WITH_TRANSFORMATION(#4330) 
SHAPE_REPRESENTATION_RELATIONSHIP() );
#4330 = ITEM_DEFINED_TRANSFORMATION('','',#11,#103);
#4331 = PRODUCT_DEFINITION_SHAPE('Placement','Placement of an item',
  #4332);
#4332 = NEXT_ASSEMBLY_USAGE_OCCURRENCE('23','','',#5,#4219,$);
#4333 = PRODUCT_RELATED_PRODUCT_CATEGORY('part',$,(#4221));
#4334 = SHAPE_DEFINITION_REPRESENTATION(#4335,#4341);
#4335 = PRODUCT_DEFINITION_SHAPE('','',#4336);
#4336 = PRODUCT_DEFINITION('design','',#4337,#4340);
#4337 = PRODUCT_DEFINITION_FORMATION('','',#4338);
#4338 = PRODUCT('Open CASCADE STEP translator 7.8 1.24',
  'Open CASCADE STEP translator 7.8 1.24','',(#4339));
#4339 = PRODUCT_CONTEXT('',#2,'mechanical');
#4340 = PRODUCT_DEFINITION_CONTEXT('part definition',#2,'design');
#4341 = ADVANCED_BREP_SHAPE_REPRESENTATION('',(#11,#4342),#4440);
#4342 = MANIFOLD_SOLID_BREP('',#4343);
#4343 = CLOSED_SHELL('',(#4344,#4432,#4436));
#4344 = ADVANCED_FACE('',(#4345),#4359,.T.);
#4345 = FACE_BOUND('',#4346,.F.);
#4346 = EDGE_LOOP('',(#4347,#4377,#4404,#4405));
#4347 = ORIENTED_EDGE('',*,*,#4348,.T.);
#4348 = EDGE_CURVE('',#4349,#4351,#4353,.T.);
#4349 = VERTEX_POINT('',#4350);
#4350 = CARTESIAN_POINT('',(73.131727983645,8.131727983645,55.));
#4351 = VERTEX_POINT('',#4352);
#4352 = CARTESIAN_POINT('',(73.697413408595,7.566042558696,55.));
#4353 = SEAM_CURVE('',#4354,(#4358,#4370),.PCURVE_S1.);
#4354 = LINE('',#4355,#4356);
#4355 = CARTESIAN_POINT('',(73.131727983645,8.131727983645,55.));
#4356 = VECTOR('',#4357,1.);
#4357 = DIRECTION('',(0.707106781187,-0.707106781187,0.));
#4358 = PCURVE('',#4359,#4364);
#4359 = CYLINDRICAL_SURFACE('',#4360,1.5);
#4360 = AXIS2_PLACEMENT_3D('',#4361,#4362,#4363);
#4361 = CARTESIAN_POINT('',(72.071067811865,7.071067811865,55.));
#4362 = DIRECTION('',(-0.707106781187,0.707106781187,-0.));
#4363 = DIRECTION('',(0.707106781187,0.707106781187,0.));
#4364 = DEFINITIONAL_REPRESENTATION('',(#4365),#4369);
#4365 = LINE('',#4366,#4367);
#4366 = CARTESIAN_POINT('',(-0.,0.));
#4367 = VECTOR('',#4368,1.);
#4368 = DIRECTION('',(-0.,-1.));
#4369 = ( GEOMETRIC_REPRESENTATION_CONTEXT(2) 
PARAMETRIC_REPRESENTATION_CONTEXT() REPRESENTATION_CONTEXT('2D SPACE',''
  ) );
#4370 = PCURVE('',#4359,#4371);
#4371 = DEFINITIONAL_REPRESENTATION('',(#4372),#4376);
#4372 = LINE('',#4373,#4374);
#4373 = CARTESIAN_POINT('',(-6.28318530718,0.));
#4374 = VECTOR('',#4375,1.);
#4375 = DIRECTION('',(-0.,-1.));
#4376 = ( GEOMETRIC_REPRESENTATION_CONTEXT(2) 
PARAMETRIC_REPRESENTATION_CONTEXT() REPRESENTATION_CONTEXT('2D SPACE',''
  ) );
#4377 = ORIENTED_EDGE('',*,*,#4378,.T.);
#4378 = EDGE_CURVE('',#4351,#4351,#4379,.T.);
#4379 = SURFACE_CURVE('',#4380,(#4385,#4392),.PCURVE_S1.);
#4380 = CIRCLE('',#4381,1.5);
#4381 = AXIS2_PLACEMENT_3D('',#4382,#4383,#4384);
#4382 = CARTESIAN_POINT('',(72.636753236815,6.505382386916,55.));
#4383 = DIRECTION('',(0.707106781187,-0.707106781187,0.));
#4384 = DIRECTION('',(0.707106781187,0.707106781187,0.));
#4385 = PCURVE('',#4359,#4386);
#4386 = DEFINITIONAL_REPRESENTATION('',(#4387),#4391);
#4387 = LINE('',#4388,#4389);
#4388 = CARTESIAN_POINT('',(-0.,-0.8));
#4389 = VECTOR('',#4390,1.);
#4390 = DIRECTION('',(-1.,0.));
#4391 = ( GEOMETRIC_REPRESENTATION_CONTEXT(2) 
PARAMETRIC_REPRESENTATION_CONTEXT() REPRESENTATION_CONTEXT('2D SPACE',''
  ) );
#4392 = PCURVE('',#4393,#4398);
#4393 = PLANE('',#4394);
#4394 = AXIS2_PLACEMENT_3D('',#4395,#4396,#4397);
#4395 = CARTESIAN_POINT('',(51.423549801218,-14.70782104868,15.));
#4396 = DIRECTION('',(0.707106781187,-0.707106781187,4.834630952926E-16)
  );
#4397 = DIRECTION('',(-0.707106781187,-0.707106781187,1.060825372818E-32
    ));
#4398 = DEFINITIONAL_REPRESENTATION('',(#4399),#4403);
#4399 = CIRCLE('',#4400,1.5);
#4400 = AXIS2_PLACEMENT_2D('',#4401,#4402);
#4401 = CARTESIAN_POINT('',(-30.,-40.));
#4402 = DIRECTION('',(-1.,-8.854031496642E-32));
#4403 = ( GEOMETRIC_REPRESENTATION_CONTEXT(2) 
PARAMETRIC_REPRESENTATION_CONTEXT() REPRESENTATION_CONTEXT('2D SPACE',''
  ) );
#4404 = ORIENTED_EDGE('',*,*,#4348,.F.);
#4405 = ORIENTED_EDGE('',*,*,#4406,.F.);
#4406 = EDGE_CURVE('',#4349,#4349,#4407,.T.);
#4407 = SURFACE_CURVE('',#4408,(#4413,#4420),.PCURVE_S1.);
#4408 = CIRCLE('',#4409,1.5);
#4409 = AXIS2_PLACEMENT_3D('',#4410,#4411,#4412);
#4410 = CARTESIAN_POINT('',(72.071067811865,7.071067811865,55.));
#4411 = DIRECTION('',(0.707106781187,-0.707106781187,0.));
#4412 = DIRECTION('',(0.707106781187,0.707106781187,0.));
#4413 = PCURVE('',#4359,#4414);
#4414 = DEFINITIONAL_REPRESENTATION('',(#4415),#4419);
#4415 = LINE('',#4416,#4417);
#4416 = CARTESIAN_POINT('',(-0.,0.));
#4417 = VECTOR('',#4418,1.);
#4418 = DIRECTION('',(-1.,0.));
#4419 = ( GEOMETRIC_REPRESENTATION_CONTEXT(2) 
PARAMETRIC_REPRESENTATION_CONTEXT() REPRESENTATION_CONTEXT('2D SPACE',''
  ) );
#4420 = PCURVE('',#4421,#4426);
#4421 = PLANE('',#4422);
#4422 = AXIS2_PLACEMENT_3D('',#4423,#4424,#4425);
#4423 = CARTESIAN_POINT('',(50.857864376269,-14.14213562373,15.));
#4424 = DIRECTION('',(0.707106781187,-0.707106781187,4.834630952926E-16)
  );
#4425 = DIRECTION('',(-0.707106781187,-0.707106781187,1.060825372818E-32
    ));
#4426 = DEFINITIONAL_REPRESENTATION('',(#4427),#4431);
#4427 = CIRCLE('',#4428,1.5);
#4428 = AXIS2_PLACEMENT_2D('',#4429,#4430);
#4429 = CARTESIAN_POINT('',(-30.,-40.));
#4430 = DIRECTION('',(-1.,-8.854031496642E-32));
#4431 = ( GEOMETRIC_REPRESENTATION_CONTEXT(2) 
PARAMETRIC_REPRESENTATION_CONTEXT() REPRESENTATION_CONTEXT('2D SPACE',''
  ) );
#4432 = ADVANCED_FACE('',(#4433),#4421,.F.);
#4433 = FACE_BOUND('',#4434,.F.);
#4434 = EDGE_LOOP('',(#4435));
#4435 = ORIENTED_EDGE('',*,*,#4406,.T.);
#4436 = ADVANCED_FACE('',(#4437),#4393,.T.);
#4437 = FACE_BOUND('',#4438,.T.);
#4438 = EDGE_LOOP('',(#4439));
#4439 = ORIENTED_EDGE('',*,*,#4378,.T.);
#4440 = ( GEOMETRIC_REPRESENTATION_CONTEXT(3) 
GLOBAL_UNCERTAINTY_ASSIGNED_CONTEXT((#4444)) 
GLOBAL_UNIT_ASSIGNED_CONTEXT((#4441,#4442,#4443)) REPRESENTATION_CONTEXT
('Context #1','3D Context with UNIT and UNCERTAINTY') );
#4441 = ( LENGTH_UNIT() NAMED_UNIT(*) SI_UNIT(.MILLI.,.METRE.) );
#4442 = ( NAMED_UNIT(*) PLANE_ANGLE_UNIT() SI_UNIT($,.RADIAN.) );
#4443 = ( NAMED_UNIT(*) SI_UNIT($,.STERADIAN.) SOLID_ANGLE_UNIT() );
#4444 = UNCERTAINTY_MEASURE_WITH_UNIT(LENGTH_MEASURE(1.E-07),#4441,
  'distance_accuracy_value','confusion accuracy');
#4445 = CONTEXT_DEPENDENT_SHAPE_REPRESENTATION(#4446,#4448);
#4446 = ( REPRESENTATION_RELATIONSHIP('','',#4341,#10) 
REPRESENTATION_RELATIONSHIP_WITH_TRANSFORMATION(#4447) 
SHAPE_REPRESENTATION_RELATIONSHIP() );
#4447 = ITEM_DEFINED_TRANSFORMATION('','',#11,#107);
#4448 = PRODUCT_DEFINITION_SHAPE('Placement','Placement of an item',
  #4449);
#4449 = NEXT_ASSEMBLY_USAGE_OCCURRENCE('24','','',#5,#4336,$);
#4450 = PRODUCT_RELATED_PRODUCT_CATEGORY('part',$,(#4338));
#4451 = SHAPE_DEFINITION_REPRESENTATION(#4452,#4458);
#4452 = PRODUCT_DEFINITION_SHAPE('','',#4453);
#4453 = PRODUCT_DEFINITION('design','',#4454,#4457);
#4454 = PRODUCT_DEFINITION_FORMATION('','',#4455);
#4455 = PRODUCT('Open CASCADE STEP translator 7.8 1.25',
  'Open CASCADE STEP translator 7.8 1.25','',(#4456));
#4456 = PRODUCT_CONTEXT('',#2,'mechanical');
#4457 = PRODUCT_DEFINITION_CONTEXT('part definition',#2,'design');
#4458 = ADVANCED_BREP_SHAPE_REPRESENTATION('',(#11,#4459),#4557);
#4459 = MANIFOLD_SOLID_BREP('',#4460);
#4460 = CLOSED_SHELL('',(#4461,#4549,#4553));
#4461 = ADVANCED_FACE('',(#4462),#4476,.T.);
#4462 = FACE_BOUND('',#4463,.F.);
#4463 = EDGE_LOOP('',(#4464,#4494,#4521,#4522));
#4464 = ORIENTED_EDGE('',*,*,#4465,.T.);
#4465 = EDGE_CURVE('',#4466,#4468,#4470,.T.);
#4466 = VERTEX_POINT('',#4467);
#4467 = CARTESIAN_POINT('',(73.131727983645,8.131727983645,65.));
#4468 = VERTEX_POINT('',#4469);
#4469 = CARTESIAN_POINT('',(73.697413408595,7.566042558696,65.));
#4470 = SEAM_CURVE('',#4471,(#4475,#4487),.PCURVE_S1.);
#4471 = LINE('',#4472,#4473);
#4472 = CARTESIAN_POINT('',(73.131727983645,8.131727983645,65.));
#4473 = VECTOR('',#4474,1.);
#4474 = DIRECTION('',(0.707106781187,-0.707106781187,0.));
#4475 = PCURVE('',#4476,#4481);
#4476 = CYLINDRICAL_SURFACE('',#4477,1.5);
#4477 = AXIS2_PLACEMENT_3D('',#4478,#4479,#4480);
#4478 = CARTESIAN_POINT('',(72.071067811865,7.071067811865,65.));
#4479 = DIRECTION('',(-0.707106781187,0.707106781187,-0.));
#4480 = DIRECTION('',(0.707106781187,0.707106781187,0.));
#4481 = DEFINITIONAL_REPRESENTATION('',(#4482),#4486);
#4482 = LINE('',#4483,#4484);
#4483 = CARTESIAN_POINT('',(-0.,0.));
#4484 = VECTOR('',#4485,1.);
#4485 = DIRECTION('',(-0.,-1.));
#4486 = ( GEOMETRIC_REPRESENTATION_CONTEXT(2) 
PARAMETRIC_REPRESENTATION_CONTEXT() REPRESENTATION_CONTEXT('2D SPACE',''
  ) );
#4487 = PCURVE('',#4476,#4488);
#4488 = DEFINITIONAL_REPRESENTATION('',(#4489),#4493);
#4489 = LINE('',#4490,#4491);
#4490 = CARTESIAN_POINT('',(-6.28318530718,0.));
#4491 = VECTOR('',#4492,1.);
#4492 = DIRECTION('',(-0.,-1.));
#4493 = ( GEOMETRIC_REPRESENTATION_CONTEXT(2) 
PARAMETRIC_REPRESENTATION_CONTEXT() REPRESENTATION_CONTEXT('2D SPACE',''
  ) );
#4494 = ORIENTED_EDGE('',*,*,#4495,.T.);
#4495 = EDGE_CURVE('',#4468,#4468,#4496,.T.);
#4496 = SURFACE_CURVE('',#4497,(#4502,#4509),.PCURVE_S1.);
#4497 = CIRCLE('',#4498,1.5);
#4498 = AXIS2_PLACEMENT_3D('',#4499,#4500,#4501);
#4499 = CARTESIAN_POINT('',(72.636753236815,6.505382386916,65.));
#4500 = DIRECTION('',(0.707106781187,-0.707106781187,0.));
#4501 = DIRECTION('',(0.707106781187,0.707106781187,0.));
#4502 = PCURVE('',#4476,#4503);
#4503 = DEFINITIONAL_REPRESENTATION('',(#4504),#4508);
#4504 = LINE('',#4505,#4506);
#4505 = CARTESIAN_POINT('',(-0.,-0.8));
#4506 = VECTOR('',#4507,1.);
#4507 = DIRECTION('',(-1.,0.));
#4508 = ( GEOMETRIC_REPRESENTATION_CONTEXT(2) 
PARAMETRIC_REPRESENTATION_CONTEXT() REPRESENTATION_CONTEXT('2D SPACE',''
  ) );
#4509 = PCURVE('',#4510,#4515);
#4510 = PLANE('',#4511);
#4511 = AXIS2_PLACEMENT_3D('',#4512,#4513,#4514);
#4512 = CARTESIAN_POINT('',(51.423549801218,-14.70782104868,15.));
#4513 = DIRECTION('',(0.707106781187,-0.707106781187,4.834630952926E-16)
  );
#4514 = DIRECTION('',(-0.707106781187,-0.707106781187,1.060825372818E-32
    ));
#4515 = DEFINITIONAL_REPRESENTATION('',(#4516),#4520);
#4516 = CIRCLE('',#4517,1.5);
#4517 = AXIS2_PLACEMENT_2D('',#4518,#4519);
#4518 = CARTESIAN_POINT('',(-30.,-50.));
#4519 = DIRECTION('',(-1.,-8.854031496642E-32));
#4520 = ( GEOMETRIC_REPRESENTATION_CONTEXT(2) 
PARAMETRIC_REPRESENTATION_CONTEXT() REPRESENTATION_CONTEXT('2D SPACE',''
  ) );
#4521 = ORIENTED_EDGE('',*,*,#4465,.F.);
#4522 = ORIENTED_EDGE('',*,*,#4523,.F.);
#4523 = EDGE_CURVE('',#4466,#4466,#4524,.T.);
#4524 = SURFACE_CURVE('',#4525,(#4530,#4537),.PCURVE_S1.);
#4525 = CIRCLE('',#4526,1.5);
#4526 = AXIS2_PLACEMENT_3D('',#4527,#4528,#4529);
#4527 = CARTESIAN_POINT('',(72.071067811865,7.071067811865,65.));
#4528 = DIRECTION('',(0.707106781187,-0.707106781187,0.));
#4529 = DIRECTION('',(0.707106781187,0.707106781187,0.));
#4530 = PCURVE('',#4476,#4531);
#4531 = DEFINITIONAL_REPRESENTATION('',(#4532),#4536);
#4532 = LINE('',#4533,#4534);
#4533 = CARTESIAN_POINT('',(-0.,0.));
#4534 = VECTOR('',#4535,1.);
#4535 = DIRECTION('',(-1.,0.));
#4536 = ( GEOMETRIC_REPRESENTATION_CONTEXT(2) 
PARAMETRIC_REPRESENTATION_CONTEXT() REPRESENTATION_CONTEXT('2D SPACE',''
  ) );
#4537 = PCURVE('',#4538,#4543);
#4538 = PLANE('',#4539);
#4539 = AXIS2_PLACEMENT_3D('',#4540,#4541,#4542);
#4540 = CARTESIAN_POINT('',(50.857864376269,-14.14213562373,15.));
#4541 = DIRECTION('',(0.707106781187,-0.707106781187,4.834630952926E-16)
  );
#4542 = DIRECTION('',(-0.707106781187,-0.707106781187,1.060825372818E-32
    ));
#4543 = DEFINITIONAL_REPRESENTATION('',(#4544),#4548);
#4544 = CIRCLE('',#4545,1.5);
#4545 = AXIS2_PLACEMENT_2D('',#4546,#4547);
#4546 = CARTESIAN_POINT('',(-30.,-50.));
#4547 = DIRECTION('',(-1.,-8.854031496642E-32));
#4548 = ( GEOMETRIC_REPRESENTATION_CONTEXT(2) 
PARAMETRIC_REPRESENTATION_CONTEXT() REPRESENTATION_CONTEXT('2D SPACE',''
  ) );
#4549 = ADVANCED_FACE('',(#4550),#4538,.F.);
#4550 = FACE_BOUND('',#4551,.F.);
#4551 = EDGE_LOOP('',(#4552));
#4552 = ORIENTED_EDGE('',*,*,#4523,.T.);
#4553 = ADVANCED_FACE('',(#4554),#4510,.T.);
#4554 = FACE_BOUND('',#4555,.T.);
#4555 = EDGE_LOOP('',(#4556));
#4556 = ORIENTED_EDGE('',*,*,#4495,.T.);
#4557 = ( GEOMETRIC_REPRESENTATION_CONTEXT(3) 
GLOBAL_UNCERTAINTY_ASSIGNED_CONTEXT((#4561)) 
GLOBAL_UNIT_ASSIGNED_CONTEXT((#4558,#4559,#4560)) REPRESENTATION_CONTEXT
('Context #1','3D Context with UNIT and UNCERTAINTY') );
#4558 = ( LENGTH_UNIT() NAMED_UNIT(*) SI_UNIT(.MILLI.,.METRE.) );
#4559 = ( NAMED_UNIT(*) PLANE_ANGLE_UNIT() SI_UNIT($,.RADIAN.) );
#4560 = ( NAMED_UNIT(*) SI_UNIT($,.STERADIAN.) SOLID_ANGLE_UNIT() );
#4561 = UNCERTAINTY_MEASURE_WITH_UNIT(LENGTH_MEASURE(1.E-07),#4558,
  'distance_accuracy_value','confusion accuracy');
#4562 = CONTEXT_DEPENDENT_SHAPE_REPRESENTATION(#4563,#4565);
#4563 = ( REPRESENTATION_RELATIONSHIP('','',#4458,#10) 
REPRESENTATION_RELATIONSHIP_WITH_TRANSFORMATION(#4564) 
SHAPE_REPRESENTATION_RELATIONSHIP() );
#4564 = ITEM_DEFINED_TRANSFORMATION('','',#11,#111);
#4565 = PRODUCT_DEFINITION_SHAPE('Placement','Placement of an item',
  #4566);
#4566 = NEXT_ASSEMBLY_USAGE_OCCURRENCE('25','','',#5,#4453,$);
#4567 = PRODUCT_RELATED_PRODUCT_CATEGORY('part',$,(#4455));
#4568 = SHAPE_DEFINITION_REPRESENTATION(#4569,#4575);
#4569 = PRODUCT_DEFINITION_SHAPE('','',#4570);
#4570 = PRODUCT_DEFINITION('design','',#4571,#4574);
#4571 = PRODUCT_DEFINITION_FORMATION('','',#4572);
#4572 = PRODUCT('Open CASCADE STEP translator 7.8 1.26',
  'Open CASCADE STEP translator 7.8 1.26','',(#4573));
#4573 = PRODUCT_CONTEXT('',#2,'mechanical');
#4574 = PRODUCT_DEFINITION_CONTEXT('part definition',#2,'design');
#4575 = ADVANCED_BREP_SHAPE_REPRESENTATION('',(#11,#4576),#4674);
#4576 = MANIFOLD_SOLID_BREP('',#4577);
#4577 = CLOSED_SHELL('',(#4578,#4666,#4670));
#4578 = ADVANCED_FACE('',(#4579),#4593,.T.);
#4579 = FACE_BOUND('',#4580,.F.);
#4580 = EDGE_LOOP('',(#4581,#4611,#4638,#4639));
#4581 = ORIENTED_EDGE('',*,*,#4582,.T.);
#4582 = EDGE_CURVE('',#4583,#4585,#4587,.T.);
#4583 = VERTEX_POINT('',#4584);
#4584 = CARTESIAN_POINT('',(73.131727983645,8.131727983645,75.));
#4585 = VERTEX_POINT('',#4586);
#4586 = CARTESIAN_POINT('',(73.697413408595,7.566042558696,75.));
#4587 = SEAM_CURVE('',#4588,(#4592,#4604),.PCURVE_S1.);
#4588 = LINE('',#4589,#4590);
#4589 = CARTESIAN_POINT('',(73.131727983645,8.131727983645,75.));
#4590 = VECTOR('',#4591,1.);
#4591 = DIRECTION('',(0.707106781187,-0.707106781187,0.));
#4592 = PCURVE('',#4593,#4598);
#4593 = CYLINDRICAL_SURFACE('',#4594,1.5);
#4594 = AXIS2_PLACEMENT_3D('',#4595,#4596,#4597);
#4595 = CARTESIAN_POINT('',(72.071067811865,7.071067811865,75.));
#4596 = DIRECTION('',(-0.707106781187,0.707106781187,-0.));
#4597 = DIRECTION('',(0.707106781187,0.707106781187,0.));
#4598 = DEFINITIONAL_REPRESENTATION('',(#4599),#4603);
#4599 = LINE('',#4600,#4601);
#4600 = CARTESIAN_POINT('',(-0.,0.));
#4601 = VECTOR('',#4602,1.);
#4602 = DIRECTION('',(-0.,-1.));
#4603 = ( GEOMETRIC_REPRESENTATION_CONTEXT(2) 
PARAMETRIC_REPRESENTATION_CONTEXT() REPRESENTATION_CONTEXT('2D SPACE',''
  ) );
#4604 = PCURVE('',#4593,#4605);
#4605 = DEFINITIONAL_REPRESENTATION('',(#4606),#4610);
#4606 = LINE('',#4607,#4608);
#4607 = CARTESIAN_POINT('',(-6.28318530718,0.));
#4608 = VECTOR('',#4609,1.);
#4609 = DIRECTION('',(-0.,-1.));
#4610 = ( GEOMETRIC_REPRESENTATION_CONTEXT(2) 
PARAMETRIC_REPRESENTATION_CONTEXT() REPRESENTATION_CONTEXT('2D SPACE',''
  ) );
#4611 = ORIENTED_EDGE('',*,*,#4612,.T.);
#4612 = EDGE_CURVE('',#4585,#4585,#4613,.T.);
#4613 = SURFACE_CURVE('',#4614,(#4619,#4626),.PCURVE_S1.);
#4614 = CIRCLE('',#4615,1.5);
#4615 = AXIS2_PLACEMENT_3D('',#4616,#4617,#4618);
#4616 = CARTESIAN_POINT('',(72.636753236815,6.505382386916,75.));
#4617 = DIRECTION('',(0.707106781187,-0.707106781187,0.));
#4618 = DIRECTION('',(0.707106781187,0.707106781187,0.));
#4619 = PCURVE('',#4593,#4620);
#4620 = DEFINITIONAL_REPRESENTATION('',(#4621),#4625);
#4621 = LINE('',#4622,#4623);
#4622 = CARTESIAN_POINT('',(-0.,-0.8));
#4623 = VECTOR('',#4624,1.);
#4624 = DIRECTION('',(-1.,0.));
#4625 = ( GEOMETRIC_REPRESENTATION_CONTEXT(2) 
PARAMETRIC_REPRESENTATION_CONTEXT() REPRESENTATION_CONTEXT('2D SPACE',''
  ) );
#4626 = PCURVE('',#4627,#4632);
#4627 = PLANE('',#4628);
#4628 = AXIS2_PLACEMENT_3D('',#4629,#4630,#4631);
#4629 = CARTESIAN_POINT('',(51.423549801218,-14.70782104868,15.));
#4630 = DIRECTION('',(0.707106781187,-0.707106781187,4.834630952926E-16)
  );
#4631 = DIRECTION('',(-0.707106781187,-0.707106781187,1.060825372818E-32
    ));
#4632 = DEFINITIONAL_REPRESENTATION('',(#4633),#4637);
#4633 = CIRCLE('',#4634,1.5);
#4634 = AXIS2_PLACEMENT_2D('',#4635,#4636);
#4635 = CARTESIAN_POINT('',(-30.,-60.));
#4636 = DIRECTION('',(-1.,-8.854031496642E-32));
#4637 = ( GEOMETRIC_REPRESENTATION_CONTEXT(2) 
PARAMETRIC_REPRESENTATION_CONTEXT() REPRESENTATION_CONTEXT('2D SPACE',''
  ) );
#4638 = ORIENTED_EDGE('',*,*,#4582,.F.);
#4639 = ORIENTED_EDGE('',*,*,#4640,.F.);
#4640 = EDGE_CURVE('',#4583,#4583,#4641,.T.);
#4641 = SURFACE_CURVE('',#4642,(#4647,#4654),.PCURVE_S1.);
#4642 = CIRCLE('',#4643,1.5);
#4643 = AXIS2_PLACEMENT_3D('',#4644,#4645,#4646);
#4644 = CARTESIAN_POINT('',(72.071067811865,7.071067811865,75.));
#4645 = DIRECTION('',(0.707106781187,-0.707106781187,0.));
#4646 = DIRECTION('',(0.707106781187,0.707106781187,0.));
#4647 = PCURVE('',#4593,#4648);
#4648 = DEFINITIONAL_REPRESENTATION('',(#4649),#4653);
#4649 = LINE('',#4650,#4651);
#4650 = CARTESIAN_POINT('',(-0.,0.));
#4651 = VECTOR('',#4652,1.);
#4652 = DIRECTION('',(-1.,0.));
#4653 = ( GEOMETRIC_REPRESENTATION_CONTEXT(2) 
PARAMETRIC_REPRESENTATION_CONTEXT() REPRESENTATION_CONTEXT('2D SPACE',''
  ) );
#4654 = PCURVE('',#4655,#4660);
#4655 = PLANE('',#4656);
#4656 = AXIS2_PLACEMENT_3D('',#4657,#4658,#4659);
#4657 = CARTESIAN_POINT('',(50.857864376269,-14.14213562373,15.));
#4658 = DIRECTION('',(0.707106781187,-0.707106781187,4.834630952926E-16)
  );
#4659 = DIRECTION('',(-0.707106781187,-0.707106781187,1.060825372818E-32
    ));
#4660 = DEFINITIONAL_REPRESENTATION('',(#4661),#4665);
#4661 = CIRCLE('',#4662,1.5);
#4662 = AXIS2_PLACEMENT_2D('',#4663,#4664);
#4663 = CARTESIAN_POINT('',(-30.,-60.));
#4664 = DIRECTION('',(-1.,-8.854031496642E-32));
#4665 = ( GEOMETRIC_REPRESENTATION_CONTEXT(2) 
PARAMETRIC_REPRESENTATION_CONTEXT() REPRESENTATION_CONTEXT('2D SPACE',''
  ) );
#4666 = ADVANCED_FACE('',(#4667),#4655,.F.);
#4667 = FACE_BOUND('',#4668,.F.);
#4668 = EDGE_LOOP('',(#4669));
#4669 = ORIENTED_EDGE('',*,*,#4640,.T.);
#4670 = ADVANCED_FACE('',(#4671),#4627,.T.);
#4671 = FACE_BOUND('',#4672,.T.);
#4672 = EDGE_LOOP('',(#4673));
#4673 = ORIENTED_EDGE('',*,*,#4612,.T.);
#4674 = ( GEOMETRIC_REPRESENTATION_CONTEXT(3) 
GLOBAL_UNCERTAINTY_ASSIGNED_CONTEXT((#4678)) 
GLOBAL_UNIT_ASSIGNED_CONTEXT((#4675,#4676,#4677)) REPRESENTATION_CONTEXT
('Context #1','3D Context with UNIT and UNCERTAINTY') );
#4675 = ( LENGTH_UNIT() NAMED_UNIT(*) SI_UNIT(.MILLI.,.METRE.) );
#4676 = ( NAMED_UNIT(*) PLANE_ANGLE_UNIT() SI_UNIT($,.RADIAN.) );
#4677 = ( NAMED_UNIT(*) SI_UNIT($,.STERADIAN.) SOLID_ANGLE_UNIT() );
#4678 = UNCERTAINTY_MEASURE_WITH_UNIT(LENGTH_MEASURE(1.E-07),#4675,
  'distance_accuracy_value','confusion accuracy');
#4679 = CONTEXT_DEPENDENT_SHAPE_REPRESENTATION(#4680,#4682);
#4680 = ( REPRESENTATION_RELATIONSHIP('','',#4575,#10) 
REPRESENTATION_RELATIONSHIP_WITH_TRANSFORMATION(#4681) 
SHAPE_REPRESENTATION_RELATIONSHIP() );
#4681 = ITEM_DEFINED_TRANSFORMATION('','',#11,#115);
#4682 = PRODUCT_DEFINITION_SHAPE('Placement','Placement of an item',
  #4683);
#4683 = NEXT_ASSEMBLY_USAGE_OCCURRENCE('26','','',#5,#4570,$);
#4684 = PRODUCT_RELATED_PRODUCT_CATEGORY('part',$,(#4572));
#4685 = SHAPE_DEFINITION_REPRESENTATION(#4686,#4692);
#4686 = PRODUCT_DEFINITION_SHAPE('','',#4687);
#4687 = PRODUCT_DEFINITION('design','',#4688,#4691);
#4688 = PRODUCT_DEFINITION_FORMATION('','',#4689);
#4689 = PRODUCT('Open CASCADE STEP translator 7.8 1.27',
  'Open CASCADE STEP translator 7.8 1.27','',(#4690));
#4690 = PRODUCT_CONTEXT('',#2,'mechanical');
#4691 = PRODUCT_DEFINITION_CONTEXT('part definition',#2,'design');
#4692 = ADVANCED_BREP_SHAPE_REPRESENTATION('',(#11,#4693),#4791);
#4693 = MANIFOLD_SOLID_BREP('',#4694);
#4694 = CLOSED_SHELL('',(#4695,#4783,#4787));
#4695 = ADVANCED_FACE('',(#4696),#4710,.T.);
#4696 = FACE_BOUND('',#4697,.F.);
#4697 = EDGE_LOOP('',(#4698,#4728,#4755,#4756));
#4698 = ORIENTED_EDGE('',*,*,#4699,.T.);
#4699 = EDGE_CURVE('',#4700,#4702,#4704,.T.);
#4700 = VERTEX_POINT('',#4701);
#4701 = CARTESIAN_POINT('',(80.202795795511,15.202795795511,15.));
#4702 = VERTEX_POINT('',#4703);
#4703 = CARTESIAN_POINT('',(80.76848122046,14.637110370562,15.));
#4704 = SEAM_CURVE('',#4705,(#4709,#4721),.PCURVE_S1.);
#4705 = LINE('',#4706,#4707);
#4706 = CARTESIAN_POINT('',(80.202795795511,15.202795795511,15.));
#4707 = VECTOR('',#4708,1.);
#4708 = DIRECTION('',(0.707106781187,-0.707106781187,0.));
#4709 = PCURVE('',#4710,#4715);
#4710 = CYLINDRICAL_SURFACE('',#4711,1.5);
#4711 = AXIS2_PLACEMENT_3D('',#4712,#4713,#4714);
#4712 = CARTESIAN_POINT('',(79.142135623731,14.142135623731,15.));
#4713 = DIRECTION('',(-0.707106781187,0.707106781187,-0.));
#4714 = DIRECTION('',(0.707106781187,0.707106781187,0.));
#4715 = DEFINITIONAL_REPRESENTATION('',(#4716),#4720);
#4716 = LINE('',#4717,#4718);
#4717 = CARTESIAN_POINT('',(-0.,0.));
#4718 = VECTOR('',#4719,1.);
#4719 = DIRECTION('',(-0.,-1.));
#4720 = ( GEOMETRIC_REPRESENTATION_CONTEXT(2) 
PARAMETRIC_REPRESENTATION_CONTEXT() REPRESENTATION_CONTEXT('2D SPACE',''
  ) );
#4721 = PCURVE('',#4710,#4722);
#4722 = DEFINITIONAL_REPRESENTATION('',(#4723),#4727);
#4723 = LINE('',#4724,#4725);
#4724 = CARTESIAN_POINT('',(-6.28318530718,0.));
#4725 = VECTOR('',#4726,1.);
#4726 = DIRECTION('',(-0.,-1.));
#4727 = ( GEOMETRIC_REPRESENTATION_CONTEXT(2) 
PARAMETRIC_REPRESENTATION_CONTEXT() REPRESENTATION_CONTEXT('2D SPACE',''
  ) );
#4728 = ORIENTED_EDGE('',*,*,#4729,.T.);
#4729 = EDGE_CURVE('',#4702,#4702,#4730,.T.);
#4730 = SURFACE_CURVE('',#4731,(#4736,#4743),.PCURVE_S1.);
#4731 = CIRCLE('',#4732,1.5);
#4732 = AXIS2_PLACEMENT_3D('',#4733,#4734,#4735);
#4733 = CARTESIAN_POINT('',(79.70782104868,13.576450198782,15.));
#4734 = DIRECTION('',(0.707106781187,-0.707106781187,0.));
#4735 = DIRECTION('',(0.707106781187,0.707106781187,0.));
#4736 = PCURVE('',#4710,#4737);
#4737 = DEFINITIONAL_REPRESENTATION('',(#4738),#4742);
#4738 = LINE('',#4739,#4740);
#4739 = CARTESIAN_POINT('',(-0.,-0.8));
#4740 = VECTOR('',#4741,1.);
#4741 = DIRECTION('',(-1.,0.));
#4742 = ( GEOMETRIC_REPRESENTATION_CONTEXT(2) 
PARAMETRIC_REPRESENTATION_CONTEXT() REPRESENTATION_CONTEXT('2D SPACE',''
  ) );
#4743 = PCURVE('',#4744,#4749);
#4744 = PLANE('',#4745);
#4745 = AXIS2_PLACEMENT_3D('',#4746,#4747,#4748);
#4746 = CARTESIAN_POINT('',(51.423549801218,-14.70782104868,15.));
#4747 = DIRECTION('',(0.707106781187,-0.707106781187,4.834630952926E-16)
  );
#4748 = DIRECTION('',(-0.707106781187,-0.707106781187,1.060825372818E-32
    ));
#4749 = DEFINITIONAL_REPRESENTATION('',(#4750),#4754);
#4750 = CIRCLE('',#4751,1.5);
#4751 = AXIS2_PLACEMENT_2D('',#4752,#4753);
#4752 = CARTESIAN_POINT('',(-40.,-2.815494922535E-30));
#4753 = DIRECTION('',(-1.,-8.854031496642E-32));
#4754 = ( GEOMETRIC_REPRESENTATION_CONTEXT(2) 
PARAMETRIC_REPRESENTATION_CONTEXT() REPRESENTATION_CONTEXT('2D SPACE',''
  ) );
#4755 = ORIENTED_EDGE('',*,*,#4699,.F.);
#4756 = ORIENTED_EDGE('',*,*,#4757,.F.);
#4757 = EDGE_CURVE('',#4700,#4700,#4758,.T.);
#4758 = SURFACE_CURVE('',#4759,(#4764,#4771),.PCURVE_S1.);
#4759 = CIRCLE('',#4760,1.5);
#4760 = AXIS2_PLACEMENT_3D('',#4761,#4762,#4763);
#4761 = CARTESIAN_POINT('',(79.142135623731,14.142135623731,15.));
#4762 = DIRECTION('',(0.707106781187,-0.707106781187,0.));
#4763 = DIRECTION('',(0.707106781187,0.707106781187,0.));
#4764 = PCURVE('',#4710,#4765);
#4765 = DEFINITIONAL_REPRESENTATION('',(#4766),#4770);
#4766 = LINE('',#4767,#4768);
#4767 = CARTESIAN_POINT('',(-0.,0.));
#4768 = VECTOR('',#4769,1.);
#4769 = DIRECTION('',(-1.,0.));
#4770 = ( GEOMETRIC_REPRESENTATION_CONTEXT(2) 
PARAMETRIC_REPRESENTATION_CONTEXT() REPRESENTATION_CONTEXT('2D SPACE',''
  ) );
#4771 = PCURVE('',#4772,#4777);
#4772 = PLANE('',#4773);
#4773 = AXIS2_PLACEMENT_3D('',#4774,#4775,#4776);
#4774 = CARTESIAN_POINT('',(50.857864376269,-14.14213562373,15.));
#4775 = DIRECTION('',(0.707106781187,-0.707106781187,4.834630952926E-16)
  );
#4776 = DIRECTION('',(-0.707106781187,-0.707106781187,1.060825372818E-32
    ));
#4777 = DEFINITIONAL_REPRESENTATION('',(#4778),#4782);
#4778 = CIRCLE('',#4779,1.5);
#4779 = AXIS2_PLACEMENT_2D('',#4780,#4781);
#4780 = CARTESIAN_POINT('',(-40.,-2.815494922535E-30));
#4781 = DIRECTION('',(-1.,-8.854031496642E-32));
#4782 = ( GEOMETRIC_REPRESENTATION_CONTEXT(2) 
PARAMETRIC_REPRESENTATION_CONTEXT() REPRESENTATION_CONTEXT('2D SPACE',''
  ) );
#4783 = ADVANCED_FACE('',(#4784),#4772,.F.);
#4784 = FACE_BOUND('',#4785,.F.);
#4785 = EDGE_LOOP('',(#4786));
#4786 = ORIENTED_EDGE('',*,*,#4757,.T.);
#4787 = ADVANCED_FACE('',(#4788),#4744,.T.);
#4788 = FACE_BOUND('',#4789,.T.);
#4789 = EDGE_LOOP('',(#4790));
#4790 = ORIENTED_EDGE('',*,*,#4729,.T.);
#4791 = ( GEOMETRIC_REPRESENTATION_CONTEXT(3) 
GLOBAL_UNCERTAINTY_ASSIGNED_CONTEXT((#4795)) 
GLOBAL_UNIT_ASSIGNED_CONTEXT((#4792,#4793,#4794)) REPRESENTATION_CONTEXT
('Context #1','3D Context with UNIT and UNCERTAINTY') );
#4792 = ( LENGTH_UNIT() NAMED_UNIT(*) SI_UNIT(.MILLI.,.METRE.) );
#4793 = ( NAMED_UNIT(*) PLANE_ANGLE_UNIT() SI_UNIT($,.RADIAN.) );
#4794 = ( NAMED_UNIT(*) SI_UNIT($,.STERADIAN.) SOLID_ANGLE_UNIT() );
#4795 = UNCERTAINTY_MEASURE_WITH_UNIT(LENGTH_MEASURE(1.E-07),#4792,
  'distance_accuracy_value','confusion accuracy');
#4796 = CONTEXT_DEPENDENT_SHAPE_REPRESENTATION(#4797,#4799);
#4797 = ( REPRESENTATION_RELATIONSHIP('','',#4692,#10) 
REPRESENTATION_RELATIONSHIP_WITH_TRANSFORMATION(#4798) 
SHAPE_REPRESENTATION_RELATIONSHIP() );
#4798 = ITEM_DEFINED_TRANSFORMATION('','',#11,#119);
#4799 = PRODUCT_DEFINITION_SHAPE('Placement','Placement of an item',
  #4800);
#4800 = NEXT_ASSEMBLY_USAGE_OCCURRENCE('27','','',#5,#4687,$);
#4801 = PRODUCT_RELATED_PRODUCT_CATEGORY('part',$,(#4689));
#4802 = SHAPE_DEFINITION_REPRESENTATION(#4803,#4809);
#4803 = PRODUCT_DEFINITION_SHAPE('','',#4804);
#4804 = PRODUCT_DEFINITION('design','',#4805,#4808);
#4805 = PRODUCT_DEFINITION_FORMATION('','',#4806);
#4806 = PRODUCT('Open CASCADE STEP translator 7.8 1.28',
  'Open CASCADE STEP translator 7.8 1.28','',(#4807));
#4807 = PRODUCT_CONTEXT('',#2,'mechanical');
#4808 = PRODUCT_DEFINITION_CONTEXT('part definition',#2,'design');
#4809 = ADVANCED_BREP_SHAPE_REPRESENTATION('',(#11,#4810),#4908);
#4810 = MANIFOLD_SOLID_BREP('',#4811);
#4811 = CLOSED_SHELL('',(#4812,#4900,#4904));
#4812 = ADVANCED_FACE('',(#4813),#4827,.T.);
#4813 = FACE_BOUND('',#4814,.F.);
#4814 = EDGE_LOOP('',(#4815,#4845,#4872,#4873));
#4815 = ORIENTED_EDGE('',*,*,#4816,.T.);
#4816 = EDGE_CURVE('',#4817,#4819,#4821,.T.);
#4817 = VERTEX_POINT('',#4818);
#4818 = CARTESIAN_POINT('',(80.202795795511,15.202795795511,25.));
#4819 = VERTEX_POINT('',#4820);
#4820 = CARTESIAN_POINT('',(80.76848122046,14.637110370562,25.));
#4821 = SEAM_CURVE('',#4822,(#4826,#4838),.PCURVE_S1.);
#4822 = LINE('',#4823,#4824);
#4823 = CARTESIAN_POINT('',(80.202795795511,15.202795795511,25.));
#4824 = VECTOR('',#4825,1.);
#4825 = DIRECTION('',(0.707106781187,-0.707106781187,0.));
#4826 = PCURVE('',#4827,#4832);
#4827 = CYLINDRICAL_SURFACE('',#4828,1.5);
#4828 = AXIS2_PLACEMENT_3D('',#4829,#4830,#4831);
#4829 = CARTESIAN_POINT('',(79.142135623731,14.142135623731,25.));
#4830 = DIRECTION('',(-0.707106781187,0.707106781187,-0.));
#4831 = DIRECTION('',(0.707106781187,0.707106781187,0.));
#4832 = DEFINITIONAL_REPRESENTATION('',(#4833),#4837);
#4833 = LINE('',#4834,#4835);
#4834 = CARTESIAN_POINT('',(-0.,0.));
#4835 = VECTOR('',#4836,1.);
#4836 = DIRECTION('',(-0.,-1.));
#4837 = ( GEOMETRIC_REPRESENTATION_CONTEXT(2) 
PARAMETRIC_REPRESENTATION_CONTEXT() REPRESENTATION_CONTEXT('2D SPACE',''
  ) );
#4838 = PCURVE('',#4827,#4839);
#4839 = DEFINITIONAL_REPRESENTATION('',(#4840),#4844);
#4840 = LINE('',#4841,#4842);
#4841 = CARTESIAN_POINT('',(-6.28318530718,0.));
#4842 = VECTOR('',#4843,1.);
#4843 = DIRECTION('',(-0.,-1.));
#4844 = ( GEOMETRIC_REPRESENTATION_CONTEXT(2) 
PARAMETRIC_REPRESENTATION_CONTEXT() REPRESENTATION_CONTEXT('2D SPACE',''
  ) );
#4845 = ORIENTED_EDGE('',*,*,#4846,.T.);
#4846 = EDGE_CURVE('',#4819,#4819,#4847,.T.);
#4847 = SURFACE_CURVE('',#4848,(#4853,#4860),.PCURVE_S1.);
#4848 = CIRCLE('',#4849,1.5);
#4849 = AXIS2_PLACEMENT_3D('',#4850,#4851,#4852);
#4850 = CARTESIAN_POINT('',(79.70782104868,13.576450198782,25.));
#4851 = DIRECTION('',(0.707106781187,-0.707106781187,0.));
#4852 = DIRECTION('',(0.707106781187,0.707106781187,0.));
#4853 = PCURVE('',#4827,#4854);
#4854 = DEFINITIONAL_REPRESENTATION('',(#4855),#4859);
#4855 = LINE('',#4856,#4857);
#4856 = CARTESIAN_POINT('',(-0.,-0.8));
#4857 = VECTOR('',#4858,1.);
#4858 = DIRECTION('',(-1.,0.));
#4859 = ( GEOMETRIC_REPRESENTATION_CONTEXT(2) 
PARAMETRIC_REPRESENTATION_CONTEXT() REPRESENTATION_CONTEXT('2D SPACE',''
  ) );
#4860 = PCURVE('',#4861,#4866);
#4861 = PLANE('',#4862);
#4862 = AXIS2_PLACEMENT_3D('',#4863,#4864,#4865);
#4863 = CARTESIAN_POINT('',(51.423549801218,-14.70782104868,15.));
#4864 = DIRECTION('',(0.707106781187,-0.707106781187,4.834630952926E-16)
  );
#4865 = DIRECTION('',(-0.707106781187,-0.707106781187,1.060825372818E-32
    ));
#4866 = DEFINITIONAL_REPRESENTATION('',(#4867),#4871);
#4867 = CIRCLE('',#4868,1.5);
#4868 = AXIS2_PLACEMENT_2D('',#4869,#4870);
#4869 = CARTESIAN_POINT('',(-40.,-10.));
#4870 = DIRECTION('',(-1.,-8.854031496642E-32));
#4871 = ( GEOMETRIC_REPRESENTATION_CONTEXT(2) 
PARAMETRIC_REPRESENTATION_CONTEXT() REPRESENTATION_CONTEXT('2D SPACE',''
  ) );
#4872 = ORIENTED_EDGE('',*,*,#4816,.F.);
#4873 = ORIENTED_EDGE('',*,*,#4874,.F.);
#4874 = EDGE_CURVE('',#4817,#4817,#4875,.T.);
#4875 = SURFACE_CURVE('',#4876,(#4881,#4888),.PCURVE_S1.);
#4876 = CIRCLE('',#4877,1.5);
#4877 = AXIS2_PLACEMENT_3D('',#4878,#4879,#4880);
#4878 = CARTESIAN_POINT('',(79.142135623731,14.142135623731,25.));
#4879 = DIRECTION('',(0.707106781187,-0.707106781187,0.));
#4880 = DIRECTION('',(0.707106781187,0.707106781187,0.));
#4881 = PCURVE('',#4827,#4882);
#4882 = DEFINITIONAL_REPRESENTATION('',(#4883),#4887);
#4883 = LINE('',#4884,#4885);
#4884 = CARTESIAN_POINT('',(-0.,0.));
#4885 = VECTOR('',#4886,1.);
#4886 = DIRECTION('',(-1.,0.));
#4887 = ( GEOMETRIC_REPRESENTATION_CONTEXT(2) 
PARAMETRIC_REPRESENTATION_CONTEXT() REPRESENTATION_CONTEXT('2D SPACE',''
  ) );
#4888 = PCURVE('',#4889,#4894);
#4889 = PLANE('',#4890);
#4890 = AXIS2_PLACEMENT_3D('',#4891,#4892,#4893);
#4891 = CARTESIAN_POINT('',(50.857864376269,-14.14213562373,15.));
#4892 = DIRECTION('',(0.707106781187,-0.707106781187,4.834630952926E-16)
  );
#4893 = DIRECTION('',(-0.707106781187,-0.707106781187,1.060825372818E-32
    ));
#4894 = DEFINITIONAL_REPRESENTATION('',(#4895),#4899);
#4895 = CIRCLE('',#4896,1.5);
#4896 = AXIS2_PLACEMENT_2D('',#4897,#4898);
#4897 = CARTESIAN_POINT('',(-40.,-10.));
#4898 = DIRECTION('',(-1.,-8.854031496642E-32));
#4899 = ( GEOMETRIC_REPRESENTATION_CONTEXT(2) 
PARAMETRIC_REPRESENTATION_CONTEXT() REPRESENTATION_CONTEXT('2D SPACE',''
  ) );
#4900 = ADVANCED_FACE('',(#4901),#4889,.F.);
#4901 = FACE_BOUND('',#4902,.F.);
#4902 = EDGE_LOOP('',(#4903));
#4903 = ORIENTED_EDGE('',*,*,#4874,.T.);
#4904 = ADVANCED_FACE('',(#4905),#4861,.T.);
#4905 = FACE_BOUND('',#4906,.T.);
#4906 = EDGE_LOOP('',(#4907));
#4907 = ORIENTED_EDGE('',*,*,#4846,.T.);
#4908 = ( GEOMETRIC_REPRESENTATION_CONTEXT(3) 
GLOBAL_UNCERTAINTY_ASSIGNED_CONTEXT((#4912)) 
GLOBAL_UNIT_ASSIGNED_CONTEXT((#4909,#4910,#4911)) REPRESENTATION_CONTEXT
('Context #1','3D Context with UNIT and UNCERTAINTY') );
#4909 = ( LENGTH_UNIT() NAMED_UNIT(*) SI_UNIT(.MILLI.,.METRE.) );
#4910 = ( NAMED_UNIT(*) PLANE_ANGLE_UNIT() SI_UNIT($,.RADIAN.) );
#4911 = ( NAMED_UNIT(*) SI_UNIT($,.STERADIAN.) SOLID_ANGLE_UNIT() );
#4912 = UNCERTAINTY_MEASURE_WITH_UNIT(LENGTH_MEASURE(1.E-07),#4909,
  'distance_accuracy_value','confusion accuracy');
#4913 = CONTEXT_DEPENDENT_SHAPE_REPRESENTATION(#4914,#4916);
#4914 = ( REPRESENTATION_RELATIONSHIP('','',#4809,#10) 
REPRESENTATION_RELATIONSHIP_WITH_TRANSFORMATION(#4915) 
SHAPE_REPRESENTATION_RELATIONSHIP() );
#4915 = ITEM_DEFINED_TRANSFORMATION('','',#11,#123);
#4916 = PRODUCT_DEFINITION_SHAPE('Placement','Placement of an item',
  #4917);
#4917 = NEXT_ASSEMBLY_USAGE_OCCURRENCE('28','','',#5,#4804,$);
#4918 = PRODUCT_RELATED_PRODUCT_CATEGORY('part',$,(#4806));
#4919 = SHAPE_DEFINITION_REPRESENTATION(#4920,#4926);
#4920 = PRODUCT_DEFINITION_SHAPE('','',#4921);
#4921 = PRODUCT_DEFINITION('design','',#4922,#4925);
#4922 = PRODUCT_DEFINITION_FORMATION('','',#4923);
#4923 = PRODUCT('Open CASCADE STEP translator 7.8 1.29',
  'Open CASCADE STEP translator 7.8 1.29','',(#4924));
#4924 = PRODUCT_CONTEXT('',#2,'mechanical');
#4925 = PRODUCT_DEFINITION_CONTEXT('part definition',#2,'design');
#4926 = ADVANCED_BREP_SHAPE_REPRESENTATION('',(#11,#4927),#5025);
#4927 = MANIFOLD_SOLID_BREP('',#4928);
#4928 = CLOSED_SHELL('',(#4929,#5017,#5021));
#4929 = ADVANCED_FACE('',(#4930),#4944,.T.);
#4930 = FACE_BOUND('',#4931,.F.);
#4931 = EDGE_LOOP('',(#4932,#4962,#4989,#4990));
#4932 = ORIENTED_EDGE('',*,*,#4933,.T.);
#4933 = EDGE_CURVE('',#4934,#4936,#4938,.T.);
#4934 = VERTEX_POINT('',#4935);
#4935 = CARTESIAN_POINT('',(80.202795795511,15.202795795511,35.));
#4936 = VERTEX_POINT('',#4937);
#4937 = CARTESIAN_POINT('',(80.76848122046,14.637110370562,35.));
#4938 = SEAM_CURVE('',#4939,(#4943,#4955),.PCURVE_S1.);
#4939 = LINE('',#4940,#4941);
#4940 = CARTESIAN_POINT('',(80.202795795511,15.202795795511,35.));
#4941 = VECTOR('',#4942,1.);
#4942 = DIRECTION('',(0.707106781187,-0.707106781187,0.));
#4943 = PCURVE('',#4944,#4949);
#4944 = CYLINDRICAL_SURFACE('',#4945,1.5);
#4945 = AXIS2_PLACEMENT_3D('',#4946,#4947,#4948);
#4946 = CARTESIAN_POINT('',(79.142135623731,14.142135623731,35.));
#4947 = DIRECTION('',(-0.707106781187,0.707106781187,-0.));
#4948 = DIRECTION('',(0.707106781187,0.707106781187,0.));
#4949 = DEFINITIONAL_REPRESENTATION('',(#4950),#4954);
#4950 = LINE('',#4951,#4952);
#4951 = CARTESIAN_POINT('',(-0.,0.));
#4952 = VECTOR('',#4953,1.);
#4953 = DIRECTION('',(-0.,-1.));
#4954 = ( GEOMETRIC_REPRESENTATION_CONTEXT(2) 
PARAMETRIC_REPRESENTATION_CONTEXT() REPRESENTATION_CONTEXT('2D SPACE',''
  ) );
#4955 = PCURVE('',#4944,#4956);
#4956 = DEFINITIONAL_REPRESENTATION('',(#4957),#4961);
#4957 = LINE('',#4958,#4959);
#4958 = CARTESIAN_POINT('',(-6.28318530718,0.));
#4959 = VECTOR('',#4960,1.);
#4960 = DIRECTION('',(-0.,-1.));
#4961 = ( GEOMETRIC_REPRESENTATION_CONTEXT(2) 
PARAMETRIC_REPRESENTATION_CONTEXT() REPRESENTATION_CONTEXT('2D SPACE',''
  ) );
#4962 = ORIENTED_EDGE('',*,*,#4963,.T.);
#4963 = EDGE_CURVE('',#4936,#4936,#4964,.T.);
#4964 = SURFACE_CURVE('',#4965,(#4970,#4977),.PCURVE_S1.);
#4965 = CIRCLE('',#4966,1.5);
#4966 = AXIS2_PLACEMENT_3D('',#4967,#4968,#4969);
#4967 = CARTESIAN_POINT('',(79.70782104868,13.576450198782,35.));
#4968 = DIRECTION('',(0.707106781187,-0.707106781187,0.));
#4969 = DIRECTION('',(0.707106781187,0.707106781187,0.));
#4970 = PCURVE('',#4944,#4971);
#4971 = DEFINITIONAL_REPRESENTATION('',(#4972),#4976);
#4972 = LINE('',#4973,#4974);
#4973 = CARTESIAN_POINT('',(-0.,-0.8));
#4974 = VECTOR('',#4975,1.);
#4975 = DIRECTION('',(-1.,0.));
#4976 = ( GEOMETRIC_REPRESENTATION_CONTEXT(2) 
PARAMETRIC_REPRESENTATION_CONTEXT() REPRESENTATION_CONTEXT('2D SPACE',''
  ) );
#4977 = PCURVE('',#4978,#4983);
#4978 = PLANE('',#4979);
#4979 = AXIS2_PLACEMENT_3D('',#4980,#4981,#4982);
#4980 = CARTESIAN_POINT('',(51.423549801218,-14.70782104868,15.));
#4981 = DIRECTION('',(0.707106781187,-0.707106781187,4.834630952926E-16)
  );
#4982 = DIRECTION('',(-0.707106781187,-0.707106781187,1.060825372818E-32
    ));
#4983 = DEFINITIONAL_REPRESENTATION('',(#4984),#4988);
#4984 = CIRCLE('',#4985,1.5);
#4985 = AXIS2_PLACEMENT_2D('',#4986,#4987);
#4986 = CARTESIAN_POINT('',(-40.,-20.));
#4987 = DIRECTION('',(-1.,-8.854031496642E-32));
#4988 = ( GEOMETRIC_REPRESENTATION_CONTEXT(2) 
PARAMETRIC_REPRESENTATION_CONTEXT() REPRESENTATION_CONTEXT('2D SPACE',''
  ) );
#4989 = ORIENTED_EDGE('',*,*,#4933,.F.);
#4990 = ORIENTED_EDGE('',*,*,#4991,.F.);
#4991 = EDGE_CURVE('',#4934,#4934,#4992,.T.);
#4992 = SURFACE_CURVE('',#4993,(#4998,#5005),.PCURVE_S1.);
#4993 = CIRCLE('',#4994,1.5);
#4994 = AXIS2_PLACEMENT_3D('',#4995,#4996,#4997);
#4995 = CARTESIAN_POINT('',(79.142135623731,14.142135623731,35.));
#4996 = DIRECTION('',(0.707106781187,-0.707106781187,0.));
#4997 = DIRECTION('',(0.707106781187,0.707106781187,0.));
#4998 = PCURVE('',#4944,#4999);
#4999 = DEFINITIONAL_REPRESENTATION('',(#5000),#5004);
#5000 = LINE('',#5001,#5002);
#5001 = CARTESIAN_POINT('',(-0.,0.));
#5002 = VECTOR('',#5003,1.);
#5003 = DIRECTION('',(-1.,0.));
#5004 = ( GEOMETRIC_REPRESENTATION_CONTEXT(2) 
PARAMETRIC_REPRESENTATION_CONTEXT() REPRESENTATION_CONTEXT('2D SPACE',''
  ) );
#5005 = PCURVE('',#5006,#5011);
#5006 = PLANE('',#5007);
#5007 = AXIS2_PLACEMENT_3D('',#5008,#5009,#5010);
#5008 = CARTESIAN_POINT('',(50.857864376269,-14.14213562373,15.));
#5009 = DIRECTION('',(0.707106781187,-0.707106781187,4.834630952926E-16)
  );
#5010 = DIRECTION('',(-0.707106781187,-0.707106781187,1.060825372818E-32
    ));
#5011 = DEFINITIONAL_REPRESENTATION('',(#5012),#5016);
#5012 = CIRCLE('',#5013,1.5);
#5013 = AXIS2_PLACEMENT_2D('',#5014,#5015);
#5014 = CARTESIAN_POINT('',(-40.,-20.));
#5015 = DIRECTION('',(-1.,-8.854031496642E-32));
#5016 = ( GEOMETRIC_REPRESENTATION_CONTEXT(2) 
PARAMETRIC_REPRESENTATION_CONTEXT() REPRESENTATION_CONTEXT('2D SPACE',''
  ) );
#5017 = ADVANCED_FACE('',(#5018),#5006,.F.);
#5018 = FACE_BOUND('',#5019,.F.);
#5019 = EDGE_LOOP('',(#5020));
#5020 = ORIENTED_EDGE('',*,*,#4991,.T.);
#5021 = ADVANCED_FACE('',(#5022),#4978,.T.);
#5022 = FACE_BOUND('',#5023,.T.);
#5023 = EDGE_LOOP('',(#5024));
#5024 = ORIENTED_EDGE('',*,*,#4963,.T.);
#5025 = ( GEOMETRIC_REPRESENTATION_CONTEXT(3) 
GLOBAL_UNCERTAINTY_ASSIGNED_CONTEXT((#5029)) 
GLOBAL_UNIT_ASSIGNED_CONTEXT((#5026,#5027,#5028)) REPRESENTATION_CONTEXT
('Context #1','3D Context with UNIT and UNCERTAINTY') );
#5026 = ( LENGTH_UNIT() NAMED_UNIT(*) SI_UNIT(.MILLI.,.METRE.) );
#5027 = ( NAMED_UNIT(*) PLANE_ANGLE_UNIT() SI_UNIT($,.RADIAN.) );
#5028 = ( NAMED_UNIT(*) SI_UNIT($,.STERADIAN.) SOLID_ANGLE_UNIT() );
#5029 = UNCERTAINTY_MEASURE_WITH_UNIT(LENGTH_MEASURE(1.E-07),#5026,
  'distance_accuracy_value','confusion accuracy');
#5030 = CONTEXT_DEPENDENT_SHAPE_REPRESENTATION(#5031,#5033);
#5031 = ( REPRESENTATION_RELATIONSHIP('','',#4926,#10) 
REPRESENTATION_RELATIONSHIP_WITH_TRANSFORMATION(#5032) 
SHAPE_REPRESENTATION_RELATIONSHIP() );
#5032 = ITEM_DEFINED_TRANSFORMATION('','',#11,#127);
#5033 = PRODUCT_DEFINITION_SHAPE('Placement','Placement of an item',
  #5034);
#5034 = NEXT_ASSEMBLY_USAGE_OCCURRENCE('29','','',#5,#4921,$);
#5035 = PRODUCT_RELATED_PRODUCT_CATEGORY('part',$,(#4923));
#5036 = SHAPE_DEFINITION_REPRESENTATION(#5037,#5043);
#5037 = PRODUCT_DEFINITION_SHAPE('','',#5038);
#5038 = PRODUCT_DEFINITION('design','',#5039,#5042);
#5039 = PRODUCT_DEFINITION_FORMATION('','',#5040);
#5040 = PRODUCT('Open CASCADE STEP translator 7.8 1.30',
  'Open CASCADE STEP translator 7.8 1.30','',(#5041));
#5041 = PRODUCT_CONTEXT('',#2,'mechanical');
#5042 = PRODUCT_DEFINITION_CONTEXT('part definition',#2,'design');
#5043 = ADVANCED_BREP_SHAPE_REPRESENTATION('',(#11,#5044),#5142);
#5044 = MANIFOLD_SOLID_BREP('',#5045);
#5045 = CLOSED_SHELL('',(#5046,#5134,#5138));
#5046 = ADVANCED_FACE('',(#5047),#5061,.T.);
#5047 = FACE_BOUND('',#5048,.F.);
#5048 = EDGE_LOOP('',(#5049,#5079,#5106,#5107));
#5049 = ORIENTED_EDGE('',*,*,#5050,.T.);
#5050 = EDGE_CURVE('',#5051,#5053,#5055,.T.);
#5051 = VERTEX_POINT('',#5052);
#5052 = CARTESIAN_POINT('',(80.202795795511,15.202795795511,45.));
#5053 = VERTEX_POINT('',#5054);
#5054 = CARTESIAN_POINT('',(80.76848122046,14.637110370562,45.));
#5055 = SEAM_CURVE('',#5056,(#5060,#5072),.PCURVE_S1.);
#5056 = LINE('',#5057,#5058);
#5057 = CARTESIAN_POINT('',(80.202795795511,15.202795795511,45.));
#5058 = VECTOR('',#5059,1.);
#5059 = DIRECTION('',(0.707106781187,-0.707106781187,0.));
#5060 = PCURVE('',#5061,#5066);
#5061 = CYLINDRICAL_SURFACE('',#5062,1.5);
#5062 = AXIS2_PLACEMENT_3D('',#5063,#5064,#5065);
#5063 = CARTESIAN_POINT('',(79.142135623731,14.142135623731,45.));
#5064 = DIRECTION('',(-0.707106781187,0.707106781187,-0.));
#5065 = DIRECTION('',(0.707106781187,0.707106781187,0.));
#5066 = DEFINITIONAL_REPRESENTATION('',(#5067),#5071);
#5067 = LINE('',#5068,#5069);
#5068 = CARTESIAN_POINT('',(-0.,0.));
#5069 = VECTOR('',#5070,1.);
#5070 = DIRECTION('',(-0.,-1.));
#5071 = ( GEOMETRIC_REPRESENTATION_CONTEXT(2) 
PARAMETRIC_REPRESENTATION_CONTEXT() REPRESENTATION_CONTEXT('2D SPACE',''
  ) );
#5072 = PCURVE('',#5061,#5073);
#5073 = DEFINITIONAL_REPRESENTATION('',(#5074),#5078);
#5074 = LINE('',#5075,#5076);
#5075 = CARTESIAN_POINT('',(-6.28318530718,0.));
#5076 = VECTOR('',#5077,1.);
#5077 = DIRECTION('',(-0.,-1.));
#5078 = ( GEOMETRIC_REPRESENTATION_CONTEXT(2) 
PARAMETRIC_REPRESENTATION_CONTEXT() REPRESENTATION_CONTEXT('2D SPACE',''
  ) );
#5079 = ORIENTED_EDGE('',*,*,#5080,.T.);
#5080 = EDGE_CURVE('',#5053,#5053,#5081,.T.);
#5081 = SURFACE_CURVE('',#5082,(#5087,#5094),.PCURVE_S1.);
#5082 = CIRCLE('',#5083,1.5);
#5083 = AXIS2_PLACEMENT_3D('',#5084,#5085,#5086);
#5084 = CARTESIAN_POINT('',(79.70782104868,13.576450198782,45.));
#5085 = DIRECTION('',(0.707106781187,-0.707106781187,0.));
#5086 = DIRECTION('',(0.707106781187,0.707106781187,0.));
#5087 = PCURVE('',#5061,#5088);
#5088 = DEFINITIONAL_REPRESENTATION('',(#5089),#5093);
#5089 = LINE('',#5090,#5091);
#5090 = CARTESIAN_POINT('',(-0.,-0.8));
#5091 = VECTOR('',#5092,1.);
#5092 = DIRECTION('',(-1.,0.));
#5093 = ( GEOMETRIC_REPRESENTATION_CONTEXT(2) 
PARAMETRIC_REPRESENTATION_CONTEXT() REPRESENTATION_CONTEXT('2D SPACE',''
  ) );
#5094 = PCURVE('',#5095,#5100);
#5095 = PLANE('',#5096);
#5096 = AXIS2_PLACEMENT_3D('',#5097,#5098,#5099);
#5097 = CARTESIAN_POINT('',(51.423549801218,-14.70782104868,15.));
#5098 = DIRECTION('',(0.707106781187,-0.707106781187,4.834630952926E-16)
  );
#5099 = DIRECTION('',(-0.707106781187,-0.707106781187,1.060825372818E-32
    ));
#5100 = DEFINITIONAL_REPRESENTATION('',(#5101),#5105);
#5101 = CIRCLE('',#5102,1.5);
#5102 = AXIS2_PLACEMENT_2D('',#5103,#5104);
#5103 = CARTESIAN_POINT('',(-40.,-30.));
#5104 = DIRECTION('',(-1.,-8.854031496642E-32));
#5105 = ( GEOMETRIC_REPRESENTATION_CONTEXT(2) 
PARAMETRIC_REPRESENTATION_CONTEXT() REPRESENTATION_CONTEXT('2D SPACE',''
  ) );
#5106 = ORIENTED_EDGE('',*,*,#5050,.F.);
#5107 = ORIENTED_EDGE('',*,*,#5108,.F.);
#5108 = EDGE_CURVE('',#5051,#5051,#5109,.T.);
#5109 = SURFACE_CURVE('',#5110,(#5115,#5122),.PCURVE_S1.);
#5110 = CIRCLE('',#5111,1.5);
#5111 = AXIS2_PLACEMENT_3D('',#5112,#5113,#5114);
#5112 = CARTESIAN_POINT('',(79.142135623731,14.142135623731,45.));
#5113 = DIRECTION('',(0.707106781187,-0.707106781187,0.));
#5114 = DIRECTION('',(0.707106781187,0.707106781187,0.));
#5115 = PCURVE('',#5061,#5116);
#5116 = DEFINITIONAL_REPRESENTATION('',(#5117),#5121);
#5117 = LINE('',#5118,#5119);
#5118 = CARTESIAN_POINT('',(-0.,0.));
#5119 = VECTOR('',#5120,1.);
#5120 = DIRECTION('',(-1.,0.));
#5121 = ( GEOMETRIC_REPRESENTATION_CONTEXT(2) 
PARAMETRIC_REPRESENTATION_CONTEXT() REPRESENTATION_CONTEXT('2D SPACE',''
  ) );
#5122 = PCURVE('',#5123,#5128);
#5123 = PLANE('',#5124);
#5124 = AXIS2_PLACEMENT_3D('',#5125,#5126,#5127);
#5125 = CARTESIAN_POINT('',(50.857864376269,-14.14213562373,15.));
#5126 = DIRECTION('',(0.707106781187,-0.707106781187,4.834630952926E-16)
  );
#5127 = DIRECTION('',(-0.707106781187,-0.707106781187,1.060825372818E-32
    ));
#5128 = DEFINITIONAL_REPRESENTATION('',(#5129),#5133);
#5129 = CIRCLE('',#5130,1.5);
#5130 = AXIS2_PLACEMENT_2D('',#5131,#5132);
#5131 = CARTESIAN_POINT('',(-40.,-30.));
#5132 = DIRECTION('',(-1.,-8.854031496642E-32));
#5133 = ( GEOMETRIC_REPRESENTATION_CONTEXT(2) 
PARAMETRIC_REPRESENTATION_CONTEXT() REPRESENTATION_CONTEXT('2D SPACE',''
  ) );
#5134 = ADVANCED_FACE('',(#5135),#5123,.F.);
#5135 = FACE_BOUND('',#5136,.F.);
#5136 = EDGE_LOOP('',(#5137));
#5137 = ORIENTED_EDGE('',*,*,#5108,.T.);
#5138 = ADVANCED_FACE('',(#5139),#5095,.T.);
#5139 = FACE_BOUND('',#5140,.T.);
#5140 = EDGE_LOOP('',(#5141));
#5141 = ORIENTED_EDGE('',*,*,#5080,.T.);
#5142 = ( GEOMETRIC_REPRESENTATION_CONTEXT(3) 
GLOBAL_UNCERTAINTY_ASSIGNED_CONTEXT((#5146)) 
GLOBAL_UNIT_ASSIGNED_CONTEXT((#5143,#5144,#5145)) REPRESENTATION_CONTEXT
('Context #1','3D Context with UNIT and UNCERTAINTY') );
#5143 = ( LENGTH_UNIT() NAMED_UNIT(*) SI_UNIT(.MILLI.,.METRE.) );
#5144 = ( NAMED_UNIT(*) PLANE_ANGLE_UNIT() SI_UNIT($,.RADIAN.) );
#5145 = ( NAMED_UNIT(*) SI_UNIT($,.STERADIAN.) SOLID_ANGLE_UNIT() );
#5146 = UNCERTAINTY_MEASURE_WITH_UNIT(LENGTH_MEASURE(1.E-07),#5143,
  'distance_accuracy_value','confusion accuracy');
#5147 = CONTEXT_DEPENDENT_SHAPE_REPRESENTATION(#5148,#5150);
#5148 = ( REPRESENTATION_RELATIONSHIP('','',#5043,#10) 
REPRESENTATION_RELATIONSHIP_WITH_TRANSFORMATION(#5149) 
SHAPE_REPRESENTATION_RELATIONSHIP() );
#5149 = ITEM_DEFINED_TRANSFORMATION('','',#11,#131);
#5150 = PRODUCT_DEFINITION_SHAPE('Placement','Placement of an item',
  #5151);
#5151 = NEXT_ASSEMBLY_USAGE_OCCURRENCE('30','','',#5,#5038,$);
#5152 = PRODUCT_RELATED_PRODUCT_CATEGORY('part',$,(#5040));
#5153 = SHAPE_DEFINITION_REPRESENTATION(#5154,#5160);
#5154 = PRODUCT_DEFINITION_SHAPE('','',#5155);
#5155 = PRODUCT_DEFINITION('design','',#5156,#5159);
#5156 = PRODUCT_DEFINITION_FORMATION('','',#5157);
#5157 = PRODUCT('Open CASCADE STEP translator 7.8 1.31',
  'Open CASCADE STEP translator 7.8 1.31','',(#5158));
#5158 = PRODUCT_CONTEXT('',#2,'mechanical');
#5159 = PRODUCT_DEFINITION_CONTEXT('part definition',#2,'design');
#5160 = ADVANCED_BREP_SHAPE_REPRESENTATION('',(#11,#5161),#5259);
#5161 = MANIFOLD_SOLID_BREP('',#5162);
#5162 = CLOSED_SHELL('',(#5163,#5251,#5255));
#5163 = ADVANCED_FACE('',(#5164),#5178,.T.);
#5164 = FACE_BOUND('',#5165,.F.);
#5165 = EDGE_LOOP('',(#5166,#5196,#5223,#5224));
#5166 = ORIENTED_EDGE('',*,*,#5167,.T.);
#5167 = EDGE_CURVE('',#5168,#5170,#5172,.T.);
#5168 = VERTEX_POINT('',#5169);
#5169 = CARTESIAN_POINT('',(80.202795795511,15.202795795511,55.));
#5170 = VERTEX_POINT('',#5171);
#5171 = CARTESIAN_POINT('',(80.76848122046,14.637110370562,55.));
#5172 = SEAM_CURVE('',#5173,(#5177,#5189),.PCURVE_S1.);
#5173 = LINE('',#5174,#5175);
#5174 = CARTESIAN_POINT('',(80.202795795511,15.202795795511,55.));
#5175 = VECTOR('',#5176,1.);
#5176 = DIRECTION('',(0.707106781187,-0.707106781187,0.));
#5177 = PCURVE('',#5178,#5183);
#5178 = CYLINDRICAL_SURFACE('',#5179,1.5);
#5179 = AXIS2_PLACEMENT_3D('',#5180,#5181,#5182);
#5180 = CARTESIAN_POINT('',(79.142135623731,14.142135623731,55.));
#5181 = DIRECTION('',(-0.707106781187,0.707106781187,-0.));
#5182 = DIRECTION('',(0.707106781187,0.707106781187,0.));
#5183 = DEFINITIONAL_REPRESENTATION('',(#5184),#5188);
#5184 = LINE('',#5185,#5186);
#5185 = CARTESIAN_POINT('',(-0.,0.));
#5186 = VECTOR('',#5187,1.);
#5187 = DIRECTION('',(-0.,-1.));
#5188 = ( GEOMETRIC_REPRESENTATION_CONTEXT(2) 
PARAMETRIC_REPRESENTATION_CONTEXT() REPRESENTATION_CONTEXT('2D SPACE',''
  ) );
#5189 = PCURVE('',#5178,#5190);
#5190 = DEFINITIONAL_REPRESENTATION('',(#5191),#5195);
#5191 = LINE('',#5192,#5193);
#5192 = CARTESIAN_POINT('',(-6.28318530718,0.));
#5193 = VECTOR('',#5194,1.);
#5194 = DIRECTION('',(-0.,-1.));
#5195 = ( GEOMETRIC_REPRESENTATION_CONTEXT(2) 
PARAMETRIC_REPRESENTATION_CONTEXT() REPRESENTATION_CONTEXT('2D SPACE',''
  ) );
#5196 = ORIENTED_EDGE('',*,*,#5197,.T.);
#5197 = EDGE_CURVE('',#5170,#5170,#5198,.T.);
#5198 = SURFACE_CURVE('',#5199,(#5204,#5211),.PCURVE_S1.);
#5199 = CIRCLE('',#5200,1.5);
#5200 = AXIS2_PLACEMENT_3D('',#5201,#5202,#5203);
#5201 = CARTESIAN_POINT('',(79.70782104868,13.576450198782,55.));
#5202 = DIRECTION('',(0.707106781187,-0.707106781187,0.));
#5203 = DIRECTION('',(0.707106781187,0.707106781187,0.));
#5204 = PCURVE('',#5178,#5205);
#5205 = DEFINITIONAL_REPRESENTATION('',(#5206),#5210);
#5206 = LINE('',#5207,#5208);
#5207 = CARTESIAN_POINT('',(-0.,-0.8));
#5208 = VECTOR('',#5209,1.);
#5209 = DIRECTION('',(-1.,0.));
#5210 = ( GEOMETRIC_REPRESENTATION_CONTEXT(2) 
PARAMETRIC_REPRESENTATION_CONTEXT() REPRESENTATION_CONTEXT('2D SPACE',''
  ) );
#5211 = PCURVE('',#5212,#5217);
#5212 = PLANE('',#5213);
#5213 = AXIS2_PLACEMENT_3D('',#5214,#5215,#5216);
#5214 = CARTESIAN_POINT('',(51.423549801218,-14.70782104868,15.));
#5215 = DIRECTION('',(0.707106781187,-0.707106781187,4.834630952926E-16)
  );
#5216 = DIRECTION('',(-0.707106781187,-0.707106781187,1.060825372818E-32
    ));
#5217 = DEFINITIONAL_REPRESENTATION('',(#5218),#5222);
#5218 = CIRCLE('',#5219,1.5);
#5219 = AXIS2_PLACEMENT_2D('',#5220,#5221);
#5220 = CARTESIAN_POINT('',(-40.,-40.));
#5221 = DIRECTION('',(-1.,-8.854031496642E-32));
#5222 = ( GEOMETRIC_REPRESENTATION_CONTEXT(2) 
PARAMETRIC_REPRESENTATION_CONTEXT() REPRESENTATION_CONTEXT('2D SPACE',''
  ) );
#5223 = ORIENTED_EDGE('',*,*,#5167,.F.);
#5224 = ORIENTED_EDGE('',*,*,#5225,.F.);
#5225 = EDGE_CURVE('',#5168,#5168,#5226,.T.);
#5226 = SURFACE_CURVE('',#5227,(#5232,#5239),.PCURVE_S1.);
#5227 = CIRCLE('',#5228,1.5);
#5228 = AXIS2_PLACEMENT_3D('',#5229,#5230,#5231);
#5229 = CARTESIAN_POINT('',(79.142135623731,14.142135623731,55.));
#5230 = DIRECTION('',(0.707106781187,-0.707106781187,0.));
#5231 = DIRECTION('',(0.707106781187,0.707106781187,0.));
#5232 = PCURVE('',#5178,#5233);
#5233 = DEFINITIONAL_REPRESENTATION('',(#5234),#5238);
#5234 = LINE('',#5235,#5236);
#5235 = CARTESIAN_POINT('',(-0.,0.));
#5236 = VECTOR('',#5237,1.);
#5237 = DIRECTION('',(-1.,0.));
#5238 = ( GEOMETRIC_REPRESENTATION_CONTEXT(2) 
PARAMETRIC_REPRESENTATION_CONTEXT() REPRESENTATION_CONTEXT('2D SPACE',''
  ) );
#5239 = PCURVE('',#5240,#5245);
#5240 = PLANE('',#5241);
#5241 = AXIS2_PLACEMENT_3D('',#5242,#5243,#5244);
#5242 = CARTESIAN_POINT('',(50.857864376269,-14.14213562373,15.));
#5243 = DIRECTION('',(0.707106781187,-0.707106781187,4.834630952926E-16)
  );
#5244 = DIRECTION('',(-0.707106781187,-0.707106781187,1.060825372818E-32
    ));
#5245 = DEFINITIONAL_REPRESENTATION('',(#5246),#5250);
#5246 = CIRCLE('',#5247,1.5);
#5247 = AXIS2_PLACEMENT_2D('',#5248,#5249);
#5248 = CARTESIAN_POINT('',(-40.,-40.));
#5249 = DIRECTION('',(-1.,-8.854031496642E-32));
#5250 = ( GEOMETRIC_REPRESENTATION_CONTEXT(2) 
PARAMETRIC_REPRESENTATION_CONTEXT() REPRESENTATION_CONTEXT('2D SPACE',''
  ) );
#5251 = ADVANCED_FACE('',(#5252),#5240,.F.);
#5252 = FACE_BOUND('',#5253,.F.);
#5253 = EDGE_LOOP('',(#5254));
#5254 = ORIENTED_EDGE('',*,*,#5225,.T.);
#5255 = ADVANCED_FACE('',(#5256),#5212,.T.);
#5256 = FACE_BOUND('',#5257,.T.);
#5257 = EDGE_LOOP('',(#5258));
#5258 = ORIENTED_EDGE('',*,*,#5197,.T.);
#5259 = ( GEOMETRIC_REPRESENTATION_CONTEXT(3) 
GLOBAL_UNCERTAINTY_ASSIGNED_CONTEXT((#5263)) 
GLOBAL_UNIT_ASSIGNED_CONTEXT((#5260,#5261,#5262)) REPRESENTATION_CONTEXT
('Context #1','3D Context with UNIT and UNCERTAINTY') );
#5260 = ( LENGTH_UNIT() NAMED_UNIT(*) SI_UNIT(.MILLI.,.METRE.) );
#5261 = ( NAMED_UNIT(*) PLANE_ANGLE_UNIT() SI_UNIT($,.RADIAN.) );
#5262 = ( NAMED_UNIT(*) SI_UNIT($,.STERADIAN.) SOLID_ANGLE_UNIT() );
#5263 = UNCERTAINTY_MEASURE_WITH_UNIT(LENGTH_MEASURE(1.E-07),#5260,
  'distance_accuracy_value','confusion accuracy');
#5264 = CONTEXT_DEPENDENT_SHAPE_REPRESENTATION(#5265,#5267);
#5265 = ( REPRESENTATION_RELATIONSHIP('','',#5160,#10) 
REPRESENTATION_RELATIONSHIP_WITH_TRANSFORMATION(#5266) 
SHAPE_REPRESENTATION_RELATIONSHIP() );
#5266 = ITEM_DEFINED_TRANSFORMATION('','',#11,#135);
#5267 = PRODUCT_DEFINITION_SHAPE('Placement','Placement of an item',
  #5268);
#5268 = NEXT_ASSEMBLY_USAGE_OCCURRENCE('31','','',#5,#5155,$);
#5269 = PRODUCT_RELATED_PRODUCT_CATEGORY('part',$,(#5157));
#5270 = SHAPE_DEFINITION_REPRESENTATION(#5271,#5277);
#5271 = PRODUCT_DEFINITION_SHAPE('','',#5272);
#5272 = PRODUCT_DEFINITION('design','',#5273,#5276);
#5273 = PRODUCT_DEFINITION_FORMATION('','',#5274);
#5274 = PRODUCT('Open CASCADE STEP translator 7.8 1.32',
  'Open CASCADE STEP translator 7.8 1.32','',(#5275));
#5275 = PRODUCT_CONTEXT('',#2,'mechanical');
#5276 = PRODUCT_DEFINITION_CONTEXT('part definition',#2,'design');
#5277 = ADVANCED_BREP_SHAPE_REPRESENTATION('',(#11,#5278),#5376);
#5278 = MANIFOLD_SOLID_BREP('',#5279);
#5279 = CLOSED_SHELL('',(#5280,#5368,#5372));
#5280 = ADVANCED_FACE('',(#5281),#5295,.T.);
#5281 = FACE_BOUND('',#5282,.F.);
#5282 = EDGE_LOOP('',(#5283,#5313,#5340,#5341));
#5283 = ORIENTED_EDGE('',*,*,#5284,.T.);
#5284 = EDGE_CURVE('',#5285,#5287,#5289,.T.);
#5285 = VERTEX_POINT('',#5286);
#5286 = CARTESIAN_POINT('',(80.202795795511,15.202795795511,65.));
#5287 = VERTEX_POINT('',#5288);
#5288 = CARTESIAN_POINT('',(80.76848122046,14.637110370562,65.));
#5289 = SEAM_CURVE('',#5290,(#5294,#5306),.PCURVE_S1.);
#5290 = LINE('',#5291,#5292);
#5291 = CARTESIAN_POINT('',(80.202795795511,15.202795795511,65.));
#5292 = VECTOR('',#5293,1.);
#5293 = DIRECTION('',(0.707106781187,-0.707106781187,0.));
#5294 = PCURVE('',#5295,#5300);
#5295 = CYLINDRICAL_SURFACE('',#5296,1.5);
#5296 = AXIS2_PLACEMENT_3D('',#5297,#5298,#5299);
#5297 = CARTESIAN_POINT('',(79.142135623731,14.142135623731,65.));
#5298 = DIRECTION('',(-0.707106781187,0.707106781187,-0.));
#5299 = DIRECTION('',(0.707106781187,0.707106781187,0.));
#5300 = DEFINITIONAL_REPRESENTATION('',(#5301),#5305);
#5301 = LINE('',#5302,#5303);
#5302 = CARTESIAN_POINT('',(-0.,0.));
#5303 = VECTOR('',#5304,1.);
#5304 = DIRECTION('',(-0.,-1.));
#5305 = ( GEOMETRIC_REPRESENTATION_CONTEXT(2) 
PARAMETRIC_REPRESENTATION_CONTEXT() REPRESENTATION_CONTEXT('2D SPACE',''
  ) );
#5306 = PCURVE('',#5295,#5307);
#5307 = DEFINITIONAL_REPRESENTATION('',(#5308),#5312);
#5308 = LINE('',#5309,#5310);
#5309 = CARTESIAN_POINT('',(-6.28318530718,0.));
#5310 = VECTOR('',#5311,1.);
#5311 = DIRECTION('',(-0.,-1.));
#5312 = ( GEOMETRIC_REPRESENTATION_CONTEXT(2) 
PARAMETRIC_REPRESENTATION_CONTEXT() REPRESENTATION_CONTEXT('2D SPACE',''
  ) );
#5313 = ORIENTED_EDGE('',*,*,#5314,.T.);
#5314 = EDGE_CURVE('',#5287,#5287,#5315,.T.);
#5315 = SURFACE_CURVE('',#5316,(#5321,#5328),.PCURVE_S1.);
#5316 = CIRCLE('',#5317,1.5);
#5317 = AXIS2_PLACEMENT_3D('',#5318,#5319,#5320);
#5318 = CARTESIAN_POINT('',(79.70782104868,13.576450198782,65.));
#5319 = DIRECTION('',(0.707106781187,-0.707106781187,0.));
#5320 = DIRECTION('',(0.707106781187,0.707106781187,0.));
#5321 = PCURVE('',#5295,#5322);
#5322 = DEFINITIONAL_REPRESENTATION('',(#5323),#5327);
#5323 = LINE('',#5324,#5325);
#5324 = CARTESIAN_POINT('',(-0.,-0.8));
#5325 = VECTOR('',#5326,1.);
#5326 = DIRECTION('',(-1.,0.));
#5327 = ( GEOMETRIC_REPRESENTATION_CONTEXT(2) 
PARAMETRIC_REPRESENTATION_CONTEXT() REPRESENTATION_CONTEXT('2D SPACE',''
  ) );
#5328 = PCURVE('',#5329,#5334);
#5329 = PLANE('',#5330);
#5330 = AXIS2_PLACEMENT_3D('',#5331,#5332,#5333);
#5331 = CARTESIAN_POINT('',(51.423549801218,-14.70782104868,15.));
#5332 = DIRECTION('',(0.707106781187,-0.707106781187,4.834630952926E-16)
  );
#5333 = DIRECTION('',(-0.707106781187,-0.707106781187,1.060825372818E-32
    ));
#5334 = DEFINITIONAL_REPRESENTATION('',(#5335),#5339);
#5335 = CIRCLE('',#5336,1.5);
#5336 = AXIS2_PLACEMENT_2D('',#5337,#5338);
#5337 = CARTESIAN_POINT('',(-40.,-50.));
#5338 = DIRECTION('',(-1.,-8.854031496642E-32));
#5339 = ( GEOMETRIC_REPRESENTATION_CONTEXT(2) 
PARAMETRIC_REPRESENTATION_CONTEXT() REPRESENTATION_CONTEXT('2D SPACE',''
  ) );
#5340 = ORIENTED_EDGE('',*,*,#5284,.F.);
#5341 = ORIENTED_EDGE('',*,*,#5342,.F.);
#5342 = EDGE_CURVE('',#5285,#5285,#5343,.T.);
#5343 = SURFACE_CURVE('',#5344,(#5349,#5356),.PCURVE_S1.);
#5344 = CIRCLE('',#5345,1.5);
#5345 = AXIS2_PLACEMENT_3D('',#5346,#5347,#5348);
#5346 = CARTESIAN_POINT('',(79.142135623731,14.142135623731,65.));
#5347 = DIRECTION('',(0.707106781187,-0.707106781187,0.));
#5348 = DIRECTION('',(0.707106781187,0.707106781187,0.));
#5349 = PCURVE('',#5295,#5350);
#5350 = DEFINITIONAL_REPRESENTATION('',(#5351),#5355);
#5351 = LINE('',#5352,#5353);
#5352 = CARTESIAN_POINT('',(-0.,0.));
#5353 = VECTOR('',#5354,1.);
#5354 = DIRECTION('',(-1.,0.));
#5355 = ( GEOMETRIC_REPRESENTATION_CONTEXT(2) 
PARAMETRIC_REPRESENTATION_CONTEXT() REPRESENTATION_CONTEXT('2D SPACE',''
  ) );
#5356 = PCURVE('',#5357,#5362);
#5357 = PLANE('',#5358);
#5358 = AXIS2_PLACEMENT_3D('',#5359,#5360,#5361);
#5359 = CARTESIAN_POINT('',(50.857864376269,-14.14213562373,15.));
#5360 = DIRECTION('',(0.707106781187,-0.707106781187,4.834630952926E-16)
  );
#5361 = DIRECTION('',(-0.707106781187,-0.707106781187,1.060825372818E-32
    ));
#5362 = DEFINITIONAL_REPRESENTATION('',(#5363),#5367);
#5363 = CIRCLE('',#5364,1.5);
#5364 = AXIS2_PLACEMENT_2D('',#5365,#5366);
#5365 = CARTESIAN_POINT('',(-40.,-50.));
#5366 = DIRECTION('',(-1.,-8.854031496642E-32));
#5367 = ( GEOMETRIC_REPRESENTATION_CONTEXT(2) 
PARAMETRIC_REPRESENTATION_CONTEXT() REPRESENTATION_CONTEXT('2D SPACE',''
  ) );
#5368 = ADVANCED_FACE('',(#5369),#5357,.F.);
#5369 = FACE_BOUND('',#5370,.F.);
#5370 = EDGE_LOOP('',(#5371));
#5371 = ORIENTED_EDGE('',*,*,#5342,.T.);
#5372 = ADVANCED_FACE('',(#5373),#5329,.T.);
#5373 = FACE_BOUND('',#5374,.T.);
#5374 = EDGE_LOOP('',(#5375));
#5375 = ORIENTED_EDGE('',*,*,#5314,.T.);
#5376 = ( GEOMETRIC_REPRESENTATION_CONTEXT(3) 
GLOBAL_UNCERTAINTY_ASSIGNED_CONTEXT((#5380)) 
GLOBAL_UNIT_ASSIGNED_CONTEXT((#5377,#5378,#5379)) REPRESENTATION_CONTEXT
('Context #1','3D Context with UNIT and UNCERTAINTY') );
#5377 = ( LENGTH_UNIT() NAMED_UNIT(*) SI_UNIT(.MILLI.,.METRE.) );
#5378 = ( NAMED_UNIT(*) PLANE_ANGLE_UNIT() SI_UNIT($,.RADIAN.) );
#5379 = ( NAMED_UNIT(*) SI_UNIT($,.STERADIAN.) SOLID_ANGLE_UNIT() );
#5380 = UNCERTAINTY_MEASURE_WITH_UNIT(LENGTH_MEASURE(1.E-07),#5377,
  'distance_accuracy_value','confusion accuracy');
#5381 = CONTEXT_DEPENDENT_SHAPE_REPRESENTATION(#5382,#5384);
#5382 = ( REPRESENTATION_RELATIONSHIP('','',#5277,#10) 
REPRESENTATION_RELATIONSHIP_WITH_TRANSFORMATION(#5383) 
SHAPE_REPRESENTATION_RELATIONSHIP() );
#5383 = ITEM_DEFINED_TRANSFORMATION('','',#11,#139);
#5384 = PRODUCT_DEFINITION_SHAPE('Placement','Placement of an item',
  #5385);
#5385 = NEXT_ASSEMBLY_USAGE_OCCURRENCE('32','','',#5,#5272,$);
#5386 = PRODUCT_RELATED_PRODUCT_CATEGORY('part',$,(#5274));
#5387 = SHAPE_DEFINITION_REPRESENTATION(#5388,#5394);
#5388 = PRODUCT_DEFINITION_SHAPE('','',#5389);
#5389 = PRODUCT_DEFINITION('design','',#5390,#5393);
#5390 = PRODUCT_DEFINITION_FORMATION('','',#5391);
#5391 = PRODUCT('Open CASCADE STEP translator 7.8 1.33',
  'Open CASCADE STEP translator 7.8 1.33','',(#5392));
#5392 = PRODUCT_CONTEXT('',#2,'mechanical');
#5393 = PRODUCT_DEFINITION_CONTEXT('part definition',#2,'design');
#5394 = ADVANCED_BREP_SHAPE_REPRESENTATION('',(#11,#5395),#5493);
#5395 = MANIFOLD_SOLID_BREP('',#5396);
#5396 = CLOSED_SHELL('',(#5397,#5485,#5489));
#5397 = ADVANCED_FACE('',(#5398),#5412,.T.);
#5398 = FACE_BOUND('',#5399,.F.);
#5399 = EDGE_LOOP('',(#5400,#5430,#5457,#5458));
#5400 = ORIENTED_EDGE('',*,*,#5401,.T.);
#5401 = EDGE_CURVE('',#5402,#5404,#5406,.T.);
#5402 = VERTEX_POINT('',#5403);
#5403 = CARTESIAN_POINT('',(80.202795795511,15.202795795511,75.));
#5404 = VERTEX_POINT('',#5405);
#5405 = CARTESIAN_POINT('',(80.76848122046,14.637110370562,75.));
#5406 = SEAM_CURVE('',#5407,(#5411,#5423),.PCURVE_S1.);
#5407 = LINE('',#5408,#5409);
#5408 = CARTESIAN_POINT('',(80.202795795511,15.202795795511,75.));
#5409 = VECTOR('',#5410,1.);
#5410 = DIRECTION('',(0.707106781187,-0.707106781187,0.));
#5411 = PCURVE('',#5412,#5417);
#5412 = CYLINDRICAL_SURFACE('',#5413,1.5);
#5413 = AXIS2_PLACEMENT_3D('',#5414,#5415,#5416);
#5414 = CARTESIAN_POINT('',(79.142135623731,14.142135623731,75.));
#5415 = DIRECTION('',(-0.707106781187,0.707106781187,-0.));
#5416 = DIRECTION('',(0.707106781187,0.707106781187,0.));
#5417 = DEFINITIONAL_REPRESENTATION('',(#5418),#5422);
#5418 = LINE('',#5419,#5420);
#5419 = CARTESIAN_POINT('',(-0.,0.));
#5420 = VECTOR('',#5421,1.);
#5421 = DIRECTION('',(-0.,-1.));
#5422 = ( GEOMETRIC_REPRESENTATION_CONTEXT(2) 
PARAMETRIC_REPRESENTATION_CONTEXT() REPRESENTATION_CONTEXT('2D SPACE',''
  ) );
#5423 = PCURVE('',#5412,#5424);
#5424 = DEFINITIONAL_REPRESENTATION('',(#5425),#5429);
#5425 = LINE('',#5426,#5427);
#5426 = CARTESIAN_POINT('',(-6.28318530718,0.));
#5427 = VECTOR('',#5428,1.);
#5428 = DIRECTION('',(-0.,-1.));
#5429 = ( GEOMETRIC_REPRESENTATION_CONTEXT(2) 
PARAMETRIC_REPRESENTATION_CONTEXT() REPRESENTATION_CONTEXT('2D SPACE',''
  ) );
#5430 = ORIENTED_EDGE('',*,*,#5431,.T.);
#5431 = EDGE_CURVE('',#5404,#5404,#5432,.T.);
#5432 = SURFACE_CURVE('',#5433,(#5438,#5445),.PCURVE_S1.);
#5433 = CIRCLE('',#5434,1.5);
#5434 = AXIS2_PLACEMENT_3D('',#5435,#5436,#5437);
#5435 = CARTESIAN_POINT('',(79.70782104868,13.576450198782,75.));
#5436 = DIRECTION('',(0.707106781187,-0.707106781187,0.));
#5437 = DIRECTION('',(0.707106781187,0.707106781187,0.));
#5438 = PCURVE('',#5412,#5439);
#5439 = DEFINITIONAL_REPRESENTATION('',(#5440),#5444);
#5440 = LINE('',#5441,#5442);
#5441 = CARTESIAN_POINT('',(-0.,-0.8));
#5442 = VECTOR('',#5443,1.);
#5443 = DIRECTION('',(-1.,0.));
#5444 = ( GEOMETRIC_REPRESENTATION_CONTEXT(2) 
PARAMETRIC_REPRESENTATION_CONTEXT() REPRESENTATION_CONTEXT('2D SPACE',''
  ) );
#5445 = PCURVE('',#5446,#5451);
#5446 = PLANE('',#5447);
#5447 = AXIS2_PLACEMENT_3D('',#5448,#5449,#5450);
#5448 = CARTESIAN_POINT('',(51.423549801218,-14.70782104868,15.));
#5449 = DIRECTION('',(0.707106781187,-0.707106781187,4.834630952926E-16)
  );
#5450 = DIRECTION('',(-0.707106781187,-0.707106781187,1.060825372818E-32
    ));
#5451 = DEFINITIONAL_REPRESENTATION('',(#5452),#5456);
#5452 = CIRCLE('',#5453,1.5);
#5453 = AXIS2_PLACEMENT_2D('',#5454,#5455);
#5454 = CARTESIAN_POINT('',(-40.,-60.));
#5455 = DIRECTION('',(-1.,-8.854031496642E-32));
#5456 = ( GEOMETRIC_REPRESENTATION_CONTEXT(2) 
PARAMETRIC_REPRESENTATION_CONTEXT() REPRESENTATION_CONTEXT('2D SPACE',''
  ) );
#5457 = ORIENTED_EDGE('',*,*,#5401,.F.);
#5458 = ORIENTED_EDGE('',*,*,#5459,.F.);
#5459 = EDGE_CURVE('',#5402,#5402,#5460,.T.);
#5460 = SURFACE_CURVE('',#5461,(#5466,#5473),.PCURVE_S1.);
#5461 = CIRCLE('',#5462,1.5);
#5462 = AXIS2_PLACEMENT_3D('',#5463,#5464,#5465);
#5463 = CARTESIAN_POINT('',(79.142135623731,14.142135623731,75.));
#5464 = DIRECTION('',(0.707106781187,-0.707106781187,0.));
#5465 = DIRECTION('',(0.707106781187,0.707106781187,0.));
#5466 = PCURVE('',#5412,#5467);
#5467 = DEFINITIONAL_REPRESENTATION('',(#5468),#5472);
#5468 = LINE('',#5469,#5470);
#5469 = CARTESIAN_POINT('',(-0.,0.));
#5470 = VECTOR('',#5471,1.);
#5471 = DIRECTION('',(-1.,0.));
#5472 = ( GEOMETRIC_REPRESENTATION_CONTEXT(2) 
PARAMETRIC_REPRESENTATION_CONTEXT() REPRESENTATION_CONTEXT('2D SPACE',''
  ) );
#5473 = PCURVE('',#5474,#5479);
#5474 = PLANE('',#5475);
#5475 = AXIS2_PLACEMENT_3D('',#5476,#5477,#5478);
#5476 = CARTESIAN_POINT('',(50.857864376269,-14.14213562373,15.));
#5477 = DIRECTION('',(0.707106781187,-0.707106781187,4.834630952926E-16)
  );
#5478 = DIRECTION('',(-0.707106781187,-0.707106781187,1.060825372818E-32
    ));
#5479 = DEFINITIONAL_REPRESENTATION('',(#5480),#5484);
#5480 = CIRCLE('',#5481,1.5);
#5481 = AXIS2_PLACEMENT_2D('',#5482,#5483);
#5482 = CARTESIAN_POINT('',(-40.,-60.));
#5483 = DIRECTION('',(-1.,-8.854031496642E-32));
#5484 = ( GEOMETRIC_REPRESENTATION_CONTEXT(2) 
PARAMETRIC_REPRESENTATION_CONTEXT() REPRESENTATION_CONTEXT('2D SPACE',''
  ) );
#5485 = ADVANCED_FACE('',(#5486),#5474,.F.);
#5486 = FACE_BOUND('',#5487,.F.);
#5487 = EDGE_LOOP('',(#5488));
#5488 = ORIENTED_EDGE('',*,*,#5459,.T.);
#5489 = ADVANCED_FACE('',(#5490),#5446,.T.);
#5490 = FACE_BOUND('',#5491,.T.);
#5491 = EDGE_LOOP('',(#5492));
#5492 = ORIENTED_EDGE('',*,*,#5431,.T.);
#5493 = ( GEOMETRIC_REPRESENTATION_CONTEXT(3) 
GLOBAL_UNCERTAINTY_ASSIGNED_CONTEXT((#5497)) 
GLOBAL_UNIT_ASSIGNED_CONTEXT((#5494,#5495,#5496)) REPRESENTATION_CONTEXT
('Context #1','3D Context with UNIT and UNCERTAINTY') );
#5494 = ( LENGTH_UNIT() NAMED_UNIT(*) SI_UNIT(.MILLI.,.METRE.) );
#5495 = ( NAMED_UNIT(*) PLANE_ANGLE_UNIT() SI_UNIT($,.RADIAN.) );
#5496 = ( NAMED_UNIT(*) SI_UNIT($,.STERADIAN.) SOLID_ANGLE_UNIT() );
#5497 = UNCERTAINTY_MEASURE_WITH_UNIT(LENGTH_MEASURE(1.E-07),#5494,
  'distance_accuracy_value','confusion accuracy');
#5498 = CONTEXT_DEPENDENT_SHAPE_REPRESENTATION(#5499,#5501);
#5499 = ( REPRESENTATION_RELATIONSHIP('','',#5394,#10) 
REPRESENTATION_RELATIONSHIP_WITH_TRANSFORMATION(#5500) 
SHAPE_REPRESENTATION_RELATIONSHIP() );
#5500 = ITEM_DEFINED_TRANSFORMATION('','',#11,#143);
#5501 = PRODUCT_DEFINITION_SHAPE('Placement','Placement of an item',
  #5502);
#5502 = NEXT_ASSEMBLY_USAGE_OCCURRENCE('33','','',#5,#5389,$);
#5503 = PRODUCT_RELATED_PRODUCT_CATEGORY('part',$,(#5391));
ENDSEC;
END-ISO-10303-21;
