ISO-10303-21;
HEADER;
FILE_DESCRIPTION(('Open CASCADE Model'),'2;1');
FILE_NAME('Open CASCADE Shape Model','2026-04-17T21:16:24',('Author'),(
    'Open CASCADE'),'Open CASCADE STEP processor 7.8','Open CASCADE 7.8'
  ,'Unknown');
FILE_SCHEMA(('AUTOMOTIVE_DESIGN { 1 0 10303 214 1 1 1 1 }'));
ENDSEC;
DATA;
#1 = APPLICATION_PROTOCOL_DEFINITION('international standard',
  'automotive_design',2000,#2);
#2 = APPLICATION_CONTEXT(
  'core data for automotive mechanical design processes');
#3 = SHAPE_DEFINITION_REPRESENTATION(#4,#10);
#4 = PRODUCT_DEFINITION_SHAPE('','',#5);
#5 = PRODUCT_DEFINITION('design','',#6,#9);
#6 = PRODUCT_DEFINITION_FORMATION('','',#7);
#7 = PRODUCT('Open CASCADE STEP translator 7.8 1',
  'Open CASCADE STEP translator 7.8 1','',(#8));
#8 = PRODUCT_CONTEXT('',#2,'mechanical');
#9 = PRODUCT_DEFINITION_CONTEXT('part definition',#2,'design');
#10 = SHAPE_REPRESENTATION('',(#11,#15,#19,#23,#27,#31),#35);
#11 = AXIS2_PLACEMENT_3D('',#12,#13,#14);
#12 = CARTESIAN_POINT('',(0.,0.,0.));
#13 = DIRECTION('',(0.,0.,1.));
#14 = DIRECTION('',(1.,0.,-0.));
#15 = AXIS2_PLACEMENT_3D('',#16,#17,#18);
#16 = CARTESIAN_POINT('',(0.,0.,0.));
#17 = DIRECTION('',(0.,0.,1.));
#18 = DIRECTION('',(1.,0.,-0.));
#19 = AXIS2_PLACEMENT_3D('',#20,#21,#22);
#20 = CARTESIAN_POINT('',(0.,0.,0.));
#21 = DIRECTION('',(0.,0.,1.));
#22 = DIRECTION('',(1.,0.,-0.));
#23 = AXIS2_PLACEMENT_3D('',#24,#25,#26);
#24 = CARTESIAN_POINT('',(0.,0.,0.));
#25 = DIRECTION('',(0.,0.,1.));
#26 = DIRECTION('',(1.,0.,-0.));
#27 = AXIS2_PLACEMENT_3D('',#28,#29,#30);
#28 = CARTESIAN_POINT('',(0.,0.,0.));
#29 = DIRECTION('',(0.,0.,1.));
#30 = DIRECTION('',(1.,0.,-0.));
#31 = AXIS2_PLACEMENT_3D('',#32,#33,#34);
#32 = CARTESIAN_POINT('',(0.,0.,0.));
#33 = DIRECTION('',(0.,0.,1.));
#34 = DIRECTION('',(1.,0.,-0.));
#35 = ( GEOMETRIC_REPRESENTATION_CONTEXT(3) 
GLOBAL_UNCERTAINTY_ASSIGNED_CONTEXT((#39)) GLOBAL_UNIT_ASSIGNED_CONTEXT(
(#36,#37,#38)) REPRESENTATION_CONTEXT('Context #1',
  '3D Context with UNIT and UNCERTAINTY') );
#36 = ( LENGTH_UNIT() NAMED_UNIT(*) SI_UNIT(.MILLI.,.METRE.) );
#37 = ( NAMED_UNIT(*) PLANE_ANGLE_UNIT() SI_UNIT($,.RADIAN.) );
#38 = ( NAMED_UNIT(*) SI_UNIT($,.STERADIAN.) SOLID_ANGLE_UNIT() );
#39 = UNCERTAINTY_MEASURE_WITH_UNIT(LENGTH_MEASURE(1.E-07),#36,
  'distance_accuracy_value','confusion accuracy');
#40 = PRODUCT_RELATED_PRODUCT_CATEGORY('part',$,(#7));
#41 = SHAPE_DEFINITION_REPRESENTATION(#42,#48);
#42 = PRODUCT_DEFINITION_SHAPE('','',#43);
#43 = PRODUCT_DEFINITION('design','',#44,#47);
#44 = PRODUCT_DEFINITION_FORMATION('','',#45);
#45 = PRODUCT('Open CASCADE STEP translator 7.8 1.1',
  'Open CASCADE STEP translator 7.8 1.1','',(#46));
#46 = PRODUCT_CONTEXT('',#2,'mechanical');
#47 = PRODUCT_DEFINITION_CONTEXT('part definition',#2,'design');
#48 = ADVANCED_BREP_SHAPE_REPRESENTATION('',(#11,#49),#639);
#49 = MANIFOLD_SOLID_BREP('',#50);
#50 = CLOSED_SHELL('',(#51,#171,#269,#334,#399,#431,#507,#556,#605,#632)
  );
#51 = ADVANCED_FACE('',(#52),#66,.T.);
#52 = FACE_BOUND('',#53,.T.);
#53 = EDGE_LOOP('',(#54,#89,#117,#145));
#54 = ORIENTED_EDGE('',*,*,#55,.F.);
#55 = EDGE_CURVE('',#56,#58,#60,.T.);
#56 = VERTEX_POINT('',#57);
#57 = CARTESIAN_POINT('',(4.,1.5,1.5));
#58 = VERTEX_POINT('',#59);
#59 = CARTESIAN_POINT('',(4.,1.5,4.5));
#60 = SURFACE_CURVE('',#61,(#65,#77),.PCURVE_S1.);
#61 = LINE('',#62,#63);
#62 = CARTESIAN_POINT('',(4.,1.5,0.));
#63 = VECTOR('',#64,1.);
#64 = DIRECTION('',(0.,0.,1.));
#65 = PCURVE('',#66,#71);
#66 = PLANE('',#67);
#67 = AXIS2_PLACEMENT_3D('',#68,#69,#70);
#68 = CARTESIAN_POINT('',(4.,0.,0.));
#69 = DIRECTION('',(1.,0.,0.));
#70 = DIRECTION('',(0.,0.,1.));
#71 = DEFINITIONAL_REPRESENTATION('',(#72),#76);
#72 = LINE('',#73,#74);
#73 = CARTESIAN_POINT('',(0.,-1.5));
#74 = VECTOR('',#75,1.);
#75 = DIRECTION('',(1.,0.));
#76 = ( GEOMETRIC_REPRESENTATION_CONTEXT(2) 
PARAMETRIC_REPRESENTATION_CONTEXT() REPRESENTATION_CONTEXT('2D SPACE',''
  ) );
#77 = PCURVE('',#78,#83);
#78 = CYLINDRICAL_SURFACE('',#79,1.5);
#79 = AXIS2_PLACEMENT_3D('',#80,#81,#82);
#80 = CARTESIAN_POINT('',(2.5,1.5,0.));
#81 = DIRECTION('',(0.,0.,1.));
#82 = DIRECTION('',(1.,0.,-0.));
#83 = DEFINITIONAL_REPRESENTATION('',(#84),#88);
#84 = LINE('',#85,#86);
#85 = CARTESIAN_POINT('',(-0.,0.));
#86 = VECTOR('',#87,1.);
#87 = DIRECTION('',(-0.,1.));
#88 = ( GEOMETRIC_REPRESENTATION_CONTEXT(2) 
PARAMETRIC_REPRESENTATION_CONTEXT() REPRESENTATION_CONTEXT('2D SPACE',''
  ) );
#89 = ORIENTED_EDGE('',*,*,#90,.T.);
#90 = EDGE_CURVE('',#56,#91,#93,.T.);
#91 = VERTEX_POINT('',#92);
#92 = CARTESIAN_POINT('',(4.,8.5,1.5));
#93 = SURFACE_CURVE('',#94,(#98,#105),.PCURVE_S1.);
#94 = LINE('',#95,#96);
#95 = CARTESIAN_POINT('',(4.,0.,1.5));
#96 = VECTOR('',#97,1.);
#97 = DIRECTION('',(0.,1.,0.));
#98 = PCURVE('',#66,#99);
#99 = DEFINITIONAL_REPRESENTATION('',(#100),#104);
#100 = LINE('',#101,#102);
#101 = CARTESIAN_POINT('',(1.5,0.));
#102 = VECTOR('',#103,1.);
#103 = DIRECTION('',(0.,-1.));
#104 = ( GEOMETRIC_REPRESENTATION_CONTEXT(2) 
PARAMETRIC_REPRESENTATION_CONTEXT() REPRESENTATION_CONTEXT('2D SPACE',''
  ) );
#105 = PCURVE('',#106,#111);
#106 = CYLINDRICAL_SURFACE('',#107,1.5);
#107 = AXIS2_PLACEMENT_3D('',#108,#109,#110);
#108 = CARTESIAN_POINT('',(2.5,0.,1.5));
#109 = DIRECTION('',(0.,1.,0.));
#110 = DIRECTION('',(1.,0.,-0.));
#111 = DEFINITIONAL_REPRESENTATION('',(#112),#116);
#112 = LINE('',#113,#114);
#113 = CARTESIAN_POINT('',(0.,0.));
#114 = VECTOR('',#115,1.);
#115 = DIRECTION('',(0.,1.));
#116 = ( GEOMETRIC_REPRESENTATION_CONTEXT(2) 
PARAMETRIC_REPRESENTATION_CONTEXT() REPRESENTATION_CONTEXT('2D SPACE',''
  ) );
#117 = ORIENTED_EDGE('',*,*,#118,.T.);
#118 = EDGE_CURVE('',#91,#119,#121,.T.);
#119 = VERTEX_POINT('',#120);
#120 = CARTESIAN_POINT('',(4.,8.5,4.5));
#121 = SURFACE_CURVE('',#122,(#126,#133),.PCURVE_S1.);
#122 = LINE('',#123,#124);
#123 = CARTESIAN_POINT('',(4.,8.5,0.));
#124 = VECTOR('',#125,1.);
#125 = DIRECTION('',(0.,0.,1.));
#126 = PCURVE('',#66,#127);
#127 = DEFINITIONAL_REPRESENTATION('',(#128),#132);
#128 = LINE('',#129,#130);
#129 = CARTESIAN_POINT('',(0.,-8.5));
#130 = VECTOR('',#131,1.);
#131 = DIRECTION('',(1.,0.));
#132 = ( GEOMETRIC_REPRESENTATION_CONTEXT(2) 
PARAMETRIC_REPRESENTATION_CONTEXT() REPRESENTATION_CONTEXT('2D SPACE',''
  ) );
#133 = PCURVE('',#134,#139);
#134 = CYLINDRICAL_SURFACE('',#135,1.5);
#135 = AXIS2_PLACEMENT_3D('',#136,#137,#138);
#136 = CARTESIAN_POINT('',(2.5,8.5,0.));
#137 = DIRECTION('',(0.,0.,1.));
#138 = DIRECTION('',(1.,0.,-0.));
#139 = DEFINITIONAL_REPRESENTATION('',(#140),#144);
#140 = LINE('',#141,#142);
#141 = CARTESIAN_POINT('',(0.,0.));
#142 = VECTOR('',#143,1.);
#143 = DIRECTION('',(0.,1.));
#144 = ( GEOMETRIC_REPRESENTATION_CONTEXT(2) 
PARAMETRIC_REPRESENTATION_CONTEXT() REPRESENTATION_CONTEXT('2D SPACE',''
  ) );
#145 = ORIENTED_EDGE('',*,*,#146,.F.);
#146 = EDGE_CURVE('',#58,#119,#147,.T.);
#147 = SURFACE_CURVE('',#148,(#152,#159),.PCURVE_S1.);
#148 = LINE('',#149,#150);
#149 = CARTESIAN_POINT('',(4.,0.,4.5));
#150 = VECTOR('',#151,1.);
#151 = DIRECTION('',(0.,1.,0.));
#152 = PCURVE('',#66,#153);
#153 = DEFINITIONAL_REPRESENTATION('',(#154),#158);
#154 = LINE('',#155,#156);
#155 = CARTESIAN_POINT('',(4.5,0.));
#156 = VECTOR('',#157,1.);
#157 = DIRECTION('',(0.,-1.));
#158 = ( GEOMETRIC_REPRESENTATION_CONTEXT(2) 
PARAMETRIC_REPRESENTATION_CONTEXT() REPRESENTATION_CONTEXT('2D SPACE',''
  ) );
#159 = PCURVE('',#160,#165);
#160 = CYLINDRICAL_SURFACE('',#161,1.5);
#161 = AXIS2_PLACEMENT_3D('',#162,#163,#164);
#162 = CARTESIAN_POINT('',(2.5,0.,4.5));
#163 = DIRECTION('',(0.,1.,0.));
#164 = DIRECTION('',(1.,0.,-0.));
#165 = DEFINITIONAL_REPRESENTATION('',(#166),#170);
#166 = LINE('',#167,#168);
#167 = CARTESIAN_POINT('',(-0.,0.));
#168 = VECTOR('',#169,1.);
#169 = DIRECTION('',(-0.,1.));
#170 = ( GEOMETRIC_REPRESENTATION_CONTEXT(2) 
PARAMETRIC_REPRESENTATION_CONTEXT() REPRESENTATION_CONTEXT('2D SPACE',''
  ) );
#171 = ADVANCED_FACE('',(#172),#78,.T.);
#172 = FACE_BOUND('',#173,.F.);
#173 = EDGE_LOOP('',(#174,#208,#236,#268));
#174 = ORIENTED_EDGE('',*,*,#175,.T.);
#175 = EDGE_CURVE('',#56,#176,#178,.T.);
#176 = VERTEX_POINT('',#177);
#177 = CARTESIAN_POINT('',(2.5,0.,0.));
#178 = SURFACE_CURVE('',#179,(#184,#196),.PCURVE_S1.);
#179 = ELLIPSE('',#180,2.12132034356,1.5);
#180 = AXIS2_PLACEMENT_3D('',#181,#182,#183);
#181 = CARTESIAN_POINT('',(2.5,1.5,1.5));
#182 = DIRECTION('',(-0.,0.707106781187,-0.707106781187));
#183 = DIRECTION('',(0.,0.707106781187,0.707106781187));
#184 = PCURVE('',#78,#185);
#185 = DEFINITIONAL_REPRESENTATION('',(#186),#195);
#186 = B_SPLINE_CURVE_WITH_KNOTS('',7,(#187,#188,#189,#190,#191,#192,
    #193,#194),.UNSPECIFIED.,.F.,.F.,(8,8),(1.570796326795,3.14159265359
    ),.PIECEWISE_BEZIER_KNOTS.);
#187 = CARTESIAN_POINT('',(0.,1.5));
#188 = CARTESIAN_POINT('',(-0.224399475256,1.163400787115));
#189 = CARTESIAN_POINT('',(-0.448798950513,0.826802941021));
#190 = CARTESIAN_POINT('',(-0.673198425769,0.517879761339));
#191 = CARTESIAN_POINT('',(-0.897597901026,0.264356243062));
#192 = CARTESIAN_POINT('',(-1.121997376282,8.812300891497E-02));
#193 = CARTESIAN_POINT('',(-1.346396851538,-4.122151486547E-17));
#194 = CARTESIAN_POINT('',(-1.570796326795,0.));
#195 = ( GEOMETRIC_REPRESENTATION_CONTEXT(2) 
PARAMETRIC_REPRESENTATION_CONTEXT() REPRESENTATION_CONTEXT('2D SPACE',''
  ) );
#196 = PCURVE('',#106,#197);
#197 = DEFINITIONAL_REPRESENTATION('',(#198),#207);
#198 = B_SPLINE_CURVE_WITH_KNOTS('',7,(#199,#200,#201,#202,#203,#204,
    #205,#206),.UNSPECIFIED.,.F.,.F.,(8,8),(1.570796326795,3.14159265359
    ),.PIECEWISE_BEZIER_KNOTS.);
#199 = CARTESIAN_POINT('',(0.,1.5));
#200 = CARTESIAN_POINT('',(0.224399475256,1.163400787115));
#201 = CARTESIAN_POINT('',(0.448798950513,0.826802941021));
#202 = CARTESIAN_POINT('',(0.673198425769,0.51787976134));
#203 = CARTESIAN_POINT('',(0.897597901026,0.264356243062));
#204 = CARTESIAN_POINT('',(1.121997376282,8.812300891502E-02));
#205 = CARTESIAN_POINT('',(1.346396851538,-4.122151486547E-17));
#206 = CARTESIAN_POINT('',(1.570796326795,0.));
#207 = ( GEOMETRIC_REPRESENTATION_CONTEXT(2) 
PARAMETRIC_REPRESENTATION_CONTEXT() REPRESENTATION_CONTEXT('2D SPACE',''
  ) );
#208 = ORIENTED_EDGE('',*,*,#209,.T.);
#209 = EDGE_CURVE('',#176,#210,#212,.T.);
#210 = VERTEX_POINT('',#211);
#211 = CARTESIAN_POINT('',(2.5,0.,6.));
#212 = SURFACE_CURVE('',#213,(#217,#224),.PCURVE_S1.);
#213 = LINE('',#214,#215);
#214 = CARTESIAN_POINT('',(2.5,0.,0.));
#215 = VECTOR('',#216,1.);
#216 = DIRECTION('',(0.,0.,1.));
#217 = PCURVE('',#78,#218);
#218 = DEFINITIONAL_REPRESENTATION('',(#219),#223);
#219 = LINE('',#220,#221);
#220 = CARTESIAN_POINT('',(-1.570796326795,0.));
#221 = VECTOR('',#222,1.);
#222 = DIRECTION('',(-0.,1.));
#223 = ( GEOMETRIC_REPRESENTATION_CONTEXT(2) 
PARAMETRIC_REPRESENTATION_CONTEXT() REPRESENTATION_CONTEXT('2D SPACE',''
  ) );
#224 = PCURVE('',#225,#230);
#225 = PLANE('',#226);
#226 = AXIS2_PLACEMENT_3D('',#227,#228,#229);
#227 = CARTESIAN_POINT('',(0.,0.,0.));
#228 = DIRECTION('',(0.,1.,0.));
#229 = DIRECTION('',(0.,0.,1.));
#230 = DEFINITIONAL_REPRESENTATION('',(#231),#235);
#231 = LINE('',#232,#233);
#232 = CARTESIAN_POINT('',(0.,2.5));
#233 = VECTOR('',#234,1.);
#234 = DIRECTION('',(1.,0.));
#235 = ( GEOMETRIC_REPRESENTATION_CONTEXT(2) 
PARAMETRIC_REPRESENTATION_CONTEXT() REPRESENTATION_CONTEXT('2D SPACE',''
  ) );
#236 = ORIENTED_EDGE('',*,*,#237,.F.);
#237 = EDGE_CURVE('',#58,#210,#238,.T.);
#238 = SURFACE_CURVE('',#239,(#244,#256),.PCURVE_S1.);
#239 = ELLIPSE('',#240,2.12132034356,1.5);
#240 = AXIS2_PLACEMENT_3D('',#241,#242,#243);
#241 = CARTESIAN_POINT('',(2.5,1.5,4.5));
#242 = DIRECTION('',(-0.,-0.707106781187,-0.707106781187));
#243 = DIRECTION('',(0.,-0.707106781187,0.707106781187));
#244 = PCURVE('',#78,#245);
#245 = DEFINITIONAL_REPRESENTATION('',(#246),#255);
#246 = B_SPLINE_CURVE_WITH_KNOTS('',7,(#247,#248,#249,#250,#251,#252,
    #253,#254),.UNSPECIFIED.,.F.,.F.,(8,8),(4.712388980385,6.28318530718
    ),.PIECEWISE_BEZIER_KNOTS.);
#247 = CARTESIAN_POINT('',(0.,4.5));
#248 = CARTESIAN_POINT('',(-0.224399475256,4.836599212885));
#249 = CARTESIAN_POINT('',(-0.448798950513,5.173197058977));
#250 = CARTESIAN_POINT('',(-0.673198425769,5.482120238663));
#251 = CARTESIAN_POINT('',(-0.897597901026,5.735643756936));
#252 = CARTESIAN_POINT('',(-1.121997376282,5.911876991086));
#253 = CARTESIAN_POINT('',(-1.346396851538,6.));
#254 = CARTESIAN_POINT('',(-1.570796326795,6.));
#255 = ( GEOMETRIC_REPRESENTATION_CONTEXT(2) 
PARAMETRIC_REPRESENTATION_CONTEXT() REPRESENTATION_CONTEXT('2D SPACE',''
  ) );
#256 = PCURVE('',#160,#257);
#257 = DEFINITIONAL_REPRESENTATION('',(#258),#267);
#258 = B_SPLINE_CURVE_WITH_KNOTS('',7,(#259,#260,#261,#262,#263,#264,
    #265,#266),.UNSPECIFIED.,.F.,.F.,(8,8),(4.712388980385,6.28318530718
    ),.PIECEWISE_BEZIER_KNOTS.);
#259 = CARTESIAN_POINT('',(0.,1.5));
#260 = CARTESIAN_POINT('',(-0.224399475256,1.163400787115));
#261 = CARTESIAN_POINT('',(-0.448798950513,0.826802941022));
#262 = CARTESIAN_POINT('',(-0.673198425769,0.517879761339));
#263 = CARTESIAN_POINT('',(-0.897597901026,0.264356243062));
#264 = CARTESIAN_POINT('',(-1.121997376282,8.812300891497E-02));
#265 = CARTESIAN_POINT('',(-1.346396851538,0.));
#266 = CARTESIAN_POINT('',(-1.570796326795,0.));
#267 = ( GEOMETRIC_REPRESENTATION_CONTEXT(2) 
PARAMETRIC_REPRESENTATION_CONTEXT() REPRESENTATION_CONTEXT('2D SPACE',''
  ) );
#268 = ORIENTED_EDGE('',*,*,#55,.F.);
#269 = ADVANCED_FACE('',(#270),#106,.T.);
#270 = FACE_BOUND('',#271,.T.);
#271 = EDGE_LOOP('',(#272,#273,#301,#333));
#272 = ORIENTED_EDGE('',*,*,#175,.T.);
#273 = ORIENTED_EDGE('',*,*,#274,.T.);
#274 = EDGE_CURVE('',#176,#275,#277,.T.);
#275 = VERTEX_POINT('',#276);
#276 = CARTESIAN_POINT('',(2.5,10.,0.));
#277 = SURFACE_CURVE('',#278,(#282,#289),.PCURVE_S1.);
#278 = LINE('',#279,#280);
#279 = CARTESIAN_POINT('',(2.5,0.,0.));
#280 = VECTOR('',#281,1.);
#281 = DIRECTION('',(0.,1.,0.));
#282 = PCURVE('',#106,#283);
#283 = DEFINITIONAL_REPRESENTATION('',(#284),#288);
#284 = LINE('',#285,#286);
#285 = CARTESIAN_POINT('',(1.570796326795,0.));
#286 = VECTOR('',#287,1.);
#287 = DIRECTION('',(0.,1.));
#288 = ( GEOMETRIC_REPRESENTATION_CONTEXT(2) 
PARAMETRIC_REPRESENTATION_CONTEXT() REPRESENTATION_CONTEXT('2D SPACE',''
  ) );
#289 = PCURVE('',#290,#295);
#290 = PLANE('',#291);
#291 = AXIS2_PLACEMENT_3D('',#292,#293,#294);
#292 = CARTESIAN_POINT('',(0.,0.,0.));
#293 = DIRECTION('',(0.,0.,1.));
#294 = DIRECTION('',(1.,0.,0.));
#295 = DEFINITIONAL_REPRESENTATION('',(#296),#300);
#296 = LINE('',#297,#298);
#297 = CARTESIAN_POINT('',(2.5,0.));
#298 = VECTOR('',#299,1.);
#299 = DIRECTION('',(0.,1.));
#300 = ( GEOMETRIC_REPRESENTATION_CONTEXT(2) 
PARAMETRIC_REPRESENTATION_CONTEXT() REPRESENTATION_CONTEXT('2D SPACE',''
  ) );
#301 = ORIENTED_EDGE('',*,*,#302,.F.);
#302 = EDGE_CURVE('',#91,#275,#303,.T.);
#303 = SURFACE_CURVE('',#304,(#309,#321),.PCURVE_S1.);
#304 = ELLIPSE('',#305,2.12132034356,1.5);
#305 = AXIS2_PLACEMENT_3D('',#306,#307,#308);
#306 = CARTESIAN_POINT('',(2.5,8.5,1.5));
#307 = DIRECTION('',(0.,0.707106781187,0.707106781187));
#308 = DIRECTION('',(0.,-0.707106781187,0.707106781187));
#309 = PCURVE('',#106,#310);
#310 = DEFINITIONAL_REPRESENTATION('',(#311),#320);
#311 = B_SPLINE_CURVE_WITH_KNOTS('',7,(#312,#313,#314,#315,#316,#317,
    #318,#319),.UNSPECIFIED.,.F.,.F.,(8,8),(1.570796326795,3.14159265359
    ),.PIECEWISE_BEZIER_KNOTS.);
#312 = CARTESIAN_POINT('',(0.,8.5));
#313 = CARTESIAN_POINT('',(0.224399475256,8.836599212885));
#314 = CARTESIAN_POINT('',(0.448798950513,9.173197058979));
#315 = CARTESIAN_POINT('',(0.673198425769,9.482120238661));
#316 = CARTESIAN_POINT('',(0.897597901026,9.735643756939));
#317 = CARTESIAN_POINT('',(1.121997376282,9.911876991085));
#318 = CARTESIAN_POINT('',(1.346396851538,10.));
#319 = CARTESIAN_POINT('',(1.570796326795,10.));
#320 = ( GEOMETRIC_REPRESENTATION_CONTEXT(2) 
PARAMETRIC_REPRESENTATION_CONTEXT() REPRESENTATION_CONTEXT('2D SPACE',''
  ) );
#321 = PCURVE('',#134,#322);
#322 = DEFINITIONAL_REPRESENTATION('',(#323),#332);
#323 = B_SPLINE_CURVE_WITH_KNOTS('',7,(#324,#325,#326,#327,#328,#329,
    #330,#331),.UNSPECIFIED.,.F.,.F.,(8,8),(1.570796326795,3.14159265359
    ),.PIECEWISE_BEZIER_KNOTS.);
#324 = CARTESIAN_POINT('',(0.,1.5));
#325 = CARTESIAN_POINT('',(0.224399475256,1.163400787115));
#326 = CARTESIAN_POINT('',(0.448798950513,0.826802941022));
#327 = CARTESIAN_POINT('',(0.673198425769,0.517879761339));
#328 = CARTESIAN_POINT('',(0.897597901026,0.264356243062));
#329 = CARTESIAN_POINT('',(1.121997376282,8.812300891498E-02));
#330 = CARTESIAN_POINT('',(1.346396851538,4.122151486547E-17));
#331 = CARTESIAN_POINT('',(1.570796326795,0.));
#332 = ( GEOMETRIC_REPRESENTATION_CONTEXT(2) 
PARAMETRIC_REPRESENTATION_CONTEXT() REPRESENTATION_CONTEXT('2D SPACE',''
  ) );
#333 = ORIENTED_EDGE('',*,*,#90,.F.);
#334 = ADVANCED_FACE('',(#335),#160,.T.);
#335 = FACE_BOUND('',#336,.F.);
#336 = EDGE_LOOP('',(#337,#338,#366,#398));
#337 = ORIENTED_EDGE('',*,*,#237,.T.);
#338 = ORIENTED_EDGE('',*,*,#339,.T.);
#339 = EDGE_CURVE('',#210,#340,#342,.T.);
#340 = VERTEX_POINT('',#341);
#341 = CARTESIAN_POINT('',(2.5,10.,6.));
#342 = SURFACE_CURVE('',#343,(#347,#354),.PCURVE_S1.);
#343 = LINE('',#344,#345);
#344 = CARTESIAN_POINT('',(2.5,0.,6.));
#345 = VECTOR('',#346,1.);
#346 = DIRECTION('',(0.,1.,0.));
#347 = PCURVE('',#160,#348);
#348 = DEFINITIONAL_REPRESENTATION('',(#349),#353);
#349 = LINE('',#350,#351);
#350 = CARTESIAN_POINT('',(-1.570796326795,0.));
#351 = VECTOR('',#352,1.);
#352 = DIRECTION('',(-0.,1.));
#353 = ( GEOMETRIC_REPRESENTATION_CONTEXT(2) 
PARAMETRIC_REPRESENTATION_CONTEXT() REPRESENTATION_CONTEXT('2D SPACE',''
  ) );
#354 = PCURVE('',#355,#360);
#355 = PLANE('',#356);
#356 = AXIS2_PLACEMENT_3D('',#357,#358,#359);
#357 = CARTESIAN_POINT('',(0.,0.,6.));
#358 = DIRECTION('',(0.,0.,1.));
#359 = DIRECTION('',(1.,0.,0.));
#360 = DEFINITIONAL_REPRESENTATION('',(#361),#365);
#361 = LINE('',#362,#363);
#362 = CARTESIAN_POINT('',(2.5,0.));
#363 = VECTOR('',#364,1.);
#364 = DIRECTION('',(0.,1.));
#365 = ( GEOMETRIC_REPRESENTATION_CONTEXT(2) 
PARAMETRIC_REPRESENTATION_CONTEXT() REPRESENTATION_CONTEXT('2D SPACE',''
  ) );
#366 = ORIENTED_EDGE('',*,*,#367,.F.);
#367 = EDGE_CURVE('',#119,#340,#368,.T.);
#368 = SURFACE_CURVE('',#369,(#374,#386),.PCURVE_S1.);
#369 = ELLIPSE('',#370,2.12132034356,1.5);
#370 = AXIS2_PLACEMENT_3D('',#371,#372,#373);
#371 = CARTESIAN_POINT('',(2.5,8.5,4.5));
#372 = DIRECTION('',(0.,-0.707106781187,0.707106781187));
#373 = DIRECTION('',(0.,0.707106781187,0.707106781187));
#374 = PCURVE('',#160,#375);
#375 = DEFINITIONAL_REPRESENTATION('',(#376),#385);
#376 = B_SPLINE_CURVE_WITH_KNOTS('',7,(#377,#378,#379,#380,#381,#382,
    #383,#384),.UNSPECIFIED.,.F.,.F.,(8,8),(4.712388980385,6.28318530718
    ),.PIECEWISE_BEZIER_KNOTS.);
#377 = CARTESIAN_POINT('',(0.,8.5));
#378 = CARTESIAN_POINT('',(-0.224399475256,8.836599212885));
#379 = CARTESIAN_POINT('',(-0.448798950513,9.17319705898));
#380 = CARTESIAN_POINT('',(-0.673198425769,9.482120238658));
#381 = CARTESIAN_POINT('',(-0.897597901026,9.735643756943));
#382 = CARTESIAN_POINT('',(-1.121997376282,9.911876991083));
#383 = CARTESIAN_POINT('',(-1.346396851538,10.));
#384 = CARTESIAN_POINT('',(-1.570796326795,10.));
#385 = ( GEOMETRIC_REPRESENTATION_CONTEXT(2) 
PARAMETRIC_REPRESENTATION_CONTEXT() REPRESENTATION_CONTEXT('2D SPACE',''
  ) );
#386 = PCURVE('',#134,#387);
#387 = DEFINITIONAL_REPRESENTATION('',(#388),#397);
#388 = B_SPLINE_CURVE_WITH_KNOTS('',7,(#389,#390,#391,#392,#393,#394,
    #395,#396),.UNSPECIFIED.,.F.,.F.,(8,8),(4.712388980385,6.28318530718
    ),.PIECEWISE_BEZIER_KNOTS.);
#389 = CARTESIAN_POINT('',(0.,4.5));
#390 = CARTESIAN_POINT('',(0.224399475256,4.836599212885));
#391 = CARTESIAN_POINT('',(0.448798950513,5.173197058977));
#392 = CARTESIAN_POINT('',(0.673198425769,5.482120238663));
#393 = CARTESIAN_POINT('',(0.897597901026,5.735643756936));
#394 = CARTESIAN_POINT('',(1.121997376282,5.911876991086));
#395 = CARTESIAN_POINT('',(1.346396851538,6.));
#396 = CARTESIAN_POINT('',(1.570796326795,6.));
#397 = ( GEOMETRIC_REPRESENTATION_CONTEXT(2) 
PARAMETRIC_REPRESENTATION_CONTEXT() REPRESENTATION_CONTEXT('2D SPACE',''
  ) );
#398 = ORIENTED_EDGE('',*,*,#146,.F.);
#399 = ADVANCED_FACE('',(#400),#134,.T.);
#400 = FACE_BOUND('',#401,.T.);
#401 = EDGE_LOOP('',(#402,#403,#429,#430));
#402 = ORIENTED_EDGE('',*,*,#302,.T.);
#403 = ORIENTED_EDGE('',*,*,#404,.T.);
#404 = EDGE_CURVE('',#275,#340,#405,.T.);
#405 = SURFACE_CURVE('',#406,(#410,#417),.PCURVE_S1.);
#406 = LINE('',#407,#408);
#407 = CARTESIAN_POINT('',(2.5,10.,0.));
#408 = VECTOR('',#409,1.);
#409 = DIRECTION('',(0.,0.,1.));
#410 = PCURVE('',#134,#411);
#411 = DEFINITIONAL_REPRESENTATION('',(#412),#416);
#412 = LINE('',#413,#414);
#413 = CARTESIAN_POINT('',(1.570796326795,0.));
#414 = VECTOR('',#415,1.);
#415 = DIRECTION('',(0.,1.));
#416 = ( GEOMETRIC_REPRESENTATION_CONTEXT(2) 
PARAMETRIC_REPRESENTATION_CONTEXT() REPRESENTATION_CONTEXT('2D SPACE',''
  ) );
#417 = PCURVE('',#418,#423);
#418 = PLANE('',#419);
#419 = AXIS2_PLACEMENT_3D('',#420,#421,#422);
#420 = CARTESIAN_POINT('',(0.,10.,0.));
#421 = DIRECTION('',(0.,1.,0.));
#422 = DIRECTION('',(0.,0.,1.));
#423 = DEFINITIONAL_REPRESENTATION('',(#424),#428);
#424 = LINE('',#425,#426);
#425 = CARTESIAN_POINT('',(0.,2.5));
#426 = VECTOR('',#427,1.);
#427 = DIRECTION('',(1.,0.));
#428 = ( GEOMETRIC_REPRESENTATION_CONTEXT(2) 
PARAMETRIC_REPRESENTATION_CONTEXT() REPRESENTATION_CONTEXT('2D SPACE',''
  ) );
#429 = ORIENTED_EDGE('',*,*,#367,.F.);
#430 = ORIENTED_EDGE('',*,*,#118,.F.);
#431 = ADVANCED_FACE('',(#432),#225,.F.);
#432 = FACE_BOUND('',#433,.F.);
#433 = EDGE_LOOP('',(#434,#457,#485,#506));
#434 = ORIENTED_EDGE('',*,*,#435,.F.);
#435 = EDGE_CURVE('',#436,#176,#438,.T.);
#436 = VERTEX_POINT('',#437);
#437 = CARTESIAN_POINT('',(0.,0.,0.));
#438 = SURFACE_CURVE('',#439,(#443,#450),.PCURVE_S1.);
#439 = LINE('',#440,#441);
#440 = CARTESIAN_POINT('',(0.,0.,0.));
#441 = VECTOR('',#442,1.);
#442 = DIRECTION('',(1.,0.,0.));
#443 = PCURVE('',#225,#444);
#444 = DEFINITIONAL_REPRESENTATION('',(#445),#449);
#445 = LINE('',#446,#447);
#446 = CARTESIAN_POINT('',(0.,0.));
#447 = VECTOR('',#448,1.);
#448 = DIRECTION('',(0.,1.));
#449 = ( GEOMETRIC_REPRESENTATION_CONTEXT(2) 
PARAMETRIC_REPRESENTATION_CONTEXT() REPRESENTATION_CONTEXT('2D SPACE',''
  ) );
#450 = PCURVE('',#290,#451);
#451 = DEFINITIONAL_REPRESENTATION('',(#452),#456);
#452 = LINE('',#453,#454);
#453 = CARTESIAN_POINT('',(0.,0.));
#454 = VECTOR('',#455,1.);
#455 = DIRECTION('',(1.,0.));
#456 = ( GEOMETRIC_REPRESENTATION_CONTEXT(2) 
PARAMETRIC_REPRESENTATION_CONTEXT() REPRESENTATION_CONTEXT('2D SPACE',''
  ) );
#457 = ORIENTED_EDGE('',*,*,#458,.T.);
#458 = EDGE_CURVE('',#436,#459,#461,.T.);
#459 = VERTEX_POINT('',#460);
#460 = CARTESIAN_POINT('',(0.,0.,6.));
#461 = SURFACE_CURVE('',#462,(#466,#473),.PCURVE_S1.);
#462 = LINE('',#463,#464);
#463 = CARTESIAN_POINT('',(0.,0.,0.));
#464 = VECTOR('',#465,1.);
#465 = DIRECTION('',(0.,0.,1.));
#466 = PCURVE('',#225,#467);
#467 = DEFINITIONAL_REPRESENTATION('',(#468),#472);
#468 = LINE('',#469,#470);
#469 = CARTESIAN_POINT('',(0.,0.));
#470 = VECTOR('',#471,1.);
#471 = DIRECTION('',(1.,0.));
#472 = ( GEOMETRIC_REPRESENTATION_CONTEXT(2) 
PARAMETRIC_REPRESENTATION_CONTEXT() REPRESENTATION_CONTEXT('2D SPACE',''
  ) );
#473 = PCURVE('',#474,#479);
#474 = PLANE('',#475);
#475 = AXIS2_PLACEMENT_3D('',#476,#477,#478);
#476 = CARTESIAN_POINT('',(0.,0.,0.));
#477 = DIRECTION('',(1.,0.,0.));
#478 = DIRECTION('',(0.,0.,1.));
#479 = DEFINITIONAL_REPRESENTATION('',(#480),#484);
#480 = LINE('',#481,#482);
#481 = CARTESIAN_POINT('',(0.,0.));
#482 = VECTOR('',#483,1.);
#483 = DIRECTION('',(1.,0.));
#484 = ( GEOMETRIC_REPRESENTATION_CONTEXT(2) 
PARAMETRIC_REPRESENTATION_CONTEXT() REPRESENTATION_CONTEXT('2D SPACE',''
  ) );
#485 = ORIENTED_EDGE('',*,*,#486,.T.);
#486 = EDGE_CURVE('',#459,#210,#487,.T.);
#487 = SURFACE_CURVE('',#488,(#492,#499),.PCURVE_S1.);
#488 = LINE('',#489,#490);
#489 = CARTESIAN_POINT('',(0.,0.,6.));
#490 = VECTOR('',#491,1.);
#491 = DIRECTION('',(1.,0.,0.));
#492 = PCURVE('',#225,#493);
#493 = DEFINITIONAL_REPRESENTATION('',(#494),#498);
#494 = LINE('',#495,#496);
#495 = CARTESIAN_POINT('',(6.,0.));
#496 = VECTOR('',#497,1.);
#497 = DIRECTION('',(0.,1.));
#498 = ( GEOMETRIC_REPRESENTATION_CONTEXT(2) 
PARAMETRIC_REPRESENTATION_CONTEXT() REPRESENTATION_CONTEXT('2D SPACE',''
  ) );
#499 = PCURVE('',#355,#500);
#500 = DEFINITIONAL_REPRESENTATION('',(#501),#505);
#501 = LINE('',#502,#503);
#502 = CARTESIAN_POINT('',(0.,0.));
#503 = VECTOR('',#504,1.);
#504 = DIRECTION('',(1.,0.));
#505 = ( GEOMETRIC_REPRESENTATION_CONTEXT(2) 
PARAMETRIC_REPRESENTATION_CONTEXT() REPRESENTATION_CONTEXT('2D SPACE',''
  ) );
#506 = ORIENTED_EDGE('',*,*,#209,.F.);
#507 = ADVANCED_FACE('',(#508),#290,.F.);
#508 = FACE_BOUND('',#509,.F.);
#509 = EDGE_LOOP('',(#510,#533,#554,#555));
#510 = ORIENTED_EDGE('',*,*,#511,.F.);
#511 = EDGE_CURVE('',#512,#275,#514,.T.);
#512 = VERTEX_POINT('',#513);
#513 = CARTESIAN_POINT('',(0.,10.,0.));
#514 = SURFACE_CURVE('',#515,(#519,#526),.PCURVE_S1.);
#515 = LINE('',#516,#517);
#516 = CARTESIAN_POINT('',(0.,10.,0.));
#517 = VECTOR('',#518,1.);
#518 = DIRECTION('',(1.,0.,0.));
#519 = PCURVE('',#290,#520);
#520 = DEFINITIONAL_REPRESENTATION('',(#521),#525);
#521 = LINE('',#522,#523);
#522 = CARTESIAN_POINT('',(0.,10.));
#523 = VECTOR('',#524,1.);
#524 = DIRECTION('',(1.,0.));
#525 = ( GEOMETRIC_REPRESENTATION_CONTEXT(2) 
PARAMETRIC_REPRESENTATION_CONTEXT() REPRESENTATION_CONTEXT('2D SPACE',''
  ) );
#526 = PCURVE('',#418,#527);
#527 = DEFINITIONAL_REPRESENTATION('',(#528),#532);
#528 = LINE('',#529,#530);
#529 = CARTESIAN_POINT('',(0.,0.));
#530 = VECTOR('',#531,1.);
#531 = DIRECTION('',(0.,1.));
#532 = ( GEOMETRIC_REPRESENTATION_CONTEXT(2) 
PARAMETRIC_REPRESENTATION_CONTEXT() REPRESENTATION_CONTEXT('2D SPACE',''
  ) );
#533 = ORIENTED_EDGE('',*,*,#534,.F.);
#534 = EDGE_CURVE('',#436,#512,#535,.T.);
#535 = SURFACE_CURVE('',#536,(#540,#547),.PCURVE_S1.);
#536 = LINE('',#537,#538);
#537 = CARTESIAN_POINT('',(0.,0.,0.));
#538 = VECTOR('',#539,1.);
#539 = DIRECTION('',(0.,1.,0.));
#540 = PCURVE('',#290,#541);
#541 = DEFINITIONAL_REPRESENTATION('',(#542),#546);
#542 = LINE('',#543,#544);
#543 = CARTESIAN_POINT('',(0.,0.));
#544 = VECTOR('',#545,1.);
#545 = DIRECTION('',(0.,1.));
#546 = ( GEOMETRIC_REPRESENTATION_CONTEXT(2) 
PARAMETRIC_REPRESENTATION_CONTEXT() REPRESENTATION_CONTEXT('2D SPACE',''
  ) );
#547 = PCURVE('',#474,#548);
#548 = DEFINITIONAL_REPRESENTATION('',(#549),#553);
#549 = LINE('',#550,#551);
#550 = CARTESIAN_POINT('',(0.,0.));
#551 = VECTOR('',#552,1.);
#552 = DIRECTION('',(0.,-1.));
#553 = ( GEOMETRIC_REPRESENTATION_CONTEXT(2) 
PARAMETRIC_REPRESENTATION_CONTEXT() REPRESENTATION_CONTEXT('2D SPACE',''
  ) );
#554 = ORIENTED_EDGE('',*,*,#435,.T.);
#555 = ORIENTED_EDGE('',*,*,#274,.T.);
#556 = ADVANCED_FACE('',(#557),#355,.T.);
#557 = FACE_BOUND('',#558,.T.);
#558 = EDGE_LOOP('',(#559,#582,#603,#604));
#559 = ORIENTED_EDGE('',*,*,#560,.F.);
#560 = EDGE_CURVE('',#561,#340,#563,.T.);
#561 = VERTEX_POINT('',#562);
#562 = CARTESIAN_POINT('',(0.,10.,6.));
#563 = SURFACE_CURVE('',#564,(#568,#575),.PCURVE_S1.);
#564 = LINE('',#565,#566);
#565 = CARTESIAN_POINT('',(0.,10.,6.));
#566 = VECTOR('',#567,1.);
#567 = DIRECTION('',(1.,0.,0.));
#568 = PCURVE('',#355,#569);
#569 = DEFINITIONAL_REPRESENTATION('',(#570),#574);
#570 = LINE('',#571,#572);
#571 = CARTESIAN_POINT('',(0.,10.));
#572 = VECTOR('',#573,1.);
#573 = DIRECTION('',(1.,0.));
#574 = ( GEOMETRIC_REPRESENTATION_CONTEXT(2) 
PARAMETRIC_REPRESENTATION_CONTEXT() REPRESENTATION_CONTEXT('2D SPACE',''
  ) );
#575 = PCURVE('',#418,#576);
#576 = DEFINITIONAL_REPRESENTATION('',(#577),#581);
#577 = LINE('',#578,#579);
#578 = CARTESIAN_POINT('',(6.,0.));
#579 = VECTOR('',#580,1.);
#580 = DIRECTION('',(0.,1.));
#581 = ( GEOMETRIC_REPRESENTATION_CONTEXT(2) 
PARAMETRIC_REPRESENTATION_CONTEXT() REPRESENTATION_CONTEXT('2D SPACE',''
  ) );
#582 = ORIENTED_EDGE('',*,*,#583,.F.);
#583 = EDGE_CURVE('',#459,#561,#584,.T.);
#584 = SURFACE_CURVE('',#585,(#589,#596),.PCURVE_S1.);
#585 = LINE('',#586,#587);
#586 = CARTESIAN_POINT('',(0.,0.,6.));
#587 = VECTOR('',#588,1.);
#588 = DIRECTION('',(0.,1.,0.));
#589 = PCURVE('',#355,#590);
#590 = DEFINITIONAL_REPRESENTATION('',(#591),#595);
#591 = LINE('',#592,#593);
#592 = CARTESIAN_POINT('',(0.,0.));
#593 = VECTOR('',#594,1.);
#594 = DIRECTION('',(0.,1.));
#595 = ( GEOMETRIC_REPRESENTATION_CONTEXT(2) 
PARAMETRIC_REPRESENTATION_CONTEXT() REPRESENTATION_CONTEXT('2D SPACE',''
  ) );
#596 = PCURVE('',#474,#597);
#597 = DEFINITIONAL_REPRESENTATION('',(#598),#602);
#598 = LINE('',#599,#600);
#599 = CARTESIAN_POINT('',(6.,0.));
#600 = VECTOR('',#601,1.);
#601 = DIRECTION('',(0.,-1.));
#602 = ( GEOMETRIC_REPRESENTATION_CONTEXT(2) 
PARAMETRIC_REPRESENTATION_CONTEXT() REPRESENTATION_CONTEXT('2D SPACE',''
  ) );
#603 = ORIENTED_EDGE('',*,*,#486,.T.);
#604 = ORIENTED_EDGE('',*,*,#339,.T.);
#605 = ADVANCED_FACE('',(#606),#418,.T.);
#606 = FACE_BOUND('',#607,.T.);
#607 = EDGE_LOOP('',(#608,#609,#630,#631));
#608 = ORIENTED_EDGE('',*,*,#511,.F.);
#609 = ORIENTED_EDGE('',*,*,#610,.T.);
#610 = EDGE_CURVE('',#512,#561,#611,.T.);
#611 = SURFACE_CURVE('',#612,(#616,#623),.PCURVE_S1.);
#612 = LINE('',#613,#614);
#613 = CARTESIAN_POINT('',(0.,10.,0.));
#614 = VECTOR('',#615,1.);
#615 = DIRECTION('',(0.,0.,1.));
#616 = PCURVE('',#418,#617);
#617 = DEFINITIONAL_REPRESENTATION('',(#618),#622);
#618 = LINE('',#619,#620);
#619 = CARTESIAN_POINT('',(0.,0.));
#620 = VECTOR('',#621,1.);
#621 = DIRECTION('',(1.,0.));
#622 = ( GEOMETRIC_REPRESENTATION_CONTEXT(2) 
PARAMETRIC_REPRESENTATION_CONTEXT() REPRESENTATION_CONTEXT('2D SPACE',''
  ) );
#623 = PCURVE('',#474,#624);
#624 = DEFINITIONAL_REPRESENTATION('',(#625),#629);
#625 = LINE('',#626,#627);
#626 = CARTESIAN_POINT('',(0.,-10.));
#627 = VECTOR('',#628,1.);
#628 = DIRECTION('',(1.,0.));
#629 = ( GEOMETRIC_REPRESENTATION_CONTEXT(2) 
PARAMETRIC_REPRESENTATION_CONTEXT() REPRESENTATION_CONTEXT('2D SPACE',''
  ) );
#630 = ORIENTED_EDGE('',*,*,#560,.T.);
#631 = ORIENTED_EDGE('',*,*,#404,.F.);
#632 = ADVANCED_FACE('',(#633),#474,.F.);
#633 = FACE_BOUND('',#634,.F.);
#634 = EDGE_LOOP('',(#635,#636,#637,#638));
#635 = ORIENTED_EDGE('',*,*,#458,.F.);
#636 = ORIENTED_EDGE('',*,*,#534,.T.);
#637 = ORIENTED_EDGE('',*,*,#610,.T.);
#638 = ORIENTED_EDGE('',*,*,#583,.F.);
#639 = ( GEOMETRIC_REPRESENTATION_CONTEXT(3) 
GLOBAL_UNCERTAINTY_ASSIGNED_CONTEXT((#643)) GLOBAL_UNIT_ASSIGNED_CONTEXT
((#640,#641,#642)) REPRESENTATION_CONTEXT('Context #1',
  '3D Context with UNIT and UNCERTAINTY') );
#640 = ( LENGTH_UNIT() NAMED_UNIT(*) SI_UNIT(.MILLI.,.METRE.) );
#641 = ( NAMED_UNIT(*) PLANE_ANGLE_UNIT() SI_UNIT($,.RADIAN.) );
#642 = ( NAMED_UNIT(*) SI_UNIT($,.STERADIAN.) SOLID_ANGLE_UNIT() );
#643 = UNCERTAINTY_MEASURE_WITH_UNIT(LENGTH_MEASURE(2.E-07),#640,
  'distance_accuracy_value','confusion accuracy');
#644 = CONTEXT_DEPENDENT_SHAPE_REPRESENTATION(#645,#647);
#645 = ( REPRESENTATION_RELATIONSHIP('','',#48,#10) 
REPRESENTATION_RELATIONSHIP_WITH_TRANSFORMATION(#646) 
SHAPE_REPRESENTATION_RELATIONSHIP() );
#646 = ITEM_DEFINED_TRANSFORMATION('','',#11,#15);
#647 = PRODUCT_DEFINITION_SHAPE('Placement','Placement of an item',#648
  );
#648 = NEXT_ASSEMBLY_USAGE_OCCURRENCE('1','','',#5,#43,$);
#649 = PRODUCT_RELATED_PRODUCT_CATEGORY('part',$,(#45));
#650 = SHAPE_DEFINITION_REPRESENTATION(#651,#657);
#651 = PRODUCT_DEFINITION_SHAPE('','',#652);
#652 = PRODUCT_DEFINITION('design','',#653,#656);
#653 = PRODUCT_DEFINITION_FORMATION('','',#654);
#654 = PRODUCT('Open CASCADE STEP translator 7.8 1.2',
  'Open CASCADE STEP translator 7.8 1.2','',(#655));
#655 = PRODUCT_CONTEXT('',#2,'mechanical');
#656 = PRODUCT_DEFINITION_CONTEXT('part definition',#2,'design');
#657 = ADVANCED_BREP_SHAPE_REPRESENTATION('',(#11,#658),#1248);
#658 = MANIFOLD_SOLID_BREP('',#659);
#659 = CLOSED_SHELL('',(#660,#780,#878,#943,#1008,#1040,#1116,#1165,
    #1214,#1241));
#660 = ADVANCED_FACE('',(#661),#675,.T.);
#661 = FACE_BOUND('',#662,.T.);
#662 = EDGE_LOOP('',(#663,#698,#726,#754));
#663 = ORIENTED_EDGE('',*,*,#664,.F.);
#664 = EDGE_CURVE('',#665,#667,#669,.T.);
#665 = VERTEX_POINT('',#666);
#666 = CARTESIAN_POINT('',(4.,-73.5,1.5));
#667 = VERTEX_POINT('',#668);
#668 = CARTESIAN_POINT('',(4.,-73.5,4.5));
#669 = SURFACE_CURVE('',#670,(#674,#686),.PCURVE_S1.);
#670 = LINE('',#671,#672);
#671 = CARTESIAN_POINT('',(4.,-73.5,0.));
#672 = VECTOR('',#673,1.);
#673 = DIRECTION('',(0.,0.,1.));
#674 = PCURVE('',#675,#680);
#675 = PLANE('',#676);
#676 = AXIS2_PLACEMENT_3D('',#677,#678,#679);
#677 = CARTESIAN_POINT('',(4.,-75.,0.));
#678 = DIRECTION('',(1.,0.,0.));
#679 = DIRECTION('',(0.,0.,1.));
#680 = DEFINITIONAL_REPRESENTATION('',(#681),#685);
#681 = LINE('',#682,#683);
#682 = CARTESIAN_POINT('',(0.,-1.5));
#683 = VECTOR('',#684,1.);
#684 = DIRECTION('',(1.,0.));
#685 = ( GEOMETRIC_REPRESENTATION_CONTEXT(2) 
PARAMETRIC_REPRESENTATION_CONTEXT() REPRESENTATION_CONTEXT('2D SPACE',''
  ) );
#686 = PCURVE('',#687,#692);
#687 = CYLINDRICAL_SURFACE('',#688,1.5);
#688 = AXIS2_PLACEMENT_3D('',#689,#690,#691);
#689 = CARTESIAN_POINT('',(2.5,-73.5,0.));
#690 = DIRECTION('',(0.,0.,1.));
#691 = DIRECTION('',(1.,0.,-0.));
#692 = DEFINITIONAL_REPRESENTATION('',(#693),#697);
#693 = LINE('',#694,#695);
#694 = CARTESIAN_POINT('',(-0.,0.));
#695 = VECTOR('',#696,1.);
#696 = DIRECTION('',(-0.,1.));
#697 = ( GEOMETRIC_REPRESENTATION_CONTEXT(2) 
PARAMETRIC_REPRESENTATION_CONTEXT() REPRESENTATION_CONTEXT('2D SPACE',''
  ) );
#698 = ORIENTED_EDGE('',*,*,#699,.T.);
#699 = EDGE_CURVE('',#665,#700,#702,.T.);
#700 = VERTEX_POINT('',#701);
#701 = CARTESIAN_POINT('',(4.,-66.5,1.5));
#702 = SURFACE_CURVE('',#703,(#707,#714),.PCURVE_S1.);
#703 = LINE('',#704,#705);
#704 = CARTESIAN_POINT('',(4.,-75.,1.5));
#705 = VECTOR('',#706,1.);
#706 = DIRECTION('',(0.,1.,0.));
#707 = PCURVE('',#675,#708);
#708 = DEFINITIONAL_REPRESENTATION('',(#709),#713);
#709 = LINE('',#710,#711);
#710 = CARTESIAN_POINT('',(1.5,0.));
#711 = VECTOR('',#712,1.);
#712 = DIRECTION('',(0.,-1.));
#713 = ( GEOMETRIC_REPRESENTATION_CONTEXT(2) 
PARAMETRIC_REPRESENTATION_CONTEXT() REPRESENTATION_CONTEXT('2D SPACE',''
  ) );
#714 = PCURVE('',#715,#720);
#715 = CYLINDRICAL_SURFACE('',#716,1.5);
#716 = AXIS2_PLACEMENT_3D('',#717,#718,#719);
#717 = CARTESIAN_POINT('',(2.5,-75.,1.5));
#718 = DIRECTION('',(0.,1.,0.));
#719 = DIRECTION('',(1.,0.,-0.));
#720 = DEFINITIONAL_REPRESENTATION('',(#721),#725);
#721 = LINE('',#722,#723);
#722 = CARTESIAN_POINT('',(0.,0.));
#723 = VECTOR('',#724,1.);
#724 = DIRECTION('',(0.,1.));
#725 = ( GEOMETRIC_REPRESENTATION_CONTEXT(2) 
PARAMETRIC_REPRESENTATION_CONTEXT() REPRESENTATION_CONTEXT('2D SPACE',''
  ) );
#726 = ORIENTED_EDGE('',*,*,#727,.T.);
#727 = EDGE_CURVE('',#700,#728,#730,.T.);
#728 = VERTEX_POINT('',#729);
#729 = CARTESIAN_POINT('',(4.,-66.5,4.5));
#730 = SURFACE_CURVE('',#731,(#735,#742),.PCURVE_S1.);
#731 = LINE('',#732,#733);
#732 = CARTESIAN_POINT('',(4.,-66.5,0.));
#733 = VECTOR('',#734,1.);
#734 = DIRECTION('',(0.,0.,1.));
#735 = PCURVE('',#675,#736);
#736 = DEFINITIONAL_REPRESENTATION('',(#737),#741);
#737 = LINE('',#738,#739);
#738 = CARTESIAN_POINT('',(0.,-8.5));
#739 = VECTOR('',#740,1.);
#740 = DIRECTION('',(1.,0.));
#741 = ( GEOMETRIC_REPRESENTATION_CONTEXT(2) 
PARAMETRIC_REPRESENTATION_CONTEXT() REPRESENTATION_CONTEXT('2D SPACE',''
  ) );
#742 = PCURVE('',#743,#748);
#743 = CYLINDRICAL_SURFACE('',#744,1.5);
#744 = AXIS2_PLACEMENT_3D('',#745,#746,#747);
#745 = CARTESIAN_POINT('',(2.5,-66.5,0.));
#746 = DIRECTION('',(0.,0.,1.));
#747 = DIRECTION('',(1.,0.,-0.));
#748 = DEFINITIONAL_REPRESENTATION('',(#749),#753);
#749 = LINE('',#750,#751);
#750 = CARTESIAN_POINT('',(0.,0.));
#751 = VECTOR('',#752,1.);
#752 = DIRECTION('',(0.,1.));
#753 = ( GEOMETRIC_REPRESENTATION_CONTEXT(2) 
PARAMETRIC_REPRESENTATION_CONTEXT() REPRESENTATION_CONTEXT('2D SPACE',''
  ) );
#754 = ORIENTED_EDGE('',*,*,#755,.F.);
#755 = EDGE_CURVE('',#667,#728,#756,.T.);
#756 = SURFACE_CURVE('',#757,(#761,#768),.PCURVE_S1.);
#757 = LINE('',#758,#759);
#758 = CARTESIAN_POINT('',(4.,-75.,4.5));
#759 = VECTOR('',#760,1.);
#760 = DIRECTION('',(0.,1.,0.));
#761 = PCURVE('',#675,#762);
#762 = DEFINITIONAL_REPRESENTATION('',(#763),#767);
#763 = LINE('',#764,#765);
#764 = CARTESIAN_POINT('',(4.5,0.));
#765 = VECTOR('',#766,1.);
#766 = DIRECTION('',(0.,-1.));
#767 = ( GEOMETRIC_REPRESENTATION_CONTEXT(2) 
PARAMETRIC_REPRESENTATION_CONTEXT() REPRESENTATION_CONTEXT('2D SPACE',''
  ) );
#768 = PCURVE('',#769,#774);
#769 = CYLINDRICAL_SURFACE('',#770,1.5);
#770 = AXIS2_PLACEMENT_3D('',#771,#772,#773);
#771 = CARTESIAN_POINT('',(2.5,-75.,4.5));
#772 = DIRECTION('',(0.,1.,0.));
#773 = DIRECTION('',(1.,0.,-0.));
#774 = DEFINITIONAL_REPRESENTATION('',(#775),#779);
#775 = LINE('',#776,#777);
#776 = CARTESIAN_POINT('',(-0.,0.));
#777 = VECTOR('',#778,1.);
#778 = DIRECTION('',(-0.,1.));
#779 = ( GEOMETRIC_REPRESENTATION_CONTEXT(2) 
PARAMETRIC_REPRESENTATION_CONTEXT() REPRESENTATION_CONTEXT('2D SPACE',''
  ) );
#780 = ADVANCED_FACE('',(#781),#687,.T.);
#781 = FACE_BOUND('',#782,.F.);
#782 = EDGE_LOOP('',(#783,#817,#845,#877));
#783 = ORIENTED_EDGE('',*,*,#784,.T.);
#784 = EDGE_CURVE('',#665,#785,#787,.T.);
#785 = VERTEX_POINT('',#786);
#786 = CARTESIAN_POINT('',(2.5,-75.,0.));
#787 = SURFACE_CURVE('',#788,(#793,#805),.PCURVE_S1.);
#788 = ELLIPSE('',#789,2.12132034356,1.5);
#789 = AXIS2_PLACEMENT_3D('',#790,#791,#792);
#790 = CARTESIAN_POINT('',(2.5,-73.5,1.5));
#791 = DIRECTION('',(-0.,0.707106781187,-0.707106781187));
#792 = DIRECTION('',(0.,0.707106781187,0.707106781187));
#793 = PCURVE('',#687,#794);
#794 = DEFINITIONAL_REPRESENTATION('',(#795),#804);
#795 = B_SPLINE_CURVE_WITH_KNOTS('',7,(#796,#797,#798,#799,#800,#801,
    #802,#803),.UNSPECIFIED.,.F.,.F.,(8,8),(1.570796326795,3.14159265359
    ),.PIECEWISE_BEZIER_KNOTS.);
#796 = CARTESIAN_POINT('',(0.,1.5));
#797 = CARTESIAN_POINT('',(-0.224399475256,1.163400787115));
#798 = CARTESIAN_POINT('',(-0.448798950513,0.826802941021));
#799 = CARTESIAN_POINT('',(-0.673198425769,0.517879761339));
#800 = CARTESIAN_POINT('',(-0.897597901026,0.264356243062));
#801 = CARTESIAN_POINT('',(-1.121997376282,8.812300891497E-02));
#802 = CARTESIAN_POINT('',(-1.346396851538,-4.122151486547E-17));
#803 = CARTESIAN_POINT('',(-1.570796326795,0.));
#804 = ( GEOMETRIC_REPRESENTATION_CONTEXT(2) 
PARAMETRIC_REPRESENTATION_CONTEXT() REPRESENTATION_CONTEXT('2D SPACE',''
  ) );
#805 = PCURVE('',#715,#806);
#806 = DEFINITIONAL_REPRESENTATION('',(#807),#816);
#807 = B_SPLINE_CURVE_WITH_KNOTS('',7,(#808,#809,#810,#811,#812,#813,
    #814,#815),.UNSPECIFIED.,.F.,.F.,(8,8),(1.570796326795,3.14159265359
    ),.PIECEWISE_BEZIER_KNOTS.);
#808 = CARTESIAN_POINT('',(0.,1.5));
#809 = CARTESIAN_POINT('',(0.224399475256,1.163400787115));
#810 = CARTESIAN_POINT('',(0.448798950513,0.826802941021));
#811 = CARTESIAN_POINT('',(0.673198425769,0.51787976134));
#812 = CARTESIAN_POINT('',(0.897597901026,0.264356243062));
#813 = CARTESIAN_POINT('',(1.121997376282,8.812300891502E-02));
#814 = CARTESIAN_POINT('',(1.346396851538,-4.122151486547E-17));
#815 = CARTESIAN_POINT('',(1.570796326795,0.));
#816 = ( GEOMETRIC_REPRESENTATION_CONTEXT(2) 
PARAMETRIC_REPRESENTATION_CONTEXT() REPRESENTATION_CONTEXT('2D SPACE',''
  ) );
#817 = ORIENTED_EDGE('',*,*,#818,.T.);
#818 = EDGE_CURVE('',#785,#819,#821,.T.);
#819 = VERTEX_POINT('',#820);
#820 = CARTESIAN_POINT('',(2.5,-75.,6.));
#821 = SURFACE_CURVE('',#822,(#826,#833),.PCURVE_S1.);
#822 = LINE('',#823,#824);
#823 = CARTESIAN_POINT('',(2.5,-75.,0.));
#824 = VECTOR('',#825,1.);
#825 = DIRECTION('',(0.,0.,1.));
#826 = PCURVE('',#687,#827);
#827 = DEFINITIONAL_REPRESENTATION('',(#828),#832);
#828 = LINE('',#829,#830);
#829 = CARTESIAN_POINT('',(-1.570796326795,0.));
#830 = VECTOR('',#831,1.);
#831 = DIRECTION('',(-0.,1.));
#832 = ( GEOMETRIC_REPRESENTATION_CONTEXT(2) 
PARAMETRIC_REPRESENTATION_CONTEXT() REPRESENTATION_CONTEXT('2D SPACE',''
  ) );
#833 = PCURVE('',#834,#839);
#834 = PLANE('',#835);
#835 = AXIS2_PLACEMENT_3D('',#836,#837,#838);
#836 = CARTESIAN_POINT('',(0.,-75.,0.));
#837 = DIRECTION('',(0.,1.,0.));
#838 = DIRECTION('',(0.,0.,1.));
#839 = DEFINITIONAL_REPRESENTATION('',(#840),#844);
#840 = LINE('',#841,#842);
#841 = CARTESIAN_POINT('',(0.,2.5));
#842 = VECTOR('',#843,1.);
#843 = DIRECTION('',(1.,0.));
#844 = ( GEOMETRIC_REPRESENTATION_CONTEXT(2) 
PARAMETRIC_REPRESENTATION_CONTEXT() REPRESENTATION_CONTEXT('2D SPACE',''
  ) );
#845 = ORIENTED_EDGE('',*,*,#846,.F.);
#846 = EDGE_CURVE('',#667,#819,#847,.T.);
#847 = SURFACE_CURVE('',#848,(#853,#865),.PCURVE_S1.);
#848 = ELLIPSE('',#849,2.12132034356,1.5);
#849 = AXIS2_PLACEMENT_3D('',#850,#851,#852);
#850 = CARTESIAN_POINT('',(2.5,-73.5,4.5));
#851 = DIRECTION('',(-0.,-0.707106781187,-0.707106781187));
#852 = DIRECTION('',(0.,-0.707106781187,0.707106781187));
#853 = PCURVE('',#687,#854);
#854 = DEFINITIONAL_REPRESENTATION('',(#855),#864);
#855 = B_SPLINE_CURVE_WITH_KNOTS('',7,(#856,#857,#858,#859,#860,#861,
    #862,#863),.UNSPECIFIED.,.F.,.F.,(8,8),(4.712388980385,6.28318530718
    ),.PIECEWISE_BEZIER_KNOTS.);
#856 = CARTESIAN_POINT('',(0.,4.5));
#857 = CARTESIAN_POINT('',(-0.224399475256,4.836599212885));
#858 = CARTESIAN_POINT('',(-0.448798950513,5.173197058977));
#859 = CARTESIAN_POINT('',(-0.673198425769,5.482120238663));
#860 = CARTESIAN_POINT('',(-0.897597901026,5.735643756936));
#861 = CARTESIAN_POINT('',(-1.121997376282,5.911876991086));
#862 = CARTESIAN_POINT('',(-1.346396851538,6.));
#863 = CARTESIAN_POINT('',(-1.570796326795,6.));
#864 = ( GEOMETRIC_REPRESENTATION_CONTEXT(2) 
PARAMETRIC_REPRESENTATION_CONTEXT() REPRESENTATION_CONTEXT('2D SPACE',''
  ) );
#865 = PCURVE('',#769,#866);
#866 = DEFINITIONAL_REPRESENTATION('',(#867),#876);
#867 = B_SPLINE_CURVE_WITH_KNOTS('',7,(#868,#869,#870,#871,#872,#873,
    #874,#875),.UNSPECIFIED.,.F.,.F.,(8,8),(4.712388980385,6.28318530718
    ),.PIECEWISE_BEZIER_KNOTS.);
#868 = CARTESIAN_POINT('',(0.,1.5));
#869 = CARTESIAN_POINT('',(-0.224399475256,1.163400787115));
#870 = CARTESIAN_POINT('',(-0.448798950513,0.826802941022));
#871 = CARTESIAN_POINT('',(-0.673198425769,0.517879761339));
#872 = CARTESIAN_POINT('',(-0.897597901026,0.264356243062));
#873 = CARTESIAN_POINT('',(-1.121997376282,8.812300891497E-02));
#874 = CARTESIAN_POINT('',(-1.346396851538,0.));
#875 = CARTESIAN_POINT('',(-1.570796326795,0.));
#876 = ( GEOMETRIC_REPRESENTATION_CONTEXT(2) 
PARAMETRIC_REPRESENTATION_CONTEXT() REPRESENTATION_CONTEXT('2D SPACE',''
  ) );
#877 = ORIENTED_EDGE('',*,*,#664,.F.);
#878 = ADVANCED_FACE('',(#879),#715,.T.);
#879 = FACE_BOUND('',#880,.T.);
#880 = EDGE_LOOP('',(#881,#882,#910,#942));
#881 = ORIENTED_EDGE('',*,*,#784,.T.);
#882 = ORIENTED_EDGE('',*,*,#883,.T.);
#883 = EDGE_CURVE('',#785,#884,#886,.T.);
#884 = VERTEX_POINT('',#885);
#885 = CARTESIAN_POINT('',(2.5,-65.,0.));
#886 = SURFACE_CURVE('',#887,(#891,#898),.PCURVE_S1.);
#887 = LINE('',#888,#889);
#888 = CARTESIAN_POINT('',(2.5,-75.,0.));
#889 = VECTOR('',#890,1.);
#890 = DIRECTION('',(0.,1.,0.));
#891 = PCURVE('',#715,#892);
#892 = DEFINITIONAL_REPRESENTATION('',(#893),#897);
#893 = LINE('',#894,#895);
#894 = CARTESIAN_POINT('',(1.570796326795,0.));
#895 = VECTOR('',#896,1.);
#896 = DIRECTION('',(0.,1.));
#897 = ( GEOMETRIC_REPRESENTATION_CONTEXT(2) 
PARAMETRIC_REPRESENTATION_CONTEXT() REPRESENTATION_CONTEXT('2D SPACE',''
  ) );
#898 = PCURVE('',#899,#904);
#899 = PLANE('',#900);
#900 = AXIS2_PLACEMENT_3D('',#901,#902,#903);
#901 = CARTESIAN_POINT('',(0.,-75.,0.));
#902 = DIRECTION('',(0.,0.,1.));
#903 = DIRECTION('',(1.,0.,0.));
#904 = DEFINITIONAL_REPRESENTATION('',(#905),#909);
#905 = LINE('',#906,#907);
#906 = CARTESIAN_POINT('',(2.5,0.));
#907 = VECTOR('',#908,1.);
#908 = DIRECTION('',(0.,1.));
#909 = ( GEOMETRIC_REPRESENTATION_CONTEXT(2) 
PARAMETRIC_REPRESENTATION_CONTEXT() REPRESENTATION_CONTEXT('2D SPACE',''
  ) );
#910 = ORIENTED_EDGE('',*,*,#911,.F.);
#911 = EDGE_CURVE('',#700,#884,#912,.T.);
#912 = SURFACE_CURVE('',#913,(#918,#930),.PCURVE_S1.);
#913 = ELLIPSE('',#914,2.12132034356,1.5);
#914 = AXIS2_PLACEMENT_3D('',#915,#916,#917);
#915 = CARTESIAN_POINT('',(2.5,-66.5,1.5));
#916 = DIRECTION('',(0.,0.707106781187,0.707106781187));
#917 = DIRECTION('',(0.,-0.707106781187,0.707106781187));
#918 = PCURVE('',#715,#919);
#919 = DEFINITIONAL_REPRESENTATION('',(#920),#929);
#920 = B_SPLINE_CURVE_WITH_KNOTS('',7,(#921,#922,#923,#924,#925,#926,
    #927,#928),.UNSPECIFIED.,.F.,.F.,(8,8),(1.570796326795,3.14159265359
    ),.PIECEWISE_BEZIER_KNOTS.);
#921 = CARTESIAN_POINT('',(0.,8.5));
#922 = CARTESIAN_POINT('',(0.224399475256,8.836599212885));
#923 = CARTESIAN_POINT('',(0.448798950513,9.173197058979));
#924 = CARTESIAN_POINT('',(0.673198425769,9.482120238661));
#925 = CARTESIAN_POINT('',(0.897597901026,9.735643756939));
#926 = CARTESIAN_POINT('',(1.121997376282,9.911876991085));
#927 = CARTESIAN_POINT('',(1.346396851538,10.));
#928 = CARTESIAN_POINT('',(1.570796326795,10.));
#929 = ( GEOMETRIC_REPRESENTATION_CONTEXT(2) 
PARAMETRIC_REPRESENTATION_CONTEXT() REPRESENTATION_CONTEXT('2D SPACE',''
  ) );
#930 = PCURVE('',#743,#931);
#931 = DEFINITIONAL_REPRESENTATION('',(#932),#941);
#932 = B_SPLINE_CURVE_WITH_KNOTS('',7,(#933,#934,#935,#936,#937,#938,
    #939,#940),.UNSPECIFIED.,.F.,.F.,(8,8),(1.570796326795,3.14159265359
    ),.PIECEWISE_BEZIER_KNOTS.);
#933 = CARTESIAN_POINT('',(0.,1.5));
#934 = CARTESIAN_POINT('',(0.224399475256,1.163400787115));
#935 = CARTESIAN_POINT('',(0.448798950513,0.826802941022));
#936 = CARTESIAN_POINT('',(0.673198425769,0.517879761339));
#937 = CARTESIAN_POINT('',(0.897597901026,0.264356243062));
#938 = CARTESIAN_POINT('',(1.121997376282,8.812300891498E-02));
#939 = CARTESIAN_POINT('',(1.346396851538,4.122151486547E-17));
#940 = CARTESIAN_POINT('',(1.570796326795,0.));
#941 = ( GEOMETRIC_REPRESENTATION_CONTEXT(2) 
PARAMETRIC_REPRESENTATION_CONTEXT() REPRESENTATION_CONTEXT('2D SPACE',''
  ) );
#942 = ORIENTED_EDGE('',*,*,#699,.F.);
#943 = ADVANCED_FACE('',(#944),#769,.T.);
#944 = FACE_BOUND('',#945,.F.);
#945 = EDGE_LOOP('',(#946,#947,#975,#1007));
#946 = ORIENTED_EDGE('',*,*,#846,.T.);
#947 = ORIENTED_EDGE('',*,*,#948,.T.);
#948 = EDGE_CURVE('',#819,#949,#951,.T.);
#949 = VERTEX_POINT('',#950);
#950 = CARTESIAN_POINT('',(2.5,-65.,6.));
#951 = SURFACE_CURVE('',#952,(#956,#963),.PCURVE_S1.);
#952 = LINE('',#953,#954);
#953 = CARTESIAN_POINT('',(2.5,-75.,6.));
#954 = VECTOR('',#955,1.);
#955 = DIRECTION('',(0.,1.,0.));
#956 = PCURVE('',#769,#957);
#957 = DEFINITIONAL_REPRESENTATION('',(#958),#962);
#958 = LINE('',#959,#960);
#959 = CARTESIAN_POINT('',(-1.570796326795,0.));
#960 = VECTOR('',#961,1.);
#961 = DIRECTION('',(-0.,1.));
#962 = ( GEOMETRIC_REPRESENTATION_CONTEXT(2) 
PARAMETRIC_REPRESENTATION_CONTEXT() REPRESENTATION_CONTEXT('2D SPACE',''
  ) );
#963 = PCURVE('',#964,#969);
#964 = PLANE('',#965);
#965 = AXIS2_PLACEMENT_3D('',#966,#967,#968);
#966 = CARTESIAN_POINT('',(0.,-75.,6.));
#967 = DIRECTION('',(0.,0.,1.));
#968 = DIRECTION('',(1.,0.,0.));
#969 = DEFINITIONAL_REPRESENTATION('',(#970),#974);
#970 = LINE('',#971,#972);
#971 = CARTESIAN_POINT('',(2.5,0.));
#972 = VECTOR('',#973,1.);
#973 = DIRECTION('',(0.,1.));
#974 = ( GEOMETRIC_REPRESENTATION_CONTEXT(2) 
PARAMETRIC_REPRESENTATION_CONTEXT() REPRESENTATION_CONTEXT('2D SPACE',''
  ) );
#975 = ORIENTED_EDGE('',*,*,#976,.F.);
#976 = EDGE_CURVE('',#728,#949,#977,.T.);
#977 = SURFACE_CURVE('',#978,(#983,#995),.PCURVE_S1.);
#978 = ELLIPSE('',#979,2.12132034356,1.5);
#979 = AXIS2_PLACEMENT_3D('',#980,#981,#982);
#980 = CARTESIAN_POINT('',(2.5,-66.5,4.5));
#981 = DIRECTION('',(0.,-0.707106781187,0.707106781187));
#982 = DIRECTION('',(0.,0.707106781187,0.707106781187));
#983 = PCURVE('',#769,#984);
#984 = DEFINITIONAL_REPRESENTATION('',(#985),#994);
#985 = B_SPLINE_CURVE_WITH_KNOTS('',7,(#986,#987,#988,#989,#990,#991,
    #992,#993),.UNSPECIFIED.,.F.,.F.,(8,8),(4.712388980385,6.28318530718
    ),.PIECEWISE_BEZIER_KNOTS.);
#986 = CARTESIAN_POINT('',(0.,8.5));
#987 = CARTESIAN_POINT('',(-0.224399475256,8.836599212885));
#988 = CARTESIAN_POINT('',(-0.448798950513,9.17319705898));
#989 = CARTESIAN_POINT('',(-0.673198425769,9.482120238658));
#990 = CARTESIAN_POINT('',(-0.897597901026,9.735643756943));
#991 = CARTESIAN_POINT('',(-1.121997376282,9.911876991083));
#992 = CARTESIAN_POINT('',(-1.346396851538,10.));
#993 = CARTESIAN_POINT('',(-1.570796326795,10.));
#994 = ( GEOMETRIC_REPRESENTATION_CONTEXT(2) 
PARAMETRIC_REPRESENTATION_CONTEXT() REPRESENTATION_CONTEXT('2D SPACE',''
  ) );
#995 = PCURVE('',#743,#996);
#996 = DEFINITIONAL_REPRESENTATION('',(#997),#1006);
#997 = B_SPLINE_CURVE_WITH_KNOTS('',7,(#998,#999,#1000,#1001,#1002,#1003
    ,#1004,#1005),.UNSPECIFIED.,.F.,.F.,(8,8),(4.712388980385,
    6.28318530718),.PIECEWISE_BEZIER_KNOTS.);
#998 = CARTESIAN_POINT('',(0.,4.5));
#999 = CARTESIAN_POINT('',(0.224399475256,4.836599212885));
#1000 = CARTESIAN_POINT('',(0.448798950513,5.173197058977));
#1001 = CARTESIAN_POINT('',(0.673198425769,5.482120238663));
#1002 = CARTESIAN_POINT('',(0.897597901026,5.735643756936));
#1003 = CARTESIAN_POINT('',(1.121997376282,5.911876991086));
#1004 = CARTESIAN_POINT('',(1.346396851538,6.));
#1005 = CARTESIAN_POINT('',(1.570796326795,6.));
#1006 = ( GEOMETRIC_REPRESENTATION_CONTEXT(2) 
PARAMETRIC_REPRESENTATION_CONTEXT() REPRESENTATION_CONTEXT('2D SPACE',''
  ) );
#1007 = ORIENTED_EDGE('',*,*,#755,.F.);
#1008 = ADVANCED_FACE('',(#1009),#743,.T.);
#1009 = FACE_BOUND('',#1010,.T.);
#1010 = EDGE_LOOP('',(#1011,#1012,#1038,#1039));
#1011 = ORIENTED_EDGE('',*,*,#911,.T.);
#1012 = ORIENTED_EDGE('',*,*,#1013,.T.);
#1013 = EDGE_CURVE('',#884,#949,#1014,.T.);
#1014 = SURFACE_CURVE('',#1015,(#1019,#1026),.PCURVE_S1.);
#1015 = LINE('',#1016,#1017);
#1016 = CARTESIAN_POINT('',(2.5,-65.,0.));
#1017 = VECTOR('',#1018,1.);
#1018 = DIRECTION('',(0.,0.,1.));
#1019 = PCURVE('',#743,#1020);
#1020 = DEFINITIONAL_REPRESENTATION('',(#1021),#1025);
#1021 = LINE('',#1022,#1023);
#1022 = CARTESIAN_POINT('',(1.570796326795,0.));
#1023 = VECTOR('',#1024,1.);
#1024 = DIRECTION('',(0.,1.));
#1025 = ( GEOMETRIC_REPRESENTATION_CONTEXT(2) 
PARAMETRIC_REPRESENTATION_CONTEXT() REPRESENTATION_CONTEXT('2D SPACE',''
  ) );
#1026 = PCURVE('',#1027,#1032);
#1027 = PLANE('',#1028);
#1028 = AXIS2_PLACEMENT_3D('',#1029,#1030,#1031);
#1029 = CARTESIAN_POINT('',(0.,-65.,0.));
#1030 = DIRECTION('',(0.,1.,0.));
#1031 = DIRECTION('',(0.,0.,1.));
#1032 = DEFINITIONAL_REPRESENTATION('',(#1033),#1037);
#1033 = LINE('',#1034,#1035);
#1034 = CARTESIAN_POINT('',(0.,2.5));
#1035 = VECTOR('',#1036,1.);
#1036 = DIRECTION('',(1.,0.));
#1037 = ( GEOMETRIC_REPRESENTATION_CONTEXT(2) 
PARAMETRIC_REPRESENTATION_CONTEXT() REPRESENTATION_CONTEXT('2D SPACE',''
  ) );
#1038 = ORIENTED_EDGE('',*,*,#976,.F.);
#1039 = ORIENTED_EDGE('',*,*,#727,.F.);
#1040 = ADVANCED_FACE('',(#1041),#834,.F.);
#1041 = FACE_BOUND('',#1042,.F.);
#1042 = EDGE_LOOP('',(#1043,#1066,#1094,#1115));
#1043 = ORIENTED_EDGE('',*,*,#1044,.F.);
#1044 = EDGE_CURVE('',#1045,#785,#1047,.T.);
#1045 = VERTEX_POINT('',#1046);
#1046 = CARTESIAN_POINT('',(0.,-75.,0.));
#1047 = SURFACE_CURVE('',#1048,(#1052,#1059),.PCURVE_S1.);
#1048 = LINE('',#1049,#1050);
#1049 = CARTESIAN_POINT('',(0.,-75.,0.));
#1050 = VECTOR('',#1051,1.);
#1051 = DIRECTION('',(1.,0.,0.));
#1052 = PCURVE('',#834,#1053);
#1053 = DEFINITIONAL_REPRESENTATION('',(#1054),#1058);
#1054 = LINE('',#1055,#1056);
#1055 = CARTESIAN_POINT('',(0.,0.));
#1056 = VECTOR('',#1057,1.);
#1057 = DIRECTION('',(0.,1.));
#1058 = ( GEOMETRIC_REPRESENTATION_CONTEXT(2) 
PARAMETRIC_REPRESENTATION_CONTEXT() REPRESENTATION_CONTEXT('2D SPACE',''
  ) );
#1059 = PCURVE('',#899,#1060);
#1060 = DEFINITIONAL_REPRESENTATION('',(#1061),#1065);
#1061 = LINE('',#1062,#1063);
#1062 = CARTESIAN_POINT('',(0.,0.));
#1063 = VECTOR('',#1064,1.);
#1064 = DIRECTION('',(1.,0.));
#1065 = ( GEOMETRIC_REPRESENTATION_CONTEXT(2) 
PARAMETRIC_REPRESENTATION_CONTEXT() REPRESENTATION_CONTEXT('2D SPACE',''
  ) );
#1066 = ORIENTED_EDGE('',*,*,#1067,.T.);
#1067 = EDGE_CURVE('',#1045,#1068,#1070,.T.);
#1068 = VERTEX_POINT('',#1069);
#1069 = CARTESIAN_POINT('',(0.,-75.,6.));
#1070 = SURFACE_CURVE('',#1071,(#1075,#1082),.PCURVE_S1.);
#1071 = LINE('',#1072,#1073);
#1072 = CARTESIAN_POINT('',(0.,-75.,0.));
#1073 = VECTOR('',#1074,1.);
#1074 = DIRECTION('',(0.,0.,1.));
#1075 = PCURVE('',#834,#1076);
#1076 = DEFINITIONAL_REPRESENTATION('',(#1077),#1081);
#1077 = LINE('',#1078,#1079);
#1078 = CARTESIAN_POINT('',(0.,0.));
#1079 = VECTOR('',#1080,1.);
#1080 = DIRECTION('',(1.,0.));
#1081 = ( GEOMETRIC_REPRESENTATION_CONTEXT(2) 
PARAMETRIC_REPRESENTATION_CONTEXT() REPRESENTATION_CONTEXT('2D SPACE',''
  ) );
#1082 = PCURVE('',#1083,#1088);
#1083 = PLANE('',#1084);
#1084 = AXIS2_PLACEMENT_3D('',#1085,#1086,#1087);
#1085 = CARTESIAN_POINT('',(0.,-75.,0.));
#1086 = DIRECTION('',(1.,0.,0.));
#1087 = DIRECTION('',(0.,0.,1.));
#1088 = DEFINITIONAL_REPRESENTATION('',(#1089),#1093);
#1089 = LINE('',#1090,#1091);
#1090 = CARTESIAN_POINT('',(0.,0.));
#1091 = VECTOR('',#1092,1.);
#1092 = DIRECTION('',(1.,0.));
#1093 = ( GEOMETRIC_REPRESENTATION_CONTEXT(2) 
PARAMETRIC_REPRESENTATION_CONTEXT() REPRESENTATION_CONTEXT('2D SPACE',''
  ) );
#1094 = ORIENTED_EDGE('',*,*,#1095,.T.);
#1095 = EDGE_CURVE('',#1068,#819,#1096,.T.);
#1096 = SURFACE_CURVE('',#1097,(#1101,#1108),.PCURVE_S1.);
#1097 = LINE('',#1098,#1099);
#1098 = CARTESIAN_POINT('',(0.,-75.,6.));
#1099 = VECTOR('',#1100,1.);
#1100 = DIRECTION('',(1.,0.,0.));
#1101 = PCURVE('',#834,#1102);
#1102 = DEFINITIONAL_REPRESENTATION('',(#1103),#1107);
#1103 = LINE('',#1104,#1105);
#1104 = CARTESIAN_POINT('',(6.,0.));
#1105 = VECTOR('',#1106,1.);
#1106 = DIRECTION('',(0.,1.));
#1107 = ( GEOMETRIC_REPRESENTATION_CONTEXT(2) 
PARAMETRIC_REPRESENTATION_CONTEXT() REPRESENTATION_CONTEXT('2D SPACE',''
  ) );
#1108 = PCURVE('',#964,#1109);
#1109 = DEFINITIONAL_REPRESENTATION('',(#1110),#1114);
#1110 = LINE('',#1111,#1112);
#1111 = CARTESIAN_POINT('',(0.,0.));
#1112 = VECTOR('',#1113,1.);
#1113 = DIRECTION('',(1.,0.));
#1114 = ( GEOMETRIC_REPRESENTATION_CONTEXT(2) 
PARAMETRIC_REPRESENTATION_CONTEXT() REPRESENTATION_CONTEXT('2D SPACE',''
  ) );
#1115 = ORIENTED_EDGE('',*,*,#818,.F.);
#1116 = ADVANCED_FACE('',(#1117),#899,.F.);
#1117 = FACE_BOUND('',#1118,.F.);
#1118 = EDGE_LOOP('',(#1119,#1142,#1163,#1164));
#1119 = ORIENTED_EDGE('',*,*,#1120,.F.);
#1120 = EDGE_CURVE('',#1121,#884,#1123,.T.);
#1121 = VERTEX_POINT('',#1122);
#1122 = CARTESIAN_POINT('',(0.,-65.,0.));
#1123 = SURFACE_CURVE('',#1124,(#1128,#1135),.PCURVE_S1.);
#1124 = LINE('',#1125,#1126);
#1125 = CARTESIAN_POINT('',(0.,-65.,0.));
#1126 = VECTOR('',#1127,1.);
#1127 = DIRECTION('',(1.,0.,0.));
#1128 = PCURVE('',#899,#1129);
#1129 = DEFINITIONAL_REPRESENTATION('',(#1130),#1134);
#1130 = LINE('',#1131,#1132);
#1131 = CARTESIAN_POINT('',(0.,10.));
#1132 = VECTOR('',#1133,1.);
#1133 = DIRECTION('',(1.,0.));
#1134 = ( GEOMETRIC_REPRESENTATION_CONTEXT(2) 
PARAMETRIC_REPRESENTATION_CONTEXT() REPRESENTATION_CONTEXT('2D SPACE',''
  ) );
#1135 = PCURVE('',#1027,#1136);
#1136 = DEFINITIONAL_REPRESENTATION('',(#1137),#1141);
#1137 = LINE('',#1138,#1139);
#1138 = CARTESIAN_POINT('',(0.,0.));
#1139 = VECTOR('',#1140,1.);
#1140 = DIRECTION('',(0.,1.));
#1141 = ( GEOMETRIC_REPRESENTATION_CONTEXT(2) 
PARAMETRIC_REPRESENTATION_CONTEXT() REPRESENTATION_CONTEXT('2D SPACE',''
  ) );
#1142 = ORIENTED_EDGE('',*,*,#1143,.F.);
#1143 = EDGE_CURVE('',#1045,#1121,#1144,.T.);
#1144 = SURFACE_CURVE('',#1145,(#1149,#1156),.PCURVE_S1.);
#1145 = LINE('',#1146,#1147);
#1146 = CARTESIAN_POINT('',(0.,-75.,0.));
#1147 = VECTOR('',#1148,1.);
#1148 = DIRECTION('',(0.,1.,0.));
#1149 = PCURVE('',#899,#1150);
#1150 = DEFINITIONAL_REPRESENTATION('',(#1151),#1155);
#1151 = LINE('',#1152,#1153);
#1152 = CARTESIAN_POINT('',(0.,0.));
#1153 = VECTOR('',#1154,1.);
#1154 = DIRECTION('',(0.,1.));
#1155 = ( GEOMETRIC_REPRESENTATION_CONTEXT(2) 
PARAMETRIC_REPRESENTATION_CONTEXT() REPRESENTATION_CONTEXT('2D SPACE',''
  ) );
#1156 = PCURVE('',#1083,#1157);
#1157 = DEFINITIONAL_REPRESENTATION('',(#1158),#1162);
#1158 = LINE('',#1159,#1160);
#1159 = CARTESIAN_POINT('',(0.,0.));
#1160 = VECTOR('',#1161,1.);
#1161 = DIRECTION('',(0.,-1.));
#1162 = ( GEOMETRIC_REPRESENTATION_CONTEXT(2) 
PARAMETRIC_REPRESENTATION_CONTEXT() REPRESENTATION_CONTEXT('2D SPACE',''
  ) );
#1163 = ORIENTED_EDGE('',*,*,#1044,.T.);
#1164 = ORIENTED_EDGE('',*,*,#883,.T.);
#1165 = ADVANCED_FACE('',(#1166),#964,.T.);
#1166 = FACE_BOUND('',#1167,.T.);
#1167 = EDGE_LOOP('',(#1168,#1191,#1212,#1213));
#1168 = ORIENTED_EDGE('',*,*,#1169,.F.);
#1169 = EDGE_CURVE('',#1170,#949,#1172,.T.);
#1170 = VERTEX_POINT('',#1171);
#1171 = CARTESIAN_POINT('',(0.,-65.,6.));
#1172 = SURFACE_CURVE('',#1173,(#1177,#1184),.PCURVE_S1.);
#1173 = LINE('',#1174,#1175);
#1174 = CARTESIAN_POINT('',(0.,-65.,6.));
#1175 = VECTOR('',#1176,1.);
#1176 = DIRECTION('',(1.,0.,0.));
#1177 = PCURVE('',#964,#1178);
#1178 = DEFINITIONAL_REPRESENTATION('',(#1179),#1183);
#1179 = LINE('',#1180,#1181);
#1180 = CARTESIAN_POINT('',(0.,10.));
#1181 = VECTOR('',#1182,1.);
#1182 = DIRECTION('',(1.,0.));
#1183 = ( GEOMETRIC_REPRESENTATION_CONTEXT(2) 
PARAMETRIC_REPRESENTATION_CONTEXT() REPRESENTATION_CONTEXT('2D SPACE',''
  ) );
#1184 = PCURVE('',#1027,#1185);
#1185 = DEFINITIONAL_REPRESENTATION('',(#1186),#1190);
#1186 = LINE('',#1187,#1188);
#1187 = CARTESIAN_POINT('',(6.,0.));
#1188 = VECTOR('',#1189,1.);
#1189 = DIRECTION('',(0.,1.));
#1190 = ( GEOMETRIC_REPRESENTATION_CONTEXT(2) 
PARAMETRIC_REPRESENTATION_CONTEXT() REPRESENTATION_CONTEXT('2D SPACE',''
  ) );
#1191 = ORIENTED_EDGE('',*,*,#1192,.F.);
#1192 = EDGE_CURVE('',#1068,#1170,#1193,.T.);
#1193 = SURFACE_CURVE('',#1194,(#1198,#1205),.PCURVE_S1.);
#1194 = LINE('',#1195,#1196);
#1195 = CARTESIAN_POINT('',(0.,-75.,6.));
#1196 = VECTOR('',#1197,1.);
#1197 = DIRECTION('',(0.,1.,0.));
#1198 = PCURVE('',#964,#1199);
#1199 = DEFINITIONAL_REPRESENTATION('',(#1200),#1204);
#1200 = LINE('',#1201,#1202);
#1201 = CARTESIAN_POINT('',(0.,0.));
#1202 = VECTOR('',#1203,1.);
#1203 = DIRECTION('',(0.,1.));
#1204 = ( GEOMETRIC_REPRESENTATION_CONTEXT(2) 
PARAMETRIC_REPRESENTATION_CONTEXT() REPRESENTATION_CONTEXT('2D SPACE',''
  ) );
#1205 = PCURVE('',#1083,#1206);
#1206 = DEFINITIONAL_REPRESENTATION('',(#1207),#1211);
#1207 = LINE('',#1208,#1209);
#1208 = CARTESIAN_POINT('',(6.,0.));
#1209 = VECTOR('',#1210,1.);
#1210 = DIRECTION('',(0.,-1.));
#1211 = ( GEOMETRIC_REPRESENTATION_CONTEXT(2) 
PARAMETRIC_REPRESENTATION_CONTEXT() REPRESENTATION_CONTEXT('2D SPACE',''
  ) );
#1212 = ORIENTED_EDGE('',*,*,#1095,.T.);
#1213 = ORIENTED_EDGE('',*,*,#948,.T.);
#1214 = ADVANCED_FACE('',(#1215),#1027,.T.);
#1215 = FACE_BOUND('',#1216,.T.);
#1216 = EDGE_LOOP('',(#1217,#1218,#1239,#1240));
#1217 = ORIENTED_EDGE('',*,*,#1120,.F.);
#1218 = ORIENTED_EDGE('',*,*,#1219,.T.);
#1219 = EDGE_CURVE('',#1121,#1170,#1220,.T.);
#1220 = SURFACE_CURVE('',#1221,(#1225,#1232),.PCURVE_S1.);
#1221 = LINE('',#1222,#1223);
#1222 = CARTESIAN_POINT('',(0.,-65.,0.));
#1223 = VECTOR('',#1224,1.);
#1224 = DIRECTION('',(0.,0.,1.));
#1225 = PCURVE('',#1027,#1226);
#1226 = DEFINITIONAL_REPRESENTATION('',(#1227),#1231);
#1227 = LINE('',#1228,#1229);
#1228 = CARTESIAN_POINT('',(0.,0.));
#1229 = VECTOR('',#1230,1.);
#1230 = DIRECTION('',(1.,0.));
#1231 = ( GEOMETRIC_REPRESENTATION_CONTEXT(2) 
PARAMETRIC_REPRESENTATION_CONTEXT() REPRESENTATION_CONTEXT('2D SPACE',''
  ) );
#1232 = PCURVE('',#1083,#1233);
#1233 = DEFINITIONAL_REPRESENTATION('',(#1234),#1238);
#1234 = LINE('',#1235,#1236);
#1235 = CARTESIAN_POINT('',(0.,-10.));
#1236 = VECTOR('',#1237,1.);
#1237 = DIRECTION('',(1.,0.));
#1238 = ( GEOMETRIC_REPRESENTATION_CONTEXT(2) 
PARAMETRIC_REPRESENTATION_CONTEXT() REPRESENTATION_CONTEXT('2D SPACE',''
  ) );
#1239 = ORIENTED_EDGE('',*,*,#1169,.T.);
#1240 = ORIENTED_EDGE('',*,*,#1013,.F.);
#1241 = ADVANCED_FACE('',(#1242),#1083,.F.);
#1242 = FACE_BOUND('',#1243,.F.);
#1243 = EDGE_LOOP('',(#1244,#1245,#1246,#1247));
#1244 = ORIENTED_EDGE('',*,*,#1067,.F.);
#1245 = ORIENTED_EDGE('',*,*,#1143,.T.);
#1246 = ORIENTED_EDGE('',*,*,#1219,.T.);
#1247 = ORIENTED_EDGE('',*,*,#1192,.F.);
#1248 = ( GEOMETRIC_REPRESENTATION_CONTEXT(3) 
GLOBAL_UNCERTAINTY_ASSIGNED_CONTEXT((#1252)) 
GLOBAL_UNIT_ASSIGNED_CONTEXT((#1249,#1250,#1251)) REPRESENTATION_CONTEXT
('Context #1','3D Context with UNIT and UNCERTAINTY') );
#1249 = ( LENGTH_UNIT() NAMED_UNIT(*) SI_UNIT(.MILLI.,.METRE.) );
#1250 = ( NAMED_UNIT(*) PLANE_ANGLE_UNIT() SI_UNIT($,.RADIAN.) );
#1251 = ( NAMED_UNIT(*) SI_UNIT($,.STERADIAN.) SOLID_ANGLE_UNIT() );
#1252 = UNCERTAINTY_MEASURE_WITH_UNIT(LENGTH_MEASURE(2.E-07),#1249,
  'distance_accuracy_value','confusion accuracy');
#1253 = CONTEXT_DEPENDENT_SHAPE_REPRESENTATION(#1254,#1256);
#1254 = ( REPRESENTATION_RELATIONSHIP('','',#657,#10) 
REPRESENTATION_RELATIONSHIP_WITH_TRANSFORMATION(#1255) 
SHAPE_REPRESENTATION_RELATIONSHIP() );
#1255 = ITEM_DEFINED_TRANSFORMATION('','',#11,#19);
#1256 = PRODUCT_DEFINITION_SHAPE('Placement','Placement of an item',
  #1257);
#1257 = NEXT_ASSEMBLY_USAGE_OCCURRENCE('2','','',#5,#652,$);
#1258 = PRODUCT_RELATED_PRODUCT_CATEGORY('part',$,(#654));
#1259 = SHAPE_DEFINITION_REPRESENTATION(#1260,#1266);
#1260 = PRODUCT_DEFINITION_SHAPE('','',#1261);
#1261 = PRODUCT_DEFINITION('design','',#1262,#1265);
#1262 = PRODUCT_DEFINITION_FORMATION('','',#1263);
#1263 = PRODUCT('Open CASCADE STEP translator 7.8 1.3',
  'Open CASCADE STEP translator 7.8 1.3','',(#1264));
#1264 = PRODUCT_CONTEXT('',#2,'mechanical');
#1265 = PRODUCT_DEFINITION_CONTEXT('part definition',#2,'design');
#1266 = ADVANCED_BREP_SHAPE_REPRESENTATION('',(#11,#1267),#1857);
#1267 = MANIFOLD_SOLID_BREP('',#1268);
#1268 = CLOSED_SHELL('',(#1269,#1389,#1470,#1573,#1622,#1671,#1703,#1763
    ,#1812,#1850));
#1269 = ADVANCED_FACE('',(#1270),#1284,.F.);
#1270 = FACE_BOUND('',#1271,.F.);
#1271 = EDGE_LOOP('',(#1272,#1307,#1335,#1363));
#1272 = ORIENTED_EDGE('',*,*,#1273,.F.);
#1273 = EDGE_CURVE('',#1274,#1276,#1278,.T.);
#1274 = VERTEX_POINT('',#1275);
#1275 = CARTESIAN_POINT('',(-168.,-82.5,-16.5));
#1276 = VERTEX_POINT('',#1277);
#1277 = CARTESIAN_POINT('',(-168.,-82.5,-6.));
#1278 = SURFACE_CURVE('',#1279,(#1283,#1295),.PCURVE_S1.);
#1279 = LINE('',#1280,#1281);
#1280 = CARTESIAN_POINT('',(-168.,-82.5,-18.));
#1281 = VECTOR('',#1282,1.);
#1282 = DIRECTION('',(0.,0.,1.));
#1283 = PCURVE('',#1284,#1289);
#1284 = PLANE('',#1285);
#1285 = AXIS2_PLACEMENT_3D('',#1286,#1287,#1288);
#1286 = CARTESIAN_POINT('',(-168.,-82.5,-18.));
#1287 = DIRECTION('',(1.,0.,0.));
#1288 = DIRECTION('',(0.,0.,1.));
#1289 = DEFINITIONAL_REPRESENTATION('',(#1290),#1294);
#1290 = LINE('',#1291,#1292);
#1291 = CARTESIAN_POINT('',(0.,0.));
#1292 = VECTOR('',#1293,1.);
#1293 = DIRECTION('',(1.,0.));
#1294 = ( GEOMETRIC_REPRESENTATION_CONTEXT(2) 
PARAMETRIC_REPRESENTATION_CONTEXT() REPRESENTATION_CONTEXT('2D SPACE',''
  ) );
#1295 = PCURVE('',#1296,#1301);
#1296 = PLANE('',#1297);
#1297 = AXIS2_PLACEMENT_3D('',#1298,#1299,#1300);
#1298 = CARTESIAN_POINT('',(-168.,-82.5,-18.));
#1299 = DIRECTION('',(0.,1.,0.));
#1300 = DIRECTION('',(0.,0.,1.));
#1301 = DEFINITIONAL_REPRESENTATION('',(#1302),#1306);
#1302 = LINE('',#1303,#1304);
#1303 = CARTESIAN_POINT('',(0.,0.));
#1304 = VECTOR('',#1305,1.);
#1305 = DIRECTION('',(1.,0.));
#1306 = ( GEOMETRIC_REPRESENTATION_CONTEXT(2) 
PARAMETRIC_REPRESENTATION_CONTEXT() REPRESENTATION_CONTEXT('2D SPACE',''
  ) );
#1307 = ORIENTED_EDGE('',*,*,#1308,.T.);
#1308 = EDGE_CURVE('',#1274,#1309,#1311,.T.);
#1309 = VERTEX_POINT('',#1310);
#1310 = CARTESIAN_POINT('',(-168.,17.5,-16.5));
#1311 = SURFACE_CURVE('',#1312,(#1316,#1323),.PCURVE_S1.);
#1312 = LINE('',#1313,#1314);
#1313 = CARTESIAN_POINT('',(-168.,-82.5,-16.5));
#1314 = VECTOR('',#1315,1.);
#1315 = DIRECTION('',(0.,1.,0.));
#1316 = PCURVE('',#1284,#1317);
#1317 = DEFINITIONAL_REPRESENTATION('',(#1318),#1322);
#1318 = LINE('',#1319,#1320);
#1319 = CARTESIAN_POINT('',(1.5,0.));
#1320 = VECTOR('',#1321,1.);
#1321 = DIRECTION('',(0.,-1.));
#1322 = ( GEOMETRIC_REPRESENTATION_CONTEXT(2) 
PARAMETRIC_REPRESENTATION_CONTEXT() REPRESENTATION_CONTEXT('2D SPACE',''
  ) );
#1323 = PCURVE('',#1324,#1329);
#1324 = CYLINDRICAL_SURFACE('',#1325,1.5);
#1325 = AXIS2_PLACEMENT_3D('',#1326,#1327,#1328);
#1326 = CARTESIAN_POINT('',(-166.5,-82.5,-16.5));
#1327 = DIRECTION('',(0.,1.,0.));
#1328 = DIRECTION('',(-1.,0.,0.));
#1329 = DEFINITIONAL_REPRESENTATION('',(#1330),#1334);
#1330 = LINE('',#1331,#1332);
#1331 = CARTESIAN_POINT('',(-0.,0.));
#1332 = VECTOR('',#1333,1.);
#1333 = DIRECTION('',(-0.,1.));
#1334 = ( GEOMETRIC_REPRESENTATION_CONTEXT(2) 
PARAMETRIC_REPRESENTATION_CONTEXT() REPRESENTATION_CONTEXT('2D SPACE',''
  ) );
#1335 = ORIENTED_EDGE('',*,*,#1336,.T.);
#1336 = EDGE_CURVE('',#1309,#1337,#1339,.T.);
#1337 = VERTEX_POINT('',#1338);
#1338 = CARTESIAN_POINT('',(-168.,17.5,-6.));
#1339 = SURFACE_CURVE('',#1340,(#1344,#1351),.PCURVE_S1.);
#1340 = LINE('',#1341,#1342);
#1341 = CARTESIAN_POINT('',(-168.,17.5,-18.));
#1342 = VECTOR('',#1343,1.);
#1343 = DIRECTION('',(0.,0.,1.));
#1344 = PCURVE('',#1284,#1345);
#1345 = DEFINITIONAL_REPRESENTATION('',(#1346),#1350);
#1346 = LINE('',#1347,#1348);
#1347 = CARTESIAN_POINT('',(0.,-100.));
#1348 = VECTOR('',#1349,1.);
#1349 = DIRECTION('',(1.,0.));
#1350 = ( GEOMETRIC_REPRESENTATION_CONTEXT(2) 
PARAMETRIC_REPRESENTATION_CONTEXT() REPRESENTATION_CONTEXT('2D SPACE',''
  ) );
#1351 = PCURVE('',#1352,#1357);
#1352 = PLANE('',#1353);
#1353 = AXIS2_PLACEMENT_3D('',#1354,#1355,#1356);
#1354 = CARTESIAN_POINT('',(-168.,17.5,-18.));
#1355 = DIRECTION('',(0.,1.,0.));
#1356 = DIRECTION('',(0.,0.,1.));
#1357 = DEFINITIONAL_REPRESENTATION('',(#1358),#1362);
#1358 = LINE('',#1359,#1360);
#1359 = CARTESIAN_POINT('',(0.,0.));
#1360 = VECTOR('',#1361,1.);
#1361 = DIRECTION('',(1.,0.));
#1362 = ( GEOMETRIC_REPRESENTATION_CONTEXT(2) 
PARAMETRIC_REPRESENTATION_CONTEXT() REPRESENTATION_CONTEXT('2D SPACE',''
  ) );
#1363 = ORIENTED_EDGE('',*,*,#1364,.F.);
#1364 = EDGE_CURVE('',#1276,#1337,#1365,.T.);
#1365 = SURFACE_CURVE('',#1366,(#1370,#1377),.PCURVE_S1.);
#1366 = LINE('',#1367,#1368);
#1367 = CARTESIAN_POINT('',(-168.,-82.5,-6.));
#1368 = VECTOR('',#1369,1.);
#1369 = DIRECTION('',(0.,1.,0.));
#1370 = PCURVE('',#1284,#1371);
#1371 = DEFINITIONAL_REPRESENTATION('',(#1372),#1376);
#1372 = LINE('',#1373,#1374);
#1373 = CARTESIAN_POINT('',(12.,0.));
#1374 = VECTOR('',#1375,1.);
#1375 = DIRECTION('',(0.,-1.));
#1376 = ( GEOMETRIC_REPRESENTATION_CONTEXT(2) 
PARAMETRIC_REPRESENTATION_CONTEXT() REPRESENTATION_CONTEXT('2D SPACE',''
  ) );
#1377 = PCURVE('',#1378,#1383);
#1378 = PLANE('',#1379);
#1379 = AXIS2_PLACEMENT_3D('',#1380,#1381,#1382);
#1380 = CARTESIAN_POINT('',(-168.,-82.5,-6.));
#1381 = DIRECTION('',(0.,0.,1.));
#1382 = DIRECTION('',(1.,0.,0.));
#1383 = DEFINITIONAL_REPRESENTATION('',(#1384),#1388);
#1384 = LINE('',#1385,#1386);
#1385 = CARTESIAN_POINT('',(0.,0.));
#1386 = VECTOR('',#1387,1.);
#1387 = DIRECTION('',(0.,1.));
#1388 = ( GEOMETRIC_REPRESENTATION_CONTEXT(2) 
PARAMETRIC_REPRESENTATION_CONTEXT() REPRESENTATION_CONTEXT('2D SPACE',''
  ) );
#1389 = ADVANCED_FACE('',(#1390),#1296,.F.);
#1390 = FACE_BOUND('',#1391,.F.);
#1391 = EDGE_LOOP('',(#1392,#1422,#1448,#1449));
#1392 = ORIENTED_EDGE('',*,*,#1393,.F.);
#1393 = EDGE_CURVE('',#1394,#1396,#1398,.T.);
#1394 = VERTEX_POINT('',#1395);
#1395 = CARTESIAN_POINT('',(-48.,-82.5,-16.5));
#1396 = VERTEX_POINT('',#1397);
#1397 = CARTESIAN_POINT('',(-48.,-82.5,-6.));
#1398 = SURFACE_CURVE('',#1399,(#1403,#1410),.PCURVE_S1.);
#1399 = LINE('',#1400,#1401);
#1400 = CARTESIAN_POINT('',(-48.,-82.5,-18.));
#1401 = VECTOR('',#1402,1.);
#1402 = DIRECTION('',(0.,0.,1.));
#1403 = PCURVE('',#1296,#1404);
#1404 = DEFINITIONAL_REPRESENTATION('',(#1405),#1409);
#1405 = LINE('',#1406,#1407);
#1406 = CARTESIAN_POINT('',(0.,120.));
#1407 = VECTOR('',#1408,1.);
#1408 = DIRECTION('',(1.,0.));
#1409 = ( GEOMETRIC_REPRESENTATION_CONTEXT(2) 
PARAMETRIC_REPRESENTATION_CONTEXT() REPRESENTATION_CONTEXT('2D SPACE',''
  ) );
#1410 = PCURVE('',#1411,#1416);
#1411 = PLANE('',#1412);
#1412 = AXIS2_PLACEMENT_3D('',#1413,#1414,#1415);
#1413 = CARTESIAN_POINT('',(-48.,-82.5,-18.));
#1414 = DIRECTION('',(1.,0.,0.));
#1415 = DIRECTION('',(0.,0.,1.));
#1416 = DEFINITIONAL_REPRESENTATION('',(#1417),#1421);
#1417 = LINE('',#1418,#1419);
#1418 = CARTESIAN_POINT('',(0.,0.));
#1419 = VECTOR('',#1420,1.);
#1420 = DIRECTION('',(1.,0.));
#1421 = ( GEOMETRIC_REPRESENTATION_CONTEXT(2) 
PARAMETRIC_REPRESENTATION_CONTEXT() REPRESENTATION_CONTEXT('2D SPACE',''
  ) );
#1422 = ORIENTED_EDGE('',*,*,#1423,.F.);
#1423 = EDGE_CURVE('',#1274,#1394,#1424,.T.);
#1424 = SURFACE_CURVE('',#1425,(#1429,#1436),.PCURVE_S1.);
#1425 = LINE('',#1426,#1427);
#1426 = CARTESIAN_POINT('',(-168.,-82.5,-16.5));
#1427 = VECTOR('',#1428,1.);
#1428 = DIRECTION('',(1.,0.,0.));
#1429 = PCURVE('',#1296,#1430);
#1430 = DEFINITIONAL_REPRESENTATION('',(#1431),#1435);
#1431 = LINE('',#1432,#1433);
#1432 = CARTESIAN_POINT('',(1.5,0.));
#1433 = VECTOR('',#1434,1.);
#1434 = DIRECTION('',(0.,1.));
#1435 = ( GEOMETRIC_REPRESENTATION_CONTEXT(2) 
PARAMETRIC_REPRESENTATION_CONTEXT() REPRESENTATION_CONTEXT('2D SPACE',''
  ) );
#1436 = PCURVE('',#1437,#1442);
#1437 = CYLINDRICAL_SURFACE('',#1438,1.5);
#1438 = AXIS2_PLACEMENT_3D('',#1439,#1440,#1441);
#1439 = CARTESIAN_POINT('',(-168.,-81.,-16.5));
#1440 = DIRECTION('',(1.,0.,0.));
#1441 = DIRECTION('',(0.,-1.,0.));
#1442 = DEFINITIONAL_REPRESENTATION('',(#1443),#1447);
#1443 = LINE('',#1444,#1445);
#1444 = CARTESIAN_POINT('',(0.,0.));
#1445 = VECTOR('',#1446,1.);
#1446 = DIRECTION('',(0.,1.));
#1447 = ( GEOMETRIC_REPRESENTATION_CONTEXT(2) 
PARAMETRIC_REPRESENTATION_CONTEXT() REPRESENTATION_CONTEXT('2D SPACE',''
  ) );
#1448 = ORIENTED_EDGE('',*,*,#1273,.T.);
#1449 = ORIENTED_EDGE('',*,*,#1450,.T.);
#1450 = EDGE_CURVE('',#1276,#1396,#1451,.T.);
#1451 = SURFACE_CURVE('',#1452,(#1456,#1463),.PCURVE_S1.);
#1452 = LINE('',#1453,#1454);
#1453 = CARTESIAN_POINT('',(-168.,-82.5,-6.));
#1454 = VECTOR('',#1455,1.);
#1455 = DIRECTION('',(1.,0.,0.));
#1456 = PCURVE('',#1296,#1457);
#1457 = DEFINITIONAL_REPRESENTATION('',(#1458),#1462);
#1458 = LINE('',#1459,#1460);
#1459 = CARTESIAN_POINT('',(12.,0.));
#1460 = VECTOR('',#1461,1.);
#1461 = DIRECTION('',(0.,1.));
#1462 = ( GEOMETRIC_REPRESENTATION_CONTEXT(2) 
PARAMETRIC_REPRESENTATION_CONTEXT() REPRESENTATION_CONTEXT('2D SPACE',''
  ) );
#1463 = PCURVE('',#1378,#1464);
#1464 = DEFINITIONAL_REPRESENTATION('',(#1465),#1469);
#1465 = LINE('',#1466,#1467);
#1466 = CARTESIAN_POINT('',(0.,0.));
#1467 = VECTOR('',#1468,1.);
#1468 = DIRECTION('',(1.,0.));
#1469 = ( GEOMETRIC_REPRESENTATION_CONTEXT(2) 
PARAMETRIC_REPRESENTATION_CONTEXT() REPRESENTATION_CONTEXT('2D SPACE',''
  ) );
#1470 = ADVANCED_FACE('',(#1471),#1324,.T.);
#1471 = FACE_BOUND('',#1472,.F.);
#1472 = EDGE_LOOP('',(#1473,#1507,#1535,#1572));
#1473 = ORIENTED_EDGE('',*,*,#1474,.T.);
#1474 = EDGE_CURVE('',#1274,#1475,#1477,.T.);
#1475 = VERTEX_POINT('',#1476);
#1476 = CARTESIAN_POINT('',(-166.5,-81.,-18.));
#1477 = SURFACE_CURVE('',#1478,(#1483,#1495),.PCURVE_S1.);
#1478 = ELLIPSE('',#1479,2.12132034356,1.5);
#1479 = AXIS2_PLACEMENT_3D('',#1480,#1481,#1482);
#1480 = CARTESIAN_POINT('',(-166.5,-81.,-16.5));
#1481 = DIRECTION('',(0.707106781187,-0.707106781187,-0.));
#1482 = DIRECTION('',(0.707106781187,0.707106781187,0.));
#1483 = PCURVE('',#1324,#1484);
#1484 = DEFINITIONAL_REPRESENTATION('',(#1485),#1494);
#1485 = B_SPLINE_CURVE_WITH_KNOTS('',7,(#1486,#1487,#1488,#1489,#1490,
    #1491,#1492,#1493),.UNSPECIFIED.,.F.,.F.,(8,8),(3.14159265359,
    4.712388980385),.PIECEWISE_BEZIER_KNOTS.);
#1486 = CARTESIAN_POINT('',(0.,0.));
#1487 = CARTESIAN_POINT('',(-0.224399475256,4.122151486547E-17));
#1488 = CARTESIAN_POINT('',(-0.448798950513,8.812300891501E-02));
#1489 = CARTESIAN_POINT('',(-0.673198425769,0.264356243062));
#1490 = CARTESIAN_POINT('',(-0.897597901026,0.517879761339));
#1491 = CARTESIAN_POINT('',(-1.121997376282,0.826802941021));
#1492 = CARTESIAN_POINT('',(-1.346396851538,1.163400787115));
#1493 = CARTESIAN_POINT('',(-1.570796326795,1.5));
#1494 = ( GEOMETRIC_REPRESENTATION_CONTEXT(2) 
PARAMETRIC_REPRESENTATION_CONTEXT() REPRESENTATION_CONTEXT('2D SPACE',''
  ) );
#1495 = PCURVE('',#1437,#1496);
#1496 = DEFINITIONAL_REPRESENTATION('',(#1497),#1506);
#1497 = B_SPLINE_CURVE_WITH_KNOTS('',7,(#1498,#1499,#1500,#1501,#1502,
    #1503,#1504,#1505),.UNSPECIFIED.,.F.,.F.,(8,8),(3.14159265359,
    4.712388980385),.PIECEWISE_BEZIER_KNOTS.);
#1498 = CARTESIAN_POINT('',(0.,0.));
#1499 = CARTESIAN_POINT('',(0.224399475256,4.122151486547E-17));
#1500 = CARTESIAN_POINT('',(0.448798950513,8.812300891501E-02));
#1501 = CARTESIAN_POINT('',(0.673198425769,0.264356243062));
#1502 = CARTESIAN_POINT('',(0.897597901026,0.517879761339));
#1503 = CARTESIAN_POINT('',(1.121997376282,0.826802941021));
#1504 = CARTESIAN_POINT('',(1.346396851538,1.163400787115));
#1505 = CARTESIAN_POINT('',(1.570796326795,1.5));
#1506 = ( GEOMETRIC_REPRESENTATION_CONTEXT(2) 
PARAMETRIC_REPRESENTATION_CONTEXT() REPRESENTATION_CONTEXT('2D SPACE',''
  ) );
#1507 = ORIENTED_EDGE('',*,*,#1508,.T.);
#1508 = EDGE_CURVE('',#1475,#1509,#1511,.T.);
#1509 = VERTEX_POINT('',#1510);
#1510 = CARTESIAN_POINT('',(-166.5,16.,-18.));
#1511 = SURFACE_CURVE('',#1512,(#1516,#1523),.PCURVE_S1.);
#1512 = LINE('',#1513,#1514);
#1513 = CARTESIAN_POINT('',(-166.5,-82.5,-18.));
#1514 = VECTOR('',#1515,1.);
#1515 = DIRECTION('',(0.,1.,0.));
#1516 = PCURVE('',#1324,#1517);
#1517 = DEFINITIONAL_REPRESENTATION('',(#1518),#1522);
#1518 = LINE('',#1519,#1520);
#1519 = CARTESIAN_POINT('',(-1.570796326795,0.));
#1520 = VECTOR('',#1521,1.);
#1521 = DIRECTION('',(-0.,1.));
#1522 = ( GEOMETRIC_REPRESENTATION_CONTEXT(2) 
PARAMETRIC_REPRESENTATION_CONTEXT() REPRESENTATION_CONTEXT('2D SPACE',''
  ) );
#1523 = PCURVE('',#1524,#1529);
#1524 = PLANE('',#1525);
#1525 = AXIS2_PLACEMENT_3D('',#1526,#1527,#1528);
#1526 = CARTESIAN_POINT('',(-168.,-82.5,-18.));
#1527 = DIRECTION('',(0.,0.,1.));
#1528 = DIRECTION('',(1.,0.,0.));
#1529 = DEFINITIONAL_REPRESENTATION('',(#1530),#1534);
#1530 = LINE('',#1531,#1532);
#1531 = CARTESIAN_POINT('',(1.5,0.));
#1532 = VECTOR('',#1533,1.);
#1533 = DIRECTION('',(0.,1.));
#1534 = ( GEOMETRIC_REPRESENTATION_CONTEXT(2) 
PARAMETRIC_REPRESENTATION_CONTEXT() REPRESENTATION_CONTEXT('2D SPACE',''
  ) );
#1535 = ORIENTED_EDGE('',*,*,#1536,.F.);
#1536 = EDGE_CURVE('',#1309,#1509,#1537,.T.);
#1537 = SURFACE_CURVE('',#1538,(#1543,#1555),.PCURVE_S1.);
#1538 = ELLIPSE('',#1539,2.12132034356,1.5);
#1539 = AXIS2_PLACEMENT_3D('',#1540,#1541,#1542);
#1540 = CARTESIAN_POINT('',(-166.5,16.,-16.5));
#1541 = DIRECTION('',(-0.707106781187,-0.707106781187,-0.));
#1542 = DIRECTION('',(-0.707106781187,0.707106781187,0.));
#1543 = PCURVE('',#1324,#1544);
#1544 = DEFINITIONAL_REPRESENTATION('',(#1545),#1554);
#1545 = B_SPLINE_CURVE_WITH_KNOTS('',7,(#1546,#1547,#1548,#1549,#1550,
    #1551,#1552,#1553),.UNSPECIFIED.,.F.,.F.,(8,8),(0.,1.570796326795),
  .PIECEWISE_BEZIER_KNOTS.);
#1546 = CARTESIAN_POINT('',(0.,100.));
#1547 = CARTESIAN_POINT('',(-0.224399475256,100.));
#1548 = CARTESIAN_POINT('',(-0.448798950513,99.911876991096));
#1549 = CARTESIAN_POINT('',(-0.673198425769,99.735643756916));
#1550 = CARTESIAN_POINT('',(-0.897597901026,99.482120238688));
#1551 = CARTESIAN_POINT('',(-1.121997376282,99.173197058966));
#1552 = CARTESIAN_POINT('',(-1.346396851538,98.836599212885));
#1553 = CARTESIAN_POINT('',(-1.570796326795,98.5));
#1554 = ( GEOMETRIC_REPRESENTATION_CONTEXT(2) 
PARAMETRIC_REPRESENTATION_CONTEXT() REPRESENTATION_CONTEXT('2D SPACE',''
  ) );
#1555 = PCURVE('',#1556,#1561);
#1556 = CYLINDRICAL_SURFACE('',#1557,1.5);
#1557 = AXIS2_PLACEMENT_3D('',#1558,#1559,#1560);
#1558 = CARTESIAN_POINT('',(-168.,16.,-16.5));
#1559 = DIRECTION('',(1.,0.,0.));
#1560 = DIRECTION('',(-0.,1.,0.));
#1561 = DEFINITIONAL_REPRESENTATION('',(#1562),#1571);
#1562 = B_SPLINE_CURVE_WITH_KNOTS('',7,(#1563,#1564,#1565,#1566,#1567,
    #1568,#1569,#1570),.UNSPECIFIED.,.F.,.F.,(8,8),(0.,1.570796326795),
  .PIECEWISE_BEZIER_KNOTS.);
#1563 = CARTESIAN_POINT('',(0.,0.));
#1564 = CARTESIAN_POINT('',(-0.224399475256,8.244302973093E-17));
#1565 = CARTESIAN_POINT('',(-0.448798950513,8.8123008915E-02));
#1566 = CARTESIAN_POINT('',(-0.673198425769,0.264356243062));
#1567 = CARTESIAN_POINT('',(-0.897597901026,0.517879761339));
#1568 = CARTESIAN_POINT('',(-1.121997376282,0.826802941022));
#1569 = CARTESIAN_POINT('',(-1.346396851538,1.163400787115));
#1570 = CARTESIAN_POINT('',(-1.570796326795,1.5));
#1571 = ( GEOMETRIC_REPRESENTATION_CONTEXT(2) 
PARAMETRIC_REPRESENTATION_CONTEXT() REPRESENTATION_CONTEXT('2D SPACE',''
  ) );
#1572 = ORIENTED_EDGE('',*,*,#1308,.F.);
#1573 = ADVANCED_FACE('',(#1574),#1378,.T.);
#1574 = FACE_BOUND('',#1575,.T.);
#1575 = EDGE_LOOP('',(#1576,#1577,#1578,#1601));
#1576 = ORIENTED_EDGE('',*,*,#1364,.F.);
#1577 = ORIENTED_EDGE('',*,*,#1450,.T.);
#1578 = ORIENTED_EDGE('',*,*,#1579,.T.);
#1579 = EDGE_CURVE('',#1396,#1580,#1582,.T.);
#1580 = VERTEX_POINT('',#1581);
#1581 = CARTESIAN_POINT('',(-48.,17.5,-6.));
#1582 = SURFACE_CURVE('',#1583,(#1587,#1594),.PCURVE_S1.);
#1583 = LINE('',#1584,#1585);
#1584 = CARTESIAN_POINT('',(-48.,-82.5,-6.));
#1585 = VECTOR('',#1586,1.);
#1586 = DIRECTION('',(0.,1.,0.));
#1587 = PCURVE('',#1378,#1588);
#1588 = DEFINITIONAL_REPRESENTATION('',(#1589),#1593);
#1589 = LINE('',#1590,#1591);
#1590 = CARTESIAN_POINT('',(120.,0.));
#1591 = VECTOR('',#1592,1.);
#1592 = DIRECTION('',(0.,1.));
#1593 = ( GEOMETRIC_REPRESENTATION_CONTEXT(2) 
PARAMETRIC_REPRESENTATION_CONTEXT() REPRESENTATION_CONTEXT('2D SPACE',''
  ) );
#1594 = PCURVE('',#1411,#1595);
#1595 = DEFINITIONAL_REPRESENTATION('',(#1596),#1600);
#1596 = LINE('',#1597,#1598);
#1597 = CARTESIAN_POINT('',(12.,0.));
#1598 = VECTOR('',#1599,1.);
#1599 = DIRECTION('',(0.,-1.));
#1600 = ( GEOMETRIC_REPRESENTATION_CONTEXT(2) 
PARAMETRIC_REPRESENTATION_CONTEXT() REPRESENTATION_CONTEXT('2D SPACE',''
  ) );
#1601 = ORIENTED_EDGE('',*,*,#1602,.F.);
#1602 = EDGE_CURVE('',#1337,#1580,#1603,.T.);
#1603 = SURFACE_CURVE('',#1604,(#1608,#1615),.PCURVE_S1.);
#1604 = LINE('',#1605,#1606);
#1605 = CARTESIAN_POINT('',(-168.,17.5,-6.));
#1606 = VECTOR('',#1607,1.);
#1607 = DIRECTION('',(1.,0.,0.));
#1608 = PCURVE('',#1378,#1609);
#1609 = DEFINITIONAL_REPRESENTATION('',(#1610),#1614);
#1610 = LINE('',#1611,#1612);
#1611 = CARTESIAN_POINT('',(0.,100.));
#1612 = VECTOR('',#1613,1.);
#1613 = DIRECTION('',(1.,0.));
#1614 = ( GEOMETRIC_REPRESENTATION_CONTEXT(2) 
PARAMETRIC_REPRESENTATION_CONTEXT() REPRESENTATION_CONTEXT('2D SPACE',''
  ) );
#1615 = PCURVE('',#1352,#1616);
#1616 = DEFINITIONAL_REPRESENTATION('',(#1617),#1621);
#1617 = LINE('',#1618,#1619);
#1618 = CARTESIAN_POINT('',(12.,0.));
#1619 = VECTOR('',#1620,1.);
#1620 = DIRECTION('',(0.,1.));
#1621 = ( GEOMETRIC_REPRESENTATION_CONTEXT(2) 
PARAMETRIC_REPRESENTATION_CONTEXT() REPRESENTATION_CONTEXT('2D SPACE',''
  ) );
#1622 = ADVANCED_FACE('',(#1623),#1352,.T.);
#1623 = FACE_BOUND('',#1624,.T.);
#1624 = EDGE_LOOP('',(#1625,#1648,#1669,#1670));
#1625 = ORIENTED_EDGE('',*,*,#1626,.F.);
#1626 = EDGE_CURVE('',#1627,#1580,#1629,.T.);
#1627 = VERTEX_POINT('',#1628);
#1628 = CARTESIAN_POINT('',(-48.,17.5,-16.5));
#1629 = SURFACE_CURVE('',#1630,(#1634,#1641),.PCURVE_S1.);
#1630 = LINE('',#1631,#1632);
#1631 = CARTESIAN_POINT('',(-48.,17.5,-18.));
#1632 = VECTOR('',#1633,1.);
#1633 = DIRECTION('',(0.,0.,1.));
#1634 = PCURVE('',#1352,#1635);
#1635 = DEFINITIONAL_REPRESENTATION('',(#1636),#1640);
#1636 = LINE('',#1637,#1638);
#1637 = CARTESIAN_POINT('',(0.,120.));
#1638 = VECTOR('',#1639,1.);
#1639 = DIRECTION('',(1.,0.));
#1640 = ( GEOMETRIC_REPRESENTATION_CONTEXT(2) 
PARAMETRIC_REPRESENTATION_CONTEXT() REPRESENTATION_CONTEXT('2D SPACE',''
  ) );
#1641 = PCURVE('',#1411,#1642);
#1642 = DEFINITIONAL_REPRESENTATION('',(#1643),#1647);
#1643 = LINE('',#1644,#1645);
#1644 = CARTESIAN_POINT('',(0.,-100.));
#1645 = VECTOR('',#1646,1.);
#1646 = DIRECTION('',(1.,0.));
#1647 = ( GEOMETRIC_REPRESENTATION_CONTEXT(2) 
PARAMETRIC_REPRESENTATION_CONTEXT() REPRESENTATION_CONTEXT('2D SPACE',''
  ) );
#1648 = ORIENTED_EDGE('',*,*,#1649,.F.);
#1649 = EDGE_CURVE('',#1309,#1627,#1650,.T.);
#1650 = SURFACE_CURVE('',#1651,(#1655,#1662),.PCURVE_S1.);
#1651 = LINE('',#1652,#1653);
#1652 = CARTESIAN_POINT('',(-168.,17.5,-16.5));
#1653 = VECTOR('',#1654,1.);
#1654 = DIRECTION('',(1.,0.,0.));
#1655 = PCURVE('',#1352,#1656);
#1656 = DEFINITIONAL_REPRESENTATION('',(#1657),#1661);
#1657 = LINE('',#1658,#1659);
#1658 = CARTESIAN_POINT('',(1.5,0.));
#1659 = VECTOR('',#1660,1.);
#1660 = DIRECTION('',(0.,1.));
#1661 = ( GEOMETRIC_REPRESENTATION_CONTEXT(2) 
PARAMETRIC_REPRESENTATION_CONTEXT() REPRESENTATION_CONTEXT('2D SPACE',''
  ) );
#1662 = PCURVE('',#1556,#1663);
#1663 = DEFINITIONAL_REPRESENTATION('',(#1664),#1668);
#1664 = LINE('',#1665,#1666);
#1665 = CARTESIAN_POINT('',(-0.,0.));
#1666 = VECTOR('',#1667,1.);
#1667 = DIRECTION('',(-0.,1.));
#1668 = ( GEOMETRIC_REPRESENTATION_CONTEXT(2) 
PARAMETRIC_REPRESENTATION_CONTEXT() REPRESENTATION_CONTEXT('2D SPACE',''
  ) );
#1669 = ORIENTED_EDGE('',*,*,#1336,.T.);
#1670 = ORIENTED_EDGE('',*,*,#1602,.T.);
#1671 = ADVANCED_FACE('',(#1672),#1411,.T.);
#1672 = FACE_BOUND('',#1673,.T.);
#1673 = EDGE_LOOP('',(#1674,#1675,#1701,#1702));
#1674 = ORIENTED_EDGE('',*,*,#1393,.F.);
#1675 = ORIENTED_EDGE('',*,*,#1676,.T.);
#1676 = EDGE_CURVE('',#1394,#1627,#1677,.T.);
#1677 = SURFACE_CURVE('',#1678,(#1682,#1689),.PCURVE_S1.);
#1678 = LINE('',#1679,#1680);
#1679 = CARTESIAN_POINT('',(-48.,-82.5,-16.5));
#1680 = VECTOR('',#1681,1.);
#1681 = DIRECTION('',(0.,1.,0.));
#1682 = PCURVE('',#1411,#1683);
#1683 = DEFINITIONAL_REPRESENTATION('',(#1684),#1688);
#1684 = LINE('',#1685,#1686);
#1685 = CARTESIAN_POINT('',(1.5,0.));
#1686 = VECTOR('',#1687,1.);
#1687 = DIRECTION('',(0.,-1.));
#1688 = ( GEOMETRIC_REPRESENTATION_CONTEXT(2) 
PARAMETRIC_REPRESENTATION_CONTEXT() REPRESENTATION_CONTEXT('2D SPACE',''
  ) );
#1689 = PCURVE('',#1690,#1695);
#1690 = CYLINDRICAL_SURFACE('',#1691,1.5);
#1691 = AXIS2_PLACEMENT_3D('',#1692,#1693,#1694);
#1692 = CARTESIAN_POINT('',(-49.5,-82.5,-16.5));
#1693 = DIRECTION('',(0.,1.,0.));
#1694 = DIRECTION('',(1.,0.,-0.));
#1695 = DEFINITIONAL_REPRESENTATION('',(#1696),#1700);
#1696 = LINE('',#1697,#1698);
#1697 = CARTESIAN_POINT('',(0.,0.));
#1698 = VECTOR('',#1699,1.);
#1699 = DIRECTION('',(0.,1.));
#1700 = ( GEOMETRIC_REPRESENTATION_CONTEXT(2) 
PARAMETRIC_REPRESENTATION_CONTEXT() REPRESENTATION_CONTEXT('2D SPACE',''
  ) );
#1701 = ORIENTED_EDGE('',*,*,#1626,.T.);
#1702 = ORIENTED_EDGE('',*,*,#1579,.F.);
#1703 = ADVANCED_FACE('',(#1704),#1437,.T.);
#1704 = FACE_BOUND('',#1705,.T.);
#1705 = EDGE_LOOP('',(#1706,#1707,#1730,#1762));
#1706 = ORIENTED_EDGE('',*,*,#1474,.T.);
#1707 = ORIENTED_EDGE('',*,*,#1708,.T.);
#1708 = EDGE_CURVE('',#1475,#1709,#1711,.T.);
#1709 = VERTEX_POINT('',#1710);
#1710 = CARTESIAN_POINT('',(-49.5,-81.,-18.));
#1711 = SURFACE_CURVE('',#1712,(#1716,#1723),.PCURVE_S1.);
#1712 = LINE('',#1713,#1714);
#1713 = CARTESIAN_POINT('',(-168.,-81.,-18.));
#1714 = VECTOR('',#1715,1.);
#1715 = DIRECTION('',(1.,0.,0.));
#1716 = PCURVE('',#1437,#1717);
#1717 = DEFINITIONAL_REPRESENTATION('',(#1718),#1722);
#1718 = LINE('',#1719,#1720);
#1719 = CARTESIAN_POINT('',(1.570796326795,0.));
#1720 = VECTOR('',#1721,1.);
#1721 = DIRECTION('',(0.,1.));
#1722 = ( GEOMETRIC_REPRESENTATION_CONTEXT(2) 
PARAMETRIC_REPRESENTATION_CONTEXT() REPRESENTATION_CONTEXT('2D SPACE',''
  ) );
#1723 = PCURVE('',#1524,#1724);
#1724 = DEFINITIONAL_REPRESENTATION('',(#1725),#1729);
#1725 = LINE('',#1726,#1727);
#1726 = CARTESIAN_POINT('',(0.,1.5));
#1727 = VECTOR('',#1728,1.);
#1728 = DIRECTION('',(1.,0.));
#1729 = ( GEOMETRIC_REPRESENTATION_CONTEXT(2) 
PARAMETRIC_REPRESENTATION_CONTEXT() REPRESENTATION_CONTEXT('2D SPACE',''
  ) );
#1730 = ORIENTED_EDGE('',*,*,#1731,.F.);
#1731 = EDGE_CURVE('',#1394,#1709,#1732,.T.);
#1732 = SURFACE_CURVE('',#1733,(#1738,#1750),.PCURVE_S1.);
#1733 = ELLIPSE('',#1734,2.12132034356,1.5);
#1734 = AXIS2_PLACEMENT_3D('',#1735,#1736,#1737);
#1735 = CARTESIAN_POINT('',(-49.5,-81.,-16.5));
#1736 = DIRECTION('',(0.707106781187,0.707106781187,0.));
#1737 = DIRECTION('',(-0.707106781187,0.707106781187,0.));
#1738 = PCURVE('',#1437,#1739);
#1739 = DEFINITIONAL_REPRESENTATION('',(#1740),#1749);
#1740 = B_SPLINE_CURVE_WITH_KNOTS('',7,(#1741,#1742,#1743,#1744,#1745,
    #1746,#1747,#1748),.UNSPECIFIED.,.F.,.F.,(8,8),(3.14159265359,
    4.712388980385),.PIECEWISE_BEZIER_KNOTS.);
#1741 = CARTESIAN_POINT('',(0.,120.));
#1742 = CARTESIAN_POINT('',(0.224399475256,120.));
#1743 = CARTESIAN_POINT('',(0.448798950513,119.91187699107));
#1744 = CARTESIAN_POINT('',(0.673198425769,119.73564375696));
#1745 = CARTESIAN_POINT('',(0.897597901026,119.48212023864));
#1746 = CARTESIAN_POINT('',(1.121997376282,119.17319705898));
#1747 = CARTESIAN_POINT('',(1.346396851538,118.83659921288));
#1748 = CARTESIAN_POINT('',(1.570796326795,118.5));
#1749 = ( GEOMETRIC_REPRESENTATION_CONTEXT(2) 
PARAMETRIC_REPRESENTATION_CONTEXT() REPRESENTATION_CONTEXT('2D SPACE',''
  ) );
#1750 = PCURVE('',#1690,#1751);
#1751 = DEFINITIONAL_REPRESENTATION('',(#1752),#1761);
#1752 = B_SPLINE_CURVE_WITH_KNOTS('',7,(#1753,#1754,#1755,#1756,#1757,
    #1758,#1759,#1760),.UNSPECIFIED.,.F.,.F.,(8,8),(3.14159265359,
    4.712388980385),.PIECEWISE_BEZIER_KNOTS.);
#1753 = CARTESIAN_POINT('',(0.,0.));
#1754 = CARTESIAN_POINT('',(0.224399475256,-4.122151486547E-17));
#1755 = CARTESIAN_POINT('',(0.448798950513,8.812300891502E-02));
#1756 = CARTESIAN_POINT('',(0.673198425769,0.264356243062));
#1757 = CARTESIAN_POINT('',(0.897597901026,0.51787976134));
#1758 = CARTESIAN_POINT('',(1.121997376282,0.826802941021));
#1759 = CARTESIAN_POINT('',(1.346396851538,1.163400787115));
#1760 = CARTESIAN_POINT('',(1.570796326795,1.5));
#1761 = ( GEOMETRIC_REPRESENTATION_CONTEXT(2) 
PARAMETRIC_REPRESENTATION_CONTEXT() REPRESENTATION_CONTEXT('2D SPACE',''
  ) );
#1762 = ORIENTED_EDGE('',*,*,#1423,.F.);
#1763 = ADVANCED_FACE('',(#1764),#1524,.F.);
#1764 = FACE_BOUND('',#1765,.F.);
#1765 = EDGE_LOOP('',(#1766,#1767,#1768,#1791));
#1766 = ORIENTED_EDGE('',*,*,#1508,.F.);
#1767 = ORIENTED_EDGE('',*,*,#1708,.T.);
#1768 = ORIENTED_EDGE('',*,*,#1769,.T.);
#1769 = EDGE_CURVE('',#1709,#1770,#1772,.T.);
#1770 = VERTEX_POINT('',#1771);
#1771 = CARTESIAN_POINT('',(-49.5,16.,-18.));
#1772 = SURFACE_CURVE('',#1773,(#1777,#1784),.PCURVE_S1.);
#1773 = LINE('',#1774,#1775);
#1774 = CARTESIAN_POINT('',(-49.5,-82.5,-18.));
#1775 = VECTOR('',#1776,1.);
#1776 = DIRECTION('',(0.,1.,0.));
#1777 = PCURVE('',#1524,#1778);
#1778 = DEFINITIONAL_REPRESENTATION('',(#1779),#1783);
#1779 = LINE('',#1780,#1781);
#1780 = CARTESIAN_POINT('',(118.5,0.));
#1781 = VECTOR('',#1782,1.);
#1782 = DIRECTION('',(0.,1.));
#1783 = ( GEOMETRIC_REPRESENTATION_CONTEXT(2) 
PARAMETRIC_REPRESENTATION_CONTEXT() REPRESENTATION_CONTEXT('2D SPACE',''
  ) );
#1784 = PCURVE('',#1690,#1785);
#1785 = DEFINITIONAL_REPRESENTATION('',(#1786),#1790);
#1786 = LINE('',#1787,#1788);
#1787 = CARTESIAN_POINT('',(1.570796326795,0.));
#1788 = VECTOR('',#1789,1.);
#1789 = DIRECTION('',(0.,1.));
#1790 = ( GEOMETRIC_REPRESENTATION_CONTEXT(2) 
PARAMETRIC_REPRESENTATION_CONTEXT() REPRESENTATION_CONTEXT('2D SPACE',''
  ) );
#1791 = ORIENTED_EDGE('',*,*,#1792,.F.);
#1792 = EDGE_CURVE('',#1509,#1770,#1793,.T.);
#1793 = SURFACE_CURVE('',#1794,(#1798,#1805),.PCURVE_S1.);
#1794 = LINE('',#1795,#1796);
#1795 = CARTESIAN_POINT('',(-168.,16.,-18.));
#1796 = VECTOR('',#1797,1.);
#1797 = DIRECTION('',(1.,0.,0.));
#1798 = PCURVE('',#1524,#1799);
#1799 = DEFINITIONAL_REPRESENTATION('',(#1800),#1804);
#1800 = LINE('',#1801,#1802);
#1801 = CARTESIAN_POINT('',(0.,98.5));
#1802 = VECTOR('',#1803,1.);
#1803 = DIRECTION('',(1.,0.));
#1804 = ( GEOMETRIC_REPRESENTATION_CONTEXT(2) 
PARAMETRIC_REPRESENTATION_CONTEXT() REPRESENTATION_CONTEXT('2D SPACE',''
  ) );
#1805 = PCURVE('',#1556,#1806);
#1806 = DEFINITIONAL_REPRESENTATION('',(#1807),#1811);
#1807 = LINE('',#1808,#1809);
#1808 = CARTESIAN_POINT('',(-1.570796326795,0.));
#1809 = VECTOR('',#1810,1.);
#1810 = DIRECTION('',(-0.,1.));
#1811 = ( GEOMETRIC_REPRESENTATION_CONTEXT(2) 
PARAMETRIC_REPRESENTATION_CONTEXT() REPRESENTATION_CONTEXT('2D SPACE',''
  ) );
#1812 = ADVANCED_FACE('',(#1813),#1556,.T.);
#1813 = FACE_BOUND('',#1814,.F.);
#1814 = EDGE_LOOP('',(#1815,#1816,#1817,#1849));
#1815 = ORIENTED_EDGE('',*,*,#1536,.T.);
#1816 = ORIENTED_EDGE('',*,*,#1792,.T.);
#1817 = ORIENTED_EDGE('',*,*,#1818,.F.);
#1818 = EDGE_CURVE('',#1627,#1770,#1819,.T.);
#1819 = SURFACE_CURVE('',#1820,(#1825,#1837),.PCURVE_S1.);
#1820 = ELLIPSE('',#1821,2.12132034356,1.5);
#1821 = AXIS2_PLACEMENT_3D('',#1822,#1823,#1824);
#1822 = CARTESIAN_POINT('',(-49.5,16.,-16.5));
#1823 = DIRECTION('',(-0.707106781187,0.707106781187,0.));
#1824 = DIRECTION('',(0.707106781187,0.707106781187,0.));
#1825 = PCURVE('',#1556,#1826);
#1826 = DEFINITIONAL_REPRESENTATION('',(#1827),#1836);
#1827 = B_SPLINE_CURVE_WITH_KNOTS('',7,(#1828,#1829,#1830,#1831,#1832,
    #1833,#1834,#1835),.UNSPECIFIED.,.F.,.F.,(8,8),(0.,1.570796326795),
  .PIECEWISE_BEZIER_KNOTS.);
#1828 = CARTESIAN_POINT('',(0.,120.));
#1829 = CARTESIAN_POINT('',(-0.224399475256,120.));
#1830 = CARTESIAN_POINT('',(-0.448798950513,119.91187699107));
#1831 = CARTESIAN_POINT('',(-0.673198425769,119.73564375696));
#1832 = CARTESIAN_POINT('',(-0.897597901026,119.48212023864));
#1833 = CARTESIAN_POINT('',(-1.121997376282,119.17319705898));
#1834 = CARTESIAN_POINT('',(-1.346396851538,118.83659921288));
#1835 = CARTESIAN_POINT('',(-1.570796326795,118.5));
#1836 = ( GEOMETRIC_REPRESENTATION_CONTEXT(2) 
PARAMETRIC_REPRESENTATION_CONTEXT() REPRESENTATION_CONTEXT('2D SPACE',''
  ) );
#1837 = PCURVE('',#1690,#1838);
#1838 = DEFINITIONAL_REPRESENTATION('',(#1839),#1848);
#1839 = B_SPLINE_CURVE_WITH_KNOTS('',7,(#1840,#1841,#1842,#1843,#1844,
    #1845,#1846,#1847),.UNSPECIFIED.,.F.,.F.,(8,8),(0.,1.570796326795),
  .PIECEWISE_BEZIER_KNOTS.);
#1840 = CARTESIAN_POINT('',(0.,100.));
#1841 = CARTESIAN_POINT('',(0.224399475256,100.));
#1842 = CARTESIAN_POINT('',(0.448798950513,99.911876991085));
#1843 = CARTESIAN_POINT('',(0.673198425769,99.735643756945));
#1844 = CARTESIAN_POINT('',(0.897597901026,99.48212023865));
#1845 = CARTESIAN_POINT('',(1.121997376282,99.173197058984));
#1846 = CARTESIAN_POINT('',(1.346396851538,98.836599212885));
#1847 = CARTESIAN_POINT('',(1.570796326795,98.5));
#1848 = ( GEOMETRIC_REPRESENTATION_CONTEXT(2) 
PARAMETRIC_REPRESENTATION_CONTEXT() REPRESENTATION_CONTEXT('2D SPACE',''
  ) );
#1849 = ORIENTED_EDGE('',*,*,#1649,.F.);
#1850 = ADVANCED_FACE('',(#1851),#1690,.T.);
#1851 = FACE_BOUND('',#1852,.T.);
#1852 = EDGE_LOOP('',(#1853,#1854,#1855,#1856));
#1853 = ORIENTED_EDGE('',*,*,#1731,.T.);
#1854 = ORIENTED_EDGE('',*,*,#1769,.T.);
#1855 = ORIENTED_EDGE('',*,*,#1818,.F.);
#1856 = ORIENTED_EDGE('',*,*,#1676,.F.);
#1857 = ( GEOMETRIC_REPRESENTATION_CONTEXT(3) 
GLOBAL_UNCERTAINTY_ASSIGNED_CONTEXT((#1861)) 
GLOBAL_UNIT_ASSIGNED_CONTEXT((#1858,#1859,#1860)) REPRESENTATION_CONTEXT
('Context #1','3D Context with UNIT and UNCERTAINTY') );
#1858 = ( LENGTH_UNIT() NAMED_UNIT(*) SI_UNIT(.MILLI.,.METRE.) );
#1859 = ( NAMED_UNIT(*) PLANE_ANGLE_UNIT() SI_UNIT($,.RADIAN.) );
#1860 = ( NAMED_UNIT(*) SI_UNIT($,.STERADIAN.) SOLID_ANGLE_UNIT() );
#1861 = UNCERTAINTY_MEASURE_WITH_UNIT(LENGTH_MEASURE(2.E-07),#1858,
  'distance_accuracy_value','confusion accuracy');
#1862 = CONTEXT_DEPENDENT_SHAPE_REPRESENTATION(#1863,#1865);
#1863 = ( REPRESENTATION_RELATIONSHIP('','',#1266,#10) 
REPRESENTATION_RELATIONSHIP_WITH_TRANSFORMATION(#1864) 
SHAPE_REPRESENTATION_RELATIONSHIP() );
#1864 = ITEM_DEFINED_TRANSFORMATION('','',#11,#23);
#1865 = PRODUCT_DEFINITION_SHAPE('Placement','Placement of an item',
  #1866);
#1866 = NEXT_ASSEMBLY_USAGE_OCCURRENCE('3','','',#5,#1261,$);
#1867 = PRODUCT_RELATED_PRODUCT_CATEGORY('part',$,(#1263));
#1868 = SHAPE_DEFINITION_REPRESENTATION(#1869,#1875);
#1869 = PRODUCT_DEFINITION_SHAPE('','',#1870);
#1870 = PRODUCT_DEFINITION('design','',#1871,#1874);
#1871 = PRODUCT_DEFINITION_FORMATION('','',#1872);
#1872 = PRODUCT('Open CASCADE STEP translator 7.8 1.4',
  'Open CASCADE STEP translator 7.8 1.4','',(#1873));
#1873 = PRODUCT_CONTEXT('',#2,'mechanical');
#1874 = PRODUCT_DEFINITION_CONTEXT('part definition',#2,'design');
#1875 = ADVANCED_BREP_SHAPE_REPRESENTATION('',(#11,#1876),#4192);
#1876 = MANIFOLD_SOLID_BREP('',#1877);
#1877 = CLOSED_SHELL('',(#1878,#2570,#2669,#2746,#2795,#2878,#2926,#2952
    ,#2958,#3034,#3083,#3132,#3159,#3263,#3340,#3390,#3438,#3464,#3470,
    #3546,#3595,#3644,#3671,#3719,#3745,#3751,#3780,#3885,#3962,#4012,
    #4019,#4068,#4095,#4102,#4109,#4158,#4185));
#1878 = ADVANCED_FACE('',(#1879,#1998,#2084,#2198,#2284,#2370,#2484),
  #1893,.F.);
#1879 = FACE_BOUND('',#1880,.F.);
#1880 = EDGE_LOOP('',(#1881,#1916,#1944,#1972));
#1881 = ORIENTED_EDGE('',*,*,#1882,.T.);
#1882 = EDGE_CURVE('',#1883,#1885,#1887,.T.);
#1883 = VERTEX_POINT('',#1884);
#1884 = CARTESIAN_POINT('',(-83.,-32.5,0.));
#1885 = VERTEX_POINT('',#1886);
#1886 = CARTESIAN_POINT('',(-83.,-132.5,0.));
#1887 = SURFACE_CURVE('',#1888,(#1892,#1904),.PCURVE_S1.);
#1888 = LINE('',#1889,#1890);
#1889 = CARTESIAN_POINT('',(-83.,-32.5,0.));
#1890 = VECTOR('',#1891,1.);
#1891 = DIRECTION('',(0.,-1.,0.));
#1892 = PCURVE('',#1893,#1898);
#1893 = PLANE('',#1894);
#1894 = AXIS2_PLACEMENT_3D('',#1895,#1896,#1897);
#1895 = CARTESIAN_POINT('',(-83.,-32.5,0.));
#1896 = DIRECTION('',(-0.978285091924,0.,0.207263790662));
#1897 = DIRECTION('',(0.207263790662,0.,0.978285091924));
#1898 = DEFINITIONAL_REPRESENTATION('',(#1899),#1903);
#1899 = LINE('',#1900,#1901);
#1900 = CARTESIAN_POINT('',(0.,0.));
#1901 = VECTOR('',#1902,1.);
#1902 = DIRECTION('',(0.,-1.));
#1903 = ( GEOMETRIC_REPRESENTATION_CONTEXT(2) 
PARAMETRIC_REPRESENTATION_CONTEXT() REPRESENTATION_CONTEXT('2D SPACE',''
  ) );
#1904 = PCURVE('',#1905,#1910);
#1905 = PLANE('',#1906);
#1906 = AXIS2_PLACEMENT_3D('',#1907,#1908,#1909);
#1907 = CARTESIAN_POINT('',(-91.,-32.5,3.552713678801E-15));
#1908 = DIRECTION('',(4.440892098501E-16,0.,1.));
#1909 = DIRECTION('',(1.,0.,-4.440892098501E-16));
#1910 = DEFINITIONAL_REPRESENTATION('',(#1911),#1915);
#1911 = LINE('',#1912,#1913);
#1912 = CARTESIAN_POINT('',(8.,0.));
#1913 = VECTOR('',#1914,1.);
#1914 = DIRECTION('',(0.,-1.));
#1915 = ( GEOMETRIC_REPRESENTATION_CONTEXT(2) 
PARAMETRIC_REPRESENTATION_CONTEXT() REPRESENTATION_CONTEXT('2D SPACE',''
  ) );
#1916 = ORIENTED_EDGE('',*,*,#1917,.T.);
#1917 = EDGE_CURVE('',#1885,#1918,#1920,.T.);
#1918 = VERTEX_POINT('',#1919);
#1919 = CARTESIAN_POINT('',(-58.,-132.5,118.));
#1920 = SURFACE_CURVE('',#1921,(#1925,#1932),.PCURVE_S1.);
#1921 = LINE('',#1922,#1923);
#1922 = CARTESIAN_POINT('',(-83.,-132.5,0.));
#1923 = VECTOR('',#1924,1.);
#1924 = DIRECTION('',(0.207263790662,0.,0.978285091924));
#1925 = PCURVE('',#1893,#1926);
#1926 = DEFINITIONAL_REPRESENTATION('',(#1927),#1931);
#1927 = LINE('',#1928,#1929);
#1928 = CARTESIAN_POINT('',(0.,-100.));
#1929 = VECTOR('',#1930,1.);
#1930 = DIRECTION('',(1.,0.));
#1931 = ( GEOMETRIC_REPRESENTATION_CONTEXT(2) 
PARAMETRIC_REPRESENTATION_CONTEXT() REPRESENTATION_CONTEXT('2D SPACE',''
  ) );
#1932 = PCURVE('',#1933,#1938);
#1933 = PLANE('',#1934);
#1934 = AXIS2_PLACEMENT_3D('',#1935,#1936,#1937);
#1935 = CARTESIAN_POINT('',(-74.5,-132.5,59.));
#1936 = DIRECTION('',(-0.,-1.,-0.));
#1937 = DIRECTION('',(0.,0.,-1.));
#1938 = DEFINITIONAL_REPRESENTATION('',(#1939),#1943);
#1939 = LINE('',#1940,#1941);
#1940 = CARTESIAN_POINT('',(59.,-8.5));
#1941 = VECTOR('',#1942,1.);
#1942 = DIRECTION('',(-0.978285091924,0.207263790662));
#1943 = ( GEOMETRIC_REPRESENTATION_CONTEXT(2) 
PARAMETRIC_REPRESENTATION_CONTEXT() REPRESENTATION_CONTEXT('2D SPACE',''
  ) );
#1944 = ORIENTED_EDGE('',*,*,#1945,.F.);
#1945 = EDGE_CURVE('',#1946,#1918,#1948,.T.);
#1946 = VERTEX_POINT('',#1947);
#1947 = CARTESIAN_POINT('',(-58.,-32.5,118.));
#1948 = SURFACE_CURVE('',#1949,(#1953,#1960),.PCURVE_S1.);
#1949 = LINE('',#1950,#1951);
#1950 = CARTESIAN_POINT('',(-58.,-32.5,118.));
#1951 = VECTOR('',#1952,1.);
#1952 = DIRECTION('',(0.,-1.,0.));
#1953 = PCURVE('',#1893,#1954);
#1954 = DEFINITIONAL_REPRESENTATION('',(#1955),#1959);
#1955 = LINE('',#1956,#1957);
#1956 = CARTESIAN_POINT('',(120.61923561356,0.));
#1957 = VECTOR('',#1958,1.);
#1958 = DIRECTION('',(0.,-1.));
#1959 = ( GEOMETRIC_REPRESENTATION_CONTEXT(2) 
PARAMETRIC_REPRESENTATION_CONTEXT() REPRESENTATION_CONTEXT('2D SPACE',''
  ) );
#1960 = PCURVE('',#1961,#1966);
#1961 = PLANE('',#1962);
#1962 = AXIS2_PLACEMENT_3D('',#1963,#1964,#1965);
#1963 = CARTESIAN_POINT('',(-58.,-32.5,118.));
#1964 = DIRECTION('',(-0.,-0.,-1.));
#1965 = DIRECTION('',(-1.,0.,0.));
#1966 = DEFINITIONAL_REPRESENTATION('',(#1967),#1971);
#1967 = LINE('',#1968,#1969);
#1968 = CARTESIAN_POINT('',(0.,0.));
#1969 = VECTOR('',#1970,1.);
#1970 = DIRECTION('',(0.,-1.));
#1971 = ( GEOMETRIC_REPRESENTATION_CONTEXT(2) 
PARAMETRIC_REPRESENTATION_CONTEXT() REPRESENTATION_CONTEXT('2D SPACE',''
  ) );
#1972 = ORIENTED_EDGE('',*,*,#1973,.F.);
#1973 = EDGE_CURVE('',#1883,#1946,#1974,.T.);
#1974 = SURFACE_CURVE('',#1975,(#1979,#1986),.PCURVE_S1.);
#1975 = LINE('',#1976,#1977);
#1976 = CARTESIAN_POINT('',(-83.,-32.5,0.));
#1977 = VECTOR('',#1978,1.);
#1978 = DIRECTION('',(0.207263790662,0.,0.978285091924));
#1979 = PCURVE('',#1893,#1980);
#1980 = DEFINITIONAL_REPRESENTATION('',(#1981),#1985);
#1981 = LINE('',#1982,#1983);
#1982 = CARTESIAN_POINT('',(0.,0.));
#1983 = VECTOR('',#1984,1.);
#1984 = DIRECTION('',(1.,0.));
#1985 = ( GEOMETRIC_REPRESENTATION_CONTEXT(2) 
PARAMETRIC_REPRESENTATION_CONTEXT() REPRESENTATION_CONTEXT('2D SPACE',''
  ) );
#1986 = PCURVE('',#1987,#1992);
#1987 = PLANE('',#1988);
#1988 = AXIS2_PLACEMENT_3D('',#1989,#1990,#1991);
#1989 = CARTESIAN_POINT('',(-74.5,-32.5,59.));
#1990 = DIRECTION('',(-0.,-1.,-0.));
#1991 = DIRECTION('',(0.,0.,-1.));
#1992 = DEFINITIONAL_REPRESENTATION('',(#1993),#1997);
#1993 = LINE('',#1994,#1995);
#1994 = CARTESIAN_POINT('',(59.,-8.5));
#1995 = VECTOR('',#1996,1.);
#1996 = DIRECTION('',(-0.978285091924,0.207263790662));
#1997 = ( GEOMETRIC_REPRESENTATION_CONTEXT(2) 
PARAMETRIC_REPRESENTATION_CONTEXT() REPRESENTATION_CONTEXT('2D SPACE',''
  ) );
#1998 = FACE_BOUND('',#1999,.F.);
#1999 = EDGE_LOOP('',(#2000,#2030,#2058));
#2000 = ORIENTED_EDGE('',*,*,#2001,.T.);
#2001 = EDGE_CURVE('',#2002,#2004,#2006,.T.);
#2002 = VERTEX_POINT('',#2003);
#2003 = CARTESIAN_POINT('',(-82.43801202257,-122.0874167465,
    2.652583253447));
#2004 = VERTEX_POINT('',#2005);
#2005 = CARTESIAN_POINT('',(-82.36440677966,-121.74,3.));
#2006 = SURFACE_CURVE('',#2007,(#2011,#2018),.PCURVE_S1.);
#2007 = LINE('',#2008,#2009);
#2008 = CARTESIAN_POINT('',(-79.78643198865,-109.5719589864,
    15.168041013536));
#2009 = VECTOR('',#2010,1.);
#2010 = DIRECTION('',(0.148157415898,0.699303003037,0.699303003037));
#2011 = PCURVE('',#1893,#2012);
#2012 = DEFINITIONAL_REPRESENTATION('',(#2013),#2017);
#2013 = LINE('',#2014,#2015);
#2014 = CARTESIAN_POINT('',(15.504724684812,-77.07195898646));
#2015 = VECTOR('',#2016,1.);
#2016 = DIRECTION('',(0.714825370243,0.699303003037));
#2017 = ( GEOMETRIC_REPRESENTATION_CONTEXT(2) 
PARAMETRIC_REPRESENTATION_CONTEXT() REPRESENTATION_CONTEXT('2D SPACE',''
  ) );
#2018 = PCURVE('',#2019,#2024);
#2019 = PLANE('',#2020);
#2020 = AXIS2_PLACEMENT_3D('',#2021,#2022,#2023);
#2021 = CARTESIAN_POINT('',(-82.23074823191,-121.1091316546,-34.));
#2022 = DIRECTION('',(0.978285091924,-0.207263790662,0.));
#2023 = DIRECTION('',(0.207263790662,0.978285091924,0.));
#2024 = DEFINITIONAL_REPRESENTATION('',(#2025),#2029);
#2025 = LINE('',#2026,#2027);
#2026 = CARTESIAN_POINT('',(11.793262274371,49.168041013536));
#2027 = VECTOR('',#2028,1.);
#2028 = DIRECTION('',(0.714825370243,0.699303003037));
#2029 = ( GEOMETRIC_REPRESENTATION_CONTEXT(2) 
PARAMETRIC_REPRESENTATION_CONTEXT() REPRESENTATION_CONTEXT('2D SPACE',''
  ) );
#2030 = ORIENTED_EDGE('',*,*,#2031,.T.);
#2031 = EDGE_CURVE('',#2004,#2032,#2034,.T.);
#2032 = VERTEX_POINT('',#2033);
#2033 = CARTESIAN_POINT('',(-82.36440677966,-122.1030110776,3.));
#2034 = SURFACE_CURVE('',#2035,(#2039,#2046),.PCURVE_S1.);
#2035 = LINE('',#2036,#2037);
#2036 = CARTESIAN_POINT('',(-82.36440677966,-76.31542328135,3.));
#2037 = VECTOR('',#2038,1.);
#2038 = DIRECTION('',(0.,-1.,0.));
#2039 = PCURVE('',#1893,#2040);
#2040 = DEFINITIONAL_REPRESENTATION('',(#2041),#2045);
#2041 = LINE('',#2042,#2043);
#2042 = CARTESIAN_POINT('',(3.066590735938,-43.81542328135));
#2043 = VECTOR('',#2044,1.);
#2044 = DIRECTION('',(0.,-1.));
#2045 = ( GEOMETRIC_REPRESENTATION_CONTEXT(2) 
PARAMETRIC_REPRESENTATION_CONTEXT() REPRESENTATION_CONTEXT('2D SPACE',''
  ) );
#2046 = PCURVE('',#2047,#2052);
#2047 = PLANE('',#2048);
#2048 = AXIS2_PLACEMENT_3D('',#2049,#2050,#2051);
#2049 = CARTESIAN_POINT('',(-82.02348444125,-120.1308465627,3.));
#2050 = DIRECTION('',(0.,-0.,-1.));
#2051 = DIRECTION('',(-0.207263790662,-0.978285091924,0.));
#2052 = DEFINITIONAL_REPRESENTATION('',(#2053),#2057);
#2053 = LINE('',#2054,#2055);
#2054 = CARTESIAN_POINT('',(-42.7933145363,9.414869959916));
#2055 = VECTOR('',#2056,1.);
#2056 = DIRECTION('',(0.978285091924,-0.207263790662));
#2057 = ( GEOMETRIC_REPRESENTATION_CONTEXT(2) 
PARAMETRIC_REPRESENTATION_CONTEXT() REPRESENTATION_CONTEXT('2D SPACE',''
  ) );
#2058 = ORIENTED_EDGE('',*,*,#2059,.T.);
#2059 = EDGE_CURVE('',#2032,#2002,#2060,.T.);
#2060 = SURFACE_CURVE('',#2061,(#2065,#2072),.PCURVE_S1.);
#2061 = LINE('',#2062,#2063);
#2062 = CARTESIAN_POINT('',(-83.09020910378,-121.9492393988,
    -0.425786969845));
#2063 = VECTOR('',#2064,1.);
#2064 = DIRECTION('',(-0.207064251198,4.386954474532E-02,-0.977343265654
    ));
#2065 = PCURVE('',#1893,#2066);
#2066 = DEFINITIONAL_REPRESENTATION('',(#2067),#2071);
#2067 = LINE('',#2068,#2069);
#2068 = CARTESIAN_POINT('',(-0.435238125737,-89.44923939884));
#2069 = VECTOR('',#2070,1.);
#2070 = DIRECTION('',(-0.999037268096,4.386954474532E-02));
#2071 = ( GEOMETRIC_REPRESENTATION_CONTEXT(2) 
PARAMETRIC_REPRESENTATION_CONTEXT() REPRESENTATION_CONTEXT('2D SPACE',''
  ) );
#2072 = PCURVE('',#2073,#2078);
#2073 = PLANE('',#2074);
#2074 = AXIS2_PLACEMENT_3D('',#2075,#2076,#2077);
#2075 = CARTESIAN_POINT('',(-82.43801202257,-122.0874167465,3.));
#2076 = DIRECTION('',(0.207263790662,0.978285091924,0.));
#2077 = DIRECTION('',(0.,0.,-1.));
#2078 = DEFINITIONAL_REPRESENTATION('',(#2079),#2083);
#2079 = LINE('',#2080,#2081);
#2080 = CARTESIAN_POINT('',(3.425786969845,0.666673842411));
#2081 = VECTOR('',#2082,1.);
#2082 = DIRECTION('',(0.977343265654,0.211660438156));
#2083 = ( GEOMETRIC_REPRESENTATION_CONTEXT(2) 
PARAMETRIC_REPRESENTATION_CONTEXT() REPRESENTATION_CONTEXT('2D SPACE',''
  ) );
#2084 = FACE_BOUND('',#2085,.F.);
#2085 = EDGE_LOOP('',(#2086,#2116,#2144,#2172));
#2086 = ORIENTED_EDGE('',*,*,#2087,.T.);
#2087 = EDGE_CURVE('',#2088,#2090,#2092,.T.);
#2088 = VERTEX_POINT('',#2089);
#2089 = CARTESIAN_POINT('',(-81.51694915254,-122.2825571851,7.));
#2090 = VERTEX_POINT('',#2091);
#2091 = CARTESIAN_POINT('',(-81.9406779661,-122.1927841313,5.));
#2092 = SURFACE_CURVE('',#2093,(#2097,#2104),.PCURVE_S1.);
#2093 = LINE('',#2094,#2095);
#2094 = CARTESIAN_POINT('',(-82.68546340084,-122.034990607,
    1.484612747994));
#2095 = VECTOR('',#2096,1.);
#2096 = DIRECTION('',(-0.207064251198,4.386954474532E-02,-0.977343265654
    ));
#2097 = PCURVE('',#1893,#2098);
#2098 = DEFINITIONAL_REPRESENTATION('',(#2099),#2103);
#2099 = LINE('',#2100,#2101);
#2100 = CARTESIAN_POINT('',(1.517566566485,-89.53499060708));
#2101 = VECTOR('',#2102,1.);
#2102 = DIRECTION('',(-0.999037268096,4.386954474532E-02));
#2103 = ( GEOMETRIC_REPRESENTATION_CONTEXT(2) 
PARAMETRIC_REPRESENTATION_CONTEXT() REPRESENTATION_CONTEXT('2D SPACE',''
  ) );
#2104 = PCURVE('',#2105,#2110);
#2105 = PLANE('',#2106);
#2106 = AXIS2_PLACEMENT_3D('',#2107,#2108,#2109);
#2107 = CARTESIAN_POINT('',(-82.43801202257,-122.0874167465,7.));
#2108 = DIRECTION('',(0.207263790662,0.978285091924,0.));
#2109 = DIRECTION('',(0.,0.,-1.));
#2110 = DEFINITIONAL_REPRESENTATION('',(#2111),#2115);
#2111 = LINE('',#2112,#2113);
#2112 = CARTESIAN_POINT('',(5.515387252006,0.252944034736));
#2113 = VECTOR('',#2114,1.);
#2114 = DIRECTION('',(0.977343265654,0.211660438156));
#2115 = ( GEOMETRIC_REPRESENTATION_CONTEXT(2) 
PARAMETRIC_REPRESENTATION_CONTEXT() REPRESENTATION_CONTEXT('2D SPACE',''
  ) );
#2116 = ORIENTED_EDGE('',*,*,#2117,.T.);
#2117 = EDGE_CURVE('',#2090,#2118,#2120,.T.);
#2118 = VERTEX_POINT('',#2119);
#2119 = CARTESIAN_POINT('',(-81.9406779661,-120.1483903074,5.));
#2120 = SURFACE_CURVE('',#2121,(#2125,#2132),.PCURVE_S1.);
#2121 = LINE('',#2122,#2123);
#2122 = CARTESIAN_POINT('',(-81.9406779661,-77.29370837327,5.));
#2123 = VECTOR('',#2124,1.);
#2124 = DIRECTION('',(0.,1.,0.));
#2125 = PCURVE('',#1893,#2126);
#2126 = DEFINITIONAL_REPRESENTATION('',(#2127),#2131);
#2127 = LINE('',#2128,#2129);
#2128 = CARTESIAN_POINT('',(5.110984559897,-44.79370837327));
#2129 = VECTOR('',#2130,1.);
#2130 = DIRECTION('',(0.,1.));
#2131 = ( GEOMETRIC_REPRESENTATION_CONTEXT(2) 
PARAMETRIC_REPRESENTATION_CONTEXT() REPRESENTATION_CONTEXT('2D SPACE',''
  ) );
#2132 = PCURVE('',#2133,#2138);
#2133 = PLANE('',#2134);
#2134 = AXIS2_PLACEMENT_3D('',#2135,#2136,#2137);
#2135 = CARTESIAN_POINT('',(-82.43801202257,-122.0874167465,5.));
#2136 = DIRECTION('',(-0.,0.,1.));
#2137 = DIRECTION('',(0.207263790662,0.978285091924,0.));
#2138 = DEFINITIONAL_REPRESENTATION('',(#2139),#2143);
#2139 = LINE('',#2140,#2141);
#2140 = CARTESIAN_POINT('',(43.924096455332,8.797579302092));
#2141 = VECTOR('',#2142,1.);
#2142 = DIRECTION('',(0.978285091924,0.207263790662));
#2143 = ( GEOMETRIC_REPRESENTATION_CONTEXT(2) 
PARAMETRIC_REPRESENTATION_CONTEXT() REPRESENTATION_CONTEXT('2D SPACE',''
  ) );
#2144 = ORIENTED_EDGE('',*,*,#2145,.T.);
#2145 = EDGE_CURVE('',#2118,#2146,#2148,.T.);
#2146 = VERTEX_POINT('',#2147);
#2147 = CARTESIAN_POINT('',(-81.51694915254,-120.2381633611,7.));
#2148 = SURFACE_CURVE('',#2149,(#2153,#2160),.PCURVE_S1.);
#2149 = LINE('',#2150,#2151);
#2150 = CARTESIAN_POINT('',(-82.86926535819,-119.9516556904,
    0.617067509345));
#2151 = VECTOR('',#2152,1.);
#2152 = DIRECTION('',(0.207064251198,-4.386954474532E-02,0.977343265654)
  );
#2153 = PCURVE('',#1893,#2154);
#2154 = DEFINITIONAL_REPRESENTATION('',(#2155),#2159);
#2155 = LINE('',#2156,#2157);
#2156 = CARTESIAN_POINT('',(0.630764502535,-87.45165569047));
#2157 = VECTOR('',#2158,1.);
#2158 = DIRECTION('',(0.999037268096,-4.386954474532E-02));
#2159 = ( GEOMETRIC_REPRESENTATION_CONTEXT(2) 
PARAMETRIC_REPRESENTATION_CONTEXT() REPRESENTATION_CONTEXT('2D SPACE',''
  ) );
#2160 = PCURVE('',#2161,#2166);
#2161 = PLANE('',#2162);
#2162 = AXIS2_PLACEMENT_3D('',#2163,#2164,#2165);
#2163 = CARTESIAN_POINT('',(-82.02348444125,-120.1308465627,5.));
#2164 = DIRECTION('',(-0.207263790662,-0.978285091924,0.));
#2165 = DIRECTION('',(0.,0.,1.));
#2166 = DEFINITIONAL_REPRESENTATION('',(#2167),#2171);
#2167 = LINE('',#2168,#2169);
#2168 = CARTESIAN_POINT('',(-4.382932490655,0.864554641506));
#2169 = VECTOR('',#2170,1.);
#2170 = DIRECTION('',(0.977343265654,-0.211660438156));
#2171 = ( GEOMETRIC_REPRESENTATION_CONTEXT(2) 
PARAMETRIC_REPRESENTATION_CONTEXT() REPRESENTATION_CONTEXT('2D SPACE',''
  ) );
#2172 = ORIENTED_EDGE('',*,*,#2173,.T.);
#2173 = EDGE_CURVE('',#2146,#2088,#2174,.T.);
#2174 = SURFACE_CURVE('',#2175,(#2179,#2186),.PCURVE_S1.);
#2175 = LINE('',#2176,#2177);
#2176 = CARTESIAN_POINT('',(-81.51694915254,-76.31542328135,7.));
#2177 = VECTOR('',#2178,1.);
#2178 = DIRECTION('',(0.,-1.,0.));
#2179 = PCURVE('',#1893,#2180);
#2180 = DEFINITIONAL_REPRESENTATION('',(#2181),#2185);
#2181 = LINE('',#2182,#2183);
#2182 = CARTESIAN_POINT('',(7.155378383855,-43.81542328135));
#2183 = VECTOR('',#2184,1.);
#2184 = DIRECTION('',(0.,-1.));
#2185 = ( GEOMETRIC_REPRESENTATION_CONTEXT(2) 
PARAMETRIC_REPRESENTATION_CONTEXT() REPRESENTATION_CONTEXT('2D SPACE',''
  ) );
#2186 = PCURVE('',#2187,#2192);
#2187 = PLANE('',#2188);
#2188 = AXIS2_PLACEMENT_3D('',#2189,#2190,#2191);
#2189 = CARTESIAN_POINT('',(-82.02348444125,-120.1308465627,7.));
#2190 = DIRECTION('',(0.,-0.,-1.));
#2191 = DIRECTION('',(-0.207263790662,-0.978285091924,0.));
#2192 = DEFINITIONAL_REPRESENTATION('',(#2193),#2197);
#2193 = LINE('',#2194,#2195);
#2194 = CARTESIAN_POINT('',(-42.96896181652,8.585814797269));
#2195 = VECTOR('',#2196,1.);
#2196 = DIRECTION('',(0.978285091924,-0.207263790662));
#2197 = ( GEOMETRIC_REPRESENTATION_CONTEXT(2) 
PARAMETRIC_REPRESENTATION_CONTEXT() REPRESENTATION_CONTEXT('2D SPACE',''
  ) );
#2198 = FACE_BOUND('',#2199,.F.);
#2199 = EDGE_LOOP('',(#2200,#2230,#2258));
#2200 = ORIENTED_EDGE('',*,*,#2201,.F.);
#2201 = EDGE_CURVE('',#2202,#2204,#2206,.T.);
#2202 = VERTEX_POINT('',#2203);
#2203 = CARTESIAN_POINT('',(-81.09322033898,-120.5647694245,9.));
#2204 = VERTEX_POINT('',#2205);
#2205 = CARTESIAN_POINT('',(-81.04519934932,-120.3381103533,
    9.226659071175));
#2206 = SURFACE_CURVE('',#2207,(#2211,#2218),.PCURVE_S1.);
#2207 = LINE('',#2208,#2209);
#2208 = CARTESIAN_POINT('',(-79.2865524606,-112.0372970385,
    17.52747238597));
#2209 = VECTOR('',#2210,1.);
#2210 = DIRECTION('',(0.148157415898,0.699303003037,0.699303003037));
#2211 = PCURVE('',#1893,#2212);
#2212 = DEFINITIONAL_REPRESENTATION('',(#2213),#2217);
#2213 = LINE('',#2214,#2215);
#2214 = CARTESIAN_POINT('',(17.916528147742,-79.53729703857));
#2215 = VECTOR('',#2216,1.);
#2216 = DIRECTION('',(0.714825370243,0.699303003037));
#2217 = ( GEOMETRIC_REPRESENTATION_CONTEXT(2) 
PARAMETRIC_REPRESENTATION_CONTEXT() REPRESENTATION_CONTEXT('2D SPACE',''
  ) );
#2218 = PCURVE('',#2219,#2224);
#2219 = PLANE('',#2220);
#2220 = AXIS2_PLACEMENT_3D('',#2221,#2222,#2223);
#2221 = CARTESIAN_POINT('',(-81.25246313998,-121.3163954452,-34.));
#2222 = DIRECTION('',(0.978285091924,-0.207263790662,0.));
#2223 = DIRECTION('',(0.207263790662,0.978285091924,0.));
#2224 = DEFINITIONAL_REPRESENTATION('',(#2225),#2229);
#2225 = LINE('',#2226,#2227);
#2226 = CARTESIAN_POINT('',(9.4850657373,51.52747238597));
#2227 = VECTOR('',#2228,1.);
#2228 = DIRECTION('',(0.714825370243,0.699303003037));
#2229 = ( GEOMETRIC_REPRESENTATION_CONTEXT(2) 
PARAMETRIC_REPRESENTATION_CONTEXT() REPRESENTATION_CONTEXT('2D SPACE',''
  ) );
#2230 = ORIENTED_EDGE('',*,*,#2231,.T.);
#2231 = EDGE_CURVE('',#2202,#2232,#2234,.T.);
#2232 = VERTEX_POINT('',#2233);
#2233 = CARTESIAN_POINT('',(-81.09322033898,-120.3279364148,9.));
#2234 = SURFACE_CURVE('',#2235,(#2239,#2246),.PCURVE_S1.);
#2235 = LINE('',#2236,#2237);
#2236 = CARTESIAN_POINT('',(-81.09322033898,-77.29370837327,9.));
#2237 = VECTOR('',#2238,1.);
#2238 = DIRECTION('',(0.,1.,0.));
#2239 = PCURVE('',#1893,#2240);
#2240 = DEFINITIONAL_REPRESENTATION('',(#2241),#2245);
#2241 = LINE('',#2242,#2243);
#2242 = CARTESIAN_POINT('',(9.199772207814,-44.79370837327));
#2243 = VECTOR('',#2244,1.);
#2244 = DIRECTION('',(0.,1.));
#2245 = ( GEOMETRIC_REPRESENTATION_CONTEXT(2) 
PARAMETRIC_REPRESENTATION_CONTEXT() REPRESENTATION_CONTEXT('2D SPACE',''
  ) );
#2246 = PCURVE('',#2247,#2252);
#2247 = PLANE('',#2248);
#2248 = AXIS2_PLACEMENT_3D('',#2249,#2250,#2251);
#2249 = CARTESIAN_POINT('',(-82.43801202257,-122.0874167465,9.));
#2250 = DIRECTION('',(-0.,0.,1.));
#2251 = DIRECTION('',(0.207263790662,0.978285091924,0.));
#2252 = DEFINITIONAL_REPRESENTATION('',(#2253),#2257);
#2253 = LINE('',#2254,#2255);
#2254 = CARTESIAN_POINT('',(44.099743735554,7.968524139445));
#2255 = VECTOR('',#2256,1.);
#2256 = DIRECTION('',(0.978285091924,0.207263790662));
#2257 = ( GEOMETRIC_REPRESENTATION_CONTEXT(2) 
PARAMETRIC_REPRESENTATION_CONTEXT() REPRESENTATION_CONTEXT('2D SPACE',''
  ) );
#2258 = ORIENTED_EDGE('',*,*,#2259,.T.);
#2259 = EDGE_CURVE('',#2232,#2204,#2260,.T.);
#2260 = SURFACE_CURVE('',#2261,(#2265,#2272),.PCURVE_S1.);
#2261 = LINE('',#2262,#2263);
#2262 = CARTESIAN_POINT('',(-82.46451965525,-120.0374068987,
    2.527467227184));
#2263 = VECTOR('',#2264,1.);
#2264 = DIRECTION('',(0.207064251198,-4.386954474532E-02,0.977343265654)
  );
#2265 = PCURVE('',#1893,#2266);
#2266 = DEFINITIONAL_REPRESENTATION('',(#2267),#2271);
#2267 = LINE('',#2268,#2269);
#2268 = CARTESIAN_POINT('',(2.583569194756,-87.53740689872));
#2269 = VECTOR('',#2270,1.);
#2270 = DIRECTION('',(0.999037268096,-4.386954474532E-02));
#2271 = ( GEOMETRIC_REPRESENTATION_CONTEXT(2) 
PARAMETRIC_REPRESENTATION_CONTEXT() REPRESENTATION_CONTEXT('2D SPACE',''
  ) );
#2272 = PCURVE('',#2273,#2278);
#2273 = PLANE('',#2274);
#2274 = AXIS2_PLACEMENT_3D('',#2275,#2276,#2277);
#2275 = CARTESIAN_POINT('',(-82.02348444125,-120.1308465627,9.));
#2276 = DIRECTION('',(-0.207263790662,-0.978285091924,0.));
#2277 = DIRECTION('',(0.,0.,1.));
#2278 = DEFINITIONAL_REPRESENTATION('',(#2279),#2283);
#2279 = LINE('',#2280,#2281);
#2280 = CARTESIAN_POINT('',(-6.472532772816,0.450824833832));
#2281 = VECTOR('',#2282,1.);
#2282 = DIRECTION('',(0.977343265654,-0.211660438156));
#2283 = ( GEOMETRIC_REPRESENTATION_CONTEXT(2) 
PARAMETRIC_REPRESENTATION_CONTEXT() REPRESENTATION_CONTEXT('2D SPACE',''
  ) );
#2284 = FACE_BOUND('',#2285,.F.);
#2285 = EDGE_LOOP('',(#2286,#2316,#2344));
#2286 = ORIENTED_EDGE('',*,*,#2287,.T.);
#2287 = EDGE_CURVE('',#2288,#2290,#2292,.T.);
#2288 = VERTEX_POINT('',#2289);
#2289 = CARTESIAN_POINT('',(-81.60895685992,-118.1742763788,
    6.565723621142));
#2290 = VERTEX_POINT('',#2291);
#2291 = CARTESIAN_POINT('',(-81.51694915254,-117.74,7.));
#2292 = SURFACE_CURVE('',#2293,(#2297,#2304),.PCURVE_S1.);
#2293 = LINE('',#2294,#2295);
#2294 = CARTESIAN_POINT('',(-79.78643198865,-109.5719589864,
    15.168041013536));
#2295 = VECTOR('',#2296,1.);
#2296 = DIRECTION('',(0.148157415898,0.699303003037,0.699303003037));
#2297 = PCURVE('',#1893,#2298);
#2298 = DEFINITIONAL_REPRESENTATION('',(#2299),#2303);
#2299 = LINE('',#2300,#2301);
#2300 = CARTESIAN_POINT('',(15.504724684812,-77.07195898646));
#2301 = VECTOR('',#2302,1.);
#2302 = DIRECTION('',(0.714825370243,0.699303003037));
#2303 = ( GEOMETRIC_REPRESENTATION_CONTEXT(2) 
PARAMETRIC_REPRESENTATION_CONTEXT() REPRESENTATION_CONTEXT('2D SPACE',''
  ) );
#2304 = PCURVE('',#2305,#2310);
#2305 = PLANE('',#2306);
#2306 = AXIS2_PLACEMENT_3D('',#2307,#2308,#2309);
#2307 = CARTESIAN_POINT('',(-82.23074823191,-121.1091316546,-34.));
#2308 = DIRECTION('',(0.978285091924,-0.207263790662,0.));
#2309 = DIRECTION('',(0.207263790662,0.978285091924,0.));
#2310 = DEFINITIONAL_REPRESENTATION('',(#2311),#2315);
#2311 = LINE('',#2312,#2313);
#2312 = CARTESIAN_POINT('',(11.793262274371,49.168041013536));
#2313 = VECTOR('',#2314,1.);
#2314 = DIRECTION('',(0.714825370243,0.699303003037));
#2315 = ( GEOMETRIC_REPRESENTATION_CONTEXT(2) 
PARAMETRIC_REPRESENTATION_CONTEXT() REPRESENTATION_CONTEXT('2D SPACE',''
  ) );
#2316 = ORIENTED_EDGE('',*,*,#2317,.T.);
#2317 = EDGE_CURVE('',#2290,#2318,#2320,.T.);
#2318 = VERTEX_POINT('',#2319);
#2319 = CARTESIAN_POINT('',(-81.51694915254,-118.1937695372,7.));
#2320 = SURFACE_CURVE('',#2321,(#2325,#2332),.PCURVE_S1.);
#2321 = LINE('',#2322,#2323);
#2322 = CARTESIAN_POINT('',(-81.51694915254,-74.3588530975,7.));
#2323 = VECTOR('',#2324,1.);
#2324 = DIRECTION('',(0.,-1.,0.));
#2325 = PCURVE('',#1893,#2326);
#2326 = DEFINITIONAL_REPRESENTATION('',(#2327),#2331);
#2327 = LINE('',#2328,#2329);
#2328 = CARTESIAN_POINT('',(7.155378383855,-41.8588530975));
#2329 = VECTOR('',#2330,1.);
#2330 = DIRECTION('',(0.,-1.));
#2331 = ( GEOMETRIC_REPRESENTATION_CONTEXT(2) 
PARAMETRIC_REPRESENTATION_CONTEXT() REPRESENTATION_CONTEXT('2D SPACE',''
  ) );
#2332 = PCURVE('',#2333,#2338);
#2333 = PLANE('',#2334);
#2334 = AXIS2_PLACEMENT_3D('',#2335,#2336,#2337);
#2335 = CARTESIAN_POINT('',(-81.1944292786,-116.217706195,7.));
#2336 = DIRECTION('',(0.,-0.,-1.));
#2337 = DIRECTION('',(-0.207263790662,-0.978285091924,0.));
#2338 = DEFINITIONAL_REPRESENTATION('',(#2339),#2343);
#2339 = LINE('',#2340,#2341);
#2340 = CARTESIAN_POINT('',(-40.88304525868,8.991340950269));
#2341 = VECTOR('',#2342,1.);
#2342 = DIRECTION('',(0.978285091924,-0.207263790662));
#2343 = ( GEOMETRIC_REPRESENTATION_CONTEXT(2) 
PARAMETRIC_REPRESENTATION_CONTEXT() REPRESENTATION_CONTEXT('2D SPACE',''
  ) );
#2344 = ORIENTED_EDGE('',*,*,#2345,.T.);
#2345 = EDGE_CURVE('',#2318,#2288,#2346,.T.);
#2346 = SURFACE_CURVE('',#2347,(#2351,#2358),.PCURVE_S1.);
#2347 = LINE('',#2348,#2349);
#2348 = CARTESIAN_POINT('',(-82.64832161259,-117.9540719821,
    1.659921988534));
#2349 = VECTOR('',#2350,1.);
#2350 = DIRECTION('',(-0.207064251198,4.386954474532E-02,-0.977343265654
    ));
#2351 = PCURVE('',#1893,#2352);
#2352 = DEFINITIONAL_REPRESENTATION('',(#2353),#2357);
#2353 = LINE('',#2354,#2355);
#2354 = CARTESIAN_POINT('',(1.696767130806,-85.4540719821));
#2355 = VECTOR('',#2356,1.);
#2356 = DIRECTION('',(-0.999037268096,4.386954474532E-02));
#2357 = ( GEOMETRIC_REPRESENTATION_CONTEXT(2) 
PARAMETRIC_REPRESENTATION_CONTEXT() REPRESENTATION_CONTEXT('2D SPACE',''
  ) );
#2358 = PCURVE('',#2359,#2364);
#2359 = PLANE('',#2360);
#2360 = AXIS2_PLACEMENT_3D('',#2361,#2362,#2363);
#2361 = CARTESIAN_POINT('',(-81.60895685992,-118.1742763788,7.));
#2362 = DIRECTION('',(0.207263790662,0.978285091924,0.));
#2363 = DIRECTION('',(0.,0.,-1.));
#2364 = DEFINITIONAL_REPRESENTATION('',(#2365),#2369);
#2365 = LINE('',#2366,#2367);
#2366 = CARTESIAN_POINT('',(5.340078011466,1.062435440601));
#2367 = VECTOR('',#2368,1.);
#2368 = DIRECTION('',(0.977343265654,0.211660438156));
#2369 = ( GEOMETRIC_REPRESENTATION_CONTEXT(2) 
PARAMETRIC_REPRESENTATION_CONTEXT() REPRESENTATION_CONTEXT('2D SPACE',''
  ) );
#2370 = FACE_BOUND('',#2371,.F.);
#2371 = EDGE_LOOP('',(#2372,#2402,#2430,#2458));
#2372 = ORIENTED_EDGE('',*,*,#2373,.T.);
#2373 = EDGE_CURVE('',#2374,#2376,#2378,.T.);
#2374 = VERTEX_POINT('',#2375);
#2375 = CARTESIAN_POINT('',(-80.66949152542,-118.3733156446,11.));
#2376 = VERTEX_POINT('',#2377);
#2377 = CARTESIAN_POINT('',(-81.09322033898,-118.2835425909,9.));
#2378 = SURFACE_CURVE('',#2379,(#2383,#2390),.PCURVE_S1.);
#2379 = LINE('',#2380,#2381);
#2380 = CARTESIAN_POINT('',(-82.24357590966,-118.0398231903,
    3.570321706374));
#2381 = VECTOR('',#2382,1.);
#2382 = DIRECTION('',(-0.207064251198,4.386954474532E-02,-0.977343265654
    ));
#2383 = PCURVE('',#1893,#2384);
#2384 = DEFINITIONAL_REPRESENTATION('',(#2385),#2389);
#2385 = LINE('',#2386,#2387);
#2386 = CARTESIAN_POINT('',(3.649571823028,-85.53982319035));
#2387 = VECTOR('',#2388,1.);
#2388 = DIRECTION('',(-0.999037268096,4.386954474532E-02));
#2389 = ( GEOMETRIC_REPRESENTATION_CONTEXT(2) 
PARAMETRIC_REPRESENTATION_CONTEXT() REPRESENTATION_CONTEXT('2D SPACE',''
  ) );
#2390 = PCURVE('',#2391,#2396);
#2391 = PLANE('',#2392);
#2392 = AXIS2_PLACEMENT_3D('',#2393,#2394,#2395);
#2393 = CARTESIAN_POINT('',(-81.60895685992,-118.1742763788,11.));
#2394 = DIRECTION('',(0.207263790662,0.978285091924,0.));
#2395 = DIRECTION('',(0.,0.,-1.));
#2396 = DEFINITIONAL_REPRESENTATION('',(#2397),#2401);
#2397 = LINE('',#2398,#2399);
#2398 = CARTESIAN_POINT('',(7.429678293626,0.648705632927));
#2399 = VECTOR('',#2400,1.);
#2400 = DIRECTION('',(0.977343265654,0.211660438156));
#2401 = ( GEOMETRIC_REPRESENTATION_CONTEXT(2) 
PARAMETRIC_REPRESENTATION_CONTEXT() REPRESENTATION_CONTEXT('2D SPACE',''
  ) );
#2402 = ORIENTED_EDGE('',*,*,#2403,.T.);
#2403 = EDGE_CURVE('',#2376,#2404,#2406,.T.);
#2404 = VERTEX_POINT('',#2405);
#2405 = CARTESIAN_POINT('',(-81.09322033898,-116.2391487669,9.));
#2406 = SURFACE_CURVE('',#2407,(#2411,#2418),.PCURVE_S1.);
#2407 = LINE('',#2408,#2409);
#2408 = CARTESIAN_POINT('',(-81.09322033898,-75.33713818942,9.));
#2409 = VECTOR('',#2410,1.);
#2410 = DIRECTION('',(0.,1.,0.));
#2411 = PCURVE('',#1893,#2412);
#2412 = DEFINITIONAL_REPRESENTATION('',(#2413),#2417);
#2413 = LINE('',#2414,#2415);
#2414 = CARTESIAN_POINT('',(9.199772207814,-42.83713818942));
#2415 = VECTOR('',#2416,1.);
#2416 = DIRECTION('',(0.,1.));
#2417 = ( GEOMETRIC_REPRESENTATION_CONTEXT(2) 
PARAMETRIC_REPRESENTATION_CONTEXT() REPRESENTATION_CONTEXT('2D SPACE',''
  ) );
#2418 = PCURVE('',#2419,#2424);
#2419 = PLANE('',#2420);
#2420 = AXIS2_PLACEMENT_3D('',#2421,#2422,#2423);
#2421 = CARTESIAN_POINT('',(-81.60895685992,-118.1742763788,9.));
#2422 = DIRECTION('',(-0.,0.,1.));
#2423 = DIRECTION('',(0.207263790662,0.978285091924,0.));
#2424 = DEFINITIONAL_REPRESENTATION('',(#2425),#2429);
#2425 = LINE('',#2426,#2427);
#2426 = CARTESIAN_POINT('',(42.013827177715,8.374050292445));
#2427 = VECTOR('',#2428,1.);
#2428 = DIRECTION('',(0.978285091924,0.207263790662));
#2429 = ( GEOMETRIC_REPRESENTATION_CONTEXT(2) 
PARAMETRIC_REPRESENTATION_CONTEXT() REPRESENTATION_CONTEXT('2D SPACE',''
  ) );
#2430 = ORIENTED_EDGE('',*,*,#2431,.T.);
#2431 = EDGE_CURVE('',#2404,#2432,#2434,.T.);
#2432 = VERTEX_POINT('',#2433);
#2433 = CARTESIAN_POINT('',(-80.66949152542,-116.3289218206,11.));
#2434 = SURFACE_CURVE('',#2435,(#2439,#2446),.PCURVE_S1.);
#2435 = LINE('',#2436,#2437);
#2436 = CARTESIAN_POINT('',(-82.427377867,-115.9564882737,2.702776467724
    ));
#2437 = VECTOR('',#2438,1.);
#2438 = DIRECTION('',(0.207064251198,-4.386954474532E-02,0.977343265654)
  );
#2439 = PCURVE('',#1893,#2440);
#2440 = DEFINITIONAL_REPRESENTATION('',(#2441),#2445);
#2441 = LINE('',#2442,#2443);
#2442 = CARTESIAN_POINT('',(2.762769759078,-83.45648827373));
#2443 = VECTOR('',#2444,1.);
#2444 = DIRECTION('',(0.999037268096,-4.386954474532E-02));
#2445 = ( GEOMETRIC_REPRESENTATION_CONTEXT(2) 
PARAMETRIC_REPRESENTATION_CONTEXT() REPRESENTATION_CONTEXT('2D SPACE',''
  ) );
#2446 = PCURVE('',#2447,#2452);
#2447 = PLANE('',#2448);
#2448 = AXIS2_PLACEMENT_3D('',#2449,#2450,#2451);
#2449 = CARTESIAN_POINT('',(-81.1944292786,-116.217706195,9.));
#2450 = DIRECTION('',(-0.207263790662,-0.978285091924,0.));
#2451 = DIRECTION('',(0.,0.,1.));
#2452 = DEFINITIONAL_REPRESENTATION('',(#2453),#2457);
#2453 = LINE('',#2454,#2455);
#2454 = CARTESIAN_POINT('',(-6.297223532276,1.260316239696));
#2455 = VECTOR('',#2456,1.);
#2456 = DIRECTION('',(0.977343265654,-0.211660438156));
#2457 = ( GEOMETRIC_REPRESENTATION_CONTEXT(2) 
PARAMETRIC_REPRESENTATION_CONTEXT() REPRESENTATION_CONTEXT('2D SPACE',''
  ) );
#2458 = ORIENTED_EDGE('',*,*,#2459,.T.);
#2459 = EDGE_CURVE('',#2432,#2374,#2460,.T.);
#2460 = SURFACE_CURVE('',#2461,(#2465,#2472),.PCURVE_S1.);
#2461 = LINE('',#2462,#2463);
#2462 = CARTESIAN_POINT('',(-80.66949152542,-74.3588530975,11.));
#2463 = VECTOR('',#2464,1.);
#2464 = DIRECTION('',(0.,-1.,0.));
#2465 = PCURVE('',#1893,#2466);
#2466 = DEFINITIONAL_REPRESENTATION('',(#2467),#2471);
#2467 = LINE('',#2468,#2469);
#2468 = CARTESIAN_POINT('',(11.244166031773,-41.8588530975));
#2469 = VECTOR('',#2470,1.);
#2470 = DIRECTION('',(0.,-1.));
#2471 = ( GEOMETRIC_REPRESENTATION_CONTEXT(2) 
PARAMETRIC_REPRESENTATION_CONTEXT() REPRESENTATION_CONTEXT('2D SPACE',''
  ) );
#2472 = PCURVE('',#2473,#2478);
#2473 = PLANE('',#2474);
#2474 = AXIS2_PLACEMENT_3D('',#2475,#2476,#2477);
#2475 = CARTESIAN_POINT('',(-81.1944292786,-116.217706195,11.));
#2476 = DIRECTION('',(0.,-0.,-1.));
#2477 = DIRECTION('',(-0.207263790662,-0.978285091924,0.));
#2478 = DEFINITIONAL_REPRESENTATION('',(#2479),#2483);
#2479 = LINE('',#2480,#2481);
#2480 = CARTESIAN_POINT('',(-41.0586925389,8.162285787622));
#2481 = VECTOR('',#2482,1.);
#2482 = DIRECTION('',(0.978285091924,-0.207263790662));
#2483 = ( GEOMETRIC_REPRESENTATION_CONTEXT(2) 
PARAMETRIC_REPRESENTATION_CONTEXT() REPRESENTATION_CONTEXT('2D SPACE',''
  ) );
#2484 = FACE_BOUND('',#2485,.F.);
#2485 = EDGE_LOOP('',(#2486,#2516,#2544));
#2486 = ORIENTED_EDGE('',*,*,#2487,.T.);
#2487 = EDGE_CURVE('',#2488,#2490,#2492,.T.);
#2488 = VERTEX_POINT('',#2489);
#2489 = CARTESIAN_POINT('',(-80.77990169728,-114.2611360111,
    10.478863988837));
#2490 = VERTEX_POINT('',#2491);
#2491 = CARTESIAN_POINT('',(-80.66949152542,-113.74,11.));
#2492 = SURFACE_CURVE('',#2493,(#2497,#2504),.PCURVE_S1.);
#2493 = LINE('',#2494,#2495);
#2494 = CARTESIAN_POINT('',(-79.78643198865,-109.5719589864,
    15.168041013536));
#2495 = VECTOR('',#2496,1.);
#2496 = DIRECTION('',(0.148157415898,0.699303003037,0.699303003037));
#2497 = PCURVE('',#1893,#2498);
#2498 = DEFINITIONAL_REPRESENTATION('',(#2499),#2503);
#2499 = LINE('',#2500,#2501);
#2500 = CARTESIAN_POINT('',(15.504724684812,-77.07195898646));
#2501 = VECTOR('',#2502,1.);
#2502 = DIRECTION('',(0.714825370243,0.699303003037));
#2503 = ( GEOMETRIC_REPRESENTATION_CONTEXT(2) 
PARAMETRIC_REPRESENTATION_CONTEXT() REPRESENTATION_CONTEXT('2D SPACE',''
  ) );
#2504 = PCURVE('',#2505,#2510);
#2505 = PLANE('',#2506);
#2506 = AXIS2_PLACEMENT_3D('',#2507,#2508,#2509);
#2507 = CARTESIAN_POINT('',(-82.23074823191,-121.1091316546,-34.));
#2508 = DIRECTION('',(0.978285091924,-0.207263790662,0.));
#2509 = DIRECTION('',(0.207263790662,0.978285091924,0.));
#2510 = DEFINITIONAL_REPRESENTATION('',(#2511),#2515);
#2511 = LINE('',#2512,#2513);
#2512 = CARTESIAN_POINT('',(11.793262274371,49.168041013536));
#2513 = VECTOR('',#2514,1.);
#2514 = DIRECTION('',(0.714825370243,0.699303003037));
#2515 = ( GEOMETRIC_REPRESENTATION_CONTEXT(2) 
PARAMETRIC_REPRESENTATION_CONTEXT() REPRESENTATION_CONTEXT('2D SPACE',''
  ) );
#2516 = ORIENTED_EDGE('',*,*,#2517,.T.);
#2517 = EDGE_CURVE('',#2490,#2518,#2520,.T.);
#2518 = VERTEX_POINT('',#2519);
#2519 = CARTESIAN_POINT('',(-80.66949152542,-114.2845279967,11.));
#2520 = SURFACE_CURVE('',#2521,(#2525,#2532),.PCURVE_S1.);
#2521 = LINE('',#2522,#2523);
#2522 = CARTESIAN_POINT('',(-80.66949152542,-72.40228291365,11.));
#2523 = VECTOR('',#2524,1.);
#2524 = DIRECTION('',(0.,-1.,0.));
#2525 = PCURVE('',#1893,#2526);
#2526 = DEFINITIONAL_REPRESENTATION('',(#2527),#2531);
#2527 = LINE('',#2528,#2529);
#2528 = CARTESIAN_POINT('',(11.244166031773,-39.90228291365));
#2529 = VECTOR('',#2530,1.);
#2530 = DIRECTION('',(0.,-1.));
#2531 = ( GEOMETRIC_REPRESENTATION_CONTEXT(2) 
PARAMETRIC_REPRESENTATION_CONTEXT() REPRESENTATION_CONTEXT('2D SPACE',''
  ) );
#2532 = PCURVE('',#2533,#2538);
#2533 = PLANE('',#2534);
#2534 = AXIS2_PLACEMENT_3D('',#2535,#2536,#2537);
#2535 = CARTESIAN_POINT('',(-80.36537411595,-112.3045658273,11.));
#2536 = DIRECTION('',(0.,-0.,-1.));
#2537 = DIRECTION('',(-0.207263790662,-0.978285091924,0.));
#2538 = DEFINITIONAL_REPRESENTATION('',(#2539),#2543);
#2539 = LINE('',#2540,#2541);
#2540 = CARTESIAN_POINT('',(-38.97277598106,8.567811940622));
#2541 = VECTOR('',#2542,1.);
#2542 = DIRECTION('',(0.978285091924,-0.207263790662));
#2543 = ( GEOMETRIC_REPRESENTATION_CONTEXT(2) 
PARAMETRIC_REPRESENTATION_CONTEXT() REPRESENTATION_CONTEXT('2D SPACE',''
  ) );
#2544 = ORIENTED_EDGE('',*,*,#2545,.T.);
#2545 = EDGE_CURVE('',#2518,#2488,#2546,.T.);
#2546 = SURFACE_CURVE('',#2547,(#2551,#2558),.PCURVE_S1.);
#2547 = LINE('',#2548,#2549);
#2548 = CARTESIAN_POINT('',(-82.20643412141,-113.9589045653,
    3.745630946913));
#2549 = VECTOR('',#2550,1.);
#2550 = DIRECTION('',(-0.207064251198,4.386954474532E-02,-0.977343265654
    ));
#2551 = PCURVE('',#1893,#2552);
#2552 = DEFINITIONAL_REPRESENTATION('',(#2553),#2557);
#2553 = LINE('',#2554,#2555);
#2554 = CARTESIAN_POINT('',(3.828772387349,-81.45890456537));
#2555 = VECTOR('',#2556,1.);
#2556 = DIRECTION('',(-0.999037268096,4.386954474532E-02));
#2557 = ( GEOMETRIC_REPRESENTATION_CONTEXT(2) 
PARAMETRIC_REPRESENTATION_CONTEXT() REPRESENTATION_CONTEXT('2D SPACE',''
  ) );
#2558 = PCURVE('',#2559,#2564);
#2559 = PLANE('',#2560);
#2560 = AXIS2_PLACEMENT_3D('',#2561,#2562,#2563);
#2561 = CARTESIAN_POINT('',(-80.77990169728,-114.2611360111,11.));
#2562 = DIRECTION('',(0.207263790662,0.978285091924,0.));
#2563 = DIRECTION('',(0.,0.,-1.));
#2564 = DEFINITIONAL_REPRESENTATION('',(#2565),#2569);
#2565 = LINE('',#2566,#2567);
#2566 = CARTESIAN_POINT('',(7.254369053087,1.458197038791));
#2567 = VECTOR('',#2568,1.);
#2568 = DIRECTION('',(0.977343265654,0.211660438156));
#2569 = ( GEOMETRIC_REPRESENTATION_CONTEXT(2) 
PARAMETRIC_REPRESENTATION_CONTEXT() REPRESENTATION_CONTEXT('2D SPACE',''
  ) );
#2570 = ADVANCED_FACE('',(#2571),#1905,.F.);
#2571 = FACE_BOUND('',#2572,.F.);
#2572 = EDGE_LOOP('',(#2573,#2603,#2626,#2647,#2648));
#2573 = ORIENTED_EDGE('',*,*,#2574,.T.);
#2574 = EDGE_CURVE('',#2575,#2577,#2579,.T.);
#2575 = VERTEX_POINT('',#2576);
#2576 = CARTESIAN_POINT('',(-91.,-32.5,0.));
#2577 = VERTEX_POINT('',#2578);
#2578 = CARTESIAN_POINT('',(-91.,-38.5,0.));
#2579 = SURFACE_CURVE('',#2580,(#2584,#2591),.PCURVE_S1.);
#2580 = LINE('',#2581,#2582);
#2581 = CARTESIAN_POINT('',(-91.,-32.5,1.7763568394E-15));
#2582 = VECTOR('',#2583,1.);
#2583 = DIRECTION('',(0.,-1.,0.));
#2584 = PCURVE('',#1905,#2585);
#2585 = DEFINITIONAL_REPRESENTATION('',(#2586),#2590);
#2586 = LINE('',#2587,#2588);
#2587 = CARTESIAN_POINT('',(0.,0.));
#2588 = VECTOR('',#2589,1.);
#2589 = DIRECTION('',(0.,-1.));
#2590 = ( GEOMETRIC_REPRESENTATION_CONTEXT(2) 
PARAMETRIC_REPRESENTATION_CONTEXT() REPRESENTATION_CONTEXT('2D SPACE',''
  ) );
#2591 = PCURVE('',#2592,#2597);
#2592 = PLANE('',#2593);
#2593 = AXIS2_PLACEMENT_3D('',#2594,#2595,#2596);
#2594 = CARTESIAN_POINT('',(-66.,-32.5,118.));
#2595 = DIRECTION('',(0.978285091924,0.,-0.207263790662));
#2596 = DIRECTION('',(-0.207263790662,0.,-0.978285091924));
#2597 = DEFINITIONAL_REPRESENTATION('',(#2598),#2602);
#2598 = LINE('',#2599,#2600);
#2599 = CARTESIAN_POINT('',(120.61923561356,0.));
#2600 = VECTOR('',#2601,1.);
#2601 = DIRECTION('',(-0.,-1.));
#2602 = ( GEOMETRIC_REPRESENTATION_CONTEXT(2) 
PARAMETRIC_REPRESENTATION_CONTEXT() REPRESENTATION_CONTEXT('2D SPACE',''
  ) );
#2603 = ORIENTED_EDGE('',*,*,#2604,.T.);
#2604 = EDGE_CURVE('',#2577,#2605,#2607,.T.);
#2605 = VERTEX_POINT('',#2606);
#2606 = CARTESIAN_POINT('',(-91.,-132.5,1.7763568394E-15));
#2607 = SURFACE_CURVE('',#2608,(#2612,#2619),.PCURVE_S1.);
#2608 = LINE('',#2609,#2610);
#2609 = CARTESIAN_POINT('',(-91.,-32.5,1.7763568394E-15));
#2610 = VECTOR('',#2611,1.);
#2611 = DIRECTION('',(0.,-1.,0.));
#2612 = PCURVE('',#1905,#2613);
#2613 = DEFINITIONAL_REPRESENTATION('',(#2614),#2618);
#2614 = LINE('',#2615,#2616);
#2615 = CARTESIAN_POINT('',(0.,0.));
#2616 = VECTOR('',#2617,1.);
#2617 = DIRECTION('',(0.,-1.));
#2618 = ( GEOMETRIC_REPRESENTATION_CONTEXT(2) 
PARAMETRIC_REPRESENTATION_CONTEXT() REPRESENTATION_CONTEXT('2D SPACE',''
  ) );
#2619 = PCURVE('',#2592,#2620);
#2620 = DEFINITIONAL_REPRESENTATION('',(#2621),#2625);
#2621 = LINE('',#2622,#2623);
#2622 = CARTESIAN_POINT('',(120.61923561356,0.));
#2623 = VECTOR('',#2624,1.);
#2624 = DIRECTION('',(-0.,-1.));
#2625 = ( GEOMETRIC_REPRESENTATION_CONTEXT(2) 
PARAMETRIC_REPRESENTATION_CONTEXT() REPRESENTATION_CONTEXT('2D SPACE',''
  ) );
#2626 = ORIENTED_EDGE('',*,*,#2627,.T.);
#2627 = EDGE_CURVE('',#2605,#1885,#2628,.T.);
#2628 = SURFACE_CURVE('',#2629,(#2633,#2640),.PCURVE_S1.);
#2629 = LINE('',#2630,#2631);
#2630 = CARTESIAN_POINT('',(-91.,-132.5,3.552713678801E-15));
#2631 = VECTOR('',#2632,1.);
#2632 = DIRECTION('',(1.,0.,-4.440892098501E-16));
#2633 = PCURVE('',#1905,#2634);
#2634 = DEFINITIONAL_REPRESENTATION('',(#2635),#2639);
#2635 = LINE('',#2636,#2637);
#2636 = CARTESIAN_POINT('',(0.,-100.));
#2637 = VECTOR('',#2638,1.);
#2638 = DIRECTION('',(1.,0.));
#2639 = ( GEOMETRIC_REPRESENTATION_CONTEXT(2) 
PARAMETRIC_REPRESENTATION_CONTEXT() REPRESENTATION_CONTEXT('2D SPACE',''
  ) );
#2640 = PCURVE('',#1933,#2641);
#2641 = DEFINITIONAL_REPRESENTATION('',(#2642),#2646);
#2642 = LINE('',#2643,#2644);
#2643 = CARTESIAN_POINT('',(59.,-16.5));
#2644 = VECTOR('',#2645,1.);
#2645 = DIRECTION('',(4.440892098501E-16,1.));
#2646 = ( GEOMETRIC_REPRESENTATION_CONTEXT(2) 
PARAMETRIC_REPRESENTATION_CONTEXT() REPRESENTATION_CONTEXT('2D SPACE',''
  ) );
#2647 = ORIENTED_EDGE('',*,*,#1882,.F.);
#2648 = ORIENTED_EDGE('',*,*,#2649,.F.);
#2649 = EDGE_CURVE('',#2575,#1883,#2650,.T.);
#2650 = SURFACE_CURVE('',#2651,(#2655,#2662),.PCURVE_S1.);
#2651 = LINE('',#2652,#2653);
#2652 = CARTESIAN_POINT('',(-91.,-32.5,3.552713678801E-15));
#2653 = VECTOR('',#2654,1.);
#2654 = DIRECTION('',(1.,0.,-4.440892098501E-16));
#2655 = PCURVE('',#1905,#2656);
#2656 = DEFINITIONAL_REPRESENTATION('',(#2657),#2661);
#2657 = LINE('',#2658,#2659);
#2658 = CARTESIAN_POINT('',(0.,0.));
#2659 = VECTOR('',#2660,1.);
#2660 = DIRECTION('',(1.,0.));
#2661 = ( GEOMETRIC_REPRESENTATION_CONTEXT(2) 
PARAMETRIC_REPRESENTATION_CONTEXT() REPRESENTATION_CONTEXT('2D SPACE',''
  ) );
#2662 = PCURVE('',#1987,#2663);
#2663 = DEFINITIONAL_REPRESENTATION('',(#2664),#2668);
#2664 = LINE('',#2665,#2666);
#2665 = CARTESIAN_POINT('',(59.,-16.5));
#2666 = VECTOR('',#2667,1.);
#2667 = DIRECTION('',(4.440892098501E-16,1.));
#2668 = ( GEOMETRIC_REPRESENTATION_CONTEXT(2) 
PARAMETRIC_REPRESENTATION_CONTEXT() REPRESENTATION_CONTEXT('2D SPACE',''
  ) );
#2669 = ADVANCED_FACE('',(#2670),#1987,.F.);
#2670 = FACE_BOUND('',#2671,.F.);
#2671 = EDGE_LOOP('',(#2672,#2673,#2696,#2724,#2745));
#2672 = ORIENTED_EDGE('',*,*,#1973,.T.);
#2673 = ORIENTED_EDGE('',*,*,#2674,.T.);
#2674 = EDGE_CURVE('',#1946,#2675,#2677,.T.);
#2675 = VERTEX_POINT('',#2676);
#2676 = CARTESIAN_POINT('',(-64.5,-32.5,118.));
#2677 = SURFACE_CURVE('',#2678,(#2682,#2689),.PCURVE_S1.);
#2678 = LINE('',#2679,#2680);
#2679 = CARTESIAN_POINT('',(-58.,-32.5,118.));
#2680 = VECTOR('',#2681,1.);
#2681 = DIRECTION('',(-1.,0.,0.));
#2682 = PCURVE('',#1987,#2683);
#2683 = DEFINITIONAL_REPRESENTATION('',(#2684),#2688);
#2684 = LINE('',#2685,#2686);
#2685 = CARTESIAN_POINT('',(-59.,16.5));
#2686 = VECTOR('',#2687,1.);
#2687 = DIRECTION('',(0.,-1.));
#2688 = ( GEOMETRIC_REPRESENTATION_CONTEXT(2) 
PARAMETRIC_REPRESENTATION_CONTEXT() REPRESENTATION_CONTEXT('2D SPACE',''
  ) );
#2689 = PCURVE('',#1961,#2690);
#2690 = DEFINITIONAL_REPRESENTATION('',(#2691),#2695);
#2691 = LINE('',#2692,#2693);
#2692 = CARTESIAN_POINT('',(0.,0.));
#2693 = VECTOR('',#2694,1.);
#2694 = DIRECTION('',(1.,0.));
#2695 = ( GEOMETRIC_REPRESENTATION_CONTEXT(2) 
PARAMETRIC_REPRESENTATION_CONTEXT() REPRESENTATION_CONTEXT('2D SPACE',''
  ) );
#2696 = ORIENTED_EDGE('',*,*,#2697,.T.);
#2697 = EDGE_CURVE('',#2675,#2698,#2700,.T.);
#2698 = VERTEX_POINT('',#2699);
#2699 = CARTESIAN_POINT('',(-66.,-32.5,118.));
#2700 = SURFACE_CURVE('',#2701,(#2705,#2712),.PCURVE_S1.);
#2701 = LINE('',#2702,#2703);
#2702 = CARTESIAN_POINT('',(-58.,-32.5,118.));
#2703 = VECTOR('',#2704,1.);
#2704 = DIRECTION('',(-1.,0.,0.));
#2705 = PCURVE('',#1987,#2706);
#2706 = DEFINITIONAL_REPRESENTATION('',(#2707),#2711);
#2707 = LINE('',#2708,#2709);
#2708 = CARTESIAN_POINT('',(-59.,16.5));
#2709 = VECTOR('',#2710,1.);
#2710 = DIRECTION('',(0.,-1.));
#2711 = ( GEOMETRIC_REPRESENTATION_CONTEXT(2) 
PARAMETRIC_REPRESENTATION_CONTEXT() REPRESENTATION_CONTEXT('2D SPACE',''
  ) );
#2712 = PCURVE('',#2713,#2718);
#2713 = PLANE('',#2714);
#2714 = AXIS2_PLACEMENT_3D('',#2715,#2716,#2717);
#2715 = CARTESIAN_POINT('',(-67.5,-72.5,118.));
#2716 = DIRECTION('',(0.,0.,1.));
#2717 = DIRECTION('',(1.,0.,0.));
#2718 = DEFINITIONAL_REPRESENTATION('',(#2719),#2723);
#2719 = LINE('',#2720,#2721);
#2720 = CARTESIAN_POINT('',(9.5,40.));
#2721 = VECTOR('',#2722,1.);
#2722 = DIRECTION('',(-1.,0.));
#2723 = ( GEOMETRIC_REPRESENTATION_CONTEXT(2) 
PARAMETRIC_REPRESENTATION_CONTEXT() REPRESENTATION_CONTEXT('2D SPACE',''
  ) );
#2724 = ORIENTED_EDGE('',*,*,#2725,.T.);
#2725 = EDGE_CURVE('',#2698,#2575,#2726,.T.);
#2726 = SURFACE_CURVE('',#2727,(#2731,#2738),.PCURVE_S1.);
#2727 = LINE('',#2728,#2729);
#2728 = CARTESIAN_POINT('',(-66.,-32.5,118.));
#2729 = VECTOR('',#2730,1.);
#2730 = DIRECTION('',(-0.207263790662,0.,-0.978285091924));
#2731 = PCURVE('',#1987,#2732);
#2732 = DEFINITIONAL_REPRESENTATION('',(#2733),#2737);
#2733 = LINE('',#2734,#2735);
#2734 = CARTESIAN_POINT('',(-59.,8.5));
#2735 = VECTOR('',#2736,1.);
#2736 = DIRECTION('',(0.978285091924,-0.207263790662));
#2737 = ( GEOMETRIC_REPRESENTATION_CONTEXT(2) 
PARAMETRIC_REPRESENTATION_CONTEXT() REPRESENTATION_CONTEXT('2D SPACE',''
  ) );
#2738 = PCURVE('',#2592,#2739);
#2739 = DEFINITIONAL_REPRESENTATION('',(#2740),#2744);
#2740 = LINE('',#2741,#2742);
#2741 = CARTESIAN_POINT('',(0.,0.));
#2742 = VECTOR('',#2743,1.);
#2743 = DIRECTION('',(1.,0.));
#2744 = ( GEOMETRIC_REPRESENTATION_CONTEXT(2) 
PARAMETRIC_REPRESENTATION_CONTEXT() REPRESENTATION_CONTEXT('2D SPACE',''
  ) );
#2745 = ORIENTED_EDGE('',*,*,#2649,.T.);
#2746 = ADVANCED_FACE('',(#2747),#1933,.T.);
#2747 = FACE_BOUND('',#2748,.T.);
#2748 = EDGE_LOOP('',(#2749,#2750,#2773,#2794));
#2749 = ORIENTED_EDGE('',*,*,#1917,.T.);
#2750 = ORIENTED_EDGE('',*,*,#2751,.T.);
#2751 = EDGE_CURVE('',#1918,#2752,#2754,.T.);
#2752 = VERTEX_POINT('',#2753);
#2753 = CARTESIAN_POINT('',(-66.,-132.5,118.));
#2754 = SURFACE_CURVE('',#2755,(#2759,#2766),.PCURVE_S1.);
#2755 = LINE('',#2756,#2757);
#2756 = CARTESIAN_POINT('',(-58.,-132.5,118.));
#2757 = VECTOR('',#2758,1.);
#2758 = DIRECTION('',(-1.,0.,0.));
#2759 = PCURVE('',#1933,#2760);
#2760 = DEFINITIONAL_REPRESENTATION('',(#2761),#2765);
#2761 = LINE('',#2762,#2763);
#2762 = CARTESIAN_POINT('',(-59.,16.5));
#2763 = VECTOR('',#2764,1.);
#2764 = DIRECTION('',(0.,-1.));
#2765 = ( GEOMETRIC_REPRESENTATION_CONTEXT(2) 
PARAMETRIC_REPRESENTATION_CONTEXT() REPRESENTATION_CONTEXT('2D SPACE',''
  ) );
#2766 = PCURVE('',#1961,#2767);
#2767 = DEFINITIONAL_REPRESENTATION('',(#2768),#2772);
#2768 = LINE('',#2769,#2770);
#2769 = CARTESIAN_POINT('',(0.,-100.));
#2770 = VECTOR('',#2771,1.);
#2771 = DIRECTION('',(1.,0.));
#2772 = ( GEOMETRIC_REPRESENTATION_CONTEXT(2) 
PARAMETRIC_REPRESENTATION_CONTEXT() REPRESENTATION_CONTEXT('2D SPACE',''
  ) );
#2773 = ORIENTED_EDGE('',*,*,#2774,.T.);
#2774 = EDGE_CURVE('',#2752,#2605,#2775,.T.);
#2775 = SURFACE_CURVE('',#2776,(#2780,#2787),.PCURVE_S1.);
#2776 = LINE('',#2777,#2778);
#2777 = CARTESIAN_POINT('',(-66.,-132.5,118.));
#2778 = VECTOR('',#2779,1.);
#2779 = DIRECTION('',(-0.207263790662,0.,-0.978285091924));
#2780 = PCURVE('',#1933,#2781);
#2781 = DEFINITIONAL_REPRESENTATION('',(#2782),#2786);
#2782 = LINE('',#2783,#2784);
#2783 = CARTESIAN_POINT('',(-59.,8.5));
#2784 = VECTOR('',#2785,1.);
#2785 = DIRECTION('',(0.978285091924,-0.207263790662));
#2786 = ( GEOMETRIC_REPRESENTATION_CONTEXT(2) 
PARAMETRIC_REPRESENTATION_CONTEXT() REPRESENTATION_CONTEXT('2D SPACE',''
  ) );
#2787 = PCURVE('',#2592,#2788);
#2788 = DEFINITIONAL_REPRESENTATION('',(#2789),#2793);
#2789 = LINE('',#2790,#2791);
#2790 = CARTESIAN_POINT('',(-0.,-100.));
#2791 = VECTOR('',#2792,1.);
#2792 = DIRECTION('',(1.,0.));
#2793 = ( GEOMETRIC_REPRESENTATION_CONTEXT(2) 
PARAMETRIC_REPRESENTATION_CONTEXT() REPRESENTATION_CONTEXT('2D SPACE',''
  ) );
#2794 = ORIENTED_EDGE('',*,*,#2627,.T.);
#2795 = ADVANCED_FACE('',(#2796),#1961,.F.);
#2796 = FACE_BOUND('',#2797,.F.);
#2797 = EDGE_LOOP('',(#2798,#2799,#2800,#2801,#2824,#2852));
#2798 = ORIENTED_EDGE('',*,*,#2674,.F.);
#2799 = ORIENTED_EDGE('',*,*,#1945,.T.);
#2800 = ORIENTED_EDGE('',*,*,#2751,.T.);
#2801 = ORIENTED_EDGE('',*,*,#2802,.F.);
#2802 = EDGE_CURVE('',#2803,#2752,#2805,.T.);
#2803 = VERTEX_POINT('',#2804);
#2804 = CARTESIAN_POINT('',(-66.,-72.5,118.));
#2805 = SURFACE_CURVE('',#2806,(#2810,#2817),.PCURVE_S1.);
#2806 = LINE('',#2807,#2808);
#2807 = CARTESIAN_POINT('',(-66.,-32.5,118.));
#2808 = VECTOR('',#2809,1.);
#2809 = DIRECTION('',(0.,-1.,0.));
#2810 = PCURVE('',#1961,#2811);
#2811 = DEFINITIONAL_REPRESENTATION('',(#2812),#2816);
#2812 = LINE('',#2813,#2814);
#2813 = CARTESIAN_POINT('',(8.,0.));
#2814 = VECTOR('',#2815,1.);
#2815 = DIRECTION('',(0.,-1.));
#2816 = ( GEOMETRIC_REPRESENTATION_CONTEXT(2) 
PARAMETRIC_REPRESENTATION_CONTEXT() REPRESENTATION_CONTEXT('2D SPACE',''
  ) );
#2817 = PCURVE('',#2592,#2818);
#2818 = DEFINITIONAL_REPRESENTATION('',(#2819),#2823);
#2819 = LINE('',#2820,#2821);
#2820 = CARTESIAN_POINT('',(0.,0.));
#2821 = VECTOR('',#2822,1.);
#2822 = DIRECTION('',(-0.,-1.));
#2823 = ( GEOMETRIC_REPRESENTATION_CONTEXT(2) 
PARAMETRIC_REPRESENTATION_CONTEXT() REPRESENTATION_CONTEXT('2D SPACE',''
  ) );
#2824 = ORIENTED_EDGE('',*,*,#2825,.T.);
#2825 = EDGE_CURVE('',#2803,#2826,#2828,.T.);
#2826 = VERTEX_POINT('',#2827);
#2827 = CARTESIAN_POINT('',(-64.5,-72.5,118.));
#2828 = SURFACE_CURVE('',#2829,(#2833,#2840),.PCURVE_S1.);
#2829 = LINE('',#2830,#2831);
#2830 = CARTESIAN_POINT('',(-67.5,-72.5,118.));
#2831 = VECTOR('',#2832,1.);
#2832 = DIRECTION('',(1.,0.,0.));
#2833 = PCURVE('',#1961,#2834);
#2834 = DEFINITIONAL_REPRESENTATION('',(#2835),#2839);
#2835 = LINE('',#2836,#2837);
#2836 = CARTESIAN_POINT('',(9.5,-40.));
#2837 = VECTOR('',#2838,1.);
#2838 = DIRECTION('',(-1.,0.));
#2839 = ( GEOMETRIC_REPRESENTATION_CONTEXT(2) 
PARAMETRIC_REPRESENTATION_CONTEXT() REPRESENTATION_CONTEXT('2D SPACE',''
  ) );
#2840 = PCURVE('',#2841,#2846);
#2841 = PLANE('',#2842);
#2842 = AXIS2_PLACEMENT_3D('',#2843,#2844,#2845);
#2843 = CARTESIAN_POINT('',(-67.5,-72.5,118.));
#2844 = DIRECTION('',(0.,1.,0.));
#2845 = DIRECTION('',(0.,0.,1.));
#2846 = DEFINITIONAL_REPRESENTATION('',(#2847),#2851);
#2847 = LINE('',#2848,#2849);
#2848 = CARTESIAN_POINT('',(0.,0.));
#2849 = VECTOR('',#2850,1.);
#2850 = DIRECTION('',(0.,1.));
#2851 = ( GEOMETRIC_REPRESENTATION_CONTEXT(2) 
PARAMETRIC_REPRESENTATION_CONTEXT() REPRESENTATION_CONTEXT('2D SPACE',''
  ) );
#2852 = ORIENTED_EDGE('',*,*,#2853,.T.);
#2853 = EDGE_CURVE('',#2826,#2675,#2854,.T.);
#2854 = SURFACE_CURVE('',#2855,(#2859,#2866),.PCURVE_S1.);
#2855 = LINE('',#2856,#2857);
#2856 = CARTESIAN_POINT('',(-64.5,-72.5,118.));
#2857 = VECTOR('',#2858,1.);
#2858 = DIRECTION('',(0.,1.,0.));
#2859 = PCURVE('',#1961,#2860);
#2860 = DEFINITIONAL_REPRESENTATION('',(#2861),#2865);
#2861 = LINE('',#2862,#2863);
#2862 = CARTESIAN_POINT('',(6.5,-40.));
#2863 = VECTOR('',#2864,1.);
#2864 = DIRECTION('',(0.,1.));
#2865 = ( GEOMETRIC_REPRESENTATION_CONTEXT(2) 
PARAMETRIC_REPRESENTATION_CONTEXT() REPRESENTATION_CONTEXT('2D SPACE',''
  ) );
#2866 = PCURVE('',#2867,#2872);
#2867 = PLANE('',#2868);
#2868 = AXIS2_PLACEMENT_3D('',#2869,#2870,#2871);
#2869 = CARTESIAN_POINT('',(-64.5,-72.5,118.));
#2870 = DIRECTION('',(1.,0.,0.));
#2871 = DIRECTION('',(0.,0.,1.));
#2872 = DEFINITIONAL_REPRESENTATION('',(#2873),#2877);
#2873 = LINE('',#2874,#2875);
#2874 = CARTESIAN_POINT('',(0.,0.));
#2875 = VECTOR('',#2876,1.);
#2876 = DIRECTION('',(0.,-1.));
#2877 = ( GEOMETRIC_REPRESENTATION_CONTEXT(2) 
PARAMETRIC_REPRESENTATION_CONTEXT() REPRESENTATION_CONTEXT('2D SPACE',''
  ) );
#2878 = ADVANCED_FACE('',(#2879),#2019,.T.);
#2879 = FACE_BOUND('',#2880,.T.);
#2880 = EDGE_LOOP('',(#2881,#2904,#2905));
#2881 = ORIENTED_EDGE('',*,*,#2882,.T.);
#2882 = EDGE_CURVE('',#2883,#2002,#2885,.T.);
#2883 = VERTEX_POINT('',#2884);
#2884 = CARTESIAN_POINT('',(-82.43801202257,-122.0874167465,3.));
#2885 = SURFACE_CURVE('',#2886,(#2890,#2897),.PCURVE_S1.);
#2886 = LINE('',#2887,#2888);
#2887 = CARTESIAN_POINT('',(-82.43801202257,-122.0874167465,3.));
#2888 = VECTOR('',#2889,1.);
#2889 = DIRECTION('',(0.,0.,-1.));
#2890 = PCURVE('',#2019,#2891);
#2891 = DEFINITIONAL_REPRESENTATION('',(#2892),#2896);
#2892 = LINE('',#2893,#2894);
#2893 = CARTESIAN_POINT('',(-1.,37.));
#2894 = VECTOR('',#2895,1.);
#2895 = DIRECTION('',(0.,-1.));
#2896 = ( GEOMETRIC_REPRESENTATION_CONTEXT(2) 
PARAMETRIC_REPRESENTATION_CONTEXT() REPRESENTATION_CONTEXT('2D SPACE',''
  ) );
#2897 = PCURVE('',#2073,#2898);
#2898 = DEFINITIONAL_REPRESENTATION('',(#2899),#2903);
#2899 = LINE('',#2900,#2901);
#2900 = CARTESIAN_POINT('',(0.,0.));
#2901 = VECTOR('',#2902,1.);
#2902 = DIRECTION('',(1.,0.));
#2903 = ( GEOMETRIC_REPRESENTATION_CONTEXT(2) 
PARAMETRIC_REPRESENTATION_CONTEXT() REPRESENTATION_CONTEXT('2D SPACE',''
  ) );
#2904 = ORIENTED_EDGE('',*,*,#2001,.T.);
#2905 = ORIENTED_EDGE('',*,*,#2906,.T.);
#2906 = EDGE_CURVE('',#2004,#2883,#2907,.T.);
#2907 = SURFACE_CURVE('',#2908,(#2912,#2919),.PCURVE_S1.);
#2908 = LINE('',#2909,#2910);
#2909 = CARTESIAN_POINT('',(-82.02348444125,-120.1308465627,3.));
#2910 = VECTOR('',#2911,1.);
#2911 = DIRECTION('',(-0.207263790662,-0.978285091924,0.));
#2912 = PCURVE('',#2019,#2913);
#2913 = DEFINITIONAL_REPRESENTATION('',(#2914),#2918);
#2914 = LINE('',#2915,#2916);
#2915 = CARTESIAN_POINT('',(1.,37.));
#2916 = VECTOR('',#2917,1.);
#2917 = DIRECTION('',(-1.,0.));
#2918 = ( GEOMETRIC_REPRESENTATION_CONTEXT(2) 
PARAMETRIC_REPRESENTATION_CONTEXT() REPRESENTATION_CONTEXT('2D SPACE',''
  ) );
#2919 = PCURVE('',#2047,#2920);
#2920 = DEFINITIONAL_REPRESENTATION('',(#2921),#2925);
#2921 = LINE('',#2922,#2923);
#2922 = CARTESIAN_POINT('',(0.,0.));
#2923 = VECTOR('',#2924,1.);
#2924 = DIRECTION('',(1.,8.685412134995E-19));
#2925 = ( GEOMETRIC_REPRESENTATION_CONTEXT(2) 
PARAMETRIC_REPRESENTATION_CONTEXT() REPRESENTATION_CONTEXT('2D SPACE',''
  ) );
#2926 = ADVANCED_FACE('',(#2927),#2073,.T.);
#2927 = FACE_BOUND('',#2928,.T.);
#2928 = EDGE_LOOP('',(#2929,#2930,#2951));
#2929 = ORIENTED_EDGE('',*,*,#2882,.F.);
#2930 = ORIENTED_EDGE('',*,*,#2931,.T.);
#2931 = EDGE_CURVE('',#2883,#2032,#2932,.T.);
#2932 = SURFACE_CURVE('',#2933,(#2937,#2944),.PCURVE_S1.);
#2933 = LINE('',#2934,#2935);
#2934 = CARTESIAN_POINT('',(-82.43801202257,-122.0874167465,3.));
#2935 = VECTOR('',#2936,1.);
#2936 = DIRECTION('',(0.978285091924,-0.207263790662,0.));
#2937 = PCURVE('',#2073,#2938);
#2938 = DEFINITIONAL_REPRESENTATION('',(#2939),#2943);
#2939 = LINE('',#2940,#2941);
#2940 = CARTESIAN_POINT('',(0.,0.));
#2941 = VECTOR('',#2942,1.);
#2942 = DIRECTION('',(0.,-1.));
#2943 = ( GEOMETRIC_REPRESENTATION_CONTEXT(2) 
PARAMETRIC_REPRESENTATION_CONTEXT() REPRESENTATION_CONTEXT('2D SPACE',''
  ) );
#2944 = PCURVE('',#2047,#2945);
#2945 = DEFINITIONAL_REPRESENTATION('',(#2946),#2950);
#2946 = LINE('',#2947,#2948);
#2947 = CARTESIAN_POINT('',(2.,1.010621943449E-14));
#2948 = VECTOR('',#2949,1.);
#2949 = DIRECTION('',(-5.613213572743E-18,-1.));
#2950 = ( GEOMETRIC_REPRESENTATION_CONTEXT(2) 
PARAMETRIC_REPRESENTATION_CONTEXT() REPRESENTATION_CONTEXT('2D SPACE',''
  ) );
#2951 = ORIENTED_EDGE('',*,*,#2059,.T.);
#2952 = ADVANCED_FACE('',(#2953),#2047,.T.);
#2953 = FACE_BOUND('',#2954,.T.);
#2954 = EDGE_LOOP('',(#2955,#2956,#2957));
#2955 = ORIENTED_EDGE('',*,*,#2906,.F.);
#2956 = ORIENTED_EDGE('',*,*,#2031,.T.);
#2957 = ORIENTED_EDGE('',*,*,#2931,.F.);
#2958 = ADVANCED_FACE('',(#2959),#2105,.T.);
#2959 = FACE_BOUND('',#2960,.T.);
#2960 = EDGE_LOOP('',(#2961,#2991,#3012,#3013));
#2961 = ORIENTED_EDGE('',*,*,#2962,.F.);
#2962 = EDGE_CURVE('',#2963,#2965,#2967,.T.);
#2963 = VERTEX_POINT('',#2964);
#2964 = CARTESIAN_POINT('',(-82.43801202257,-122.0874167465,7.));
#2965 = VERTEX_POINT('',#2966);
#2966 = CARTESIAN_POINT('',(-82.43801202257,-122.0874167465,5.));
#2967 = SURFACE_CURVE('',#2968,(#2972,#2979),.PCURVE_S1.);
#2968 = LINE('',#2969,#2970);
#2969 = CARTESIAN_POINT('',(-82.43801202257,-122.0874167465,7.));
#2970 = VECTOR('',#2971,1.);
#2971 = DIRECTION('',(0.,0.,-1.));
#2972 = PCURVE('',#2105,#2973);
#2973 = DEFINITIONAL_REPRESENTATION('',(#2974),#2978);
#2974 = LINE('',#2975,#2976);
#2975 = CARTESIAN_POINT('',(0.,0.));
#2976 = VECTOR('',#2977,1.);
#2977 = DIRECTION('',(1.,0.));
#2978 = ( GEOMETRIC_REPRESENTATION_CONTEXT(2) 
PARAMETRIC_REPRESENTATION_CONTEXT() REPRESENTATION_CONTEXT('2D SPACE',''
  ) );
#2979 = PCURVE('',#2980,#2985);
#2980 = PLANE('',#2981);
#2981 = AXIS2_PLACEMENT_3D('',#2982,#2983,#2984);
#2982 = CARTESIAN_POINT('',(-82.23074823191,-121.1091316546,-34.));
#2983 = DIRECTION('',(0.978285091924,-0.207263790662,0.));
#2984 = DIRECTION('',(0.207263790662,0.978285091924,0.));
#2985 = DEFINITIONAL_REPRESENTATION('',(#2986),#2990);
#2986 = LINE('',#2987,#2988);
#2987 = CARTESIAN_POINT('',(-1.,41.));
#2988 = VECTOR('',#2989,1.);
#2989 = DIRECTION('',(0.,-1.));
#2990 = ( GEOMETRIC_REPRESENTATION_CONTEXT(2) 
PARAMETRIC_REPRESENTATION_CONTEXT() REPRESENTATION_CONTEXT('2D SPACE',''
  ) );
#2991 = ORIENTED_EDGE('',*,*,#2992,.T.);
#2992 = EDGE_CURVE('',#2963,#2088,#2993,.T.);
#2993 = SURFACE_CURVE('',#2994,(#2998,#3005),.PCURVE_S1.);
#2994 = LINE('',#2995,#2996);
#2995 = CARTESIAN_POINT('',(-82.43801202257,-122.0874167465,7.));
#2996 = VECTOR('',#2997,1.);
#2997 = DIRECTION('',(0.978285091924,-0.207263790662,0.));
#2998 = PCURVE('',#2105,#2999);
#2999 = DEFINITIONAL_REPRESENTATION('',(#3000),#3004);
#3000 = LINE('',#3001,#3002);
#3001 = CARTESIAN_POINT('',(0.,0.));
#3002 = VECTOR('',#3003,1.);
#3003 = DIRECTION('',(0.,-1.));
#3004 = ( GEOMETRIC_REPRESENTATION_CONTEXT(2) 
PARAMETRIC_REPRESENTATION_CONTEXT() REPRESENTATION_CONTEXT('2D SPACE',''
  ) );
#3005 = PCURVE('',#2187,#3006);
#3006 = DEFINITIONAL_REPRESENTATION('',(#3007),#3011);
#3007 = LINE('',#3008,#3009);
#3008 = CARTESIAN_POINT('',(2.,1.010621943449E-14));
#3009 = VECTOR('',#3010,1.);
#3010 = DIRECTION('',(-5.613213572743E-18,-1.));
#3011 = ( GEOMETRIC_REPRESENTATION_CONTEXT(2) 
PARAMETRIC_REPRESENTATION_CONTEXT() REPRESENTATION_CONTEXT('2D SPACE',''
  ) );
#3012 = ORIENTED_EDGE('',*,*,#2087,.T.);
#3013 = ORIENTED_EDGE('',*,*,#3014,.F.);
#3014 = EDGE_CURVE('',#2965,#2090,#3015,.T.);
#3015 = SURFACE_CURVE('',#3016,(#3020,#3027),.PCURVE_S1.);
#3016 = LINE('',#3017,#3018);
#3017 = CARTESIAN_POINT('',(-82.43801202257,-122.0874167465,5.));
#3018 = VECTOR('',#3019,1.);
#3019 = DIRECTION('',(0.978285091924,-0.207263790662,0.));
#3020 = PCURVE('',#2105,#3021);
#3021 = DEFINITIONAL_REPRESENTATION('',(#3022),#3026);
#3022 = LINE('',#3023,#3024);
#3023 = CARTESIAN_POINT('',(2.,0.));
#3024 = VECTOR('',#3025,1.);
#3025 = DIRECTION('',(0.,-1.));
#3026 = ( GEOMETRIC_REPRESENTATION_CONTEXT(2) 
PARAMETRIC_REPRESENTATION_CONTEXT() REPRESENTATION_CONTEXT('2D SPACE',''
  ) );
#3027 = PCURVE('',#2133,#3028);
#3028 = DEFINITIONAL_REPRESENTATION('',(#3029),#3033);
#3029 = LINE('',#3030,#3031);
#3030 = CARTESIAN_POINT('',(0.,0.));
#3031 = VECTOR('',#3032,1.);
#3032 = DIRECTION('',(5.613213572743E-18,-1.));
#3033 = ( GEOMETRIC_REPRESENTATION_CONTEXT(2) 
PARAMETRIC_REPRESENTATION_CONTEXT() REPRESENTATION_CONTEXT('2D SPACE',''
  ) );
#3034 = ADVANCED_FACE('',(#3035),#2187,.T.);
#3035 = FACE_BOUND('',#3036,.T.);
#3036 = EDGE_LOOP('',(#3037,#3060,#3081,#3082));
#3037 = ORIENTED_EDGE('',*,*,#3038,.F.);
#3038 = EDGE_CURVE('',#3039,#2963,#3041,.T.);
#3039 = VERTEX_POINT('',#3040);
#3040 = CARTESIAN_POINT('',(-82.02348444125,-120.1308465627,7.));
#3041 = SURFACE_CURVE('',#3042,(#3046,#3053),.PCURVE_S1.);
#3042 = LINE('',#3043,#3044);
#3043 = CARTESIAN_POINT('',(-82.02348444125,-120.1308465627,7.));
#3044 = VECTOR('',#3045,1.);
#3045 = DIRECTION('',(-0.207263790662,-0.978285091924,0.));
#3046 = PCURVE('',#2187,#3047);
#3047 = DEFINITIONAL_REPRESENTATION('',(#3048),#3052);
#3048 = LINE('',#3049,#3050);
#3049 = CARTESIAN_POINT('',(0.,0.));
#3050 = VECTOR('',#3051,1.);
#3051 = DIRECTION('',(1.,8.685412134995E-19));
#3052 = ( GEOMETRIC_REPRESENTATION_CONTEXT(2) 
PARAMETRIC_REPRESENTATION_CONTEXT() REPRESENTATION_CONTEXT('2D SPACE',''
  ) );
#3053 = PCURVE('',#2980,#3054);
#3054 = DEFINITIONAL_REPRESENTATION('',(#3055),#3059);
#3055 = LINE('',#3056,#3057);
#3056 = CARTESIAN_POINT('',(1.,41.));
#3057 = VECTOR('',#3058,1.);
#3058 = DIRECTION('',(-1.,0.));
#3059 = ( GEOMETRIC_REPRESENTATION_CONTEXT(2) 
PARAMETRIC_REPRESENTATION_CONTEXT() REPRESENTATION_CONTEXT('2D SPACE',''
  ) );
#3060 = ORIENTED_EDGE('',*,*,#3061,.T.);
#3061 = EDGE_CURVE('',#3039,#2146,#3062,.T.);
#3062 = SURFACE_CURVE('',#3063,(#3067,#3074),.PCURVE_S1.);
#3063 = LINE('',#3064,#3065);
#3064 = CARTESIAN_POINT('',(-82.02348444125,-120.1308465627,7.));
#3065 = VECTOR('',#3066,1.);
#3066 = DIRECTION('',(0.978285091924,-0.207263790662,0.));
#3067 = PCURVE('',#2187,#3068);
#3068 = DEFINITIONAL_REPRESENTATION('',(#3069),#3073);
#3069 = LINE('',#3070,#3071);
#3070 = CARTESIAN_POINT('',(0.,0.));
#3071 = VECTOR('',#3072,1.);
#3072 = DIRECTION('',(-5.613213572743E-18,-1.));
#3073 = ( GEOMETRIC_REPRESENTATION_CONTEXT(2) 
PARAMETRIC_REPRESENTATION_CONTEXT() REPRESENTATION_CONTEXT('2D SPACE',''
  ) );
#3074 = PCURVE('',#2161,#3075);
#3075 = DEFINITIONAL_REPRESENTATION('',(#3076),#3080);
#3076 = LINE('',#3077,#3078);
#3077 = CARTESIAN_POINT('',(2.,0.));
#3078 = VECTOR('',#3079,1.);
#3079 = DIRECTION('',(0.,-1.));
#3080 = ( GEOMETRIC_REPRESENTATION_CONTEXT(2) 
PARAMETRIC_REPRESENTATION_CONTEXT() REPRESENTATION_CONTEXT('2D SPACE',''
  ) );
#3081 = ORIENTED_EDGE('',*,*,#2173,.T.);
#3082 = ORIENTED_EDGE('',*,*,#2992,.F.);
#3083 = ADVANCED_FACE('',(#3084),#2161,.T.);
#3084 = FACE_BOUND('',#3085,.T.);
#3085 = EDGE_LOOP('',(#3086,#3109,#3130,#3131));
#3086 = ORIENTED_EDGE('',*,*,#3087,.F.);
#3087 = EDGE_CURVE('',#3088,#3039,#3090,.T.);
#3088 = VERTEX_POINT('',#3089);
#3089 = CARTESIAN_POINT('',(-82.02348444125,-120.1308465627,5.));
#3090 = SURFACE_CURVE('',#3091,(#3095,#3102),.PCURVE_S1.);
#3091 = LINE('',#3092,#3093);
#3092 = CARTESIAN_POINT('',(-82.02348444125,-120.1308465627,5.));
#3093 = VECTOR('',#3094,1.);
#3094 = DIRECTION('',(0.,0.,1.));
#3095 = PCURVE('',#2161,#3096);
#3096 = DEFINITIONAL_REPRESENTATION('',(#3097),#3101);
#3097 = LINE('',#3098,#3099);
#3098 = CARTESIAN_POINT('',(0.,0.));
#3099 = VECTOR('',#3100,1.);
#3100 = DIRECTION('',(1.,0.));
#3101 = ( GEOMETRIC_REPRESENTATION_CONTEXT(2) 
PARAMETRIC_REPRESENTATION_CONTEXT() REPRESENTATION_CONTEXT('2D SPACE',''
  ) );
#3102 = PCURVE('',#2980,#3103);
#3103 = DEFINITIONAL_REPRESENTATION('',(#3104),#3108);
#3104 = LINE('',#3105,#3106);
#3105 = CARTESIAN_POINT('',(1.,39.));
#3106 = VECTOR('',#3107,1.);
#3107 = DIRECTION('',(0.,1.));
#3108 = ( GEOMETRIC_REPRESENTATION_CONTEXT(2) 
PARAMETRIC_REPRESENTATION_CONTEXT() REPRESENTATION_CONTEXT('2D SPACE',''
  ) );
#3109 = ORIENTED_EDGE('',*,*,#3110,.T.);
#3110 = EDGE_CURVE('',#3088,#2118,#3111,.T.);
#3111 = SURFACE_CURVE('',#3112,(#3116,#3123),.PCURVE_S1.);
#3112 = LINE('',#3113,#3114);
#3113 = CARTESIAN_POINT('',(-82.02348444125,-120.1308465627,5.));
#3114 = VECTOR('',#3115,1.);
#3115 = DIRECTION('',(0.978285091924,-0.207263790662,0.));
#3116 = PCURVE('',#2161,#3117);
#3117 = DEFINITIONAL_REPRESENTATION('',(#3118),#3122);
#3118 = LINE('',#3119,#3120);
#3119 = CARTESIAN_POINT('',(0.,0.));
#3120 = VECTOR('',#3121,1.);
#3121 = DIRECTION('',(0.,-1.));
#3122 = ( GEOMETRIC_REPRESENTATION_CONTEXT(2) 
PARAMETRIC_REPRESENTATION_CONTEXT() REPRESENTATION_CONTEXT('2D SPACE',''
  ) );
#3123 = PCURVE('',#2133,#3124);
#3124 = DEFINITIONAL_REPRESENTATION('',(#3125),#3129);
#3125 = LINE('',#3126,#3127);
#3126 = CARTESIAN_POINT('',(2.,-1.010621943449E-14));
#3127 = VECTOR('',#3128,1.);
#3128 = DIRECTION('',(5.613213572743E-18,-1.));
#3129 = ( GEOMETRIC_REPRESENTATION_CONTEXT(2) 
PARAMETRIC_REPRESENTATION_CONTEXT() REPRESENTATION_CONTEXT('2D SPACE',''
  ) );
#3130 = ORIENTED_EDGE('',*,*,#2145,.T.);
#3131 = ORIENTED_EDGE('',*,*,#3061,.F.);
#3132 = ADVANCED_FACE('',(#3133),#2133,.T.);
#3133 = FACE_BOUND('',#3134,.T.);
#3134 = EDGE_LOOP('',(#3135,#3156,#3157,#3158));
#3135 = ORIENTED_EDGE('',*,*,#3136,.F.);
#3136 = EDGE_CURVE('',#2965,#3088,#3137,.T.);
#3137 = SURFACE_CURVE('',#3138,(#3142,#3149),.PCURVE_S1.);
#3138 = LINE('',#3139,#3140);
#3139 = CARTESIAN_POINT('',(-82.43801202257,-122.0874167465,5.));
#3140 = VECTOR('',#3141,1.);
#3141 = DIRECTION('',(0.207263790662,0.978285091924,0.));
#3142 = PCURVE('',#2133,#3143);
#3143 = DEFINITIONAL_REPRESENTATION('',(#3144),#3148);
#3144 = LINE('',#3145,#3146);
#3145 = CARTESIAN_POINT('',(0.,0.));
#3146 = VECTOR('',#3147,1.);
#3147 = DIRECTION('',(1.,-8.685412134995E-19));
#3148 = ( GEOMETRIC_REPRESENTATION_CONTEXT(2) 
PARAMETRIC_REPRESENTATION_CONTEXT() REPRESENTATION_CONTEXT('2D SPACE',''
  ) );
#3149 = PCURVE('',#2980,#3150);
#3150 = DEFINITIONAL_REPRESENTATION('',(#3151),#3155);
#3151 = LINE('',#3152,#3153);
#3152 = CARTESIAN_POINT('',(-1.,39.));
#3153 = VECTOR('',#3154,1.);
#3154 = DIRECTION('',(1.,0.));
#3155 = ( GEOMETRIC_REPRESENTATION_CONTEXT(2) 
PARAMETRIC_REPRESENTATION_CONTEXT() REPRESENTATION_CONTEXT('2D SPACE',''
  ) );
#3156 = ORIENTED_EDGE('',*,*,#3014,.T.);
#3157 = ORIENTED_EDGE('',*,*,#2117,.T.);
#3158 = ORIENTED_EDGE('',*,*,#3110,.F.);
#3159 = ADVANCED_FACE('',(#3160),#2219,.F.);
#3160 = FACE_BOUND('',#3161,.F.);
#3161 = EDGE_LOOP('',(#3162,#3192,#3213,#3214,#3237));
#3162 = ORIENTED_EDGE('',*,*,#3163,.T.);
#3163 = EDGE_CURVE('',#3164,#3166,#3168,.T.);
#3164 = VERTEX_POINT('',#3165);
#3165 = CARTESIAN_POINT('',(-81.45972693065,-122.2946805372,11.));
#3166 = VERTEX_POINT('',#3167);
#3167 = CARTESIAN_POINT('',(-81.45972693065,-122.2946805372,9.));
#3168 = SURFACE_CURVE('',#3169,(#3173,#3180),.PCURVE_S1.);
#3169 = LINE('',#3170,#3171);
#3170 = CARTESIAN_POINT('',(-81.45972693065,-122.2946805372,11.));
#3171 = VECTOR('',#3172,1.);
#3172 = DIRECTION('',(0.,0.,-1.));
#3173 = PCURVE('',#2219,#3174);
#3174 = DEFINITIONAL_REPRESENTATION('',(#3175),#3179);
#3175 = LINE('',#3176,#3177);
#3176 = CARTESIAN_POINT('',(-1.,45.));
#3177 = VECTOR('',#3178,1.);
#3178 = DIRECTION('',(0.,-1.));
#3179 = ( GEOMETRIC_REPRESENTATION_CONTEXT(2) 
PARAMETRIC_REPRESENTATION_CONTEXT() REPRESENTATION_CONTEXT('2D SPACE',''
  ) );
#3180 = PCURVE('',#3181,#3186);
#3181 = PLANE('',#3182);
#3182 = AXIS2_PLACEMENT_3D('',#3183,#3184,#3185);
#3183 = CARTESIAN_POINT('',(-82.43801202257,-122.0874167465,11.));
#3184 = DIRECTION('',(0.207263790662,0.978285091924,0.));
#3185 = DIRECTION('',(0.,0.,-1.));
#3186 = DEFINITIONAL_REPRESENTATION('',(#3187),#3191);
#3187 = LINE('',#3188,#3189);
#3188 = CARTESIAN_POINT('',(0.,-1.));
#3189 = VECTOR('',#3190,1.);
#3190 = DIRECTION('',(1.,0.));
#3191 = ( GEOMETRIC_REPRESENTATION_CONTEXT(2) 
PARAMETRIC_REPRESENTATION_CONTEXT() REPRESENTATION_CONTEXT('2D SPACE',''
  ) );
#3192 = ORIENTED_EDGE('',*,*,#3193,.T.);
#3193 = EDGE_CURVE('',#3166,#2202,#3194,.T.);
#3194 = SURFACE_CURVE('',#3195,(#3199,#3206),.PCURVE_S1.);
#3195 = LINE('',#3196,#3197);
#3196 = CARTESIAN_POINT('',(-81.45972693065,-122.2946805372,9.));
#3197 = VECTOR('',#3198,1.);
#3198 = DIRECTION('',(0.207263790662,0.978285091924,0.));
#3199 = PCURVE('',#2219,#3200);
#3200 = DEFINITIONAL_REPRESENTATION('',(#3201),#3205);
#3201 = LINE('',#3202,#3203);
#3202 = CARTESIAN_POINT('',(-1.,43.));
#3203 = VECTOR('',#3204,1.);
#3204 = DIRECTION('',(1.,0.));
#3205 = ( GEOMETRIC_REPRESENTATION_CONTEXT(2) 
PARAMETRIC_REPRESENTATION_CONTEXT() REPRESENTATION_CONTEXT('2D SPACE',''
  ) );
#3206 = PCURVE('',#2247,#3207);
#3207 = DEFINITIONAL_REPRESENTATION('',(#3208),#3212);
#3208 = LINE('',#3209,#3210);
#3209 = CARTESIAN_POINT('',(-5.05942310701E-15,-1.));
#3210 = VECTOR('',#3211,1.);
#3211 = DIRECTION('',(1.,-8.685412134995E-19));
#3212 = ( GEOMETRIC_REPRESENTATION_CONTEXT(2) 
PARAMETRIC_REPRESENTATION_CONTEXT() REPRESENTATION_CONTEXT('2D SPACE',''
  ) );
#3213 = ORIENTED_EDGE('',*,*,#2201,.T.);
#3214 = ORIENTED_EDGE('',*,*,#3215,.T.);
#3215 = EDGE_CURVE('',#2204,#3216,#3218,.T.);
#3216 = VERTEX_POINT('',#3217);
#3217 = CARTESIAN_POINT('',(-81.04519934932,-120.3381103533,11.));
#3218 = SURFACE_CURVE('',#3219,(#3223,#3230),.PCURVE_S1.);
#3219 = LINE('',#3220,#3221);
#3220 = CARTESIAN_POINT('',(-81.04519934932,-120.3381103533,9.));
#3221 = VECTOR('',#3222,1.);
#3222 = DIRECTION('',(0.,0.,1.));
#3223 = PCURVE('',#2219,#3224);
#3224 = DEFINITIONAL_REPRESENTATION('',(#3225),#3229);
#3225 = LINE('',#3226,#3227);
#3226 = CARTESIAN_POINT('',(1.,43.));
#3227 = VECTOR('',#3228,1.);
#3228 = DIRECTION('',(0.,1.));
#3229 = ( GEOMETRIC_REPRESENTATION_CONTEXT(2) 
PARAMETRIC_REPRESENTATION_CONTEXT() REPRESENTATION_CONTEXT('2D SPACE',''
  ) );
#3230 = PCURVE('',#2273,#3231);
#3231 = DEFINITIONAL_REPRESENTATION('',(#3232),#3236);
#3232 = LINE('',#3233,#3234);
#3233 = CARTESIAN_POINT('',(0.,-1.));
#3234 = VECTOR('',#3235,1.);
#3235 = DIRECTION('',(1.,0.));
#3236 = ( GEOMETRIC_REPRESENTATION_CONTEXT(2) 
PARAMETRIC_REPRESENTATION_CONTEXT() REPRESENTATION_CONTEXT('2D SPACE',''
  ) );
#3237 = ORIENTED_EDGE('',*,*,#3238,.T.);
#3238 = EDGE_CURVE('',#3216,#3164,#3239,.T.);
#3239 = SURFACE_CURVE('',#3240,(#3244,#3251),.PCURVE_S1.);
#3240 = LINE('',#3241,#3242);
#3241 = CARTESIAN_POINT('',(-81.04519934932,-120.3381103533,11.));
#3242 = VECTOR('',#3243,1.);
#3243 = DIRECTION('',(-0.207263790662,-0.978285091924,0.));
#3244 = PCURVE('',#2219,#3245);
#3245 = DEFINITIONAL_REPRESENTATION('',(#3246),#3250);
#3246 = LINE('',#3247,#3248);
#3247 = CARTESIAN_POINT('',(1.,45.));
#3248 = VECTOR('',#3249,1.);
#3249 = DIRECTION('',(-1.,0.));
#3250 = ( GEOMETRIC_REPRESENTATION_CONTEXT(2) 
PARAMETRIC_REPRESENTATION_CONTEXT() REPRESENTATION_CONTEXT('2D SPACE',''
  ) );
#3251 = PCURVE('',#3252,#3257);
#3252 = PLANE('',#3253);
#3253 = AXIS2_PLACEMENT_3D('',#3254,#3255,#3256);
#3254 = CARTESIAN_POINT('',(-82.02348444125,-120.1308465627,11.));
#3255 = DIRECTION('',(0.,-0.,-1.));
#3256 = DIRECTION('',(-0.207263790662,-0.978285091924,0.));
#3257 = DEFINITIONAL_REPRESENTATION('',(#3258),#3262);
#3258 = LINE('',#3259,#3260);
#3259 = CARTESIAN_POINT('',(5.05942310701E-15,-1.));
#3260 = VECTOR('',#3261,1.);
#3261 = DIRECTION('',(1.,8.685412134995E-19));
#3262 = ( GEOMETRIC_REPRESENTATION_CONTEXT(2) 
PARAMETRIC_REPRESENTATION_CONTEXT() REPRESENTATION_CONTEXT('2D SPACE',''
  ) );
#3263 = ADVANCED_FACE('',(#3264),#2273,.T.);
#3264 = FACE_BOUND('',#3265,.T.);
#3265 = EDGE_LOOP('',(#3266,#3296,#3317,#3318,#3319));
#3266 = ORIENTED_EDGE('',*,*,#3267,.F.);
#3267 = EDGE_CURVE('',#3268,#3270,#3272,.T.);
#3268 = VERTEX_POINT('',#3269);
#3269 = CARTESIAN_POINT('',(-82.02348444125,-120.1308465627,9.));
#3270 = VERTEX_POINT('',#3271);
#3271 = CARTESIAN_POINT('',(-82.02348444125,-120.1308465627,11.));
#3272 = SURFACE_CURVE('',#3273,(#3277,#3284),.PCURVE_S1.);
#3273 = LINE('',#3274,#3275);
#3274 = CARTESIAN_POINT('',(-82.02348444125,-120.1308465627,9.));
#3275 = VECTOR('',#3276,1.);
#3276 = DIRECTION('',(0.,0.,1.));
#3277 = PCURVE('',#2273,#3278);
#3278 = DEFINITIONAL_REPRESENTATION('',(#3279),#3283);
#3279 = LINE('',#3280,#3281);
#3280 = CARTESIAN_POINT('',(0.,0.));
#3281 = VECTOR('',#3282,1.);
#3282 = DIRECTION('',(1.,0.));
#3283 = ( GEOMETRIC_REPRESENTATION_CONTEXT(2) 
PARAMETRIC_REPRESENTATION_CONTEXT() REPRESENTATION_CONTEXT('2D SPACE',''
  ) );
#3284 = PCURVE('',#3285,#3290);
#3285 = PLANE('',#3286);
#3286 = AXIS2_PLACEMENT_3D('',#3287,#3288,#3289);
#3287 = CARTESIAN_POINT('',(-82.23074823191,-121.1091316546,-34.));
#3288 = DIRECTION('',(0.978285091924,-0.207263790662,0.));
#3289 = DIRECTION('',(0.207263790662,0.978285091924,0.));
#3290 = DEFINITIONAL_REPRESENTATION('',(#3291),#3295);
#3291 = LINE('',#3292,#3293);
#3292 = CARTESIAN_POINT('',(1.,43.));
#3293 = VECTOR('',#3294,1.);
#3294 = DIRECTION('',(0.,1.));
#3295 = ( GEOMETRIC_REPRESENTATION_CONTEXT(2) 
PARAMETRIC_REPRESENTATION_CONTEXT() REPRESENTATION_CONTEXT('2D SPACE',''
  ) );
#3296 = ORIENTED_EDGE('',*,*,#3297,.T.);
#3297 = EDGE_CURVE('',#3268,#2232,#3298,.T.);
#3298 = SURFACE_CURVE('',#3299,(#3303,#3310),.PCURVE_S1.);
#3299 = LINE('',#3300,#3301);
#3300 = CARTESIAN_POINT('',(-82.02348444125,-120.1308465627,9.));
#3301 = VECTOR('',#3302,1.);
#3302 = DIRECTION('',(0.978285091924,-0.207263790662,0.));
#3303 = PCURVE('',#2273,#3304);
#3304 = DEFINITIONAL_REPRESENTATION('',(#3305),#3309);
#3305 = LINE('',#3306,#3307);
#3306 = CARTESIAN_POINT('',(0.,0.));
#3307 = VECTOR('',#3308,1.);
#3308 = DIRECTION('',(0.,-1.));
#3309 = ( GEOMETRIC_REPRESENTATION_CONTEXT(2) 
PARAMETRIC_REPRESENTATION_CONTEXT() REPRESENTATION_CONTEXT('2D SPACE',''
  ) );
#3310 = PCURVE('',#2247,#3311);
#3311 = DEFINITIONAL_REPRESENTATION('',(#3312),#3316);
#3312 = LINE('',#3313,#3314);
#3313 = CARTESIAN_POINT('',(2.,-1.010621943449E-14));
#3314 = VECTOR('',#3315,1.);
#3315 = DIRECTION('',(5.613213572743E-18,-1.));
#3316 = ( GEOMETRIC_REPRESENTATION_CONTEXT(2) 
PARAMETRIC_REPRESENTATION_CONTEXT() REPRESENTATION_CONTEXT('2D SPACE',''
  ) );
#3317 = ORIENTED_EDGE('',*,*,#2259,.T.);
#3318 = ORIENTED_EDGE('',*,*,#3215,.T.);
#3319 = ORIENTED_EDGE('',*,*,#3320,.F.);
#3320 = EDGE_CURVE('',#3270,#3216,#3321,.T.);
#3321 = SURFACE_CURVE('',#3322,(#3326,#3333),.PCURVE_S1.);
#3322 = LINE('',#3323,#3324);
#3323 = CARTESIAN_POINT('',(-82.02348444125,-120.1308465627,11.));
#3324 = VECTOR('',#3325,1.);
#3325 = DIRECTION('',(0.978285091924,-0.207263790662,0.));
#3326 = PCURVE('',#2273,#3327);
#3327 = DEFINITIONAL_REPRESENTATION('',(#3328),#3332);
#3328 = LINE('',#3329,#3330);
#3329 = CARTESIAN_POINT('',(2.,0.));
#3330 = VECTOR('',#3331,1.);
#3331 = DIRECTION('',(0.,-1.));
#3332 = ( GEOMETRIC_REPRESENTATION_CONTEXT(2) 
PARAMETRIC_REPRESENTATION_CONTEXT() REPRESENTATION_CONTEXT('2D SPACE',''
  ) );
#3333 = PCURVE('',#3252,#3334);
#3334 = DEFINITIONAL_REPRESENTATION('',(#3335),#3339);
#3335 = LINE('',#3336,#3337);
#3336 = CARTESIAN_POINT('',(0.,0.));
#3337 = VECTOR('',#3338,1.);
#3338 = DIRECTION('',(-5.613213572743E-18,-1.));
#3339 = ( GEOMETRIC_REPRESENTATION_CONTEXT(2) 
PARAMETRIC_REPRESENTATION_CONTEXT() REPRESENTATION_CONTEXT('2D SPACE',''
  ) );
#3340 = ADVANCED_FACE('',(#3341),#2247,.T.);
#3341 = FACE_BOUND('',#3342,.T.);
#3342 = EDGE_LOOP('',(#3343,#3366,#3387,#3388,#3389));
#3343 = ORIENTED_EDGE('',*,*,#3344,.F.);
#3344 = EDGE_CURVE('',#3345,#3268,#3347,.T.);
#3345 = VERTEX_POINT('',#3346);
#3346 = CARTESIAN_POINT('',(-82.43801202257,-122.0874167465,9.));
#3347 = SURFACE_CURVE('',#3348,(#3352,#3359),.PCURVE_S1.);
#3348 = LINE('',#3349,#3350);
#3349 = CARTESIAN_POINT('',(-82.43801202257,-122.0874167465,9.));
#3350 = VECTOR('',#3351,1.);
#3351 = DIRECTION('',(0.207263790662,0.978285091924,0.));
#3352 = PCURVE('',#2247,#3353);
#3353 = DEFINITIONAL_REPRESENTATION('',(#3354),#3358);
#3354 = LINE('',#3355,#3356);
#3355 = CARTESIAN_POINT('',(0.,0.));
#3356 = VECTOR('',#3357,1.);
#3357 = DIRECTION('',(1.,-8.685412134995E-19));
#3358 = ( GEOMETRIC_REPRESENTATION_CONTEXT(2) 
PARAMETRIC_REPRESENTATION_CONTEXT() REPRESENTATION_CONTEXT('2D SPACE',''
  ) );
#3359 = PCURVE('',#3285,#3360);
#3360 = DEFINITIONAL_REPRESENTATION('',(#3361),#3365);
#3361 = LINE('',#3362,#3363);
#3362 = CARTESIAN_POINT('',(-1.,43.));
#3363 = VECTOR('',#3364,1.);
#3364 = DIRECTION('',(1.,0.));
#3365 = ( GEOMETRIC_REPRESENTATION_CONTEXT(2) 
PARAMETRIC_REPRESENTATION_CONTEXT() REPRESENTATION_CONTEXT('2D SPACE',''
  ) );
#3366 = ORIENTED_EDGE('',*,*,#3367,.T.);
#3367 = EDGE_CURVE('',#3345,#3166,#3368,.T.);
#3368 = SURFACE_CURVE('',#3369,(#3373,#3380),.PCURVE_S1.);
#3369 = LINE('',#3370,#3371);
#3370 = CARTESIAN_POINT('',(-82.43801202257,-122.0874167465,9.));
#3371 = VECTOR('',#3372,1.);
#3372 = DIRECTION('',(0.978285091924,-0.207263790662,0.));
#3373 = PCURVE('',#2247,#3374);
#3374 = DEFINITIONAL_REPRESENTATION('',(#3375),#3379);
#3375 = LINE('',#3376,#3377);
#3376 = CARTESIAN_POINT('',(0.,0.));
#3377 = VECTOR('',#3378,1.);
#3378 = DIRECTION('',(5.613213572743E-18,-1.));
#3379 = ( GEOMETRIC_REPRESENTATION_CONTEXT(2) 
PARAMETRIC_REPRESENTATION_CONTEXT() REPRESENTATION_CONTEXT('2D SPACE',''
  ) );
#3380 = PCURVE('',#3181,#3381);
#3381 = DEFINITIONAL_REPRESENTATION('',(#3382),#3386);
#3382 = LINE('',#3383,#3384);
#3383 = CARTESIAN_POINT('',(2.,0.));
#3384 = VECTOR('',#3385,1.);
#3385 = DIRECTION('',(0.,-1.));
#3386 = ( GEOMETRIC_REPRESENTATION_CONTEXT(2) 
PARAMETRIC_REPRESENTATION_CONTEXT() REPRESENTATION_CONTEXT('2D SPACE',''
  ) );
#3387 = ORIENTED_EDGE('',*,*,#3193,.T.);
#3388 = ORIENTED_EDGE('',*,*,#2231,.T.);
#3389 = ORIENTED_EDGE('',*,*,#3297,.F.);
#3390 = ADVANCED_FACE('',(#3391),#2305,.T.);
#3391 = FACE_BOUND('',#3392,.T.);
#3392 = EDGE_LOOP('',(#3393,#3416,#3417));
#3393 = ORIENTED_EDGE('',*,*,#3394,.T.);
#3394 = EDGE_CURVE('',#3395,#2288,#3397,.T.);
#3395 = VERTEX_POINT('',#3396);
#3396 = CARTESIAN_POINT('',(-81.60895685992,-118.1742763788,7.));
#3397 = SURFACE_CURVE('',#3398,(#3402,#3409),.PCURVE_S1.);
#3398 = LINE('',#3399,#3400);
#3399 = CARTESIAN_POINT('',(-81.60895685992,-118.1742763788,7.));
#3400 = VECTOR('',#3401,1.);
#3401 = DIRECTION('',(0.,0.,-1.));
#3402 = PCURVE('',#2305,#3403);
#3403 = DEFINITIONAL_REPRESENTATION('',(#3404),#3408);
#3404 = LINE('',#3405,#3406);
#3405 = CARTESIAN_POINT('',(3.,41.));
#3406 = VECTOR('',#3407,1.);
#3407 = DIRECTION('',(0.,-1.));
#3408 = ( GEOMETRIC_REPRESENTATION_CONTEXT(2) 
PARAMETRIC_REPRESENTATION_CONTEXT() REPRESENTATION_CONTEXT('2D SPACE',''
  ) );
#3409 = PCURVE('',#2359,#3410);
#3410 = DEFINITIONAL_REPRESENTATION('',(#3411),#3415);
#3411 = LINE('',#3412,#3413);
#3412 = CARTESIAN_POINT('',(0.,0.));
#3413 = VECTOR('',#3414,1.);
#3414 = DIRECTION('',(1.,0.));
#3415 = ( GEOMETRIC_REPRESENTATION_CONTEXT(2) 
PARAMETRIC_REPRESENTATION_CONTEXT() REPRESENTATION_CONTEXT('2D SPACE',''
  ) );
#3416 = ORIENTED_EDGE('',*,*,#2287,.T.);
#3417 = ORIENTED_EDGE('',*,*,#3418,.T.);
#3418 = EDGE_CURVE('',#2290,#3395,#3419,.T.);
#3419 = SURFACE_CURVE('',#3420,(#3424,#3431),.PCURVE_S1.);
#3420 = LINE('',#3421,#3422);
#3421 = CARTESIAN_POINT('',(-81.1944292786,-116.217706195,7.));
#3422 = VECTOR('',#3423,1.);
#3423 = DIRECTION('',(-0.207263790662,-0.978285091924,0.));
#3424 = PCURVE('',#2305,#3425);
#3425 = DEFINITIONAL_REPRESENTATION('',(#3426),#3430);
#3426 = LINE('',#3427,#3428);
#3427 = CARTESIAN_POINT('',(5.,41.));
#3428 = VECTOR('',#3429,1.);
#3429 = DIRECTION('',(-1.,0.));
#3430 = ( GEOMETRIC_REPRESENTATION_CONTEXT(2) 
PARAMETRIC_REPRESENTATION_CONTEXT() REPRESENTATION_CONTEXT('2D SPACE',''
  ) );
#3431 = PCURVE('',#2333,#3432);
#3432 = DEFINITIONAL_REPRESENTATION('',(#3433),#3437);
#3433 = LINE('',#3434,#3435);
#3434 = CARTESIAN_POINT('',(0.,0.));
#3435 = VECTOR('',#3436,1.);
#3436 = DIRECTION('',(1.,8.685412134995E-19));
#3437 = ( GEOMETRIC_REPRESENTATION_CONTEXT(2) 
PARAMETRIC_REPRESENTATION_CONTEXT() REPRESENTATION_CONTEXT('2D SPACE',''
  ) );
#3438 = ADVANCED_FACE('',(#3439),#2359,.T.);
#3439 = FACE_BOUND('',#3440,.T.);
#3440 = EDGE_LOOP('',(#3441,#3442,#3463));
#3441 = ORIENTED_EDGE('',*,*,#3394,.F.);
#3442 = ORIENTED_EDGE('',*,*,#3443,.T.);
#3443 = EDGE_CURVE('',#3395,#2318,#3444,.T.);
#3444 = SURFACE_CURVE('',#3445,(#3449,#3456),.PCURVE_S1.);
#3445 = LINE('',#3446,#3447);
#3446 = CARTESIAN_POINT('',(-81.60895685992,-118.1742763788,7.));
#3447 = VECTOR('',#3448,1.);
#3448 = DIRECTION('',(0.978285091924,-0.207263790662,0.));
#3449 = PCURVE('',#2359,#3450);
#3450 = DEFINITIONAL_REPRESENTATION('',(#3451),#3455);
#3451 = LINE('',#3452,#3453);
#3452 = CARTESIAN_POINT('',(0.,0.));
#3453 = VECTOR('',#3454,1.);
#3454 = DIRECTION('',(0.,-1.));
#3455 = ( GEOMETRIC_REPRESENTATION_CONTEXT(2) 
PARAMETRIC_REPRESENTATION_CONTEXT() REPRESENTATION_CONTEXT('2D SPACE',''
  ) );
#3456 = PCURVE('',#2333,#3457);
#3457 = DEFINITIONAL_REPRESENTATION('',(#3458),#3462);
#3458 = LINE('',#3459,#3460);
#3459 = CARTESIAN_POINT('',(2.,-3.796047876889E-15));
#3460 = VECTOR('',#3461,1.);
#3461 = DIRECTION('',(-5.613213572743E-18,-1.));
#3462 = ( GEOMETRIC_REPRESENTATION_CONTEXT(2) 
PARAMETRIC_REPRESENTATION_CONTEXT() REPRESENTATION_CONTEXT('2D SPACE',''
  ) );
#3463 = ORIENTED_EDGE('',*,*,#2345,.T.);
#3464 = ADVANCED_FACE('',(#3465),#2333,.T.);
#3465 = FACE_BOUND('',#3466,.T.);
#3466 = EDGE_LOOP('',(#3467,#3468,#3469));
#3467 = ORIENTED_EDGE('',*,*,#3418,.F.);
#3468 = ORIENTED_EDGE('',*,*,#2317,.T.);
#3469 = ORIENTED_EDGE('',*,*,#3443,.F.);
#3470 = ADVANCED_FACE('',(#3471),#2391,.T.);
#3471 = FACE_BOUND('',#3472,.T.);
#3472 = EDGE_LOOP('',(#3473,#3503,#3524,#3525));
#3473 = ORIENTED_EDGE('',*,*,#3474,.F.);
#3474 = EDGE_CURVE('',#3475,#3477,#3479,.T.);
#3475 = VERTEX_POINT('',#3476);
#3476 = CARTESIAN_POINT('',(-81.60895685992,-118.1742763788,11.));
#3477 = VERTEX_POINT('',#3478);
#3478 = CARTESIAN_POINT('',(-81.60895685992,-118.1742763788,9.));
#3479 = SURFACE_CURVE('',#3480,(#3484,#3491),.PCURVE_S1.);
#3480 = LINE('',#3481,#3482);
#3481 = CARTESIAN_POINT('',(-81.60895685992,-118.1742763788,11.));
#3482 = VECTOR('',#3483,1.);
#3483 = DIRECTION('',(0.,0.,-1.));
#3484 = PCURVE('',#2391,#3485);
#3485 = DEFINITIONAL_REPRESENTATION('',(#3486),#3490);
#3486 = LINE('',#3487,#3488);
#3487 = CARTESIAN_POINT('',(0.,0.));
#3488 = VECTOR('',#3489,1.);
#3489 = DIRECTION('',(1.,0.));
#3490 = ( GEOMETRIC_REPRESENTATION_CONTEXT(2) 
PARAMETRIC_REPRESENTATION_CONTEXT() REPRESENTATION_CONTEXT('2D SPACE',''
  ) );
#3491 = PCURVE('',#3492,#3497);
#3492 = PLANE('',#3493);
#3493 = AXIS2_PLACEMENT_3D('',#3494,#3495,#3496);
#3494 = CARTESIAN_POINT('',(-82.23074823191,-121.1091316546,-34.));
#3495 = DIRECTION('',(0.978285091924,-0.207263790662,0.));
#3496 = DIRECTION('',(0.207263790662,0.978285091924,0.));
#3497 = DEFINITIONAL_REPRESENTATION('',(#3498),#3502);
#3498 = LINE('',#3499,#3500);
#3499 = CARTESIAN_POINT('',(3.,45.));
#3500 = VECTOR('',#3501,1.);
#3501 = DIRECTION('',(0.,-1.));
#3502 = ( GEOMETRIC_REPRESENTATION_CONTEXT(2) 
PARAMETRIC_REPRESENTATION_CONTEXT() REPRESENTATION_CONTEXT('2D SPACE',''
  ) );
#3503 = ORIENTED_EDGE('',*,*,#3504,.T.);
#3504 = EDGE_CURVE('',#3475,#2374,#3505,.T.);
#3505 = SURFACE_CURVE('',#3506,(#3510,#3517),.PCURVE_S1.);
#3506 = LINE('',#3507,#3508);
#3507 = CARTESIAN_POINT('',(-81.60895685992,-118.1742763788,11.));
#3508 = VECTOR('',#3509,1.);
#3509 = DIRECTION('',(0.978285091924,-0.207263790662,0.));
#3510 = PCURVE('',#2391,#3511);
#3511 = DEFINITIONAL_REPRESENTATION('',(#3512),#3516);
#3512 = LINE('',#3513,#3514);
#3513 = CARTESIAN_POINT('',(0.,0.));
#3514 = VECTOR('',#3515,1.);
#3515 = DIRECTION('',(0.,-1.));
#3516 = ( GEOMETRIC_REPRESENTATION_CONTEXT(2) 
PARAMETRIC_REPRESENTATION_CONTEXT() REPRESENTATION_CONTEXT('2D SPACE',''
  ) );
#3517 = PCURVE('',#2473,#3518);
#3518 = DEFINITIONAL_REPRESENTATION('',(#3519),#3523);
#3519 = LINE('',#3520,#3521);
#3520 = CARTESIAN_POINT('',(2.,-3.796047876889E-15));
#3521 = VECTOR('',#3522,1.);
#3522 = DIRECTION('',(-5.613213572743E-18,-1.));
#3523 = ( GEOMETRIC_REPRESENTATION_CONTEXT(2) 
PARAMETRIC_REPRESENTATION_CONTEXT() REPRESENTATION_CONTEXT('2D SPACE',''
  ) );
#3524 = ORIENTED_EDGE('',*,*,#2373,.T.);
#3525 = ORIENTED_EDGE('',*,*,#3526,.F.);
#3526 = EDGE_CURVE('',#3477,#2376,#3527,.T.);
#3527 = SURFACE_CURVE('',#3528,(#3532,#3539),.PCURVE_S1.);
#3528 = LINE('',#3529,#3530);
#3529 = CARTESIAN_POINT('',(-81.60895685992,-118.1742763788,9.));
#3530 = VECTOR('',#3531,1.);
#3531 = DIRECTION('',(0.978285091924,-0.207263790662,0.));
#3532 = PCURVE('',#2391,#3533);
#3533 = DEFINITIONAL_REPRESENTATION('',(#3534),#3538);
#3534 = LINE('',#3535,#3536);
#3535 = CARTESIAN_POINT('',(2.,0.));
#3536 = VECTOR('',#3537,1.);
#3537 = DIRECTION('',(0.,-1.));
#3538 = ( GEOMETRIC_REPRESENTATION_CONTEXT(2) 
PARAMETRIC_REPRESENTATION_CONTEXT() REPRESENTATION_CONTEXT('2D SPACE',''
  ) );
#3539 = PCURVE('',#2419,#3540);
#3540 = DEFINITIONAL_REPRESENTATION('',(#3541),#3545);
#3541 = LINE('',#3542,#3543);
#3542 = CARTESIAN_POINT('',(0.,0.));
#3543 = VECTOR('',#3544,1.);
#3544 = DIRECTION('',(5.613213572743E-18,-1.));
#3545 = ( GEOMETRIC_REPRESENTATION_CONTEXT(2) 
PARAMETRIC_REPRESENTATION_CONTEXT() REPRESENTATION_CONTEXT('2D SPACE',''
  ) );
#3546 = ADVANCED_FACE('',(#3547),#2473,.T.);
#3547 = FACE_BOUND('',#3548,.T.);
#3548 = EDGE_LOOP('',(#3549,#3572,#3593,#3594));
#3549 = ORIENTED_EDGE('',*,*,#3550,.F.);
#3550 = EDGE_CURVE('',#3551,#3475,#3553,.T.);
#3551 = VERTEX_POINT('',#3552);
#3552 = CARTESIAN_POINT('',(-81.1944292786,-116.217706195,11.));
#3553 = SURFACE_CURVE('',#3554,(#3558,#3565),.PCURVE_S1.);
#3554 = LINE('',#3555,#3556);
#3555 = CARTESIAN_POINT('',(-81.1944292786,-116.217706195,11.));
#3556 = VECTOR('',#3557,1.);
#3557 = DIRECTION('',(-0.207263790662,-0.978285091924,0.));
#3558 = PCURVE('',#2473,#3559);
#3559 = DEFINITIONAL_REPRESENTATION('',(#3560),#3564);
#3560 = LINE('',#3561,#3562);
#3561 = CARTESIAN_POINT('',(0.,0.));
#3562 = VECTOR('',#3563,1.);
#3563 = DIRECTION('',(1.,8.685412134995E-19));
#3564 = ( GEOMETRIC_REPRESENTATION_CONTEXT(2) 
PARAMETRIC_REPRESENTATION_CONTEXT() REPRESENTATION_CONTEXT('2D SPACE',''
  ) );
#3565 = PCURVE('',#3492,#3566);
#3566 = DEFINITIONAL_REPRESENTATION('',(#3567),#3571);
#3567 = LINE('',#3568,#3569);
#3568 = CARTESIAN_POINT('',(5.,45.));
#3569 = VECTOR('',#3570,1.);
#3570 = DIRECTION('',(-1.,0.));
#3571 = ( GEOMETRIC_REPRESENTATION_CONTEXT(2) 
PARAMETRIC_REPRESENTATION_CONTEXT() REPRESENTATION_CONTEXT('2D SPACE',''
  ) );
#3572 = ORIENTED_EDGE('',*,*,#3573,.T.);
#3573 = EDGE_CURVE('',#3551,#2432,#3574,.T.);
#3574 = SURFACE_CURVE('',#3575,(#3579,#3586),.PCURVE_S1.);
#3575 = LINE('',#3576,#3577);
#3576 = CARTESIAN_POINT('',(-81.1944292786,-116.217706195,11.));
#3577 = VECTOR('',#3578,1.);
#3578 = DIRECTION('',(0.978285091924,-0.207263790662,0.));
#3579 = PCURVE('',#2473,#3580);
#3580 = DEFINITIONAL_REPRESENTATION('',(#3581),#3585);
#3581 = LINE('',#3582,#3583);
#3582 = CARTESIAN_POINT('',(0.,0.));
#3583 = VECTOR('',#3584,1.);
#3584 = DIRECTION('',(-5.613213572743E-18,-1.));
#3585 = ( GEOMETRIC_REPRESENTATION_CONTEXT(2) 
PARAMETRIC_REPRESENTATION_CONTEXT() REPRESENTATION_CONTEXT('2D SPACE',''
  ) );
#3586 = PCURVE('',#2447,#3587);
#3587 = DEFINITIONAL_REPRESENTATION('',(#3588),#3592);
#3588 = LINE('',#3589,#3590);
#3589 = CARTESIAN_POINT('',(2.,0.));
#3590 = VECTOR('',#3591,1.);
#3591 = DIRECTION('',(0.,-1.));
#3592 = ( GEOMETRIC_REPRESENTATION_CONTEXT(2) 
PARAMETRIC_REPRESENTATION_CONTEXT() REPRESENTATION_CONTEXT('2D SPACE',''
  ) );
#3593 = ORIENTED_EDGE('',*,*,#2459,.T.);
#3594 = ORIENTED_EDGE('',*,*,#3504,.F.);
#3595 = ADVANCED_FACE('',(#3596),#2447,.T.);
#3596 = FACE_BOUND('',#3597,.T.);
#3597 = EDGE_LOOP('',(#3598,#3621,#3642,#3643));
#3598 = ORIENTED_EDGE('',*,*,#3599,.F.);
#3599 = EDGE_CURVE('',#3600,#3551,#3602,.T.);
#3600 = VERTEX_POINT('',#3601);
#3601 = CARTESIAN_POINT('',(-81.1944292786,-116.217706195,9.));
#3602 = SURFACE_CURVE('',#3603,(#3607,#3614),.PCURVE_S1.);
#3603 = LINE('',#3604,#3605);
#3604 = CARTESIAN_POINT('',(-81.1944292786,-116.217706195,9.));
#3605 = VECTOR('',#3606,1.);
#3606 = DIRECTION('',(0.,0.,1.));
#3607 = PCURVE('',#2447,#3608);
#3608 = DEFINITIONAL_REPRESENTATION('',(#3609),#3613);
#3609 = LINE('',#3610,#3611);
#3610 = CARTESIAN_POINT('',(0.,0.));
#3611 = VECTOR('',#3612,1.);
#3612 = DIRECTION('',(1.,0.));
#3613 = ( GEOMETRIC_REPRESENTATION_CONTEXT(2) 
PARAMETRIC_REPRESENTATION_CONTEXT() REPRESENTATION_CONTEXT('2D SPACE',''
  ) );
#3614 = PCURVE('',#3492,#3615);
#3615 = DEFINITIONAL_REPRESENTATION('',(#3616),#3620);
#3616 = LINE('',#3617,#3618);
#3617 = CARTESIAN_POINT('',(5.,43.));
#3618 = VECTOR('',#3619,1.);
#3619 = DIRECTION('',(0.,1.));
#3620 = ( GEOMETRIC_REPRESENTATION_CONTEXT(2) 
PARAMETRIC_REPRESENTATION_CONTEXT() REPRESENTATION_CONTEXT('2D SPACE',''
  ) );
#3621 = ORIENTED_EDGE('',*,*,#3622,.T.);
#3622 = EDGE_CURVE('',#3600,#2404,#3623,.T.);
#3623 = SURFACE_CURVE('',#3624,(#3628,#3635),.PCURVE_S1.);
#3624 = LINE('',#3625,#3626);
#3625 = CARTESIAN_POINT('',(-81.1944292786,-116.217706195,9.));
#3626 = VECTOR('',#3627,1.);
#3627 = DIRECTION('',(0.978285091924,-0.207263790662,0.));
#3628 = PCURVE('',#2447,#3629);
#3629 = DEFINITIONAL_REPRESENTATION('',(#3630),#3634);
#3630 = LINE('',#3631,#3632);
#3631 = CARTESIAN_POINT('',(0.,0.));
#3632 = VECTOR('',#3633,1.);
#3633 = DIRECTION('',(0.,-1.));
#3634 = ( GEOMETRIC_REPRESENTATION_CONTEXT(2) 
PARAMETRIC_REPRESENTATION_CONTEXT() REPRESENTATION_CONTEXT('2D SPACE',''
  ) );
#3635 = PCURVE('',#2419,#3636);
#3636 = DEFINITIONAL_REPRESENTATION('',(#3637),#3641);
#3637 = LINE('',#3638,#3639);
#3638 = CARTESIAN_POINT('',(2.,3.796047876889E-15));
#3639 = VECTOR('',#3640,1.);
#3640 = DIRECTION('',(5.613213572743E-18,-1.));
#3641 = ( GEOMETRIC_REPRESENTATION_CONTEXT(2) 
PARAMETRIC_REPRESENTATION_CONTEXT() REPRESENTATION_CONTEXT('2D SPACE',''
  ) );
#3642 = ORIENTED_EDGE('',*,*,#2431,.T.);
#3643 = ORIENTED_EDGE('',*,*,#3573,.F.);
#3644 = ADVANCED_FACE('',(#3645),#2419,.T.);
#3645 = FACE_BOUND('',#3646,.T.);
#3646 = EDGE_LOOP('',(#3647,#3668,#3669,#3670));
#3647 = ORIENTED_EDGE('',*,*,#3648,.F.);
#3648 = EDGE_CURVE('',#3477,#3600,#3649,.T.);
#3649 = SURFACE_CURVE('',#3650,(#3654,#3661),.PCURVE_S1.);
#3650 = LINE('',#3651,#3652);
#3651 = CARTESIAN_POINT('',(-81.60895685992,-118.1742763788,9.));
#3652 = VECTOR('',#3653,1.);
#3653 = DIRECTION('',(0.207263790662,0.978285091924,0.));
#3654 = PCURVE('',#2419,#3655);
#3655 = DEFINITIONAL_REPRESENTATION('',(#3656),#3660);
#3656 = LINE('',#3657,#3658);
#3657 = CARTESIAN_POINT('',(0.,0.));
#3658 = VECTOR('',#3659,1.);
#3659 = DIRECTION('',(1.,-8.685412134995E-19));
#3660 = ( GEOMETRIC_REPRESENTATION_CONTEXT(2) 
PARAMETRIC_REPRESENTATION_CONTEXT() REPRESENTATION_CONTEXT('2D SPACE',''
  ) );
#3661 = PCURVE('',#3492,#3662);
#3662 = DEFINITIONAL_REPRESENTATION('',(#3663),#3667);
#3663 = LINE('',#3664,#3665);
#3664 = CARTESIAN_POINT('',(3.,43.));
#3665 = VECTOR('',#3666,1.);
#3666 = DIRECTION('',(1.,0.));
#3667 = ( GEOMETRIC_REPRESENTATION_CONTEXT(2) 
PARAMETRIC_REPRESENTATION_CONTEXT() REPRESENTATION_CONTEXT('2D SPACE',''
  ) );
#3668 = ORIENTED_EDGE('',*,*,#3526,.T.);
#3669 = ORIENTED_EDGE('',*,*,#2403,.T.);
#3670 = ORIENTED_EDGE('',*,*,#3622,.F.);
#3671 = ADVANCED_FACE('',(#3672),#2505,.T.);
#3672 = FACE_BOUND('',#3673,.T.);
#3673 = EDGE_LOOP('',(#3674,#3697,#3698));
#3674 = ORIENTED_EDGE('',*,*,#3675,.T.);
#3675 = EDGE_CURVE('',#3676,#2488,#3678,.T.);
#3676 = VERTEX_POINT('',#3677);
#3677 = CARTESIAN_POINT('',(-80.77990169728,-114.2611360111,11.));
#3678 = SURFACE_CURVE('',#3679,(#3683,#3690),.PCURVE_S1.);
#3679 = LINE('',#3680,#3681);
#3680 = CARTESIAN_POINT('',(-80.77990169728,-114.2611360111,11.));
#3681 = VECTOR('',#3682,1.);
#3682 = DIRECTION('',(0.,0.,-1.));
#3683 = PCURVE('',#2505,#3684);
#3684 = DEFINITIONAL_REPRESENTATION('',(#3685),#3689);
#3685 = LINE('',#3686,#3687);
#3686 = CARTESIAN_POINT('',(7.,45.));
#3687 = VECTOR('',#3688,1.);
#3688 = DIRECTION('',(0.,-1.));
#3689 = ( GEOMETRIC_REPRESENTATION_CONTEXT(2) 
PARAMETRIC_REPRESENTATION_CONTEXT() REPRESENTATION_CONTEXT('2D SPACE',''
  ) );
#3690 = PCURVE('',#2559,#3691);
#3691 = DEFINITIONAL_REPRESENTATION('',(#3692),#3696);
#3692 = LINE('',#3693,#3694);
#3693 = CARTESIAN_POINT('',(0.,0.));
#3694 = VECTOR('',#3695,1.);
#3695 = DIRECTION('',(1.,0.));
#3696 = ( GEOMETRIC_REPRESENTATION_CONTEXT(2) 
PARAMETRIC_REPRESENTATION_CONTEXT() REPRESENTATION_CONTEXT('2D SPACE',''
  ) );
#3697 = ORIENTED_EDGE('',*,*,#2487,.T.);
#3698 = ORIENTED_EDGE('',*,*,#3699,.T.);
#3699 = EDGE_CURVE('',#2490,#3676,#3700,.T.);
#3700 = SURFACE_CURVE('',#3701,(#3705,#3712),.PCURVE_S1.);
#3701 = LINE('',#3702,#3703);
#3702 = CARTESIAN_POINT('',(-80.36537411595,-112.3045658273,11.));
#3703 = VECTOR('',#3704,1.);
#3704 = DIRECTION('',(-0.207263790662,-0.978285091924,0.));
#3705 = PCURVE('',#2505,#3706);
#3706 = DEFINITIONAL_REPRESENTATION('',(#3707),#3711);
#3707 = LINE('',#3708,#3709);
#3708 = CARTESIAN_POINT('',(9.,45.));
#3709 = VECTOR('',#3710,1.);
#3710 = DIRECTION('',(-1.,0.));
#3711 = ( GEOMETRIC_REPRESENTATION_CONTEXT(2) 
PARAMETRIC_REPRESENTATION_CONTEXT() REPRESENTATION_CONTEXT('2D SPACE',''
  ) );
#3712 = PCURVE('',#2533,#3713);
#3713 = DEFINITIONAL_REPRESENTATION('',(#3714),#3718);
#3714 = LINE('',#3715,#3716);
#3715 = CARTESIAN_POINT('',(0.,0.));
#3716 = VECTOR('',#3717,1.);
#3717 = DIRECTION('',(1.,8.685412134995E-19));
#3718 = ( GEOMETRIC_REPRESENTATION_CONTEXT(2) 
PARAMETRIC_REPRESENTATION_CONTEXT() REPRESENTATION_CONTEXT('2D SPACE',''
  ) );
#3719 = ADVANCED_FACE('',(#3720),#2559,.T.);
#3720 = FACE_BOUND('',#3721,.T.);
#3721 = EDGE_LOOP('',(#3722,#3723,#3744));
#3722 = ORIENTED_EDGE('',*,*,#3675,.F.);
#3723 = ORIENTED_EDGE('',*,*,#3724,.T.);
#3724 = EDGE_CURVE('',#3676,#2518,#3725,.T.);
#3725 = SURFACE_CURVE('',#3726,(#3730,#3737),.PCURVE_S1.);
#3726 = LINE('',#3727,#3728);
#3727 = CARTESIAN_POINT('',(-80.77990169728,-114.2611360111,11.));
#3728 = VECTOR('',#3729,1.);
#3729 = DIRECTION('',(0.978285091924,-0.207263790662,0.));
#3730 = PCURVE('',#2559,#3731);
#3731 = DEFINITIONAL_REPRESENTATION('',(#3732),#3736);
#3732 = LINE('',#3733,#3734);
#3733 = CARTESIAN_POINT('',(0.,0.));
#3734 = VECTOR('',#3735,1.);
#3735 = DIRECTION('',(0.,-1.));
#3736 = ( GEOMETRIC_REPRESENTATION_CONTEXT(2) 
PARAMETRIC_REPRESENTATION_CONTEXT() REPRESENTATION_CONTEXT('2D SPACE',''
  ) );
#3737 = PCURVE('',#2533,#3738);
#3738 = DEFINITIONAL_REPRESENTATION('',(#3739),#3743);
#3739 = LINE('',#3740,#3741);
#3740 = CARTESIAN_POINT('',(2.,-3.796047876889E-15));
#3741 = VECTOR('',#3742,1.);
#3742 = DIRECTION('',(-5.613213572743E-18,-1.));
#3743 = ( GEOMETRIC_REPRESENTATION_CONTEXT(2) 
PARAMETRIC_REPRESENTATION_CONTEXT() REPRESENTATION_CONTEXT('2D SPACE',''
  ) );
#3744 = ORIENTED_EDGE('',*,*,#2545,.T.);
#3745 = ADVANCED_FACE('',(#3746),#2533,.T.);
#3746 = FACE_BOUND('',#3747,.T.);
#3747 = EDGE_LOOP('',(#3748,#3749,#3750));
#3748 = ORIENTED_EDGE('',*,*,#3699,.F.);
#3749 = ORIENTED_EDGE('',*,*,#2517,.T.);
#3750 = ORIENTED_EDGE('',*,*,#3724,.F.);
#3751 = ADVANCED_FACE('',(#3752),#2592,.F.);
#3752 = FACE_BOUND('',#3753,.F.);
#3753 = EDGE_LOOP('',(#3754,#3775,#3776,#3777,#3778,#3779));
#3754 = ORIENTED_EDGE('',*,*,#3755,.T.);
#3755 = EDGE_CURVE('',#2698,#2803,#3756,.T.);
#3756 = SURFACE_CURVE('',#3757,(#3761,#3768),.PCURVE_S1.);
#3757 = LINE('',#3758,#3759);
#3758 = CARTESIAN_POINT('',(-66.,-32.5,118.));
#3759 = VECTOR('',#3760,1.);
#3760 = DIRECTION('',(0.,-1.,0.));
#3761 = PCURVE('',#2592,#3762);
#3762 = DEFINITIONAL_REPRESENTATION('',(#3763),#3767);
#3763 = LINE('',#3764,#3765);
#3764 = CARTESIAN_POINT('',(0.,0.));
#3765 = VECTOR('',#3766,1.);
#3766 = DIRECTION('',(-0.,-1.));
#3767 = ( GEOMETRIC_REPRESENTATION_CONTEXT(2) 
PARAMETRIC_REPRESENTATION_CONTEXT() REPRESENTATION_CONTEXT('2D SPACE',''
  ) );
#3768 = PCURVE('',#2713,#3769);
#3769 = DEFINITIONAL_REPRESENTATION('',(#3770),#3774);
#3770 = LINE('',#3771,#3772);
#3771 = CARTESIAN_POINT('',(1.5,40.));
#3772 = VECTOR('',#3773,1.);
#3773 = DIRECTION('',(0.,-1.));
#3774 = ( GEOMETRIC_REPRESENTATION_CONTEXT(2) 
PARAMETRIC_REPRESENTATION_CONTEXT() REPRESENTATION_CONTEXT('2D SPACE',''
  ) );
#3775 = ORIENTED_EDGE('',*,*,#2802,.T.);
#3776 = ORIENTED_EDGE('',*,*,#2774,.T.);
#3777 = ORIENTED_EDGE('',*,*,#2604,.F.);
#3778 = ORIENTED_EDGE('',*,*,#2574,.F.);
#3779 = ORIENTED_EDGE('',*,*,#2725,.F.);
#3780 = ADVANCED_FACE('',(#3781),#2713,.F.);
#3781 = FACE_BOUND('',#3782,.F.);
#3782 = EDGE_LOOP('',(#3783,#3813,#3841,#3862,#3863,#3864));
#3783 = ORIENTED_EDGE('',*,*,#3784,.F.);
#3784 = EDGE_CURVE('',#3785,#3787,#3789,.T.);
#3785 = VERTEX_POINT('',#3786);
#3786 = CARTESIAN_POINT('',(-67.5,7.5,118.));
#3787 = VERTEX_POINT('',#3788);
#3788 = CARTESIAN_POINT('',(-64.5,7.5,118.));
#3789 = SURFACE_CURVE('',#3790,(#3794,#3801),.PCURVE_S1.);
#3790 = LINE('',#3791,#3792);
#3791 = CARTESIAN_POINT('',(-67.5,7.5,118.));
#3792 = VECTOR('',#3793,1.);
#3793 = DIRECTION('',(1.,0.,0.));
#3794 = PCURVE('',#2713,#3795);
#3795 = DEFINITIONAL_REPRESENTATION('',(#3796),#3800);
#3796 = LINE('',#3797,#3798);
#3797 = CARTESIAN_POINT('',(0.,80.));
#3798 = VECTOR('',#3799,1.);
#3799 = DIRECTION('',(1.,0.));
#3800 = ( GEOMETRIC_REPRESENTATION_CONTEXT(2) 
PARAMETRIC_REPRESENTATION_CONTEXT() REPRESENTATION_CONTEXT('2D SPACE',''
  ) );
#3801 = PCURVE('',#3802,#3807);
#3802 = PLANE('',#3803);
#3803 = AXIS2_PLACEMENT_3D('',#3804,#3805,#3806);
#3804 = CARTESIAN_POINT('',(-67.5,7.5,118.));
#3805 = DIRECTION('',(0.,1.,0.));
#3806 = DIRECTION('',(0.,0.,1.));
#3807 = DEFINITIONAL_REPRESENTATION('',(#3808),#3812);
#3808 = LINE('',#3809,#3810);
#3809 = CARTESIAN_POINT('',(0.,0.));
#3810 = VECTOR('',#3811,1.);
#3811 = DIRECTION('',(0.,1.));
#3812 = ( GEOMETRIC_REPRESENTATION_CONTEXT(2) 
PARAMETRIC_REPRESENTATION_CONTEXT() REPRESENTATION_CONTEXT('2D SPACE',''
  ) );
#3813 = ORIENTED_EDGE('',*,*,#3814,.F.);
#3814 = EDGE_CURVE('',#3815,#3785,#3817,.T.);
#3815 = VERTEX_POINT('',#3816);
#3816 = CARTESIAN_POINT('',(-67.5,-72.5,118.));
#3817 = SURFACE_CURVE('',#3818,(#3822,#3829),.PCURVE_S1.);
#3818 = LINE('',#3819,#3820);
#3819 = CARTESIAN_POINT('',(-67.5,-72.5,118.));
#3820 = VECTOR('',#3821,1.);
#3821 = DIRECTION('',(0.,1.,0.));
#3822 = PCURVE('',#2713,#3823);
#3823 = DEFINITIONAL_REPRESENTATION('',(#3824),#3828);
#3824 = LINE('',#3825,#3826);
#3825 = CARTESIAN_POINT('',(0.,0.));
#3826 = VECTOR('',#3827,1.);
#3827 = DIRECTION('',(0.,1.));
#3828 = ( GEOMETRIC_REPRESENTATION_CONTEXT(2) 
PARAMETRIC_REPRESENTATION_CONTEXT() REPRESENTATION_CONTEXT('2D SPACE',''
  ) );
#3829 = PCURVE('',#3830,#3835);
#3830 = PLANE('',#3831);
#3831 = AXIS2_PLACEMENT_3D('',#3832,#3833,#3834);
#3832 = CARTESIAN_POINT('',(-67.5,-72.5,118.));
#3833 = DIRECTION('',(1.,0.,0.));
#3834 = DIRECTION('',(0.,0.,1.));
#3835 = DEFINITIONAL_REPRESENTATION('',(#3836),#3840);
#3836 = LINE('',#3837,#3838);
#3837 = CARTESIAN_POINT('',(0.,0.));
#3838 = VECTOR('',#3839,1.);
#3839 = DIRECTION('',(0.,-1.));
#3840 = ( GEOMETRIC_REPRESENTATION_CONTEXT(2) 
PARAMETRIC_REPRESENTATION_CONTEXT() REPRESENTATION_CONTEXT('2D SPACE',''
  ) );
#3841 = ORIENTED_EDGE('',*,*,#3842,.T.);
#3842 = EDGE_CURVE('',#3815,#2803,#3843,.T.);
#3843 = SURFACE_CURVE('',#3844,(#3848,#3855),.PCURVE_S1.);
#3844 = LINE('',#3845,#3846);
#3845 = CARTESIAN_POINT('',(-67.5,-72.5,118.));
#3846 = VECTOR('',#3847,1.);
#3847 = DIRECTION('',(1.,0.,0.));
#3848 = PCURVE('',#2713,#3849);
#3849 = DEFINITIONAL_REPRESENTATION('',(#3850),#3854);
#3850 = LINE('',#3851,#3852);
#3851 = CARTESIAN_POINT('',(0.,0.));
#3852 = VECTOR('',#3853,1.);
#3853 = DIRECTION('',(1.,0.));
#3854 = ( GEOMETRIC_REPRESENTATION_CONTEXT(2) 
PARAMETRIC_REPRESENTATION_CONTEXT() REPRESENTATION_CONTEXT('2D SPACE',''
  ) );
#3855 = PCURVE('',#2841,#3856);
#3856 = DEFINITIONAL_REPRESENTATION('',(#3857),#3861);
#3857 = LINE('',#3858,#3859);
#3858 = CARTESIAN_POINT('',(0.,0.));
#3859 = VECTOR('',#3860,1.);
#3860 = DIRECTION('',(0.,1.));
#3861 = ( GEOMETRIC_REPRESENTATION_CONTEXT(2) 
PARAMETRIC_REPRESENTATION_CONTEXT() REPRESENTATION_CONTEXT('2D SPACE',''
  ) );
#3862 = ORIENTED_EDGE('',*,*,#3755,.F.);
#3863 = ORIENTED_EDGE('',*,*,#2697,.F.);
#3864 = ORIENTED_EDGE('',*,*,#3865,.T.);
#3865 = EDGE_CURVE('',#2675,#3787,#3866,.T.);
#3866 = SURFACE_CURVE('',#3867,(#3871,#3878),.PCURVE_S1.);
#3867 = LINE('',#3868,#3869);
#3868 = CARTESIAN_POINT('',(-64.5,-72.5,118.));
#3869 = VECTOR('',#3870,1.);
#3870 = DIRECTION('',(0.,1.,0.));
#3871 = PCURVE('',#2713,#3872);
#3872 = DEFINITIONAL_REPRESENTATION('',(#3873),#3877);
#3873 = LINE('',#3874,#3875);
#3874 = CARTESIAN_POINT('',(3.,0.));
#3875 = VECTOR('',#3876,1.);
#3876 = DIRECTION('',(0.,1.));
#3877 = ( GEOMETRIC_REPRESENTATION_CONTEXT(2) 
PARAMETRIC_REPRESENTATION_CONTEXT() REPRESENTATION_CONTEXT('2D SPACE',''
  ) );
#3878 = PCURVE('',#2867,#3879);
#3879 = DEFINITIONAL_REPRESENTATION('',(#3880),#3884);
#3880 = LINE('',#3881,#3882);
#3881 = CARTESIAN_POINT('',(0.,0.));
#3882 = VECTOR('',#3883,1.);
#3883 = DIRECTION('',(0.,-1.));
#3884 = ( GEOMETRIC_REPRESENTATION_CONTEXT(2) 
PARAMETRIC_REPRESENTATION_CONTEXT() REPRESENTATION_CONTEXT('2D SPACE',''
  ) );
#3885 = ADVANCED_FACE('',(#3886),#2867,.T.);
#3886 = FACE_BOUND('',#3887,.T.);
#3887 = EDGE_LOOP('',(#3888,#3911,#3912,#3913,#3936));
#3888 = ORIENTED_EDGE('',*,*,#3889,.F.);
#3889 = EDGE_CURVE('',#2826,#3890,#3892,.T.);
#3890 = VERTEX_POINT('',#3891);
#3891 = CARTESIAN_POINT('',(-64.5,-72.5,126.));
#3892 = SURFACE_CURVE('',#3893,(#3897,#3904),.PCURVE_S1.);
#3893 = LINE('',#3894,#3895);
#3894 = CARTESIAN_POINT('',(-64.5,-72.5,118.));
#3895 = VECTOR('',#3896,1.);
#3896 = DIRECTION('',(0.,0.,1.));
#3897 = PCURVE('',#2867,#3898);
#3898 = DEFINITIONAL_REPRESENTATION('',(#3899),#3903);
#3899 = LINE('',#3900,#3901);
#3900 = CARTESIAN_POINT('',(0.,0.));
#3901 = VECTOR('',#3902,1.);
#3902 = DIRECTION('',(1.,0.));
#3903 = ( GEOMETRIC_REPRESENTATION_CONTEXT(2) 
PARAMETRIC_REPRESENTATION_CONTEXT() REPRESENTATION_CONTEXT('2D SPACE',''
  ) );
#3904 = PCURVE('',#2841,#3905);
#3905 = DEFINITIONAL_REPRESENTATION('',(#3906),#3910);
#3906 = LINE('',#3907,#3908);
#3907 = CARTESIAN_POINT('',(0.,3.));
#3908 = VECTOR('',#3909,1.);
#3909 = DIRECTION('',(1.,0.));
#3910 = ( GEOMETRIC_REPRESENTATION_CONTEXT(2) 
PARAMETRIC_REPRESENTATION_CONTEXT() REPRESENTATION_CONTEXT('2D SPACE',''
  ) );
#3911 = ORIENTED_EDGE('',*,*,#2853,.T.);
#3912 = ORIENTED_EDGE('',*,*,#3865,.T.);
#3913 = ORIENTED_EDGE('',*,*,#3914,.T.);
#3914 = EDGE_CURVE('',#3787,#3915,#3917,.T.);
#3915 = VERTEX_POINT('',#3916);
#3916 = CARTESIAN_POINT('',(-64.5,7.5,126.));
#3917 = SURFACE_CURVE('',#3918,(#3922,#3929),.PCURVE_S1.);
#3918 = LINE('',#3919,#3920);
#3919 = CARTESIAN_POINT('',(-64.5,7.5,118.));
#3920 = VECTOR('',#3921,1.);
#3921 = DIRECTION('',(0.,0.,1.));
#3922 = PCURVE('',#2867,#3923);
#3923 = DEFINITIONAL_REPRESENTATION('',(#3924),#3928);
#3924 = LINE('',#3925,#3926);
#3925 = CARTESIAN_POINT('',(0.,-80.));
#3926 = VECTOR('',#3927,1.);
#3927 = DIRECTION('',(1.,0.));
#3928 = ( GEOMETRIC_REPRESENTATION_CONTEXT(2) 
PARAMETRIC_REPRESENTATION_CONTEXT() REPRESENTATION_CONTEXT('2D SPACE',''
  ) );
#3929 = PCURVE('',#3802,#3930);
#3930 = DEFINITIONAL_REPRESENTATION('',(#3931),#3935);
#3931 = LINE('',#3932,#3933);
#3932 = CARTESIAN_POINT('',(0.,3.));
#3933 = VECTOR('',#3934,1.);
#3934 = DIRECTION('',(1.,0.));
#3935 = ( GEOMETRIC_REPRESENTATION_CONTEXT(2) 
PARAMETRIC_REPRESENTATION_CONTEXT() REPRESENTATION_CONTEXT('2D SPACE',''
  ) );
#3936 = ORIENTED_EDGE('',*,*,#3937,.F.);
#3937 = EDGE_CURVE('',#3890,#3915,#3938,.T.);
#3938 = SURFACE_CURVE('',#3939,(#3943,#3950),.PCURVE_S1.);
#3939 = LINE('',#3940,#3941);
#3940 = CARTESIAN_POINT('',(-64.5,-72.5,126.));
#3941 = VECTOR('',#3942,1.);
#3942 = DIRECTION('',(0.,1.,0.));
#3943 = PCURVE('',#2867,#3944);
#3944 = DEFINITIONAL_REPRESENTATION('',(#3945),#3949);
#3945 = LINE('',#3946,#3947);
#3946 = CARTESIAN_POINT('',(8.,0.));
#3947 = VECTOR('',#3948,1.);
#3948 = DIRECTION('',(0.,-1.));
#3949 = ( GEOMETRIC_REPRESENTATION_CONTEXT(2) 
PARAMETRIC_REPRESENTATION_CONTEXT() REPRESENTATION_CONTEXT('2D SPACE',''
  ) );
#3950 = PCURVE('',#3951,#3956);
#3951 = PLANE('',#3952);
#3952 = AXIS2_PLACEMENT_3D('',#3953,#3954,#3955);
#3953 = CARTESIAN_POINT('',(-67.5,-72.5,126.));
#3954 = DIRECTION('',(0.,0.,1.));
#3955 = DIRECTION('',(1.,0.,0.));
#3956 = DEFINITIONAL_REPRESENTATION('',(#3957),#3961);
#3957 = LINE('',#3958,#3959);
#3958 = CARTESIAN_POINT('',(3.,0.));
#3959 = VECTOR('',#3960,1.);
#3960 = DIRECTION('',(0.,1.));
#3961 = ( GEOMETRIC_REPRESENTATION_CONTEXT(2) 
PARAMETRIC_REPRESENTATION_CONTEXT() REPRESENTATION_CONTEXT('2D SPACE',''
  ) );
#3962 = ADVANCED_FACE('',(#3963),#2841,.F.);
#3963 = FACE_BOUND('',#3964,.F.);
#3964 = EDGE_LOOP('',(#3965,#3966,#3989,#4010,#4011));
#3965 = ORIENTED_EDGE('',*,*,#3842,.F.);
#3966 = ORIENTED_EDGE('',*,*,#3967,.T.);
#3967 = EDGE_CURVE('',#3815,#3968,#3970,.T.);
#3968 = VERTEX_POINT('',#3969);
#3969 = CARTESIAN_POINT('',(-67.5,-72.5,126.));
#3970 = SURFACE_CURVE('',#3971,(#3975,#3982),.PCURVE_S1.);
#3971 = LINE('',#3972,#3973);
#3972 = CARTESIAN_POINT('',(-67.5,-72.5,118.));
#3973 = VECTOR('',#3974,1.);
#3974 = DIRECTION('',(0.,0.,1.));
#3975 = PCURVE('',#2841,#3976);
#3976 = DEFINITIONAL_REPRESENTATION('',(#3977),#3981);
#3977 = LINE('',#3978,#3979);
#3978 = CARTESIAN_POINT('',(0.,0.));
#3979 = VECTOR('',#3980,1.);
#3980 = DIRECTION('',(1.,0.));
#3981 = ( GEOMETRIC_REPRESENTATION_CONTEXT(2) 
PARAMETRIC_REPRESENTATION_CONTEXT() REPRESENTATION_CONTEXT('2D SPACE',''
  ) );
#3982 = PCURVE('',#3830,#3983);
#3983 = DEFINITIONAL_REPRESENTATION('',(#3984),#3988);
#3984 = LINE('',#3985,#3986);
#3985 = CARTESIAN_POINT('',(0.,0.));
#3986 = VECTOR('',#3987,1.);
#3987 = DIRECTION('',(1.,0.));
#3988 = ( GEOMETRIC_REPRESENTATION_CONTEXT(2) 
PARAMETRIC_REPRESENTATION_CONTEXT() REPRESENTATION_CONTEXT('2D SPACE',''
  ) );
#3989 = ORIENTED_EDGE('',*,*,#3990,.T.);
#3990 = EDGE_CURVE('',#3968,#3890,#3991,.T.);
#3991 = SURFACE_CURVE('',#3992,(#3996,#4003),.PCURVE_S1.);
#3992 = LINE('',#3993,#3994);
#3993 = CARTESIAN_POINT('',(-67.5,-72.5,126.));
#3994 = VECTOR('',#3995,1.);
#3995 = DIRECTION('',(1.,0.,0.));
#3996 = PCURVE('',#2841,#3997);
#3997 = DEFINITIONAL_REPRESENTATION('',(#3998),#4002);
#3998 = LINE('',#3999,#4000);
#3999 = CARTESIAN_POINT('',(8.,0.));
#4000 = VECTOR('',#4001,1.);
#4001 = DIRECTION('',(0.,1.));
#4002 = ( GEOMETRIC_REPRESENTATION_CONTEXT(2) 
PARAMETRIC_REPRESENTATION_CONTEXT() REPRESENTATION_CONTEXT('2D SPACE',''
  ) );
#4003 = PCURVE('',#3951,#4004);
#4004 = DEFINITIONAL_REPRESENTATION('',(#4005),#4009);
#4005 = LINE('',#4006,#4007);
#4006 = CARTESIAN_POINT('',(0.,0.));
#4007 = VECTOR('',#4008,1.);
#4008 = DIRECTION('',(1.,0.));
#4009 = ( GEOMETRIC_REPRESENTATION_CONTEXT(2) 
PARAMETRIC_REPRESENTATION_CONTEXT() REPRESENTATION_CONTEXT('2D SPACE',''
  ) );
#4010 = ORIENTED_EDGE('',*,*,#3889,.F.);
#4011 = ORIENTED_EDGE('',*,*,#2825,.F.);
#4012 = ADVANCED_FACE('',(#4013),#2980,.T.);
#4013 = FACE_BOUND('',#4014,.T.);
#4014 = EDGE_LOOP('',(#4015,#4016,#4017,#4018));
#4015 = ORIENTED_EDGE('',*,*,#3136,.T.);
#4016 = ORIENTED_EDGE('',*,*,#3087,.T.);
#4017 = ORIENTED_EDGE('',*,*,#3038,.T.);
#4018 = ORIENTED_EDGE('',*,*,#2962,.T.);
#4019 = ADVANCED_FACE('',(#4020),#3181,.T.);
#4020 = FACE_BOUND('',#4021,.T.);
#4021 = EDGE_LOOP('',(#4022,#4045,#4046,#4047));
#4022 = ORIENTED_EDGE('',*,*,#4023,.T.);
#4023 = EDGE_CURVE('',#4024,#3164,#4026,.T.);
#4024 = VERTEX_POINT('',#4025);
#4025 = CARTESIAN_POINT('',(-82.43801202257,-122.0874167465,11.));
#4026 = SURFACE_CURVE('',#4027,(#4031,#4038),.PCURVE_S1.);
#4027 = LINE('',#4028,#4029);
#4028 = CARTESIAN_POINT('',(-82.43801202257,-122.0874167465,11.));
#4029 = VECTOR('',#4030,1.);
#4030 = DIRECTION('',(0.978285091924,-0.207263790662,0.));
#4031 = PCURVE('',#3181,#4032);
#4032 = DEFINITIONAL_REPRESENTATION('',(#4033),#4037);
#4033 = LINE('',#4034,#4035);
#4034 = CARTESIAN_POINT('',(0.,0.));
#4035 = VECTOR('',#4036,1.);
#4036 = DIRECTION('',(0.,-1.));
#4037 = ( GEOMETRIC_REPRESENTATION_CONTEXT(2) 
PARAMETRIC_REPRESENTATION_CONTEXT() REPRESENTATION_CONTEXT('2D SPACE',''
  ) );
#4038 = PCURVE('',#3252,#4039);
#4039 = DEFINITIONAL_REPRESENTATION('',(#4040),#4044);
#4040 = LINE('',#4041,#4042);
#4041 = CARTESIAN_POINT('',(2.,1.010621943449E-14));
#4042 = VECTOR('',#4043,1.);
#4043 = DIRECTION('',(-5.613213572743E-18,-1.));
#4044 = ( GEOMETRIC_REPRESENTATION_CONTEXT(2) 
PARAMETRIC_REPRESENTATION_CONTEXT() REPRESENTATION_CONTEXT('2D SPACE',''
  ) );
#4045 = ORIENTED_EDGE('',*,*,#3163,.T.);
#4046 = ORIENTED_EDGE('',*,*,#3367,.F.);
#4047 = ORIENTED_EDGE('',*,*,#4048,.F.);
#4048 = EDGE_CURVE('',#4024,#3345,#4049,.T.);
#4049 = SURFACE_CURVE('',#4050,(#4054,#4061),.PCURVE_S1.);
#4050 = LINE('',#4051,#4052);
#4051 = CARTESIAN_POINT('',(-82.43801202257,-122.0874167465,11.));
#4052 = VECTOR('',#4053,1.);
#4053 = DIRECTION('',(0.,0.,-1.));
#4054 = PCURVE('',#3181,#4055);
#4055 = DEFINITIONAL_REPRESENTATION('',(#4056),#4060);
#4056 = LINE('',#4057,#4058);
#4057 = CARTESIAN_POINT('',(0.,0.));
#4058 = VECTOR('',#4059,1.);
#4059 = DIRECTION('',(1.,0.));
#4060 = ( GEOMETRIC_REPRESENTATION_CONTEXT(2) 
PARAMETRIC_REPRESENTATION_CONTEXT() REPRESENTATION_CONTEXT('2D SPACE',''
  ) );
#4061 = PCURVE('',#3285,#4062);
#4062 = DEFINITIONAL_REPRESENTATION('',(#4063),#4067);
#4063 = LINE('',#4064,#4065);
#4064 = CARTESIAN_POINT('',(-1.,45.));
#4065 = VECTOR('',#4066,1.);
#4066 = DIRECTION('',(0.,-1.));
#4067 = ( GEOMETRIC_REPRESENTATION_CONTEXT(2) 
PARAMETRIC_REPRESENTATION_CONTEXT() REPRESENTATION_CONTEXT('2D SPACE',''
  ) );
#4068 = ADVANCED_FACE('',(#4069),#3252,.T.);
#4069 = FACE_BOUND('',#4070,.T.);
#4070 = EDGE_LOOP('',(#4071,#4072,#4073,#4074));
#4071 = ORIENTED_EDGE('',*,*,#3320,.T.);
#4072 = ORIENTED_EDGE('',*,*,#3238,.T.);
#4073 = ORIENTED_EDGE('',*,*,#4023,.F.);
#4074 = ORIENTED_EDGE('',*,*,#4075,.F.);
#4075 = EDGE_CURVE('',#3270,#4024,#4076,.T.);
#4076 = SURFACE_CURVE('',#4077,(#4081,#4088),.PCURVE_S1.);
#4077 = LINE('',#4078,#4079);
#4078 = CARTESIAN_POINT('',(-82.02348444125,-120.1308465627,11.));
#4079 = VECTOR('',#4080,1.);
#4080 = DIRECTION('',(-0.207263790662,-0.978285091924,0.));
#4081 = PCURVE('',#3252,#4082);
#4082 = DEFINITIONAL_REPRESENTATION('',(#4083),#4087);
#4083 = LINE('',#4084,#4085);
#4084 = CARTESIAN_POINT('',(0.,0.));
#4085 = VECTOR('',#4086,1.);
#4086 = DIRECTION('',(1.,8.685412134995E-19));
#4087 = ( GEOMETRIC_REPRESENTATION_CONTEXT(2) 
PARAMETRIC_REPRESENTATION_CONTEXT() REPRESENTATION_CONTEXT('2D SPACE',''
  ) );
#4088 = PCURVE('',#3285,#4089);
#4089 = DEFINITIONAL_REPRESENTATION('',(#4090),#4094);
#4090 = LINE('',#4091,#4092);
#4091 = CARTESIAN_POINT('',(1.,45.));
#4092 = VECTOR('',#4093,1.);
#4093 = DIRECTION('',(-1.,0.));
#4094 = ( GEOMETRIC_REPRESENTATION_CONTEXT(2) 
PARAMETRIC_REPRESENTATION_CONTEXT() REPRESENTATION_CONTEXT('2D SPACE',''
  ) );
#4095 = ADVANCED_FACE('',(#4096),#3285,.T.);
#4096 = FACE_BOUND('',#4097,.T.);
#4097 = EDGE_LOOP('',(#4098,#4099,#4100,#4101));
#4098 = ORIENTED_EDGE('',*,*,#3344,.T.);
#4099 = ORIENTED_EDGE('',*,*,#3267,.T.);
#4100 = ORIENTED_EDGE('',*,*,#4075,.T.);
#4101 = ORIENTED_EDGE('',*,*,#4048,.T.);
#4102 = ADVANCED_FACE('',(#4103),#3492,.T.);
#4103 = FACE_BOUND('',#4104,.T.);
#4104 = EDGE_LOOP('',(#4105,#4106,#4107,#4108));
#4105 = ORIENTED_EDGE('',*,*,#3648,.T.);
#4106 = ORIENTED_EDGE('',*,*,#3599,.T.);
#4107 = ORIENTED_EDGE('',*,*,#3550,.T.);
#4108 = ORIENTED_EDGE('',*,*,#3474,.T.);
#4109 = ADVANCED_FACE('',(#4110),#3802,.T.);
#4110 = FACE_BOUND('',#4111,.T.);
#4111 = EDGE_LOOP('',(#4112,#4113,#4136,#4157));
#4112 = ORIENTED_EDGE('',*,*,#3784,.F.);
#4113 = ORIENTED_EDGE('',*,*,#4114,.T.);
#4114 = EDGE_CURVE('',#3785,#4115,#4117,.T.);
#4115 = VERTEX_POINT('',#4116);
#4116 = CARTESIAN_POINT('',(-67.5,7.5,126.));
#4117 = SURFACE_CURVE('',#4118,(#4122,#4129),.PCURVE_S1.);
#4118 = LINE('',#4119,#4120);
#4119 = CARTESIAN_POINT('',(-67.5,7.5,118.));
#4120 = VECTOR('',#4121,1.);
#4121 = DIRECTION('',(0.,0.,1.));
#4122 = PCURVE('',#3802,#4123);
#4123 = DEFINITIONAL_REPRESENTATION('',(#4124),#4128);
#4124 = LINE('',#4125,#4126);
#4125 = CARTESIAN_POINT('',(0.,0.));
#4126 = VECTOR('',#4127,1.);
#4127 = DIRECTION('',(1.,0.));
#4128 = ( GEOMETRIC_REPRESENTATION_CONTEXT(2) 
PARAMETRIC_REPRESENTATION_CONTEXT() REPRESENTATION_CONTEXT('2D SPACE',''
  ) );
#4129 = PCURVE('',#3830,#4130);
#4130 = DEFINITIONAL_REPRESENTATION('',(#4131),#4135);
#4131 = LINE('',#4132,#4133);
#4132 = CARTESIAN_POINT('',(0.,-80.));
#4133 = VECTOR('',#4134,1.);
#4134 = DIRECTION('',(1.,0.));
#4135 = ( GEOMETRIC_REPRESENTATION_CONTEXT(2) 
PARAMETRIC_REPRESENTATION_CONTEXT() REPRESENTATION_CONTEXT('2D SPACE',''
  ) );
#4136 = ORIENTED_EDGE('',*,*,#4137,.T.);
#4137 = EDGE_CURVE('',#4115,#3915,#4138,.T.);
#4138 = SURFACE_CURVE('',#4139,(#4143,#4150),.PCURVE_S1.);
#4139 = LINE('',#4140,#4141);
#4140 = CARTESIAN_POINT('',(-67.5,7.5,126.));
#4141 = VECTOR('',#4142,1.);
#4142 = DIRECTION('',(1.,0.,0.));
#4143 = PCURVE('',#3802,#4144);
#4144 = DEFINITIONAL_REPRESENTATION('',(#4145),#4149);
#4145 = LINE('',#4146,#4147);
#4146 = CARTESIAN_POINT('',(8.,0.));
#4147 = VECTOR('',#4148,1.);
#4148 = DIRECTION('',(0.,1.));
#4149 = ( GEOMETRIC_REPRESENTATION_CONTEXT(2) 
PARAMETRIC_REPRESENTATION_CONTEXT() REPRESENTATION_CONTEXT('2D SPACE',''
  ) );
#4150 = PCURVE('',#3951,#4151);
#4151 = DEFINITIONAL_REPRESENTATION('',(#4152),#4156);
#4152 = LINE('',#4153,#4154);
#4153 = CARTESIAN_POINT('',(0.,80.));
#4154 = VECTOR('',#4155,1.);
#4155 = DIRECTION('',(1.,0.));
#4156 = ( GEOMETRIC_REPRESENTATION_CONTEXT(2) 
PARAMETRIC_REPRESENTATION_CONTEXT() REPRESENTATION_CONTEXT('2D SPACE',''
  ) );
#4157 = ORIENTED_EDGE('',*,*,#3914,.F.);
#4158 = ADVANCED_FACE('',(#4159),#3830,.F.);
#4159 = FACE_BOUND('',#4160,.F.);
#4160 = EDGE_LOOP('',(#4161,#4162,#4163,#4164));
#4161 = ORIENTED_EDGE('',*,*,#3967,.F.);
#4162 = ORIENTED_EDGE('',*,*,#3814,.T.);
#4163 = ORIENTED_EDGE('',*,*,#4114,.T.);
#4164 = ORIENTED_EDGE('',*,*,#4165,.F.);
#4165 = EDGE_CURVE('',#3968,#4115,#4166,.T.);
#4166 = SURFACE_CURVE('',#4167,(#4171,#4178),.PCURVE_S1.);
#4167 = LINE('',#4168,#4169);
#4168 = CARTESIAN_POINT('',(-67.5,-72.5,126.));
#4169 = VECTOR('',#4170,1.);
#4170 = DIRECTION('',(0.,1.,0.));
#4171 = PCURVE('',#3830,#4172);
#4172 = DEFINITIONAL_REPRESENTATION('',(#4173),#4177);
#4173 = LINE('',#4174,#4175);
#4174 = CARTESIAN_POINT('',(8.,0.));
#4175 = VECTOR('',#4176,1.);
#4176 = DIRECTION('',(0.,-1.));
#4177 = ( GEOMETRIC_REPRESENTATION_CONTEXT(2) 
PARAMETRIC_REPRESENTATION_CONTEXT() REPRESENTATION_CONTEXT('2D SPACE',''
  ) );
#4178 = PCURVE('',#3951,#4179);
#4179 = DEFINITIONAL_REPRESENTATION('',(#4180),#4184);
#4180 = LINE('',#4181,#4182);
#4181 = CARTESIAN_POINT('',(0.,0.));
#4182 = VECTOR('',#4183,1.);
#4183 = DIRECTION('',(0.,1.));
#4184 = ( GEOMETRIC_REPRESENTATION_CONTEXT(2) 
PARAMETRIC_REPRESENTATION_CONTEXT() REPRESENTATION_CONTEXT('2D SPACE',''
  ) );
#4185 = ADVANCED_FACE('',(#4186),#3951,.T.);
#4186 = FACE_BOUND('',#4187,.T.);
#4187 = EDGE_LOOP('',(#4188,#4189,#4190,#4191));
#4188 = ORIENTED_EDGE('',*,*,#4165,.F.);
#4189 = ORIENTED_EDGE('',*,*,#3990,.T.);
#4190 = ORIENTED_EDGE('',*,*,#3937,.T.);
#4191 = ORIENTED_EDGE('',*,*,#4137,.F.);
#4192 = ( GEOMETRIC_REPRESENTATION_CONTEXT(3) 
GLOBAL_UNCERTAINTY_ASSIGNED_CONTEXT((#4196)) 
GLOBAL_UNIT_ASSIGNED_CONTEXT((#4193,#4194,#4195)) REPRESENTATION_CONTEXT
('Context #1','3D Context with UNIT and UNCERTAINTY') );
#4193 = ( LENGTH_UNIT() NAMED_UNIT(*) SI_UNIT(.MILLI.,.METRE.) );
#4194 = ( NAMED_UNIT(*) PLANE_ANGLE_UNIT() SI_UNIT($,.RADIAN.) );
#4195 = ( NAMED_UNIT(*) SI_UNIT($,.STERADIAN.) SOLID_ANGLE_UNIT() );
#4196 = UNCERTAINTY_MEASURE_WITH_UNIT(LENGTH_MEASURE(1.E-07),#4193,
  'distance_accuracy_value','confusion accuracy');
#4197 = CONTEXT_DEPENDENT_SHAPE_REPRESENTATION(#4198,#4200);
#4198 = ( REPRESENTATION_RELATIONSHIP('','',#1875,#10) 
REPRESENTATION_RELATIONSHIP_WITH_TRANSFORMATION(#4199) 
SHAPE_REPRESENTATION_RELATIONSHIP() );
#4199 = ITEM_DEFINED_TRANSFORMATION('','',#11,#27);
#4200 = PRODUCT_DEFINITION_SHAPE('Placement','Placement of an item',
  #4201);
#4201 = NEXT_ASSEMBLY_USAGE_OCCURRENCE('4','','',#5,#1870,$);
#4202 = PRODUCT_RELATED_PRODUCT_CATEGORY('part',$,(#1872));
#4203 = SHAPE_DEFINITION_REPRESENTATION(#4204,#4210);
#4204 = PRODUCT_DEFINITION_SHAPE('','',#4205);
#4205 = PRODUCT_DEFINITION('design','',#4206,#4209);
#4206 = PRODUCT_DEFINITION_FORMATION('','',#4207);
#4207 = PRODUCT('Open CASCADE STEP translator 7.8 1.5',
  'Open CASCADE STEP translator 7.8 1.5','',(#4208));
#4208 = PRODUCT_CONTEXT('',#2,'mechanical');
#4209 = PRODUCT_DEFINITION_CONTEXT('part definition',#2,'design');
#4210 = ADVANCED_BREP_SHAPE_REPRESENTATION('',(#11,#4211),#4463);
#4211 = MANIFOLD_SOLID_BREP('',#4212);
#4212 = CLOSED_SHELL('',(#4213,#4333,#4404,#4451,#4457));
#4213 = ADVANCED_FACE('',(#4214),#4228,.F.);
#4214 = FACE_BOUND('',#4215,.F.);
#4215 = EDGE_LOOP('',(#4216,#4251,#4279,#4307));
#4216 = ORIENTED_EDGE('',*,*,#4217,.T.);
#4217 = EDGE_CURVE('',#4218,#4220,#4222,.T.);
#4218 = VERTEX_POINT('',#4219);
#4219 = CARTESIAN_POINT('',(-98.,-32.5,0.));
#4220 = VERTEX_POINT('',#4221);
#4221 = CARTESIAN_POINT('',(-98.,-38.5,0.));
#4222 = SURFACE_CURVE('',#4223,(#4227,#4239),.PCURVE_S1.);
#4223 = LINE('',#4224,#4225);
#4224 = CARTESIAN_POINT('',(-98.,-32.5,0.));
#4225 = VECTOR('',#4226,1.);
#4226 = DIRECTION('',(0.,-1.,0.));
#4227 = PCURVE('',#4228,#4233);
#4228 = PLANE('',#4229);
#4229 = AXIS2_PLACEMENT_3D('',#4230,#4231,#4232);
#4230 = CARTESIAN_POINT('',(-98.,-32.5,0.));
#4231 = DIRECTION('',(-0.,0.,1.));
#4232 = DIRECTION('',(1.,0.,0.));
#4233 = DEFINITIONAL_REPRESENTATION('',(#4234),#4238);
#4234 = LINE('',#4235,#4236);
#4235 = CARTESIAN_POINT('',(0.,0.));
#4236 = VECTOR('',#4237,1.);
#4237 = DIRECTION('',(0.,-1.));
#4238 = ( GEOMETRIC_REPRESENTATION_CONTEXT(2) 
PARAMETRIC_REPRESENTATION_CONTEXT() REPRESENTATION_CONTEXT('2D SPACE',''
  ) );
#4239 = PCURVE('',#4240,#4245);
#4240 = PLANE('',#4241);
#4241 = AXIS2_PLACEMENT_3D('',#4242,#4243,#4244);
#4242 = CARTESIAN_POINT('',(-91.,-32.5,48.));
#4243 = DIRECTION('',(0.989532981063,0.,-0.144306893072));
#4244 = DIRECTION('',(-0.144306893072,0.,-0.989532981063));
#4245 = DEFINITIONAL_REPRESENTATION('',(#4246),#4250);
#4246 = LINE('',#4247,#4248);
#4247 = CARTESIAN_POINT('',(48.50773134254,0.));
#4248 = VECTOR('',#4249,1.);
#4249 = DIRECTION('',(-0.,-1.));
#4250 = ( GEOMETRIC_REPRESENTATION_CONTEXT(2) 
PARAMETRIC_REPRESENTATION_CONTEXT() REPRESENTATION_CONTEXT('2D SPACE',''
  ) );
#4251 = ORIENTED_EDGE('',*,*,#4252,.T.);
#4252 = EDGE_CURVE('',#4220,#4253,#4255,.T.);
#4253 = VERTEX_POINT('',#4254);
#4254 = CARTESIAN_POINT('',(-91.,-38.5,0.));
#4255 = SURFACE_CURVE('',#4256,(#4260,#4267),.PCURVE_S1.);
#4256 = LINE('',#4257,#4258);
#4257 = CARTESIAN_POINT('',(-98.,-38.5,0.));
#4258 = VECTOR('',#4259,1.);
#4259 = DIRECTION('',(1.,0.,0.));
#4260 = PCURVE('',#4228,#4261);
#4261 = DEFINITIONAL_REPRESENTATION('',(#4262),#4266);
#4262 = LINE('',#4263,#4264);
#4263 = CARTESIAN_POINT('',(0.,-6.));
#4264 = VECTOR('',#4265,1.);
#4265 = DIRECTION('',(1.,0.));
#4266 = ( GEOMETRIC_REPRESENTATION_CONTEXT(2) 
PARAMETRIC_REPRESENTATION_CONTEXT() REPRESENTATION_CONTEXT('2D SPACE',''
  ) );
#4267 = PCURVE('',#4268,#4273);
#4268 = PLANE('',#4269);
#4269 = AXIS2_PLACEMENT_3D('',#4270,#4271,#4272);
#4270 = CARTESIAN_POINT('',(-92.87693283563,-38.5,22.376932835635));
#4271 = DIRECTION('',(-0.,-1.,-0.));
#4272 = DIRECTION('',(0.,0.,-1.));
#4273 = DEFINITIONAL_REPRESENTATION('',(#4274),#4278);
#4274 = LINE('',#4275,#4276);
#4275 = CARTESIAN_POINT('',(22.376932835635,-5.123067164365));
#4276 = VECTOR('',#4277,1.);
#4277 = DIRECTION('',(0.,1.));
#4278 = ( GEOMETRIC_REPRESENTATION_CONTEXT(2) 
PARAMETRIC_REPRESENTATION_CONTEXT() REPRESENTATION_CONTEXT('2D SPACE',''
  ) );
#4279 = ORIENTED_EDGE('',*,*,#4280,.F.);
#4280 = EDGE_CURVE('',#4281,#4253,#4283,.T.);
#4281 = VERTEX_POINT('',#4282);
#4282 = CARTESIAN_POINT('',(-91.,-32.5,0.));
#4283 = SURFACE_CURVE('',#4284,(#4288,#4295),.PCURVE_S1.);
#4284 = LINE('',#4285,#4286);
#4285 = CARTESIAN_POINT('',(-91.,-32.5,1.7763568394E-15));
#4286 = VECTOR('',#4287,1.);
#4287 = DIRECTION('',(0.,-1.,0.));
#4288 = PCURVE('',#4228,#4289);
#4289 = DEFINITIONAL_REPRESENTATION('',(#4290),#4294);
#4290 = LINE('',#4291,#4292);
#4291 = CARTESIAN_POINT('',(7.,0.));
#4292 = VECTOR('',#4293,1.);
#4293 = DIRECTION('',(0.,-1.));
#4294 = ( GEOMETRIC_REPRESENTATION_CONTEXT(2) 
PARAMETRIC_REPRESENTATION_CONTEXT() REPRESENTATION_CONTEXT('2D SPACE',''
  ) );
#4295 = PCURVE('',#4296,#4301);
#4296 = PLANE('',#4297);
#4297 = AXIS2_PLACEMENT_3D('',#4298,#4299,#4300);
#4298 = CARTESIAN_POINT('',(-91.,-32.5,0.));
#4299 = DIRECTION('',(-1.,0.,0.));
#4300 = DIRECTION('',(0.,0.,1.));
#4301 = DEFINITIONAL_REPRESENTATION('',(#4302),#4306);
#4302 = LINE('',#4303,#4304);
#4303 = CARTESIAN_POINT('',(1.7763568394E-15,0.));
#4304 = VECTOR('',#4305,1.);
#4305 = DIRECTION('',(0.,-1.));
#4306 = ( GEOMETRIC_REPRESENTATION_CONTEXT(2) 
PARAMETRIC_REPRESENTATION_CONTEXT() REPRESENTATION_CONTEXT('2D SPACE',''
  ) );
#4307 = ORIENTED_EDGE('',*,*,#4308,.F.);
#4308 = EDGE_CURVE('',#4218,#4281,#4309,.T.);
#4309 = SURFACE_CURVE('',#4310,(#4314,#4321),.PCURVE_S1.);
#4310 = LINE('',#4311,#4312);
#4311 = CARTESIAN_POINT('',(-98.,-32.5,0.));
#4312 = VECTOR('',#4313,1.);
#4313 = DIRECTION('',(1.,0.,0.));
#4314 = PCURVE('',#4228,#4315);
#4315 = DEFINITIONAL_REPRESENTATION('',(#4316),#4320);
#4316 = LINE('',#4317,#4318);
#4317 = CARTESIAN_POINT('',(0.,0.));
#4318 = VECTOR('',#4319,1.);
#4319 = DIRECTION('',(1.,0.));
#4320 = ( GEOMETRIC_REPRESENTATION_CONTEXT(2) 
PARAMETRIC_REPRESENTATION_CONTEXT() REPRESENTATION_CONTEXT('2D SPACE',''
  ) );
#4321 = PCURVE('',#4322,#4327);
#4322 = PLANE('',#4323);
#4323 = AXIS2_PLACEMENT_3D('',#4324,#4325,#4326);
#4324 = CARTESIAN_POINT('',(-92.87693283563,-32.5,22.376932835635));
#4325 = DIRECTION('',(-0.,-1.,-0.));
#4326 = DIRECTION('',(0.,0.,-1.));
#4327 = DEFINITIONAL_REPRESENTATION('',(#4328),#4332);
#4328 = LINE('',#4329,#4330);
#4329 = CARTESIAN_POINT('',(22.376932835635,-5.123067164365));
#4330 = VECTOR('',#4331,1.);
#4331 = DIRECTION('',(0.,1.));
#4332 = ( GEOMETRIC_REPRESENTATION_CONTEXT(2) 
PARAMETRIC_REPRESENTATION_CONTEXT() REPRESENTATION_CONTEXT('2D SPACE',''
  ) );
#4333 = ADVANCED_FACE('',(#4334),#4240,.F.);
#4334 = FACE_BOUND('',#4335,.F.);
#4335 = EDGE_LOOP('',(#4336,#4361,#4382,#4383));
#4336 = ORIENTED_EDGE('',*,*,#4337,.T.);
#4337 = EDGE_CURVE('',#4338,#4340,#4342,.T.);
#4338 = VERTEX_POINT('',#4339);
#4339 = CARTESIAN_POINT('',(-91.,-32.5,48.));
#4340 = VERTEX_POINT('',#4341);
#4341 = CARTESIAN_POINT('',(-91.,-38.5,48.));
#4342 = SURFACE_CURVE('',#4343,(#4347,#4354),.PCURVE_S1.);
#4343 = LINE('',#4344,#4345);
#4344 = CARTESIAN_POINT('',(-91.,-32.5,48.));
#4345 = VECTOR('',#4346,1.);
#4346 = DIRECTION('',(0.,-1.,0.));
#4347 = PCURVE('',#4240,#4348);
#4348 = DEFINITIONAL_REPRESENTATION('',(#4349),#4353);
#4349 = LINE('',#4350,#4351);
#4350 = CARTESIAN_POINT('',(0.,0.));
#4351 = VECTOR('',#4352,1.);
#4352 = DIRECTION('',(-0.,-1.));
#4353 = ( GEOMETRIC_REPRESENTATION_CONTEXT(2) 
PARAMETRIC_REPRESENTATION_CONTEXT() REPRESENTATION_CONTEXT('2D SPACE',''
  ) );
#4354 = PCURVE('',#4296,#4355);
#4355 = DEFINITIONAL_REPRESENTATION('',(#4356),#4360);
#4356 = LINE('',#4357,#4358);
#4357 = CARTESIAN_POINT('',(48.,0.));
#4358 = VECTOR('',#4359,1.);
#4359 = DIRECTION('',(0.,-1.));
#4360 = ( GEOMETRIC_REPRESENTATION_CONTEXT(2) 
PARAMETRIC_REPRESENTATION_CONTEXT() REPRESENTATION_CONTEXT('2D SPACE',''
  ) );
#4361 = ORIENTED_EDGE('',*,*,#4362,.T.);
#4362 = EDGE_CURVE('',#4340,#4220,#4363,.T.);
#4363 = SURFACE_CURVE('',#4364,(#4368,#4375),.PCURVE_S1.);
#4364 = LINE('',#4365,#4366);
#4365 = CARTESIAN_POINT('',(-91.,-38.5,48.));
#4366 = VECTOR('',#4367,1.);
#4367 = DIRECTION('',(-0.144306893072,0.,-0.989532981063));
#4368 = PCURVE('',#4240,#4369);
#4369 = DEFINITIONAL_REPRESENTATION('',(#4370),#4374);
#4370 = LINE('',#4371,#4372);
#4371 = CARTESIAN_POINT('',(-0.,-6.));
#4372 = VECTOR('',#4373,1.);
#4373 = DIRECTION('',(1.,0.));
#4374 = ( GEOMETRIC_REPRESENTATION_CONTEXT(2) 
PARAMETRIC_REPRESENTATION_CONTEXT() REPRESENTATION_CONTEXT('2D SPACE',''
  ) );
#4375 = PCURVE('',#4268,#4376);
#4376 = DEFINITIONAL_REPRESENTATION('',(#4377),#4381);
#4377 = LINE('',#4378,#4379);
#4378 = CARTESIAN_POINT('',(-25.62306716436,1.876932835635));
#4379 = VECTOR('',#4380,1.);
#4380 = DIRECTION('',(0.989532981063,-0.144306893072));
#4381 = ( GEOMETRIC_REPRESENTATION_CONTEXT(2) 
PARAMETRIC_REPRESENTATION_CONTEXT() REPRESENTATION_CONTEXT('2D SPACE',''
  ) );
#4382 = ORIENTED_EDGE('',*,*,#4217,.F.);
#4383 = ORIENTED_EDGE('',*,*,#4384,.F.);
#4384 = EDGE_CURVE('',#4338,#4218,#4385,.T.);
#4385 = SURFACE_CURVE('',#4386,(#4390,#4397),.PCURVE_S1.);
#4386 = LINE('',#4387,#4388);
#4387 = CARTESIAN_POINT('',(-91.,-32.5,48.));
#4388 = VECTOR('',#4389,1.);
#4389 = DIRECTION('',(-0.144306893072,0.,-0.989532981063));
#4390 = PCURVE('',#4240,#4391);
#4391 = DEFINITIONAL_REPRESENTATION('',(#4392),#4396);
#4392 = LINE('',#4393,#4394);
#4393 = CARTESIAN_POINT('',(0.,0.));
#4394 = VECTOR('',#4395,1.);
#4395 = DIRECTION('',(1.,0.));
#4396 = ( GEOMETRIC_REPRESENTATION_CONTEXT(2) 
PARAMETRIC_REPRESENTATION_CONTEXT() REPRESENTATION_CONTEXT('2D SPACE',''
  ) );
#4397 = PCURVE('',#4322,#4398);
#4398 = DEFINITIONAL_REPRESENTATION('',(#4399),#4403);
#4399 = LINE('',#4400,#4401);
#4400 = CARTESIAN_POINT('',(-25.62306716436,1.876932835635));
#4401 = VECTOR('',#4402,1.);
#4402 = DIRECTION('',(0.989532981063,-0.144306893072));
#4403 = ( GEOMETRIC_REPRESENTATION_CONTEXT(2) 
PARAMETRIC_REPRESENTATION_CONTEXT() REPRESENTATION_CONTEXT('2D SPACE',''
  ) );
#4404 = ADVANCED_FACE('',(#4405),#4296,.F.);
#4405 = FACE_BOUND('',#4406,.F.);
#4406 = EDGE_LOOP('',(#4407,#4408,#4429,#4430));
#4407 = ORIENTED_EDGE('',*,*,#4280,.T.);
#4408 = ORIENTED_EDGE('',*,*,#4409,.T.);
#4409 = EDGE_CURVE('',#4253,#4340,#4410,.T.);
#4410 = SURFACE_CURVE('',#4411,(#4415,#4422),.PCURVE_S1.);
#4411 = LINE('',#4412,#4413);
#4412 = CARTESIAN_POINT('',(-91.,-38.5,0.));
#4413 = VECTOR('',#4414,1.);
#4414 = DIRECTION('',(0.,0.,1.));
#4415 = PCURVE('',#4296,#4416);
#4416 = DEFINITIONAL_REPRESENTATION('',(#4417),#4421);
#4417 = LINE('',#4418,#4419);
#4418 = CARTESIAN_POINT('',(0.,-6.));
#4419 = VECTOR('',#4420,1.);
#4420 = DIRECTION('',(1.,0.));
#4421 = ( GEOMETRIC_REPRESENTATION_CONTEXT(2) 
PARAMETRIC_REPRESENTATION_CONTEXT() REPRESENTATION_CONTEXT('2D SPACE',''
  ) );
#4422 = PCURVE('',#4268,#4423);
#4423 = DEFINITIONAL_REPRESENTATION('',(#4424),#4428);
#4424 = LINE('',#4425,#4426);
#4425 = CARTESIAN_POINT('',(22.376932835635,1.876932835635));
#4426 = VECTOR('',#4427,1.);
#4427 = DIRECTION('',(-1.,0.));
#4428 = ( GEOMETRIC_REPRESENTATION_CONTEXT(2) 
PARAMETRIC_REPRESENTATION_CONTEXT() REPRESENTATION_CONTEXT('2D SPACE',''
  ) );
#4429 = ORIENTED_EDGE('',*,*,#4337,.F.);
#4430 = ORIENTED_EDGE('',*,*,#4431,.F.);
#4431 = EDGE_CURVE('',#4281,#4338,#4432,.T.);
#4432 = SURFACE_CURVE('',#4433,(#4437,#4444),.PCURVE_S1.);
#4433 = LINE('',#4434,#4435);
#4434 = CARTESIAN_POINT('',(-91.,-32.5,0.));
#4435 = VECTOR('',#4436,1.);
#4436 = DIRECTION('',(0.,0.,1.));
#4437 = PCURVE('',#4296,#4438);
#4438 = DEFINITIONAL_REPRESENTATION('',(#4439),#4443);
#4439 = LINE('',#4440,#4441);
#4440 = CARTESIAN_POINT('',(0.,0.));
#4441 = VECTOR('',#4442,1.);
#4442 = DIRECTION('',(1.,0.));
#4443 = ( GEOMETRIC_REPRESENTATION_CONTEXT(2) 
PARAMETRIC_REPRESENTATION_CONTEXT() REPRESENTATION_CONTEXT('2D SPACE',''
  ) );
#4444 = PCURVE('',#4322,#4445);
#4445 = DEFINITIONAL_REPRESENTATION('',(#4446),#4450);
#4446 = LINE('',#4447,#4448);
#4447 = CARTESIAN_POINT('',(22.376932835635,1.876932835635));
#4448 = VECTOR('',#4449,1.);
#4449 = DIRECTION('',(-1.,0.));
#4450 = ( GEOMETRIC_REPRESENTATION_CONTEXT(2) 
PARAMETRIC_REPRESENTATION_CONTEXT() REPRESENTATION_CONTEXT('2D SPACE',''
  ) );
#4451 = ADVANCED_FACE('',(#4452),#4322,.F.);
#4452 = FACE_BOUND('',#4453,.F.);
#4453 = EDGE_LOOP('',(#4454,#4455,#4456));
#4454 = ORIENTED_EDGE('',*,*,#4308,.T.);
#4455 = ORIENTED_EDGE('',*,*,#4431,.T.);
#4456 = ORIENTED_EDGE('',*,*,#4384,.T.);
#4457 = ADVANCED_FACE('',(#4458),#4268,.T.);
#4458 = FACE_BOUND('',#4459,.T.);
#4459 = EDGE_LOOP('',(#4460,#4461,#4462));
#4460 = ORIENTED_EDGE('',*,*,#4252,.T.);
#4461 = ORIENTED_EDGE('',*,*,#4409,.T.);
#4462 = ORIENTED_EDGE('',*,*,#4362,.T.);
#4463 = ( GEOMETRIC_REPRESENTATION_CONTEXT(3) 
GLOBAL_UNCERTAINTY_ASSIGNED_CONTEXT((#4467)) 
GLOBAL_UNIT_ASSIGNED_CONTEXT((#4464,#4465,#4466)) REPRESENTATION_CONTEXT
('Context #1','3D Context with UNIT and UNCERTAINTY') );
#4464 = ( LENGTH_UNIT() NAMED_UNIT(*) SI_UNIT(.MILLI.,.METRE.) );
#4465 = ( NAMED_UNIT(*) PLANE_ANGLE_UNIT() SI_UNIT($,.RADIAN.) );
#4466 = ( NAMED_UNIT(*) SI_UNIT($,.STERADIAN.) SOLID_ANGLE_UNIT() );
#4467 = UNCERTAINTY_MEASURE_WITH_UNIT(LENGTH_MEASURE(1.E-07),#4464,
  'distance_accuracy_value','confusion accuracy');
#4468 = CONTEXT_DEPENDENT_SHAPE_REPRESENTATION(#4469,#4471);
#4469 = ( REPRESENTATION_RELATIONSHIP('','',#4210,#10) 
REPRESENTATION_RELATIONSHIP_WITH_TRANSFORMATION(#4470) 
SHAPE_REPRESENTATION_RELATIONSHIP() );
#4470 = ITEM_DEFINED_TRANSFORMATION('','',#11,#31);
#4471 = PRODUCT_DEFINITION_SHAPE('Placement','Placement of an item',
  #4472);
#4472 = NEXT_ASSEMBLY_USAGE_OCCURRENCE('5','','',#5,#4205,$);
#4473 = PRODUCT_RELATED_PRODUCT_CATEGORY('part',$,(#4207));
ENDSEC;
END-ISO-10303-21;
