ISO-10303-21;
HEADER;
FILE_DESCRIPTION(('Open CASCADE Model'),'2;1');
FILE_NAME('Open CASCADE Shape Model','2026-04-17T21:13:21',('Author'),(
    'Open CASCADE'),'Open CASCADE STEP processor 7.8','Open CASCADE 7.8'
  ,'Unknown');
FILE_SCHEMA(('AUTOMOTIVE_DESIGN { 1 0 10303 214 1 1 1 1 }'));
ENDSEC;
DATA;
#1 = APPLICATION_PROTOCOL_DEFINITION('international standard',
  'automotive_design',2000,#2);
#2 = APPLICATION_CONTEXT(
  'core data for automotive mechanical design processes');
#3 = SHAPE_DEFINITION_REPRESENTATION(#4,#10);
#4 = PRODUCT_DEFINITION_SHAPE('','',#5);
#5 = PRODUCT_DEFINITION('design','',#6,#9);
#6 = PRODUCT_DEFINITION_FORMATION('','',#7);
#7 = PRODUCT('Open CASCADE STEP translator 7.8 1',
  'Open CASCADE STEP translator 7.8 1','',(#8));
#8 = PRODUCT_CONTEXT('',#2,'mechanical');
#9 = PRODUCT_DEFINITION_CONTEXT('part definition',#2,'design');
#10 = SHAPE_REPRESENTATION('',(#11,#15,#19,#23,#27,#31,#35,#39,#43,#47,
    #51,#55,#59,#63,#67),#71);
#11 = AXIS2_PLACEMENT_3D('',#12,#13,#14);
#12 = CARTESIAN_POINT('',(0.,0.,0.));
#13 = DIRECTION('',(0.,0.,1.));
#14 = DIRECTION('',(1.,0.,-0.));
#15 = AXIS2_PLACEMENT_3D('',#16,#17,#18);
#16 = CARTESIAN_POINT('',(0.,0.,0.));
#17 = DIRECTION('',(0.,0.,1.));
#18 = DIRECTION('',(1.,0.,-0.));
#19 = AXIS2_PLACEMENT_3D('',#20,#21,#22);
#20 = CARTESIAN_POINT('',(0.,0.,0.));
#21 = DIRECTION('',(0.,0.,1.));
#22 = DIRECTION('',(1.,0.,-0.));
#23 = AXIS2_PLACEMENT_3D('',#24,#25,#26);
#24 = CARTESIAN_POINT('',(0.,0.,0.));
#25 = DIRECTION('',(0.,0.,1.));
#26 = DIRECTION('',(1.,0.,-0.));
#27 = AXIS2_PLACEMENT_3D('',#28,#29,#30);
#28 = CARTESIAN_POINT('',(0.,0.,0.));
#29 = DIRECTION('',(0.,0.,1.));
#30 = DIRECTION('',(1.,0.,-0.));
#31 = AXIS2_PLACEMENT_3D('',#32,#33,#34);
#32 = CARTESIAN_POINT('',(0.,0.,0.));
#33 = DIRECTION('',(0.,0.,1.));
#34 = DIRECTION('',(1.,0.,-0.));
#35 = AXIS2_PLACEMENT_3D('',#36,#37,#38);
#36 = CARTESIAN_POINT('',(0.,0.,0.));
#37 = DIRECTION('',(0.,0.,1.));
#38 = DIRECTION('',(1.,0.,-0.));
#39 = AXIS2_PLACEMENT_3D('',#40,#41,#42);
#40 = CARTESIAN_POINT('',(0.,0.,0.));
#41 = DIRECTION('',(0.,0.,1.));
#42 = DIRECTION('',(1.,0.,-0.));
#43 = AXIS2_PLACEMENT_3D('',#44,#45,#46);
#44 = CARTESIAN_POINT('',(0.,0.,0.));
#45 = DIRECTION('',(0.,0.,1.));
#46 = DIRECTION('',(1.,0.,-0.));
#47 = AXIS2_PLACEMENT_3D('',#48,#49,#50);
#48 = CARTESIAN_POINT('',(0.,0.,0.));
#49 = DIRECTION('',(0.,0.,1.));
#50 = DIRECTION('',(1.,0.,-0.));
#51 = AXIS2_PLACEMENT_3D('',#52,#53,#54);
#52 = CARTESIAN_POINT('',(0.,0.,0.));
#53 = DIRECTION('',(0.,0.,1.));
#54 = DIRECTION('',(1.,0.,-0.));
#55 = AXIS2_PLACEMENT_3D('',#56,#57,#58);
#56 = CARTESIAN_POINT('',(0.,0.,0.));
#57 = DIRECTION('',(0.,0.,1.));
#58 = DIRECTION('',(1.,0.,-0.));
#59 = AXIS2_PLACEMENT_3D('',#60,#61,#62);
#60 = CARTESIAN_POINT('',(0.,0.,0.));
#61 = DIRECTION('',(0.,0.,1.));
#62 = DIRECTION('',(1.,0.,-0.));
#63 = AXIS2_PLACEMENT_3D('',#64,#65,#66);
#64 = CARTESIAN_POINT('',(0.,0.,0.));
#65 = DIRECTION('',(0.,0.,1.));
#66 = DIRECTION('',(1.,0.,-0.));
#67 = AXIS2_PLACEMENT_3D('',#68,#69,#70);
#68 = CARTESIAN_POINT('',(0.,0.,0.));
#69 = DIRECTION('',(0.,0.,1.));
#70 = DIRECTION('',(1.,0.,-0.));
#71 = ( GEOMETRIC_REPRESENTATION_CONTEXT(3) 
GLOBAL_UNCERTAINTY_ASSIGNED_CONTEXT((#75)) GLOBAL_UNIT_ASSIGNED_CONTEXT(
(#72,#73,#74)) REPRESENTATION_CONTEXT('Context #1',
  '3D Context with UNIT and UNCERTAINTY') );
#72 = ( LENGTH_UNIT() NAMED_UNIT(*) SI_UNIT(.MILLI.,.METRE.) );
#73 = ( NAMED_UNIT(*) PLANE_ANGLE_UNIT() SI_UNIT($,.RADIAN.) );
#74 = ( NAMED_UNIT(*) SI_UNIT($,.STERADIAN.) SOLID_ANGLE_UNIT() );
#75 = UNCERTAINTY_MEASURE_WITH_UNIT(LENGTH_MEASURE(1.E-02),#72,
  'distance_accuracy_value','confusion accuracy');
#76 = PRODUCT_RELATED_PRODUCT_CATEGORY('part',$,(#7));
#77 = SHAPE_DEFINITION_REPRESENTATION(#78,#84);
#78 = PRODUCT_DEFINITION_SHAPE('','',#79);
#79 = PRODUCT_DEFINITION('design','',#80,#83);
#80 = PRODUCT_DEFINITION_FORMATION('','',#81);
#81 = PRODUCT('Open CASCADE STEP translator 7.8 1.1',
  'Open CASCADE STEP translator 7.8 1.1','',(#82));
#82 = PRODUCT_CONTEXT('',#2,'mechanical');
#83 = PRODUCT_DEFINITION_CONTEXT('part definition',#2,'design');
#84 = ADVANCED_BREP_SHAPE_REPRESENTATION('',(#11,#85),#2787);
#85 = MANIFOLD_SOLID_BREP('',#86);
#86 = CLOSED_SHELL('',(#87,#729,#810,#860,#963,#1125,#1196,#1250,#1304,
    #1358,#1407,#1554,#1604,#1702,#1756,#1837,#1902,#2248,#2308,#2335,
    #2388,#2393,#2398,#2502,#2551,#2633,#2640,#2710,#2781));
#87 = ADVANCED_FACE('',(#88),#102,.F.);
#88 = FACE_BOUND('',#89,.F.);
#89 = EDGE_LOOP('',(#90,#125,#154,#182,#215,#243,#386,#414,#557,#585,
    #614,#642,#675,#703));
#90 = ORIENTED_EDGE('',*,*,#91,.T.);
#91 = EDGE_CURVE('',#92,#94,#96,.T.);
#92 = VERTEX_POINT('',#93);
#93 = CARTESIAN_POINT('',(120.,10.,1.5));
#94 = VERTEX_POINT('',#95);
#95 = CARTESIAN_POINT('',(120.,10.,9.37867965644));
#96 = SURFACE_CURVE('',#97,(#101,#113),.PCURVE_S1.);
#97 = LINE('',#98,#99);
#98 = CARTESIAN_POINT('',(120.,10.,0.));
#99 = VECTOR('',#100,1.);
#100 = DIRECTION('',(0.,0.,1.));
#101 = PCURVE('',#102,#107);
#102 = PLANE('',#103);
#103 = AXIS2_PLACEMENT_3D('',#104,#105,#106);
#104 = CARTESIAN_POINT('',(53.11759009052,10.,36.852749070946));
#105 = DIRECTION('',(-0.,-1.,-0.));
#106 = DIRECTION('',(0.,0.,-1.));
#107 = DEFINITIONAL_REPRESENTATION('',(#108),#112);
#108 = LINE('',#109,#110);
#109 = CARTESIAN_POINT('',(36.852749070946,66.88240990948));
#110 = VECTOR('',#111,1.);
#111 = DIRECTION('',(-1.,0.));
#112 = ( GEOMETRIC_REPRESENTATION_CONTEXT(2) 
PARAMETRIC_REPRESENTATION_CONTEXT() REPRESENTATION_CONTEXT('2D SPACE',''
  ) );
#113 = PCURVE('',#114,#119);
#114 = PLANE('',#115);
#115 = AXIS2_PLACEMENT_3D('',#116,#117,#118);
#116 = CARTESIAN_POINT('',(120.,10.,0.));
#117 = DIRECTION('',(-1.,0.,0.));
#118 = DIRECTION('',(0.,0.,1.));
#119 = DEFINITIONAL_REPRESENTATION('',(#120),#124);
#120 = LINE('',#121,#122);
#121 = CARTESIAN_POINT('',(0.,0.));
#122 = VECTOR('',#123,1.);
#123 = DIRECTION('',(1.,0.));
#124 = ( GEOMETRIC_REPRESENTATION_CONTEXT(2) 
PARAMETRIC_REPRESENTATION_CONTEXT() REPRESENTATION_CONTEXT('2D SPACE',''
  ) );
#125 = ORIENTED_EDGE('',*,*,#126,.T.);
#126 = EDGE_CURVE('',#94,#127,#129,.T.);
#127 = VERTEX_POINT('',#128);
#128 = CARTESIAN_POINT('',(119.56066017178,10.,10.43933982822));
#129 = SURFACE_CURVE('',#130,(#135,#142),.PCURVE_S1.);
#130 = CIRCLE('',#131,1.5);
#131 = AXIS2_PLACEMENT_3D('',#132,#133,#134);
#132 = CARTESIAN_POINT('',(118.5,10.,9.37867965644));
#133 = DIRECTION('',(0.,-1.,0.));
#134 = DIRECTION('',(0.,-0.,-1.));
#135 = PCURVE('',#102,#136);
#136 = DEFINITIONAL_REPRESENTATION('',(#137),#141);
#137 = CIRCLE('',#138,1.5);
#138 = AXIS2_PLACEMENT_2D('',#139,#140);
#139 = CARTESIAN_POINT('',(27.474069414506,65.38240990948));
#140 = DIRECTION('',(1.,0.));
#141 = ( GEOMETRIC_REPRESENTATION_CONTEXT(2) 
PARAMETRIC_REPRESENTATION_CONTEXT() REPRESENTATION_CONTEXT('2D SPACE',''
  ) );
#142 = PCURVE('',#143,#148);
#143 = CYLINDRICAL_SURFACE('',#144,1.5);
#144 = AXIS2_PLACEMENT_3D('',#145,#146,#147);
#145 = CARTESIAN_POINT('',(118.5,10.,9.37867965644));
#146 = DIRECTION('',(0.,-1.,0.));
#147 = DIRECTION('',(1.,0.,-0.));
#148 = DEFINITIONAL_REPRESENTATION('',(#149),#153);
#149 = LINE('',#150,#151);
#150 = CARTESIAN_POINT('',(-1.570796326795,0.));
#151 = VECTOR('',#152,1.);
#152 = DIRECTION('',(1.,0.));
#153 = ( GEOMETRIC_REPRESENTATION_CONTEXT(2) 
PARAMETRIC_REPRESENTATION_CONTEXT() REPRESENTATION_CONTEXT('2D SPACE',''
  ) );
#154 = ORIENTED_EDGE('',*,*,#155,.T.);
#155 = EDGE_CURVE('',#127,#156,#158,.T.);
#156 = VERTEX_POINT('',#157);
#157 = CARTESIAN_POINT('',(30.43933982822,10.,99.56066017178));
#158 = SURFACE_CURVE('',#159,(#163,#170),.PCURVE_S1.);
#159 = LINE('',#160,#161);
#160 = CARTESIAN_POINT('',(120.,10.,10.));
#161 = VECTOR('',#162,1.);
#162 = DIRECTION('',(-0.707106781187,0.,0.707106781187));
#163 = PCURVE('',#102,#164);
#164 = DEFINITIONAL_REPRESENTATION('',(#165),#169);
#165 = LINE('',#166,#167);
#166 = CARTESIAN_POINT('',(26.852749070946,66.88240990948));
#167 = VECTOR('',#168,1.);
#168 = DIRECTION('',(-0.707106781187,-0.707106781187));
#169 = ( GEOMETRIC_REPRESENTATION_CONTEXT(2) 
PARAMETRIC_REPRESENTATION_CONTEXT() REPRESENTATION_CONTEXT('2D SPACE',''
  ) );
#170 = PCURVE('',#171,#176);
#171 = PLANE('',#172);
#172 = AXIS2_PLACEMENT_3D('',#173,#174,#175);
#173 = CARTESIAN_POINT('',(120.,10.,10.));
#174 = DIRECTION('',(-0.707106781187,-0.,-0.707106781187));
#175 = DIRECTION('',(-0.707106781187,0.,0.707106781187));
#176 = DEFINITIONAL_REPRESENTATION('',(#177),#181);
#177 = LINE('',#178,#179);
#178 = CARTESIAN_POINT('',(0.,0.));
#179 = VECTOR('',#180,1.);
#180 = DIRECTION('',(1.,0.));
#181 = ( GEOMETRIC_REPRESENTATION_CONTEXT(2) 
PARAMETRIC_REPRESENTATION_CONTEXT() REPRESENTATION_CONTEXT('2D SPACE',''
  ) );
#182 = ORIENTED_EDGE('',*,*,#183,.T.);
#183 = EDGE_CURVE('',#156,#184,#186,.T.);
#184 = VERTEX_POINT('',#185);
#185 = CARTESIAN_POINT('',(30.,10.,100.62132034356));
#186 = SURFACE_CURVE('',#187,(#192,#203),.PCURVE_S1.);
#187 = CIRCLE('',#188,1.5);
#188 = AXIS2_PLACEMENT_3D('',#189,#190,#191);
#189 = CARTESIAN_POINT('',(31.5,10.,100.62132034356));
#190 = DIRECTION('',(-0.,1.,0.));
#191 = DIRECTION('',(0.,0.,-1.));
#192 = PCURVE('',#102,#193);
#193 = DEFINITIONAL_REPRESENTATION('',(#194),#202);
#194 = ( BOUNDED_CURVE() B_SPLINE_CURVE(2,(#195,#196,#197,#198,#199,#200
,#201),.UNSPECIFIED.,.T.,.F.) B_SPLINE_CURVE_WITH_KNOTS((1,2,2,2,2,1),(
    -2.094395102393,0.,2.094395102393,4.188790204786,6.28318530718,
8.377580409573),.UNSPECIFIED.) CURVE() GEOMETRIC_REPRESENTATION_ITEM() 
RATIONAL_B_SPLINE_CURVE((1.,0.5,1.,0.5,1.,0.5,1.)) REPRESENTATION_ITEM(
  '') );
#195 = CARTESIAN_POINT('',(-62.26857127261,-21.61759009052));
#196 = CARTESIAN_POINT('',(-62.26857127261,-24.21566630187));
#197 = CARTESIAN_POINT('',(-64.51857127261,-22.91662819619));
#198 = CARTESIAN_POINT('',(-66.76857127261,-21.61759009052));
#199 = CARTESIAN_POINT('',(-64.51857127261,-20.31855198484));
#200 = CARTESIAN_POINT('',(-62.26857127261,-19.01951387916));
#201 = CARTESIAN_POINT('',(-62.26857127261,-21.61759009052));
#202 = ( GEOMETRIC_REPRESENTATION_CONTEXT(2) 
PARAMETRIC_REPRESENTATION_CONTEXT() REPRESENTATION_CONTEXT('2D SPACE',''
  ) );
#203 = PCURVE('',#204,#209);
#204 = CYLINDRICAL_SURFACE('',#205,1.5);
#205 = AXIS2_PLACEMENT_3D('',#206,#207,#208);
#206 = CARTESIAN_POINT('',(31.5,10.,100.62132034356));
#207 = DIRECTION('',(0.,-1.,0.));
#208 = DIRECTION('',(-0.707106781187,-0.,-0.707106781187));
#209 = DEFINITIONAL_REPRESENTATION('',(#210),#214);
#210 = LINE('',#211,#212);
#211 = CARTESIAN_POINT('',(0.785398163397,-0.));
#212 = VECTOR('',#213,1.);
#213 = DIRECTION('',(-1.,0.));
#214 = ( GEOMETRIC_REPRESENTATION_CONTEXT(2) 
PARAMETRIC_REPRESENTATION_CONTEXT() REPRESENTATION_CONTEXT('2D SPACE',''
  ) );
#215 = ORIENTED_EDGE('',*,*,#216,.T.);
#216 = EDGE_CURVE('',#184,#217,#219,.T.);
#217 = VERTEX_POINT('',#218);
#218 = CARTESIAN_POINT('',(30.,10.,103.5));
#219 = SURFACE_CURVE('',#220,(#224,#231),.PCURVE_S1.);
#220 = LINE('',#221,#222);
#221 = CARTESIAN_POINT('',(30.,10.,100.));
#222 = VECTOR('',#223,1.);
#223 = DIRECTION('',(-7.105427357601E-16,0.,1.));
#224 = PCURVE('',#102,#225);
#225 = DEFINITIONAL_REPRESENTATION('',(#226),#230);
#226 = LINE('',#227,#228);
#227 = CARTESIAN_POINT('',(-63.14725092905,-23.11759009052));
#228 = VECTOR('',#229,1.);
#229 = DIRECTION('',(-1.,-7.105427357601E-16));
#230 = ( GEOMETRIC_REPRESENTATION_CONTEXT(2) 
PARAMETRIC_REPRESENTATION_CONTEXT() REPRESENTATION_CONTEXT('2D SPACE',''
  ) );
#231 = PCURVE('',#232,#237);
#232 = PLANE('',#233);
#233 = AXIS2_PLACEMENT_3D('',#234,#235,#236);
#234 = CARTESIAN_POINT('',(30.,10.,100.));
#235 = DIRECTION('',(-1.,-0.,-7.105427357601E-16));
#236 = DIRECTION('',(-7.105427357601E-16,0.,1.));
#237 = DEFINITIONAL_REPRESENTATION('',(#238),#242);
#238 = LINE('',#239,#240);
#239 = CARTESIAN_POINT('',(0.,0.));
#240 = VECTOR('',#241,1.);
#241 = DIRECTION('',(1.,0.));
#242 = ( GEOMETRIC_REPRESENTATION_CONTEXT(2) 
PARAMETRIC_REPRESENTATION_CONTEXT() REPRESENTATION_CONTEXT('2D SPACE',''
  ) );
#243 = ORIENTED_EDGE('',*,*,#244,.T.);
#244 = EDGE_CURVE('',#217,#245,#247,.T.);
#245 = VERTEX_POINT('',#246);
#246 = CARTESIAN_POINT('',(31.5,10.,106.5));
#247 = SURFACE_CURVE('',#248,(#252,#258),.PCURVE_S1.);
#248 = LINE('',#249,#250);
#249 = CARTESIAN_POINT('',(30.,10.,103.5));
#250 = VECTOR('',#251,1.);
#251 = DIRECTION('',(0.4472135955,-0.,0.894427191));
#252 = PCURVE('',#102,#253);
#253 = DEFINITIONAL_REPRESENTATION('',(#254),#257);
#254 = B_SPLINE_CURVE_WITH_KNOTS('',1,(#255,#256),.UNSPECIFIED.,.F.,.F.,
  (2,2),(0.,3.35410196625),.PIECEWISE_BEZIER_KNOTS.);
#255 = CARTESIAN_POINT('',(-66.64725092905,-23.11759009052));
#256 = CARTESIAN_POINT('',(-69.64725092905,-21.61759009052));
#257 = ( GEOMETRIC_REPRESENTATION_CONTEXT(2) 
PARAMETRIC_REPRESENTATION_CONTEXT() REPRESENTATION_CONTEXT('2D SPACE',''
  ) );
#258 = PCURVE('',#259,#341);
#259 = B_SPLINE_SURFACE_WITH_KNOTS('',8,8,(
    (#260,#261,#262,#263,#264,#265,#266,#267,#268)
    ,(#269,#270,#271,#272,#273,#274,#275,#276,#277)
    ,(#278,#279,#280,#281,#282,#283,#284,#285,#286)
    ,(#287,#288,#289,#290,#291,#292,#293,#294,#295)
    ,(#296,#297,#298,#299,#300,#301,#302,#303,#304)
    ,(#305,#306,#307,#308,#309,#310,#311,#312,#313)
    ,(#314,#315,#316,#317,#318,#319,#320,#321,#322)
    ,(#323,#324,#325,#326,#327,#328,#329,#330,#331)
    ,(#332,#333,#334,#335,#336,#337,#338,#339,#340
  )),.UNSPECIFIED.,.F.,.F.,.F.,(9,9),(9,9),(-1.858122453147,
    1.591367934951),(-1.25498905089,0.6085274181),
  .PIECEWISE_BEZIER_KNOTS.);
#260 = CARTESIAN_POINT('',(29.006801613196,8.004090572403,
    104.40952271105));
#261 = CARTESIAN_POINT('',(29.300430461125,8.355037249566,
    104.07698636625));
#262 = CARTESIAN_POINT('',(29.497195778354,8.669981161957,
    103.85086396291));
#263 = CARTESIAN_POINT('',(29.603312871503,8.95125208029,103.72432224945
    ));
#264 = CARTESIAN_POINT('',(29.638273732807,9.206061728871,
    103.67589658892));
#265 = CARTESIAN_POINT('',(29.701200622591,9.471293883719,
    103.59668109725));
#266 = CARTESIAN_POINT('',(29.739717110024,9.727497060962,
    103.54427102682));
#267 = CARTESIAN_POINT('',(29.914773479215,10.034474506536,
    103.3417930318));
#268 = CARTESIAN_POINT('',(30.144741657194,10.362043962837,
    103.07884556188));
#269 = CARTESIAN_POINT('',(29.514399130511,8.087267324403,
    104.49232508524));
#270 = CARTESIAN_POINT('',(29.758010575278,8.419630058502,
    104.21471433535));
#271 = CARTESIAN_POINT('',(29.904586917187,8.715933457833,
    104.04370440744));
#272 = CARTESIAN_POINT('',(29.961337080403,8.978814736984,
    103.97141871543));
#273 = CARTESIAN_POINT('',(29.933359586313,9.210359600588,
    103.99203327169));
#274 = CARTESIAN_POINT('',(29.975120144572,9.467581888752,
    103.93611231381));
#275 = CARTESIAN_POINT('',(29.954080984687,9.701741530583,
    103.94906796845));
#276 = CARTESIAN_POINT('',(30.091787352302,9.994813523091,
    103.78762484334));
#277 = CARTESIAN_POINT('',(30.283278613253,10.308090427553,
    103.56693347761));
#278 = CARTESIAN_POINT('',(30.002229576893,8.163082835475,
    104.59685006063));
#279 = CARTESIAN_POINT('',(30.207709518637,8.481278554668,
    104.36110981808));
#280 = CARTESIAN_POINT('',(30.164305065817,8.706726727201,
    104.39926458827));
#281 = CARTESIAN_POINT('',(30.568555495772,9.099332745166,
    103.94381109352));
#282 = CARTESIAN_POINT('',(29.776713585143,9.046514950155,
    104.80533208065));
#283 = CARTESIAN_POINT('',(30.727401358897,9.642012797744,
    103.74927773871));
#284 = CARTESIAN_POINT('',(30.032433787595,9.625065135918,
    104.50368748409));
#285 = CARTESIAN_POINT('',(30.202255975979,9.93030784092,104.30665009365
    ));
#286 = CARTESIAN_POINT('',(30.451121192072,10.265031951143,
    104.02282930263));
#287 = CARTESIAN_POINT('',(30.344186116383,8.184572918014,
    104.86176041997));
#288 = CARTESIAN_POINT('',(30.442907790912,8.463092077999,
    104.74327191993));
#289 = CARTESIAN_POINT('',(31.051023664324,8.932222067001,
    104.06325352862));
#290 = CARTESIAN_POINT('',(29.39014306587,8.553083814063,105.88384620571
    ));
#291 = CARTESIAN_POINT('',(32.447281775948,9.936385098784,
    102.50668836486));
#292 = CARTESIAN_POINT('',(28.335766977464,8.645011153635,
    107.02109419324));
#293 = CARTESIAN_POINT('',(31.169020215692,9.943765206538,
    103.89336500362));
#294 = CARTESIAN_POINT('',(30.858851571356,10.069494042199,
    104.22516624372));
#295 = CARTESIAN_POINT('',(30.613083985597,10.219816078796,
    104.48516166611));
#296 = CARTESIAN_POINT('',(31.029600604218,8.334084141766,
    104.74883191923));
#297 = CARTESIAN_POINT('',(31.229689950185,8.650331174312,
    104.51887130379));
#298 = CARTESIAN_POINT('',(30.312926013309,8.549113128524,
    105.51906459792));
#299 = CARTESIAN_POINT('',(33.30533714448,9.910110229071,102.21221388984
    ));
#300 = CARTESIAN_POINT('',(26.440540555583,7.589000694713,
    109.75912738291));
#301 = CARTESIAN_POINT('',(35.301403558148,11.137663075185,
    99.997864662182));
#302 = CARTESIAN_POINT('',(28.629125248237,8.889385733744,107.3292135283
    ));
#303 = CARTESIAN_POINT('',(29.981334432476,9.636449628634,
    105.83059601978));
#304 = CARTESIAN_POINT('',(30.863384598089,10.207294684503,
    104.85057361617));
#305 = CARTESIAN_POINT('',(30.972215650516,8.20674461214,105.45316228565
    ));
#306 = CARTESIAN_POINT('',(30.88229875108,8.415118396217,105.54194511316
    ));
#307 = CARTESIAN_POINT('',(31.78623275794,8.995060417931,104.53629391007
    ));
#308 = CARTESIAN_POINT('',(27.681049598674,7.703933773045,
    109.04401963938));
#309 = CARTESIAN_POINT('',(36.965131459491,11.410833927822,
    98.818406880719));
#310 = CARTESIAN_POINT('',(25.080938055466,7.218467766025,
    111.88253794566));
#311 = CARTESIAN_POINT('',(33.723432130846,10.685332927615,
    102.36505945318));
#312 = CARTESIAN_POINT('',(31.704229536342,10.173209993455,
    104.57674101948));
#313 = CARTESIAN_POINT('',(30.870227398955,10.104445511224,
    105.48329669551));
#314 = CARTESIAN_POINT('',(31.907555001463,8.449454774862,
    105.06522447734));
#315 = CARTESIAN_POINT('',(31.905224423879,8.690534198121,
    105.05751542979));
#316 = CARTESIAN_POINT('',(31.272327681237,8.696396074814,
    105.74331330847));
#317 = CARTESIAN_POINT('',(34.116662104195,9.998971223221,
    102.60564922898));
#318 = CARTESIAN_POINT('',(27.027800253068,7.597686401441,
    110.39043240499));
#319 = CARTESIAN_POINT('',(35.897597245209,11.147370904501,
    100.62630906081));
#320 = CARTESIAN_POINT('',(28.528384572531,8.641914411363,
    108.71905478795));
#321 = CARTESIAN_POINT('',(30.588534219753,9.651610130375,
    106.44383822705));
#322 = CARTESIAN_POINT('',(31.257087909164,10.142706152248,
    105.69866153877));
#323 = CARTESIAN_POINT('',(32.823260304475,8.684489609359,
    104.69951889885));
#324 = CARTESIAN_POINT('',(32.772834544285,8.907666183779,
    104.74469497213));
#325 = CARTESIAN_POINT('',(32.7594734484,9.144767277997,104.7490345424)
  );
#326 = CARTESIAN_POINT('',(32.369234882246,9.240858432685,
    105.16830942058));
#327 = CARTESIAN_POINT('',(32.829335986025,9.655265214513,
    104.65143662188));
#328 = CARTESIAN_POINT('',(31.745262246865,9.492272094146,
    105.83378086583));
#329 = CARTESIAN_POINT('',(32.259953895179,9.927069570322,
    105.25690948181));
#330 = CARTESIAN_POINT('',(31.561851901374,9.908486814959,
    106.01445632433));
#331 = CARTESIAN_POINT('',(31.237616284501,10.030102379724,
    106.36026862232));
#332 = CARTESIAN_POINT('',(33.925517646037,8.988889697664,
    104.12880947919));
#333 = CARTESIAN_POINT('',(33.843004006853,9.200138673549,
    104.20923440145));
#334 = CARTESIAN_POINT('',(33.77216031984,9.415783596944,104.27680548872
    ));
#335 = CARTESIAN_POINT('',(33.461254818325,9.541798708944,
    104.60851631793));
#336 = CARTESIAN_POINT('',(33.677506462901,9.864693449437,
    104.36029999724));
#337 = CARTESIAN_POINT('',(32.758528758095,9.764051500083,
    105.36046060729));
#338 = CARTESIAN_POINT('',(33.121693081941,10.141813162836,
    104.95063789014));
#339 = CARTESIAN_POINT('',(32.139691005882,10.017873382834,
    106.01992286031));
#340 = CARTESIAN_POINT('',(31.413269916003,9.98980361771,106.80770719702
    ));
#341 = DEFINITIONAL_REPRESENTATION('',(#342),#385);
#342 = B_SPLINE_CURVE_WITH_KNOTS('',11,(#343,#344,#345,#346,#347,#348,
    #349,#350,#351,#352,#353,#354,#355,#356,#357,#358,#359,#360,#361,
    #362,#363,#364,#365,#366,#367,#368,#369,#370,#371,#372,#373,#374,
    #375,#376,#377,#378,#379,#380,#381,#382,#383,#384),.UNSPECIFIED.,.F.
  ,.F.,(12,10,10,10,12),(0.,0.838525491562,1.677050983125,2.515576474687
    ,3.35410196625),.UNSPECIFIED.);
#343 = CARTESIAN_POINT('',(-1.689202230134,0.351612364415));
#344 = CARTESIAN_POINT('',(-1.618270286713,0.356172292824));
#345 = CARTESIAN_POINT('',(-1.55166158398,0.360454297536));
#346 = CARTESIAN_POINT('',(-1.469697740363,0.365723422291));
#347 = CARTESIAN_POINT('',(-1.410206327315,0.36954788517));
#348 = CARTESIAN_POINT('',(-1.332547059895,0.37454028609));
#349 = CARTESIAN_POINT('',(-1.257639382658,0.379355798385));
#350 = CARTESIAN_POINT('',(-1.193638508569,0.383470156315));
#351 = CARTESIAN_POINT('',(-1.116287678654,0.388442729035));
#352 = CARTESIAN_POINT('',(-1.047381708275,0.392872415812));
#353 = CARTESIAN_POINT('',(-0.975793713769,0.397474519099));
#354 = CARTESIAN_POINT('',(-0.83365870247,0.406611805414));
#355 = CARTESIAN_POINT('',(-0.762707069248,0.411172999602));
#356 = CARTESIAN_POINT('',(-0.691792025031,0.415731841629));
#357 = CARTESIAN_POINT('',(-0.620850253091,0.420292401874));
#358 = CARTESIAN_POINT('',(-0.54983440339,0.424857724279));
#359 = CARTESIAN_POINT('',(-0.478713092587,0.429429826354));
#360 = CARTESIAN_POINT('',(-0.40747090403,0.434009699171));
#361 = CARTESIAN_POINT('',(-0.33610838776,0.438597307371));
#362 = CARTESIAN_POINT('',(-0.264642060513,0.44319158916));
#363 = CARTESIAN_POINT('',(-0.193104405716,0.447790456309));
#364 = CARTESIAN_POINT('',(-4.998334125929E-02,0.456991132004));
#365 = CARTESIAN_POINT('',(2.160638917429E-02,0.461593346885));
#366 = CARTESIAN_POINT('',(9.315624867789E-02,0.466192998626));
#367 = CARTESIAN_POINT('',(0.164617694306,0.470786966595));
#368 = CARTESIAN_POINT('',(0.235962709304,0.47537344971));
#369 = CARTESIAN_POINT('',(0.307183803106,0.47995196643));
#370 = CARTESIAN_POINT('',(0.378294011338,0.484523354765));
#371 = CARTESIAN_POINT('',(0.449326895813,0.489089772267));
#372 = CARTESIAN_POINT('',(0.520336544538,0.493654696037));
#373 = CARTESIAN_POINT('',(0.591397571707,0.498222922719));
#374 = CARTESIAN_POINT('',(0.733812663703,0.507378214293));
#375 = CARTESIAN_POINT('',(0.805100045543,0.511960992403));
#376 = CARTESIAN_POINT('',(0.87723310003,0.516598135396));
#377 = CARTESIAN_POINT('',(0.945874978194,0.521010844751));
#378 = CARTESIAN_POINT('',(1.027413570739,0.526252631832));
#379 = CARTESIAN_POINT('',(1.080301775509,0.529652601095));
#380 = CARTESIAN_POINT('',(1.179665847705,0.536040316331));
#381 = CARTESIAN_POINT('',(1.224742407063,0.538938106433));
#382 = CARTESIAN_POINT('',(1.313695869047,0.544656565548));
#383 = CARTESIAN_POINT('',(1.377446592579,0.548754842309));
#384 = CARTESIAN_POINT('',(1.446698122683,0.553206743727));
#385 = ( GEOMETRIC_REPRESENTATION_CONTEXT(2) 
PARAMETRIC_REPRESENTATION_CONTEXT() REPRESENTATION_CONTEXT('2D SPACE',''
  ) );
#386 = ORIENTED_EDGE('',*,*,#387,.T.);
#387 = EDGE_CURVE('',#245,#388,#390,.T.);
#388 = VERTEX_POINT('',#389);
#389 = CARTESIAN_POINT('',(33.5,10.,106.5));
#390 = SURFACE_CURVE('',#391,(#395,#402),.PCURVE_S1.);
#391 = LINE('',#392,#393);
#392 = CARTESIAN_POINT('',(30.,10.,106.5));
#393 = VECTOR('',#394,1.);
#394 = DIRECTION('',(1.,0.,0.));
#395 = PCURVE('',#102,#396);
#396 = DEFINITIONAL_REPRESENTATION('',(#397),#401);
#397 = LINE('',#398,#399);
#398 = CARTESIAN_POINT('',(-69.64725092905,-23.11759009052));
#399 = VECTOR('',#400,1.);
#400 = DIRECTION('',(0.,1.));
#401 = ( GEOMETRIC_REPRESENTATION_CONTEXT(2) 
PARAMETRIC_REPRESENTATION_CONTEXT() REPRESENTATION_CONTEXT('2D SPACE',''
  ) );
#402 = PCURVE('',#403,#408);
#403 = CYLINDRICAL_SURFACE('',#404,1.5);
#404 = AXIS2_PLACEMENT_3D('',#405,#406,#407);
#405 = CARTESIAN_POINT('',(30.,8.5,106.5));
#406 = DIRECTION('',(1.,0.,0.));
#407 = DIRECTION('',(-0.,1.,0.));
#408 = DEFINITIONAL_REPRESENTATION('',(#409),#413);
#409 = LINE('',#410,#411);
#410 = CARTESIAN_POINT('',(-0.,0.));
#411 = VECTOR('',#412,1.);
#412 = DIRECTION('',(-0.,1.));
#413 = ( GEOMETRIC_REPRESENTATION_CONTEXT(2) 
PARAMETRIC_REPRESENTATION_CONTEXT() REPRESENTATION_CONTEXT('2D SPACE',''
  ) );
#414 = ORIENTED_EDGE('',*,*,#415,.F.);
#415 = EDGE_CURVE('',#416,#388,#418,.T.);
#416 = VERTEX_POINT('',#417);
#417 = CARTESIAN_POINT('',(35.,10.,103.5));
#418 = SURFACE_CURVE('',#419,(#423,#429),.PCURVE_S1.);
#419 = LINE('',#420,#421);
#420 = CARTESIAN_POINT('',(35.,10.,103.5));
#421 = VECTOR('',#422,1.);
#422 = DIRECTION('',(-0.4472135955,0.,0.894427191));
#423 = PCURVE('',#102,#424);
#424 = DEFINITIONAL_REPRESENTATION('',(#425),#428);
#425 = B_SPLINE_CURVE_WITH_KNOTS('',1,(#426,#427),.UNSPECIFIED.,.F.,.F.,
  (2,2),(0.,3.35410196625),.PIECEWISE_BEZIER_KNOTS.);
#426 = CARTESIAN_POINT('',(-66.64725092905,-18.11759009052));
#427 = CARTESIAN_POINT('',(-69.64725092905,-19.61759009052));
#428 = ( GEOMETRIC_REPRESENTATION_CONTEXT(2) 
PARAMETRIC_REPRESENTATION_CONTEXT() REPRESENTATION_CONTEXT('2D SPACE',''
  ) );
#429 = PCURVE('',#430,#512);
#430 = B_SPLINE_SURFACE_WITH_KNOTS('',8,8,(
    (#431,#432,#433,#434,#435,#436,#437,#438,#439)
    ,(#440,#441,#442,#443,#444,#445,#446,#447,#448)
    ,(#449,#450,#451,#452,#453,#454,#455,#456,#457)
    ,(#458,#459,#460,#461,#462,#463,#464,#465,#466)
    ,(#467,#468,#469,#470,#471,#472,#473,#474,#475)
    ,(#476,#477,#478,#479,#480,#481,#482,#483,#484)
    ,(#485,#486,#487,#488,#489,#490,#491,#492,#493)
    ,(#494,#495,#496,#497,#498,#499,#500,#501,#502)
    ,(#503,#504,#505,#506,#507,#508,#509,#510,#511
  )),.UNSPECIFIED.,.F.,.F.,.F.,(9,9),(9,9),(-1.591367934951,
    1.858122453147),(-1.25498905089,0.6085274181),
  .PIECEWISE_BEZIER_KNOTS.);
#431 = CARTESIAN_POINT('',(31.07448235394,8.988889697673,104.12880947916
    ));
#432 = CARTESIAN_POINT('',(31.156995993141,9.200138673551,
    104.20923440145));
#433 = CARTESIAN_POINT('',(31.227839680148,9.415783596951,
    104.27680548871));
#434 = CARTESIAN_POINT('',(31.538745181692,9.541798708933,
    104.60851631793));
#435 = CARTESIAN_POINT('',(31.322493537055,9.864693449458,
    104.36029999722));
#436 = CARTESIAN_POINT('',(32.241471241908,9.76405150008,105.36046060727
    ));
#437 = CARTESIAN_POINT('',(31.878306918043,10.141813162843,
    104.95063789013));
#438 = CARTESIAN_POINT('',(32.860308994106,10.017873382838,
    106.0199228603));
#439 = CARTESIAN_POINT('',(33.586730083997,9.98980361771,106.80770719702
    ));
#440 = CARTESIAN_POINT('',(32.176739695514,8.684489609364,
    104.69951889883));
#441 = CARTESIAN_POINT('',(32.227165455722,8.90766618378,104.74469497213
    ));
#442 = CARTESIAN_POINT('',(32.240526551598,9.144767277989,
    104.74903454246));
#443 = CARTESIAN_POINT('',(32.630765117779,9.240858432695,
    105.16830942049));
#444 = CARTESIAN_POINT('',(32.170664013947,9.655265214499,
    104.65143662199));
#445 = CARTESIAN_POINT('',(33.254737753146,9.492272094165,
    105.83378086574));
#446 = CARTESIAN_POINT('',(32.740046104825,9.927069570309,
    105.25690948186));
#447 = CARTESIAN_POINT('',(33.438148098635,9.90848681496,106.01445632433
    ));
#448 = CARTESIAN_POINT('',(33.76238371551,10.030102379719,
    106.36026862233));
#449 = CARTESIAN_POINT('',(33.092444998568,8.449454774851,
    105.06522447734));
#450 = CARTESIAN_POINT('',(33.094775576173,8.690534198087,
    105.05751542985));
#451 = CARTESIAN_POINT('',(33.727672318729,8.69639607486,105.74331330845
    ));
#452 = CARTESIAN_POINT('',(30.883337895615,9.998971223151,102.6056492289
    ));
#453 = CARTESIAN_POINT('',(37.972199747331,7.597686401513,
    110.39043240509));
#454 = CARTESIAN_POINT('',(29.102402754505,11.147370904428,
    100.62630906081));
#455 = CARTESIAN_POINT('',(36.471615427599,8.641914411384,
    108.71905478792));
#456 = CARTESIAN_POINT('',(34.411465780248,9.651610130363,
    106.44383822708));
#457 = CARTESIAN_POINT('',(33.742912090811,10.142706152257,
    105.69866153875));
#458 = CARTESIAN_POINT('',(34.027784349342,8.206744612188,
    105.45316228558));
#459 = CARTESIAN_POINT('',(34.11770124884,8.415118396285,105.54194511301
    ));
#460 = CARTESIAN_POINT('',(33.213767242174,8.99506041785,104.53629391008
    ));
#461 = CARTESIAN_POINT('',(37.318950401958,7.703933773139,
    109.04401963985));
#462 = CARTESIAN_POINT('',(28.034868539146,11.410833927746,
    98.81840688006));
#463 = CARTESIAN_POINT('',(39.919061945547,7.218467766128,
    111.88253794596));
#464 = CARTESIAN_POINT('',(31.276567868739,10.685332927601,
    102.36505945317));
#465 = CARTESIAN_POINT('',(33.295770463621,10.173209993488,
    104.57674101936));
#466 = CARTESIAN_POINT('',(34.129772601075,10.104445511215,
    105.48329669551));
#467 = CARTESIAN_POINT('',(33.970399395977,8.334084141716,
    104.74883191936));
#468 = CARTESIAN_POINT('',(33.770310049915,8.650331174235,
    104.51887130406));
#469 = CARTESIAN_POINT('',(34.687073986446,8.549113128539,
    105.51906459789));
#470 = CARTESIAN_POINT('',(31.694662854587,9.910110229136,
    102.21221388899));
#471 = CARTESIAN_POINT('',(38.559459446629,7.589000694584,
    109.75912738418));
#472 = CARTESIAN_POINT('',(29.698596440104,11.137663075203,
    99.997864661415));
#473 = CARTESIAN_POINT('',(36.370874752485,8.889385733704,
    107.32921352848));
#474 = CARTESIAN_POINT('',(35.018665567603,9.636449628582,
    105.83059601995));
#475 = CARTESIAN_POINT('',(34.1366154019,10.207294684501,104.85057361621
    ));
#476 = CARTESIAN_POINT('',(34.655813883496,8.184572918024,
    104.86176041984));
#477 = CARTESIAN_POINT('',(34.557092209035,8.463092078032,
    104.74327191967));
#478 = CARTESIAN_POINT('',(33.948976335757,8.932222067174,
    104.06325352864));
#479 = CARTESIAN_POINT('',(35.609856935173,8.55308381369,105.88384620641
    ));
#480 = CARTESIAN_POINT('',(32.552718221718,9.936385099248,
    102.50668836375));
#481 = CARTESIAN_POINT('',(36.664233024508,8.645011153368,107.0210941941
    ));
#482 = CARTESIAN_POINT('',(33.830979783454,9.943765206677,
    103.89336500328));
#483 = CARTESIAN_POINT('',(34.141148428545,10.069494042256,
    104.22516624356));
#484 = CARTESIAN_POINT('',(34.386916014399,10.219816078804,
    104.48516166606));
#485 = CARTESIAN_POINT('',(34.997770423215,8.163082835449,
    104.59685006081));
#486 = CARTESIAN_POINT('',(34.79229048142,8.481278554645,104.36110981827
    ));
#487 = CARTESIAN_POINT('',(34.835694934296,8.706726727092,
    104.39926458821));
#488 = CARTESIAN_POINT('',(34.431444503358,9.099332745427,103.9438110932
    ));
#489 = CARTESIAN_POINT('',(35.223286416514,9.046514949787,
    104.80533208131));
#490 = CARTESIAN_POINT('',(34.272598639562,9.642012798056,
    103.74927773792));
#491 = CARTESIAN_POINT('',(34.967566213093,9.625065135762,
    104.50368748451));
#492 = CARTESIAN_POINT('',(34.797744024101,9.930307840879,
    104.30665009375));
#493 = CARTESIAN_POINT('',(34.548878807949,10.26503195113,
    104.02282930268));
#494 = CARTESIAN_POINT('',(35.485600869632,8.08726732435,104.4923250854)
  );
#495 = CARTESIAN_POINT('',(35.241989424839,8.419630058461,
    104.21471433548));
#496 = CARTESIAN_POINT('',(35.095413082783,8.715933457837,
    104.04370440743));
#497 = CARTESIAN_POINT('',(35.038662919934,8.978814736868,
    103.97141871574));
#498 = CARTESIAN_POINT('',(35.066640413271,9.210359600736,
    103.99203327133));
#499 = CARTESIAN_POINT('',(35.024879855785,9.467581888634,
    103.93611231413));
#500 = CARTESIAN_POINT('',(35.045919015094,9.701741530656,
    103.94906796824));
#501 = CARTESIAN_POINT('',(34.908212647647,9.994813523113,
    103.78762484328));
#502 = CARTESIAN_POINT('',(34.716721386724,10.308090427561,
    103.56693347758));
#503 = CARTESIAN_POINT('',(35.993198387059,8.004090572307,
    104.40952271133));
#504 = CARTESIAN_POINT('',(35.699569539095,8.355037249483,104.0769863665
    ));
#505 = CARTESIAN_POINT('',(35.502804221741,8.669981161921,
    103.85086396302));
#506 = CARTESIAN_POINT('',(35.396687128846,8.951252080171,
    103.72432224979));
#507 = CARTESIAN_POINT('',(35.361726267029,9.206061728914,
    103.67589658884));
#508 = CARTESIAN_POINT('',(35.298799377664,9.471293883641,
    103.59668109744));
#509 = CARTESIAN_POINT('',(35.260282889925,9.727497060976,
    103.54427102681));
#510 = CARTESIAN_POINT('',(35.085226520803,10.034474506528,
    103.34179303181));
#511 = CARTESIAN_POINT('',(34.855258342852,10.362043962817,
    103.07884556192));
#512 = DEFINITIONAL_REPRESENTATION('',(#513),#556);
#513 = B_SPLINE_CURVE_WITH_KNOTS('',11,(#514,#515,#516,#517,#518,#519,
    #520,#521,#522,#523,#524,#525,#526,#527,#528,#529,#530,#531,#532,
    #533,#534,#535,#536,#537,#538,#539,#540,#541,#542,#543,#544,#545,
    #546,#547,#548,#549,#550,#551,#552,#553,#554,#555),.UNSPECIFIED.,.F.
  ,.F.,(12,10,10,10,12),(0.,0.838525491562,1.677050983125,2.515576474687
    ,3.35410196625),.UNSPECIFIED.);
#514 = CARTESIAN_POINT('',(1.689202230134,0.351612364415));
#515 = CARTESIAN_POINT('',(1.618270286711,0.356172292825));
#516 = CARTESIAN_POINT('',(1.551661583988,0.360454297535));
#517 = CARTESIAN_POINT('',(1.469697740345,0.365723422292));
#518 = CARTESIAN_POINT('',(1.410206327327,0.369547885169));
#519 = CARTESIAN_POINT('',(1.332547059894,0.374540286091));
#520 = CARTESIAN_POINT('',(1.257639382648,0.379355798385));
#521 = CARTESIAN_POINT('',(1.193638508579,0.383470156314));
#522 = CARTESIAN_POINT('',(1.116287678649,0.388442729035));
#523 = CARTESIAN_POINT('',(1.047381708276,0.392872415812));
#524 = CARTESIAN_POINT('',(0.975793713769,0.397474519099));
#525 = CARTESIAN_POINT('',(0.83365870247,0.406611805414));
#526 = CARTESIAN_POINT('',(0.762707069248,0.411172999602));
#527 = CARTESIAN_POINT('',(0.691792025031,0.415731841629));
#528 = CARTESIAN_POINT('',(0.62085025309,0.420292401874));
#529 = CARTESIAN_POINT('',(0.54983440339,0.42485772428));
#530 = CARTESIAN_POINT('',(0.478713092587,0.429429826354));
#531 = CARTESIAN_POINT('',(0.40747090403,0.434009699171));
#532 = CARTESIAN_POINT('',(0.33610838776,0.438597307371));
#533 = CARTESIAN_POINT('',(0.264642060513,0.44319158916));
#534 = CARTESIAN_POINT('',(0.193104405716,0.447790456309));
#535 = CARTESIAN_POINT('',(4.998334125942E-02,0.456991132003));
#536 = CARTESIAN_POINT('',(-2.160638917416E-02,0.461593346885));
#537 = CARTESIAN_POINT('',(-9.315624867783E-02,0.466192998626));
#538 = CARTESIAN_POINT('',(-0.164617694306,0.470786966595));
#539 = CARTESIAN_POINT('',(-0.235962709304,0.47537344971));
#540 = CARTESIAN_POINT('',(-0.307183803106,0.47995196643));
#541 = CARTESIAN_POINT('',(-0.378294011338,0.484523354765));
#542 = CARTESIAN_POINT('',(-0.449326895814,0.489089772267));
#543 = CARTESIAN_POINT('',(-0.520336544538,0.493654696037));
#544 = CARTESIAN_POINT('',(-0.591397571707,0.498222922719));
#545 = CARTESIAN_POINT('',(-0.733812663704,0.507378214293));
#546 = CARTESIAN_POINT('',(-0.805100045544,0.511960992403));
#547 = CARTESIAN_POINT('',(-0.87723310003,0.516598135397));
#548 = CARTESIAN_POINT('',(-0.945874978195,0.521010844751));
#549 = CARTESIAN_POINT('',(-1.02741357074,0.526252631832));
#550 = CARTESIAN_POINT('',(-1.080301775508,0.529652601094));
#551 = CARTESIAN_POINT('',(-1.179665847707,0.536040316331));
#552 = CARTESIAN_POINT('',(-1.224742407061,0.538938106433));
#553 = CARTESIAN_POINT('',(-1.313695869048,0.544656565548));
#554 = CARTESIAN_POINT('',(-1.377446592579,0.548754842309));
#555 = CARTESIAN_POINT('',(-1.446698122683,0.553206743727));
#556 = ( GEOMETRIC_REPRESENTATION_CONTEXT(2) 
PARAMETRIC_REPRESENTATION_CONTEXT() REPRESENTATION_CONTEXT('2D SPACE',''
  ) );
#557 = ORIENTED_EDGE('',*,*,#558,.T.);
#558 = EDGE_CURVE('',#416,#559,#561,.T.);
#559 = VERTEX_POINT('',#560);
#560 = CARTESIAN_POINT('',(35.,10.,100.28140169624));
#561 = SURFACE_CURVE('',#562,(#566,#573),.PCURVE_S1.);
#562 = LINE('',#563,#564);
#563 = CARTESIAN_POINT('',(35.,10.,105.));
#564 = VECTOR('',#565,1.);
#565 = DIRECTION('',(0.,0.,-1.));
#566 = PCURVE('',#102,#567);
#567 = DEFINITIONAL_REPRESENTATION('',(#568),#572);
#568 = LINE('',#569,#570);
#569 = CARTESIAN_POINT('',(-68.14725092905,-18.11759009052));
#570 = VECTOR('',#571,1.);
#571 = DIRECTION('',(1.,0.));
#572 = ( GEOMETRIC_REPRESENTATION_CONTEXT(2) 
PARAMETRIC_REPRESENTATION_CONTEXT() REPRESENTATION_CONTEXT('2D SPACE',''
  ) );
#573 = PCURVE('',#574,#579);
#574 = PLANE('',#575);
#575 = AXIS2_PLACEMENT_3D('',#576,#577,#578);
#576 = CARTESIAN_POINT('',(35.,10.,105.));
#577 = DIRECTION('',(1.,0.,0.));
#578 = DIRECTION('',(0.,0.,-1.));
#579 = DEFINITIONAL_REPRESENTATION('',(#580),#584);
#580 = LINE('',#581,#582);
#581 = CARTESIAN_POINT('',(0.,0.));
#582 = VECTOR('',#583,1.);
#583 = DIRECTION('',(1.,0.));
#584 = ( GEOMETRIC_REPRESENTATION_CONTEXT(2) 
PARAMETRIC_REPRESENTATION_CONTEXT() REPRESENTATION_CONTEXT('2D SPACE',''
  ) );
#585 = ORIENTED_EDGE('',*,*,#586,.F.);
#586 = EDGE_CURVE('',#587,#559,#589,.T.);
#587 = VERTEX_POINT('',#588);
#588 = CARTESIAN_POINT('',(34.898007007312,10.,99.737732304516));
#589 = SURFACE_CURVE('',#590,(#595,#602),.PCURVE_S1.);
#590 = CIRCLE('',#591,1.5);
#591 = AXIS2_PLACEMENT_3D('',#592,#593,#594);
#592 = CARTESIAN_POINT('',(33.5,10.,100.28140169624));
#593 = DIRECTION('',(0.,-1.,0.));
#594 = DIRECTION('',(0.,-0.,-1.));
#595 = PCURVE('',#102,#596);
#596 = DEFINITIONAL_REPRESENTATION('',(#597),#601);
#597 = CIRCLE('',#598,1.5);
#598 = AXIS2_PLACEMENT_2D('',#599,#600);
#599 = CARTESIAN_POINT('',(-63.4286526253,-19.61759009052));
#600 = DIRECTION('',(1.,0.));
#601 = ( GEOMETRIC_REPRESENTATION_CONTEXT(2) 
PARAMETRIC_REPRESENTATION_CONTEXT() REPRESENTATION_CONTEXT('2D SPACE',''
  ) );
#602 = PCURVE('',#603,#608);
#603 = CYLINDRICAL_SURFACE('',#604,1.5);
#604 = AXIS2_PLACEMENT_3D('',#605,#606,#607);
#605 = CARTESIAN_POINT('',(33.5,10.,100.28140169624));
#606 = DIRECTION('',(0.,-1.,0.));
#607 = DIRECTION('',(0.932004671541,0.,-0.362446261155));
#608 = DEFINITIONAL_REPRESENTATION('',(#609),#613);
#609 = LINE('',#610,#611);
#610 = CARTESIAN_POINT('',(-1.199905037982,0.));
#611 = VECTOR('',#612,1.);
#612 = DIRECTION('',(1.,0.));
#613 = ( GEOMETRIC_REPRESENTATION_CONTEXT(2) 
PARAMETRIC_REPRESENTATION_CONTEXT() REPRESENTATION_CONTEXT('2D SPACE',''
  ) );
#614 = ORIENTED_EDGE('',*,*,#615,.T.);
#615 = EDGE_CURVE('',#587,#616,#618,.T.);
#616 = VERTEX_POINT('',#617);
#617 = CARTESIAN_POINT('',(0.101992992688,10.,10.262267695484));
#618 = SURFACE_CURVE('',#619,(#623,#630),.PCURVE_S1.);
#619 = LINE('',#620,#621);
#620 = CARTESIAN_POINT('',(35.,10.,100.));
#621 = VECTOR('',#622,1.);
#622 = DIRECTION('',(-0.362446261155,0.,-0.932004671541));
#623 = PCURVE('',#102,#624);
#624 = DEFINITIONAL_REPRESENTATION('',(#625),#629);
#625 = LINE('',#626,#627);
#626 = CARTESIAN_POINT('',(-63.14725092905,-18.11759009052));
#627 = VECTOR('',#628,1.);
#628 = DIRECTION('',(0.932004671541,-0.362446261155));
#629 = ( GEOMETRIC_REPRESENTATION_CONTEXT(2) 
PARAMETRIC_REPRESENTATION_CONTEXT() REPRESENTATION_CONTEXT('2D SPACE',''
  ) );
#630 = PCURVE('',#631,#636);
#631 = PLANE('',#632);
#632 = AXIS2_PLACEMENT_3D('',#633,#634,#635);
#633 = CARTESIAN_POINT('',(35.,10.,100.));
#634 = DIRECTION('',(0.932004671541,0.,-0.362446261155));
#635 = DIRECTION('',(-0.362446261155,0.,-0.932004671541));
#636 = DEFINITIONAL_REPRESENTATION('',(#637),#641);
#637 = LINE('',#638,#639);
#638 = CARTESIAN_POINT('',(0.,0.));
#639 = VECTOR('',#640,1.);
#640 = DIRECTION('',(1.,0.));
#641 = ( GEOMETRIC_REPRESENTATION_CONTEXT(2) 
PARAMETRIC_REPRESENTATION_CONTEXT() REPRESENTATION_CONTEXT('2D SPACE',''
  ) );
#642 = ORIENTED_EDGE('',*,*,#643,.F.);
#643 = EDGE_CURVE('',#644,#616,#646,.T.);
#644 = VERTEX_POINT('',#645);
#645 = CARTESIAN_POINT('',(-5.551115123126E-15,10.,9.718598303751));
#646 = SURFACE_CURVE('',#647,(#652,#663),.PCURVE_S1.);
#647 = CIRCLE('',#648,1.5);
#648 = AXIS2_PLACEMENT_3D('',#649,#650,#651);
#649 = CARTESIAN_POINT('',(1.5,10.,9.718598303751));
#650 = DIRECTION('',(-0.,1.,0.));
#651 = DIRECTION('',(0.,0.,-1.));
#652 = PCURVE('',#102,#653);
#653 = DEFINITIONAL_REPRESENTATION('',(#654),#662);
#654 = ( BOUNDED_CURVE() B_SPLINE_CURVE(2,(#655,#656,#657,#658,#659,#660
,#661),.UNSPECIFIED.,.T.,.F.) B_SPLINE_CURVE_WITH_KNOTS((1,2,2,2,2,1),(
    -2.094395102393,0.,2.094395102393,4.188790204786,6.28318530718,
8.377580409573),.UNSPECIFIED.) CURVE() GEOMETRIC_REPRESENTATION_ITEM() 
RATIONAL_B_SPLINE_CURVE((1.,0.5,1.,0.5,1.,0.5,1.)) REPRESENTATION_ITEM(
  '') );
#655 = CARTESIAN_POINT('',(28.634150767195,-51.61759009052));
#656 = CARTESIAN_POINT('',(28.634150767195,-54.21566630187));
#657 = CARTESIAN_POINT('',(26.384150767195,-52.91662819619));
#658 = CARTESIAN_POINT('',(24.134150767195,-51.61759009052));
#659 = CARTESIAN_POINT('',(26.384150767195,-50.31855198484));
#660 = CARTESIAN_POINT('',(28.634150767195,-49.01951387916));
#661 = CARTESIAN_POINT('',(28.634150767195,-51.61759009052));
#662 = ( GEOMETRIC_REPRESENTATION_CONTEXT(2) 
PARAMETRIC_REPRESENTATION_CONTEXT() REPRESENTATION_CONTEXT('2D SPACE',''
  ) );
#663 = PCURVE('',#664,#669);
#664 = CYLINDRICAL_SURFACE('',#665,1.5);
#665 = AXIS2_PLACEMENT_3D('',#666,#667,#668);
#666 = CARTESIAN_POINT('',(1.5,10.,9.718598303751));
#667 = DIRECTION('',(0.,-1.,0.));
#668 = DIRECTION('',(-1.,-0.,-1.537501495315E-17));
#669 = DEFINITIONAL_REPRESENTATION('',(#670),#674);
#670 = LINE('',#671,#672);
#671 = CARTESIAN_POINT('',(1.570796326795,-0.));
#672 = VECTOR('',#673,1.);
#673 = DIRECTION('',(-1.,0.));
#674 = ( GEOMETRIC_REPRESENTATION_CONTEXT(2) 
PARAMETRIC_REPRESENTATION_CONTEXT() REPRESENTATION_CONTEXT('2D SPACE',''
  ) );
#675 = ORIENTED_EDGE('',*,*,#676,.T.);
#676 = EDGE_CURVE('',#644,#677,#679,.T.);
#677 = VERTEX_POINT('',#678);
#678 = CARTESIAN_POINT('',(1.306876271018E-16,10.,1.5));
#679 = SURFACE_CURVE('',#680,(#684,#691),.PCURVE_S1.);
#680 = LINE('',#681,#682);
#681 = CARTESIAN_POINT('',(-1.537501495315E-16,10.,10.));
#682 = VECTOR('',#683,1.);
#683 = DIRECTION('',(1.537501495315E-17,0.,-1.));
#684 = PCURVE('',#102,#685);
#685 = DEFINITIONAL_REPRESENTATION('',(#686),#690);
#686 = LINE('',#687,#688);
#687 = CARTESIAN_POINT('',(26.852749070946,-53.11759009052));
#688 = VECTOR('',#689,1.);
#689 = DIRECTION('',(1.,1.537501495315E-17));
#690 = ( GEOMETRIC_REPRESENTATION_CONTEXT(2) 
PARAMETRIC_REPRESENTATION_CONTEXT() REPRESENTATION_CONTEXT('2D SPACE',''
  ) );
#691 = PCURVE('',#692,#697);
#692 = PLANE('',#693);
#693 = AXIS2_PLACEMENT_3D('',#694,#695,#696);
#694 = CARTESIAN_POINT('',(-1.537501495315E-16,10.,10.));
#695 = DIRECTION('',(1.,0.,1.537501495315E-17));
#696 = DIRECTION('',(1.537501495315E-17,0.,-1.));
#697 = DEFINITIONAL_REPRESENTATION('',(#698),#702);
#698 = LINE('',#699,#700);
#699 = CARTESIAN_POINT('',(0.,0.));
#700 = VECTOR('',#701,1.);
#701 = DIRECTION('',(1.,0.));
#702 = ( GEOMETRIC_REPRESENTATION_CONTEXT(2) 
PARAMETRIC_REPRESENTATION_CONTEXT() REPRESENTATION_CONTEXT('2D SPACE',''
  ) );
#703 = ORIENTED_EDGE('',*,*,#704,.T.);
#704 = EDGE_CURVE('',#677,#92,#705,.T.);
#705 = SURFACE_CURVE('',#706,(#710,#717),.PCURVE_S1.);
#706 = LINE('',#707,#708);
#707 = CARTESIAN_POINT('',(0.,10.,1.5));
#708 = VECTOR('',#709,1.);
#709 = DIRECTION('',(1.,0.,0.));
#710 = PCURVE('',#102,#711);
#711 = DEFINITIONAL_REPRESENTATION('',(#712),#716);
#712 = LINE('',#713,#714);
#713 = CARTESIAN_POINT('',(35.352749070946,-53.11759009052));
#714 = VECTOR('',#715,1.);
#715 = DIRECTION('',(0.,1.));
#716 = ( GEOMETRIC_REPRESENTATION_CONTEXT(2) 
PARAMETRIC_REPRESENTATION_CONTEXT() REPRESENTATION_CONTEXT('2D SPACE',''
  ) );
#717 = PCURVE('',#718,#723);
#718 = CYLINDRICAL_SURFACE('',#719,1.5);
#719 = AXIS2_PLACEMENT_3D('',#720,#721,#722);
#720 = CARTESIAN_POINT('',(0.,8.5,1.5));
#721 = DIRECTION('',(1.,0.,0.));
#722 = DIRECTION('',(-0.,1.,0.));
#723 = DEFINITIONAL_REPRESENTATION('',(#724),#728);
#724 = LINE('',#725,#726);
#725 = CARTESIAN_POINT('',(-0.,0.));
#726 = VECTOR('',#727,1.);
#727 = DIRECTION('',(-0.,1.));
#728 = ( GEOMETRIC_REPRESENTATION_CONTEXT(2) 
PARAMETRIC_REPRESENTATION_CONTEXT() REPRESENTATION_CONTEXT('2D SPACE',''
  ) );
#729 = ADVANCED_FACE('',(#730),#114,.F.);
#730 = FACE_BOUND('',#731,.F.);
#731 = EDGE_LOOP('',(#732,#733,#761,#789));
#732 = ORIENTED_EDGE('',*,*,#91,.F.);
#733 = ORIENTED_EDGE('',*,*,#734,.T.);
#734 = EDGE_CURVE('',#92,#735,#737,.T.);
#735 = VERTEX_POINT('',#736);
#736 = CARTESIAN_POINT('',(120.,-70.,1.5));
#737 = SURFACE_CURVE('',#738,(#742,#749),.PCURVE_S1.);
#738 = LINE('',#739,#740);
#739 = CARTESIAN_POINT('',(120.,10.,1.5));
#740 = VECTOR('',#741,1.);
#741 = DIRECTION('',(0.,-1.,0.));
#742 = PCURVE('',#114,#743);
#743 = DEFINITIONAL_REPRESENTATION('',(#744),#748);
#744 = LINE('',#745,#746);
#745 = CARTESIAN_POINT('',(1.5,0.));
#746 = VECTOR('',#747,1.);
#747 = DIRECTION('',(0.,-1.));
#748 = ( GEOMETRIC_REPRESENTATION_CONTEXT(2) 
PARAMETRIC_REPRESENTATION_CONTEXT() REPRESENTATION_CONTEXT('2D SPACE',''
  ) );
#749 = PCURVE('',#750,#755);
#750 = CYLINDRICAL_SURFACE('',#751,1.5);
#751 = AXIS2_PLACEMENT_3D('',#752,#753,#754);
#752 = CARTESIAN_POINT('',(118.5,10.,1.5));
#753 = DIRECTION('',(0.,-1.,0.));
#754 = DIRECTION('',(1.,0.,-0.));
#755 = DEFINITIONAL_REPRESENTATION('',(#756),#760);
#756 = LINE('',#757,#758);
#757 = CARTESIAN_POINT('',(-0.,0.));
#758 = VECTOR('',#759,1.);
#759 = DIRECTION('',(-0.,1.));
#760 = ( GEOMETRIC_REPRESENTATION_CONTEXT(2) 
PARAMETRIC_REPRESENTATION_CONTEXT() REPRESENTATION_CONTEXT('2D SPACE',''
  ) );
#761 = ORIENTED_EDGE('',*,*,#762,.T.);
#762 = EDGE_CURVE('',#735,#763,#765,.T.);
#763 = VERTEX_POINT('',#764);
#764 = CARTESIAN_POINT('',(120.,-70.,9.37867965644));
#765 = SURFACE_CURVE('',#766,(#770,#777),.PCURVE_S1.);
#766 = LINE('',#767,#768);
#767 = CARTESIAN_POINT('',(120.,-70.,0.));
#768 = VECTOR('',#769,1.);
#769 = DIRECTION('',(0.,0.,1.));
#770 = PCURVE('',#114,#771);
#771 = DEFINITIONAL_REPRESENTATION('',(#772),#776);
#772 = LINE('',#773,#774);
#773 = CARTESIAN_POINT('',(0.,-80.));
#774 = VECTOR('',#775,1.);
#775 = DIRECTION('',(1.,0.));
#776 = ( GEOMETRIC_REPRESENTATION_CONTEXT(2) 
PARAMETRIC_REPRESENTATION_CONTEXT() REPRESENTATION_CONTEXT('2D SPACE',''
  ) );
#777 = PCURVE('',#778,#783);
#778 = PLANE('',#779);
#779 = AXIS2_PLACEMENT_3D('',#780,#781,#782);
#780 = CARTESIAN_POINT('',(53.11759009052,-70.,36.852749070946));
#781 = DIRECTION('',(-0.,-1.,-0.));
#782 = DIRECTION('',(0.,0.,-1.));
#783 = DEFINITIONAL_REPRESENTATION('',(#784),#788);
#784 = LINE('',#785,#786);
#785 = CARTESIAN_POINT('',(36.852749070946,66.88240990948));
#786 = VECTOR('',#787,1.);
#787 = DIRECTION('',(-1.,0.));
#788 = ( GEOMETRIC_REPRESENTATION_CONTEXT(2) 
PARAMETRIC_REPRESENTATION_CONTEXT() REPRESENTATION_CONTEXT('2D SPACE',''
  ) );
#789 = ORIENTED_EDGE('',*,*,#790,.F.);
#790 = EDGE_CURVE('',#94,#763,#791,.T.);
#791 = SURFACE_CURVE('',#792,(#796,#803),.PCURVE_S1.);
#792 = LINE('',#793,#794);
#793 = CARTESIAN_POINT('',(120.,10.,9.37867965644));
#794 = VECTOR('',#795,1.);
#795 = DIRECTION('',(0.,-1.,0.));
#796 = PCURVE('',#114,#797);
#797 = DEFINITIONAL_REPRESENTATION('',(#798),#802);
#798 = LINE('',#799,#800);
#799 = CARTESIAN_POINT('',(9.37867965644,0.));
#800 = VECTOR('',#801,1.);
#801 = DIRECTION('',(0.,-1.));
#802 = ( GEOMETRIC_REPRESENTATION_CONTEXT(2) 
PARAMETRIC_REPRESENTATION_CONTEXT() REPRESENTATION_CONTEXT('2D SPACE',''
  ) );
#803 = PCURVE('',#143,#804);
#804 = DEFINITIONAL_REPRESENTATION('',(#805),#809);
#805 = LINE('',#806,#807);
#806 = CARTESIAN_POINT('',(0.,0.));
#807 = VECTOR('',#808,1.);
#808 = DIRECTION('',(0.,1.));
#809 = ( GEOMETRIC_REPRESENTATION_CONTEXT(2) 
PARAMETRIC_REPRESENTATION_CONTEXT() REPRESENTATION_CONTEXT('2D SPACE',''
  ) );
#810 = ADVANCED_FACE('',(#811),#143,.T.);
#811 = FACE_BOUND('',#812,.T.);
#812 = EDGE_LOOP('',(#813,#814,#837,#859));
#813 = ORIENTED_EDGE('',*,*,#126,.T.);
#814 = ORIENTED_EDGE('',*,*,#815,.T.);
#815 = EDGE_CURVE('',#127,#816,#818,.T.);
#816 = VERTEX_POINT('',#817);
#817 = CARTESIAN_POINT('',(119.56066017178,-70.,10.43933982822));
#818 = SURFACE_CURVE('',#819,(#823,#830),.PCURVE_S1.);
#819 = LINE('',#820,#821);
#820 = CARTESIAN_POINT('',(119.56066017178,10.,10.43933982822));
#821 = VECTOR('',#822,1.);
#822 = DIRECTION('',(0.,-1.,0.));
#823 = PCURVE('',#143,#824);
#824 = DEFINITIONAL_REPRESENTATION('',(#825),#829);
#825 = LINE('',#826,#827);
#826 = CARTESIAN_POINT('',(0.785398163397,0.));
#827 = VECTOR('',#828,1.);
#828 = DIRECTION('',(0.,1.));
#829 = ( GEOMETRIC_REPRESENTATION_CONTEXT(2) 
PARAMETRIC_REPRESENTATION_CONTEXT() REPRESENTATION_CONTEXT('2D SPACE',''
  ) );
#830 = PCURVE('',#171,#831);
#831 = DEFINITIONAL_REPRESENTATION('',(#832),#836);
#832 = LINE('',#833,#834);
#833 = CARTESIAN_POINT('',(0.62132034356,0.));
#834 = VECTOR('',#835,1.);
#835 = DIRECTION('',(0.,-1.));
#836 = ( GEOMETRIC_REPRESENTATION_CONTEXT(2) 
PARAMETRIC_REPRESENTATION_CONTEXT() REPRESENTATION_CONTEXT('2D SPACE',''
  ) );
#837 = ORIENTED_EDGE('',*,*,#838,.F.);
#838 = EDGE_CURVE('',#763,#816,#839,.T.);
#839 = SURFACE_CURVE('',#840,(#845,#852),.PCURVE_S1.);
#840 = CIRCLE('',#841,1.5);
#841 = AXIS2_PLACEMENT_3D('',#842,#843,#844);
#842 = CARTESIAN_POINT('',(118.5,-70.,9.37867965644));
#843 = DIRECTION('',(0.,-1.,0.));
#844 = DIRECTION('',(0.,-0.,-1.));
#845 = PCURVE('',#143,#846);
#846 = DEFINITIONAL_REPRESENTATION('',(#847),#851);
#847 = LINE('',#848,#849);
#848 = CARTESIAN_POINT('',(-1.570796326795,80.));
#849 = VECTOR('',#850,1.);
#850 = DIRECTION('',(1.,0.));
#851 = ( GEOMETRIC_REPRESENTATION_CONTEXT(2) 
PARAMETRIC_REPRESENTATION_CONTEXT() REPRESENTATION_CONTEXT('2D SPACE',''
  ) );
#852 = PCURVE('',#778,#853);
#853 = DEFINITIONAL_REPRESENTATION('',(#854),#858);
#854 = CIRCLE('',#855,1.5);
#855 = AXIS2_PLACEMENT_2D('',#856,#857);
#856 = CARTESIAN_POINT('',(27.474069414506,65.38240990948));
#857 = DIRECTION('',(1.,0.));
#858 = ( GEOMETRIC_REPRESENTATION_CONTEXT(2) 
PARAMETRIC_REPRESENTATION_CONTEXT() REPRESENTATION_CONTEXT('2D SPACE',''
  ) );
#859 = ORIENTED_EDGE('',*,*,#790,.F.);
#860 = ADVANCED_FACE('',(#861),#718,.T.);
#861 = FACE_BOUND('',#862,.F.);
#862 = EDGE_LOOP('',(#863,#902,#930,#962));
#863 = ORIENTED_EDGE('',*,*,#864,.T.);
#864 = EDGE_CURVE('',#677,#865,#867,.T.);
#865 = VERTEX_POINT('',#866);
#866 = CARTESIAN_POINT('',(1.5,8.5,-2.22044604925E-16));
#867 = SURFACE_CURVE('',#868,(#873,#885),.PCURVE_S1.);
#868 = ELLIPSE('',#869,2.12132034356,1.5);
#869 = AXIS2_PLACEMENT_3D('',#870,#871,#872);
#870 = CARTESIAN_POINT('',(1.5,8.5,1.5));
#871 = DIRECTION('',(-0.707106781187,-0.707106781187,0.));
#872 = DIRECTION('',(0.707106781187,-0.707106781187,0.));
#873 = PCURVE('',#718,#874);
#874 = DEFINITIONAL_REPRESENTATION('',(#875),#884);
#875 = B_SPLINE_CURVE_WITH_KNOTS('',7,(#876,#877,#878,#879,#880,#881,
    #882,#883),.UNSPECIFIED.,.F.,.F.,(8,8),(3.14159265359,4.712388980385
    ),.PIECEWISE_BEZIER_KNOTS.);
#876 = CARTESIAN_POINT('',(-1.480297366167E-16,-2.22044604925E-16));
#877 = CARTESIAN_POINT('',(-0.224399475256,-1.808230900596E-16));
#878 = CARTESIAN_POINT('',(-0.448798950513,8.812300891488E-02));
#879 = CARTESIAN_POINT('',(-0.673198425769,0.264356243063));
#880 = CARTESIAN_POINT('',(-0.897597901026,0.517879761339));
#881 = CARTESIAN_POINT('',(-1.121997376282,0.826802941022));
#882 = CARTESIAN_POINT('',(-1.346396851538,1.163400787115));
#883 = CARTESIAN_POINT('',(-1.570796326795,1.5));
#884 = ( GEOMETRIC_REPRESENTATION_CONTEXT(2) 
PARAMETRIC_REPRESENTATION_CONTEXT() REPRESENTATION_CONTEXT('2D SPACE',''
  ) );
#885 = PCURVE('',#886,#891);
#886 = CYLINDRICAL_SURFACE('',#887,1.5);
#887 = AXIS2_PLACEMENT_3D('',#888,#889,#890);
#888 = CARTESIAN_POINT('',(1.5,10.,1.5));
#889 = DIRECTION('',(0.,-1.,0.));
#890 = DIRECTION('',(0.,-0.,-1.));
#891 = DEFINITIONAL_REPRESENTATION('',(#892),#901);
#892 = B_SPLINE_CURVE_WITH_KNOTS('',7,(#893,#894,#895,#896,#897,#898,
    #899,#900),.UNSPECIFIED.,.F.,.F.,(8,8),(3.14159265359,4.712388980385
    ),.PIECEWISE_BEZIER_KNOTS.);
#893 = CARTESIAN_POINT('',(-1.570796326795,0.));
#894 = CARTESIAN_POINT('',(-1.346396851538,4.122151486547E-17));
#895 = CARTESIAN_POINT('',(-1.121997376282,8.812300891498E-02));
#896 = CARTESIAN_POINT('',(-0.897597901025,0.264356243062));
#897 = CARTESIAN_POINT('',(-0.67319842577,0.517879761339));
#898 = CARTESIAN_POINT('',(-0.448798950513,0.826802941022));
#899 = CARTESIAN_POINT('',(-0.224399475256,1.163400787115));
#900 = CARTESIAN_POINT('',(0.,1.5));
#901 = ( GEOMETRIC_REPRESENTATION_CONTEXT(2) 
PARAMETRIC_REPRESENTATION_CONTEXT() REPRESENTATION_CONTEXT('2D SPACE',''
  ) );
#902 = ORIENTED_EDGE('',*,*,#903,.T.);
#903 = EDGE_CURVE('',#865,#904,#906,.T.);
#904 = VERTEX_POINT('',#905);
#905 = CARTESIAN_POINT('',(118.5,8.5,-2.22044604925E-16));
#906 = SURFACE_CURVE('',#907,(#911,#918),.PCURVE_S1.);
#907 = LINE('',#908,#909);
#908 = CARTESIAN_POINT('',(0.,8.5,-2.22044604925E-16));
#909 = VECTOR('',#910,1.);
#910 = DIRECTION('',(1.,0.,0.));
#911 = PCURVE('',#718,#912);
#912 = DEFINITIONAL_REPRESENTATION('',(#913),#917);
#913 = LINE('',#914,#915);
#914 = CARTESIAN_POINT('',(-1.570796326795,0.));
#915 = VECTOR('',#916,1.);
#916 = DIRECTION('',(-0.,1.));
#917 = ( GEOMETRIC_REPRESENTATION_CONTEXT(2) 
PARAMETRIC_REPRESENTATION_CONTEXT() REPRESENTATION_CONTEXT('2D SPACE',''
  ) );
#918 = PCURVE('',#919,#924);
#919 = PLANE('',#920);
#920 = AXIS2_PLACEMENT_3D('',#921,#922,#923);
#921 = CARTESIAN_POINT('',(0.,10.,0.));
#922 = DIRECTION('',(-0.,0.,1.));
#923 = DIRECTION('',(1.,0.,0.));
#924 = DEFINITIONAL_REPRESENTATION('',(#925),#929);
#925 = LINE('',#926,#927);
#926 = CARTESIAN_POINT('',(0.,-1.5));
#927 = VECTOR('',#928,1.);
#928 = DIRECTION('',(1.,0.));
#929 = ( GEOMETRIC_REPRESENTATION_CONTEXT(2) 
PARAMETRIC_REPRESENTATION_CONTEXT() REPRESENTATION_CONTEXT('2D SPACE',''
  ) );
#930 = ORIENTED_EDGE('',*,*,#931,.F.);
#931 = EDGE_CURVE('',#92,#904,#932,.T.);
#932 = SURFACE_CURVE('',#933,(#938,#950),.PCURVE_S1.);
#933 = ELLIPSE('',#934,2.12132034356,1.5);
#934 = AXIS2_PLACEMENT_3D('',#935,#936,#937);
#935 = CARTESIAN_POINT('',(118.5,8.5,1.5));
#936 = DIRECTION('',(-0.707106781187,0.707106781187,0.));
#937 = DIRECTION('',(0.707106781187,0.707106781187,0.));
#938 = PCURVE('',#718,#939);
#939 = DEFINITIONAL_REPRESENTATION('',(#940),#949);
#940 = B_SPLINE_CURVE_WITH_KNOTS('',7,(#941,#942,#943,#944,#945,#946,
    #947,#948),.UNSPECIFIED.,.F.,.F.,(8,8),(0.,1.570796326795),
  .PIECEWISE_BEZIER_KNOTS.);
#941 = CARTESIAN_POINT('',(-2.960594732334E-16,120.));
#942 = CARTESIAN_POINT('',(-0.224399475256,120.));
#943 = CARTESIAN_POINT('',(-0.448798950513,119.91187699108));
#944 = CARTESIAN_POINT('',(-0.67319842577,119.73564375693));
#945 = CARTESIAN_POINT('',(-0.897597901025,119.48212023866));
#946 = CARTESIAN_POINT('',(-1.121997376282,119.17319705898));
#947 = CARTESIAN_POINT('',(-1.346396851538,118.83659921288));
#948 = CARTESIAN_POINT('',(-1.570796326795,118.5));
#949 = ( GEOMETRIC_REPRESENTATION_CONTEXT(2) 
PARAMETRIC_REPRESENTATION_CONTEXT() REPRESENTATION_CONTEXT('2D SPACE',''
  ) );
#950 = PCURVE('',#750,#951);
#951 = DEFINITIONAL_REPRESENTATION('',(#952),#961);
#952 = B_SPLINE_CURVE_WITH_KNOTS('',7,(#953,#954,#955,#956,#957,#958,
    #959,#960),.UNSPECIFIED.,.F.,.F.,(8,8),(0.,1.570796326795),
  .PIECEWISE_BEZIER_KNOTS.);
#953 = CARTESIAN_POINT('',(-2.960594732334E-16,0.));
#954 = CARTESIAN_POINT('',(-0.224399475256,8.244302973093E-17));
#955 = CARTESIAN_POINT('',(-0.448798950513,8.812300891501E-02));
#956 = CARTESIAN_POINT('',(-0.673198425769,0.264356243062));
#957 = CARTESIAN_POINT('',(-0.897597901026,0.517879761339));
#958 = CARTESIAN_POINT('',(-1.121997376282,0.826802941021));
#959 = CARTESIAN_POINT('',(-1.346396851538,1.163400787115));
#960 = CARTESIAN_POINT('',(-1.570796326795,1.5));
#961 = ( GEOMETRIC_REPRESENTATION_CONTEXT(2) 
PARAMETRIC_REPRESENTATION_CONTEXT() REPRESENTATION_CONTEXT('2D SPACE',''
  ) );
#962 = ORIENTED_EDGE('',*,*,#704,.F.);
#963 = ADVANCED_FACE('',(#964,#1012),#171,.F.);
#964 = FACE_BOUND('',#965,.F.);
#965 = EDGE_LOOP('',(#966,#967,#968,#991));
#966 = ORIENTED_EDGE('',*,*,#155,.F.);
#967 = ORIENTED_EDGE('',*,*,#815,.T.);
#968 = ORIENTED_EDGE('',*,*,#969,.T.);
#969 = EDGE_CURVE('',#816,#970,#972,.T.);
#970 = VERTEX_POINT('',#971);
#971 = CARTESIAN_POINT('',(30.43933982822,-70.,99.56066017178));
#972 = SURFACE_CURVE('',#973,(#977,#984),.PCURVE_S1.);
#973 = LINE('',#974,#975);
#974 = CARTESIAN_POINT('',(120.,-70.,10.));
#975 = VECTOR('',#976,1.);
#976 = DIRECTION('',(-0.707106781187,0.,0.707106781187));
#977 = PCURVE('',#171,#978);
#978 = DEFINITIONAL_REPRESENTATION('',(#979),#983);
#979 = LINE('',#980,#981);
#980 = CARTESIAN_POINT('',(0.,-80.));
#981 = VECTOR('',#982,1.);
#982 = DIRECTION('',(1.,0.));
#983 = ( GEOMETRIC_REPRESENTATION_CONTEXT(2) 
PARAMETRIC_REPRESENTATION_CONTEXT() REPRESENTATION_CONTEXT('2D SPACE',''
  ) );
#984 = PCURVE('',#778,#985);
#985 = DEFINITIONAL_REPRESENTATION('',(#986),#990);
#986 = LINE('',#987,#988);
#987 = CARTESIAN_POINT('',(26.852749070946,66.88240990948));
#988 = VECTOR('',#989,1.);
#989 = DIRECTION('',(-0.707106781187,-0.707106781187));
#990 = ( GEOMETRIC_REPRESENTATION_CONTEXT(2) 
PARAMETRIC_REPRESENTATION_CONTEXT() REPRESENTATION_CONTEXT('2D SPACE',''
  ) );
#991 = ORIENTED_EDGE('',*,*,#992,.F.);
#992 = EDGE_CURVE('',#156,#970,#993,.T.);
#993 = SURFACE_CURVE('',#994,(#998,#1005),.PCURVE_S1.);
#994 = LINE('',#995,#996);
#995 = CARTESIAN_POINT('',(30.43933982822,10.,99.56066017178));
#996 = VECTOR('',#997,1.);
#997 = DIRECTION('',(0.,-1.,0.));
#998 = PCURVE('',#171,#999);
#999 = DEFINITIONAL_REPRESENTATION('',(#1000),#1004);
#1000 = LINE('',#1001,#1002);
#1001 = CARTESIAN_POINT('',(126.65790027001,0.));
#1002 = VECTOR('',#1003,1.);
#1003 = DIRECTION('',(0.,-1.));
#1004 = ( GEOMETRIC_REPRESENTATION_CONTEXT(2) 
PARAMETRIC_REPRESENTATION_CONTEXT() REPRESENTATION_CONTEXT('2D SPACE',''
  ) );
#1005 = PCURVE('',#204,#1006);
#1006 = DEFINITIONAL_REPRESENTATION('',(#1007),#1011);
#1007 = LINE('',#1008,#1009);
#1008 = CARTESIAN_POINT('',(-0.,0.));
#1009 = VECTOR('',#1010,1.);
#1010 = DIRECTION('',(-0.,1.));
#1011 = ( GEOMETRIC_REPRESENTATION_CONTEXT(2) 
PARAMETRIC_REPRESENTATION_CONTEXT() REPRESENTATION_CONTEXT('2D SPACE',''
  ) );
#1012 = FACE_BOUND('',#1013,.F.);
#1013 = EDGE_LOOP('',(#1014,#1048,#1074,#1101));
#1014 = ORIENTED_EDGE('',*,*,#1015,.F.);
#1015 = EDGE_CURVE('',#1016,#1018,#1020,.T.);
#1016 = VERTEX_POINT('',#1017);
#1017 = CARTESIAN_POINT('',(75.866025403784,0.866025403784,
    54.133974596216));
#1018 = VERTEX_POINT('',#1019);
#1019 = CARTESIAN_POINT('',(76.201070756253,6.96999063549E-02,
    53.798929243747));
#1020 = SURFACE_CURVE('',#1021,(#1026,#1033),.PCURVE_S1.);
#1021 = ELLIPSE('',#1022,3.,1.5);
#1022 = AXIS2_PLACEMENT_3D('',#1023,#1024,#1025);
#1023 = CARTESIAN_POINT('',(75.,0.,55.));
#1024 = DIRECTION('',(-0.707106781187,6.803361091336E-18,-0.707106781187
    ));
#1025 = DIRECTION('',(-0.408248290464,0.816496580928,0.408248290464));
#1026 = PCURVE('',#171,#1027);
#1027 = DEFINITIONAL_REPRESENTATION('',(#1028),#1032);
#1028 = ELLIPSE('',#1029,3.,1.5);
#1029 = AXIS2_PLACEMENT_2D('',#1030,#1031);
#1030 = CARTESIAN_POINT('',(63.639610306789,-10.));
#1031 = DIRECTION('',(0.57735026919,0.816496580928));
#1032 = ( GEOMETRIC_REPRESENTATION_CONTEXT(2) 
PARAMETRIC_REPRESENTATION_CONTEXT() REPRESENTATION_CONTEXT('2D SPACE',''
  ) );
#1033 = PCURVE('',#1034,#1039);
#1034 = CYLINDRICAL_SURFACE('',#1035,1.5);
#1035 = AXIS2_PLACEMENT_3D('',#1036,#1037,#1038);
#1036 = CARTESIAN_POINT('',(75.,0.,55.));
#1037 = DIRECTION('',(-0.707106781187,0.707106781187,-0.));
#1038 = DIRECTION('',(0.707106781187,0.707106781187,0.));
#1039 = DEFINITIONAL_REPRESENTATION('',(#1040),#1047);
#1040 = B_SPLINE_CURVE_WITH_KNOTS('',5,(#1041,#1042,#1043,#1044,#1045,
    #1046),.UNSPECIFIED.,.F.,.F.,(6,6),(1.570796326795,1.883802510715),
  .PIECEWISE_BEZIER_KNOTS.);
#1041 = CARTESIAN_POINT('',(-5.667705598509,4.245733584905E-16));
#1042 = CARTESIAN_POINT('',(-5.605104361725,-0.16264278409));
#1043 = CARTESIAN_POINT('',(-5.542503124941,-0.325285578453));
#1044 = CARTESIAN_POINT('',(-5.479901888157,-0.486600438096));
#1045 = CARTESIAN_POINT('',(-5.417300651373,-0.645259670045));
#1046 = CARTESIAN_POINT('',(-5.354699414589,-0.8));
#1047 = ( GEOMETRIC_REPRESENTATION_CONTEXT(2) 
PARAMETRIC_REPRESENTATION_CONTEXT() REPRESENTATION_CONTEXT('2D SPACE',''
  ) );
#1048 = ORIENTED_EDGE('',*,*,#1049,.T.);
#1049 = EDGE_CURVE('',#1016,#1050,#1052,.T.);
#1050 = VERTEX_POINT('',#1051);
#1051 = CARTESIAN_POINT('',(74.133974596216,-0.866025403784,
    55.866025403784));
#1052 = SURFACE_CURVE('',#1053,(#1057,#1063),.PCURVE_S1.);
#1053 = LINE('',#1054,#1055);
#1054 = CARTESIAN_POINT('',(90.28595479209,15.28595479209,39.71404520791
    ));
#1055 = VECTOR('',#1056,1.);
#1056 = DIRECTION('',(-0.57735026919,-0.57735026919,0.57735026919));
#1057 = PCURVE('',#171,#1058);
#1058 = DEFINITIONAL_REPRESENTATION('',(#1059),#1062);
#1059 = B_SPLINE_CURVE_WITH_KNOTS('',1,(#1060,#1061),.UNSPECIFIED.,.F.,
  .F.,(2,2),(24.638933035013,28.313167649188),.PIECEWISE_BEZIER_KNOTS.);
#1060 = CARTESIAN_POINT('',(62.139610306789,-8.93933982822));
#1061 = CARTESIAN_POINT('',(65.139610306789,-11.06066017178));
#1062 = ( GEOMETRIC_REPRESENTATION_CONTEXT(2) 
PARAMETRIC_REPRESENTATION_CONTEXT() REPRESENTATION_CONTEXT('2D SPACE',''
  ) );
#1063 = PCURVE('',#1064,#1069);
#1064 = PLANE('',#1065);
#1065 = AXIS2_PLACEMENT_3D('',#1066,#1067,#1068);
#1066 = CARTESIAN_POINT('',(60.857864376269,-14.14213562373,35.));
#1067 = DIRECTION('',(0.707106781187,-0.707106781187,4.834630952926E-16)
  );
#1068 = DIRECTION('',(-0.707106781187,-0.707106781187,9.651277813247E-35
    ));
#1069 = DEFINITIONAL_REPRESENTATION('',(#1070),#1073);
#1070 = B_SPLINE_CURVE_WITH_KNOTS('',1,(#1071,#1072),.UNSPECIFIED.,.F.,
  .F.,(2,2),(24.638933035013,28.313167649188),.PIECEWISE_BEZIER_KNOTS.);
#1071 = CARTESIAN_POINT('',(-21.5,-18.93933982822));
#1072 = CARTESIAN_POINT('',(-18.5,-21.06066017178));
#1073 = ( GEOMETRIC_REPRESENTATION_CONTEXT(2) 
PARAMETRIC_REPRESENTATION_CONTEXT() REPRESENTATION_CONTEXT('2D SPACE',''
  ) );
#1074 = ORIENTED_EDGE('',*,*,#1075,.F.);
#1075 = EDGE_CURVE('',#1076,#1050,#1078,.T.);
#1076 = VERTEX_POINT('',#1077);
#1077 = CARTESIAN_POINT('',(74.553176477012,-1.578194372886,
    55.446823522988));
#1078 = SURFACE_CURVE('',#1079,(#1084,#1091),.PCURVE_S1.);
#1079 = ELLIPSE('',#1080,3.,1.5);
#1080 = AXIS2_PLACEMENT_3D('',#1081,#1082,#1083);
#1081 = CARTESIAN_POINT('',(75.,0.,55.));
#1082 = DIRECTION('',(-0.707106781187,6.803361091336E-18,-0.707106781187
    ));
#1083 = DIRECTION('',(-0.408248290464,0.816496580928,0.408248290464));
#1084 = PCURVE('',#171,#1085);
#1085 = DEFINITIONAL_REPRESENTATION('',(#1086),#1090);
#1086 = ELLIPSE('',#1087,3.,1.5);
#1087 = AXIS2_PLACEMENT_2D('',#1088,#1089);
#1088 = CARTESIAN_POINT('',(63.639610306789,-10.));
#1089 = DIRECTION('',(0.57735026919,0.816496580928));
#1090 = ( GEOMETRIC_REPRESENTATION_CONTEXT(2) 
PARAMETRIC_REPRESENTATION_CONTEXT() REPRESENTATION_CONTEXT('2D SPACE',''
  ) );
#1091 = PCURVE('',#1034,#1092);
#1092 = DEFINITIONAL_REPRESENTATION('',(#1093),#1100);
#1093 = B_SPLINE_CURVE_WITH_KNOTS('',5,(#1094,#1095,#1096,#1097,#1098,
    #1099),.UNSPECIFIED.,.F.,.F.,(6,6),(4.399382796465,4.712388980385),
  .PIECEWISE_BEZIER_KNOTS.);
#1094 = CARTESIAN_POINT('',(-9.122304436019,-0.8));
#1095 = CARTESIAN_POINT('',(-9.059703199235,-0.645259670045));
#1096 = CARTESIAN_POINT('',(-8.997101962451,-0.486600438096));
#1097 = CARTESIAN_POINT('',(-8.934500725667,-0.325285578453));
#1098 = CARTESIAN_POINT('',(-8.871899488883,-0.16264278409));
#1099 = CARTESIAN_POINT('',(-8.809298252099,-5.541347977798E-15));
#1100 = ( GEOMETRIC_REPRESENTATION_CONTEXT(2) 
PARAMETRIC_REPRESENTATION_CONTEXT() REPRESENTATION_CONTEXT('2D SPACE',''
  ) );
#1101 = ORIENTED_EDGE('',*,*,#1102,.F.);
#1102 = EDGE_CURVE('',#1018,#1076,#1103,.T.);
#1103 = SURFACE_CURVE('',#1104,(#1108,#1114),.PCURVE_S1.);
#1104 = LINE('',#1105,#1106);
#1105 = CARTESIAN_POINT('',(90.663078408723,14.531707558824,
    39.336921591277));
#1106 = VECTOR('',#1107,1.);
#1107 = DIRECTION('',(-0.57735026919,-0.57735026919,0.57735026919));
#1108 = PCURVE('',#171,#1109);
#1109 = DEFINITIONAL_REPRESENTATION('',(#1110),#1113);
#1110 = B_SPLINE_CURVE_WITH_KNOTS('',1,(#1111,#1112),.UNSPECIFIED.,.F.,
  .F.,(2,2),(24.531171395489,27.986569016817),.PIECEWISE_BEZIER_KNOTS.);
#1111 = CARTESIAN_POINT('',(61.51828996323,-9.631370849898));
#1112 = CARTESIAN_POINT('',(64.339610306789,-11.62634559672));
#1113 = ( GEOMETRIC_REPRESENTATION_CONTEXT(2) 
PARAMETRIC_REPRESENTATION_CONTEXT() REPRESENTATION_CONTEXT('2D SPACE',''
  ) );
#1114 = PCURVE('',#1115,#1120);
#1115 = PLANE('',#1116);
#1116 = AXIS2_PLACEMENT_3D('',#1117,#1118,#1119);
#1117 = CARTESIAN_POINT('',(61.423549801218,-14.70782104868,35.));
#1118 = DIRECTION('',(0.707106781187,-0.707106781187,4.834630952926E-16)
  );
#1119 = DIRECTION('',(-0.707106781187,-0.707106781187,9.651277813247E-35
    ));
#1120 = DEFINITIONAL_REPRESENTATION('',(#1121),#1124);
#1121 = B_SPLINE_CURVE_WITH_KNOTS('',1,(#1122,#1123),.UNSPECIFIED.,.F.,
  .F.,(2,2),(24.531171395489,27.986569016817),.PIECEWISE_BEZIER_KNOTS.);
#1122 = CARTESIAN_POINT('',(-21.32132034356,-18.5));
#1123 = CARTESIAN_POINT('',(-18.5,-20.49497474683));
#1124 = ( GEOMETRIC_REPRESENTATION_CONTEXT(2) 
PARAMETRIC_REPRESENTATION_CONTEXT() REPRESENTATION_CONTEXT('2D SPACE',''
  ) );
#1125 = ADVANCED_FACE('',(#1126),#692,.F.);
#1126 = FACE_BOUND('',#1127,.F.);
#1127 = EDGE_LOOP('',(#1128,#1129,#1152,#1175));
#1128 = ORIENTED_EDGE('',*,*,#676,.F.);
#1129 = ORIENTED_EDGE('',*,*,#1130,.T.);
#1130 = EDGE_CURVE('',#644,#1131,#1133,.T.);
#1131 = VERTEX_POINT('',#1132);
#1132 = CARTESIAN_POINT('',(-5.551115123126E-15,-70.,9.718598303751));
#1133 = SURFACE_CURVE('',#1134,(#1138,#1145),.PCURVE_S1.);
#1134 = LINE('',#1135,#1136);
#1135 = CARTESIAN_POINT('',(-5.551115123126E-15,10.,9.718598303751));
#1136 = VECTOR('',#1137,1.);
#1137 = DIRECTION('',(0.,-1.,0.));
#1138 = PCURVE('',#692,#1139);
#1139 = DEFINITIONAL_REPRESENTATION('',(#1140),#1144);
#1140 = LINE('',#1141,#1142);
#1141 = CARTESIAN_POINT('',(0.281401696249,0.));
#1142 = VECTOR('',#1143,1.);
#1143 = DIRECTION('',(0.,-1.));
#1144 = ( GEOMETRIC_REPRESENTATION_CONTEXT(2) 
PARAMETRIC_REPRESENTATION_CONTEXT() REPRESENTATION_CONTEXT('2D SPACE',''
  ) );
#1145 = PCURVE('',#664,#1146);
#1146 = DEFINITIONAL_REPRESENTATION('',(#1147),#1151);
#1147 = LINE('',#1148,#1149);
#1148 = CARTESIAN_POINT('',(-0.,0.));
#1149 = VECTOR('',#1150,1.);
#1150 = DIRECTION('',(-0.,1.));
#1151 = ( GEOMETRIC_REPRESENTATION_CONTEXT(2) 
PARAMETRIC_REPRESENTATION_CONTEXT() REPRESENTATION_CONTEXT('2D SPACE',''
  ) );
#1152 = ORIENTED_EDGE('',*,*,#1153,.T.);
#1153 = EDGE_CURVE('',#1131,#1154,#1156,.T.);
#1154 = VERTEX_POINT('',#1155);
#1155 = CARTESIAN_POINT('',(-2.22044604925E-16,-70.,1.5));
#1156 = SURFACE_CURVE('',#1157,(#1161,#1168),.PCURVE_S1.);
#1157 = LINE('',#1158,#1159);
#1158 = CARTESIAN_POINT('',(-1.537501495315E-16,-70.,10.));
#1159 = VECTOR('',#1160,1.);
#1160 = DIRECTION('',(1.537501495315E-17,0.,-1.));
#1161 = PCURVE('',#692,#1162);
#1162 = DEFINITIONAL_REPRESENTATION('',(#1163),#1167);
#1163 = LINE('',#1164,#1165);
#1164 = CARTESIAN_POINT('',(0.,-80.));
#1165 = VECTOR('',#1166,1.);
#1166 = DIRECTION('',(1.,0.));
#1167 = ( GEOMETRIC_REPRESENTATION_CONTEXT(2) 
PARAMETRIC_REPRESENTATION_CONTEXT() REPRESENTATION_CONTEXT('2D SPACE',''
  ) );
#1168 = PCURVE('',#778,#1169);
#1169 = DEFINITIONAL_REPRESENTATION('',(#1170),#1174);
#1170 = LINE('',#1171,#1172);
#1171 = CARTESIAN_POINT('',(26.852749070946,-53.11759009052));
#1172 = VECTOR('',#1173,1.);
#1173 = DIRECTION('',(1.,1.537501495315E-17));
#1174 = ( GEOMETRIC_REPRESENTATION_CONTEXT(2) 
PARAMETRIC_REPRESENTATION_CONTEXT() REPRESENTATION_CONTEXT('2D SPACE',''
  ) );
#1175 = ORIENTED_EDGE('',*,*,#1176,.F.);
#1176 = EDGE_CURVE('',#677,#1154,#1177,.T.);
#1177 = SURFACE_CURVE('',#1178,(#1182,#1189),.PCURVE_S1.);
#1178 = LINE('',#1179,#1180);
#1179 = CARTESIAN_POINT('',(-2.22044604925E-16,10.,1.5));
#1180 = VECTOR('',#1181,1.);
#1181 = DIRECTION('',(0.,-1.,0.));
#1182 = PCURVE('',#692,#1183);
#1183 = DEFINITIONAL_REPRESENTATION('',(#1184),#1188);
#1184 = LINE('',#1185,#1186);
#1185 = CARTESIAN_POINT('',(8.5,0.));
#1186 = VECTOR('',#1187,1.);
#1187 = DIRECTION('',(0.,-1.));
#1188 = ( GEOMETRIC_REPRESENTATION_CONTEXT(2) 
PARAMETRIC_REPRESENTATION_CONTEXT() REPRESENTATION_CONTEXT('2D SPACE',''
  ) );
#1189 = PCURVE('',#886,#1190);
#1190 = DEFINITIONAL_REPRESENTATION('',(#1191),#1195);
#1191 = LINE('',#1192,#1193);
#1192 = CARTESIAN_POINT('',(-1.570796326795,0.));
#1193 = VECTOR('',#1194,1.);
#1194 = DIRECTION('',(-0.,1.));
#1195 = ( GEOMETRIC_REPRESENTATION_CONTEXT(2) 
PARAMETRIC_REPRESENTATION_CONTEXT() REPRESENTATION_CONTEXT('2D SPACE',''
  ) );
#1196 = ADVANCED_FACE('',(#1197),#204,.F.);
#1197 = FACE_BOUND('',#1198,.T.);
#1198 = EDGE_LOOP('',(#1199,#1200,#1223,#1249));
#1199 = ORIENTED_EDGE('',*,*,#183,.T.);
#1200 = ORIENTED_EDGE('',*,*,#1201,.T.);
#1201 = EDGE_CURVE('',#184,#1202,#1204,.T.);
#1202 = VERTEX_POINT('',#1203);
#1203 = CARTESIAN_POINT('',(30.,-70.,100.62132034356));
#1204 = SURFACE_CURVE('',#1205,(#1209,#1216),.PCURVE_S1.);
#1205 = LINE('',#1206,#1207);
#1206 = CARTESIAN_POINT('',(30.,10.,100.62132034356));
#1207 = VECTOR('',#1208,1.);
#1208 = DIRECTION('',(0.,-1.,0.));
#1209 = PCURVE('',#204,#1210);
#1210 = DEFINITIONAL_REPRESENTATION('',(#1211),#1215);
#1211 = LINE('',#1212,#1213);
#1212 = CARTESIAN_POINT('',(-0.785398163397,0.));
#1213 = VECTOR('',#1214,1.);
#1214 = DIRECTION('',(-0.,1.));
#1215 = ( GEOMETRIC_REPRESENTATION_CONTEXT(2) 
PARAMETRIC_REPRESENTATION_CONTEXT() REPRESENTATION_CONTEXT('2D SPACE',''
  ) );
#1216 = PCURVE('',#232,#1217);
#1217 = DEFINITIONAL_REPRESENTATION('',(#1218),#1222);
#1218 = LINE('',#1219,#1220);
#1219 = CARTESIAN_POINT('',(0.62132034356,0.));
#1220 = VECTOR('',#1221,1.);
#1221 = DIRECTION('',(0.,-1.));
#1222 = ( GEOMETRIC_REPRESENTATION_CONTEXT(2) 
PARAMETRIC_REPRESENTATION_CONTEXT() REPRESENTATION_CONTEXT('2D SPACE',''
  ) );
#1223 = ORIENTED_EDGE('',*,*,#1224,.F.);
#1224 = EDGE_CURVE('',#970,#1202,#1225,.T.);
#1225 = SURFACE_CURVE('',#1226,(#1231,#1238),.PCURVE_S1.);
#1226 = CIRCLE('',#1227,1.5);
#1227 = AXIS2_PLACEMENT_3D('',#1228,#1229,#1230);
#1228 = CARTESIAN_POINT('',(31.5,-70.,100.62132034356));
#1229 = DIRECTION('',(-0.,1.,0.));
#1230 = DIRECTION('',(0.,0.,-1.));
#1231 = PCURVE('',#204,#1232);
#1232 = DEFINITIONAL_REPRESENTATION('',(#1233),#1237);
#1233 = LINE('',#1234,#1235);
#1234 = CARTESIAN_POINT('',(0.785398163397,80.));
#1235 = VECTOR('',#1236,1.);
#1236 = DIRECTION('',(-1.,0.));
#1237 = ( GEOMETRIC_REPRESENTATION_CONTEXT(2) 
PARAMETRIC_REPRESENTATION_CONTEXT() REPRESENTATION_CONTEXT('2D SPACE',''
  ) );
#1238 = PCURVE('',#778,#1239);
#1239 = DEFINITIONAL_REPRESENTATION('',(#1240),#1248);
#1240 = ( BOUNDED_CURVE() B_SPLINE_CURVE(2,(#1241,#1242,#1243,#1244,
#1245,#1246,#1247),.UNSPECIFIED.,.T.,.F.) B_SPLINE_CURVE_WITH_KNOTS((1,2
    ,2,2,2,1),(-2.094395102393,0.,2.094395102393,4.188790204786,
6.28318530718,8.377580409573),.UNSPECIFIED.) CURVE() 
GEOMETRIC_REPRESENTATION_ITEM() RATIONAL_B_SPLINE_CURVE((1.,0.5,1.,0.5,
1.,0.5,1.)) REPRESENTATION_ITEM('') );
#1241 = CARTESIAN_POINT('',(-62.26857127261,-21.61759009052));
#1242 = CARTESIAN_POINT('',(-62.26857127261,-24.21566630187));
#1243 = CARTESIAN_POINT('',(-64.51857127261,-22.91662819619));
#1244 = CARTESIAN_POINT('',(-66.76857127261,-21.61759009052));
#1245 = CARTESIAN_POINT('',(-64.51857127261,-20.31855198484));
#1246 = CARTESIAN_POINT('',(-62.26857127261,-19.01951387916));
#1247 = CARTESIAN_POINT('',(-62.26857127261,-21.61759009052));
#1248 = ( GEOMETRIC_REPRESENTATION_CONTEXT(2) 
PARAMETRIC_REPRESENTATION_CONTEXT() REPRESENTATION_CONTEXT('2D SPACE',''
  ) );
#1249 = ORIENTED_EDGE('',*,*,#992,.F.);
#1250 = ADVANCED_FACE('',(#1251),#664,.T.);
#1251 = FACE_BOUND('',#1252,.F.);
#1252 = EDGE_LOOP('',(#1253,#1254,#1277,#1303));
#1253 = ORIENTED_EDGE('',*,*,#643,.T.);
#1254 = ORIENTED_EDGE('',*,*,#1255,.T.);
#1255 = EDGE_CURVE('',#616,#1256,#1258,.T.);
#1256 = VERTEX_POINT('',#1257);
#1257 = CARTESIAN_POINT('',(0.101992992688,-70.,10.262267695484));
#1258 = SURFACE_CURVE('',#1259,(#1263,#1270),.PCURVE_S1.);
#1259 = LINE('',#1260,#1261);
#1260 = CARTESIAN_POINT('',(0.101992992688,10.,10.262267695484));
#1261 = VECTOR('',#1262,1.);
#1262 = DIRECTION('',(0.,-1.,0.));
#1263 = PCURVE('',#664,#1264);
#1264 = DEFINITIONAL_REPRESENTATION('',(#1265),#1269);
#1265 = LINE('',#1266,#1267);
#1266 = CARTESIAN_POINT('',(-0.370891288813,0.));
#1267 = VECTOR('',#1268,1.);
#1268 = DIRECTION('',(-0.,1.));
#1269 = ( GEOMETRIC_REPRESENTATION_CONTEXT(2) 
PARAMETRIC_REPRESENTATION_CONTEXT() REPRESENTATION_CONTEXT('2D SPACE',''
  ) );
#1270 = PCURVE('',#631,#1271);
#1271 = DEFINITIONAL_REPRESENTATION('',(#1272),#1276);
#1272 = LINE('',#1273,#1274);
#1273 = CARTESIAN_POINT('',(96.284637882891,0.));
#1274 = VECTOR('',#1275,1.);
#1275 = DIRECTION('',(-0.,-1.));
#1276 = ( GEOMETRIC_REPRESENTATION_CONTEXT(2) 
PARAMETRIC_REPRESENTATION_CONTEXT() REPRESENTATION_CONTEXT('2D SPACE',''
  ) );
#1277 = ORIENTED_EDGE('',*,*,#1278,.F.);
#1278 = EDGE_CURVE('',#1131,#1256,#1279,.T.);
#1279 = SURFACE_CURVE('',#1280,(#1285,#1292),.PCURVE_S1.);
#1280 = CIRCLE('',#1281,1.5);
#1281 = AXIS2_PLACEMENT_3D('',#1282,#1283,#1284);
#1282 = CARTESIAN_POINT('',(1.5,-70.,9.718598303751));
#1283 = DIRECTION('',(-0.,1.,0.));
#1284 = DIRECTION('',(0.,0.,-1.));
#1285 = PCURVE('',#664,#1286);
#1286 = DEFINITIONAL_REPRESENTATION('',(#1287),#1291);
#1287 = LINE('',#1288,#1289);
#1288 = CARTESIAN_POINT('',(1.570796326795,80.));
#1289 = VECTOR('',#1290,1.);
#1290 = DIRECTION('',(-1.,0.));
#1291 = ( GEOMETRIC_REPRESENTATION_CONTEXT(2) 
PARAMETRIC_REPRESENTATION_CONTEXT() REPRESENTATION_CONTEXT('2D SPACE',''
  ) );
#1292 = PCURVE('',#778,#1293);
#1293 = DEFINITIONAL_REPRESENTATION('',(#1294),#1302);
#1294 = ( BOUNDED_CURVE() B_SPLINE_CURVE(2,(#1295,#1296,#1297,#1298,
#1299,#1300,#1301),.UNSPECIFIED.,.T.,.F.) B_SPLINE_CURVE_WITH_KNOTS((1,2
    ,2,2,2,1),(-2.094395102393,0.,2.094395102393,4.188790204786,
6.28318530718,8.377580409573),.UNSPECIFIED.) CURVE() 
GEOMETRIC_REPRESENTATION_ITEM() RATIONAL_B_SPLINE_CURVE((1.,0.5,1.,0.5,
1.,0.5,1.)) REPRESENTATION_ITEM('') );
#1295 = CARTESIAN_POINT('',(28.634150767195,-51.61759009052));
#1296 = CARTESIAN_POINT('',(28.634150767195,-54.21566630187));
#1297 = CARTESIAN_POINT('',(26.384150767195,-52.91662819619));
#1298 = CARTESIAN_POINT('',(24.134150767195,-51.61759009052));
#1299 = CARTESIAN_POINT('',(26.384150767195,-50.31855198484));
#1300 = CARTESIAN_POINT('',(28.634150767195,-49.01951387916));
#1301 = CARTESIAN_POINT('',(28.634150767195,-51.61759009052));
#1302 = ( GEOMETRIC_REPRESENTATION_CONTEXT(2) 
PARAMETRIC_REPRESENTATION_CONTEXT() REPRESENTATION_CONTEXT('2D SPACE',''
  ) );
#1303 = ORIENTED_EDGE('',*,*,#1130,.F.);
#1304 = ADVANCED_FACE('',(#1305),#232,.F.);
#1305 = FACE_BOUND('',#1306,.F.);
#1306 = EDGE_LOOP('',(#1307,#1308,#1309,#1332));
#1307 = ORIENTED_EDGE('',*,*,#216,.F.);
#1308 = ORIENTED_EDGE('',*,*,#1201,.T.);
#1309 = ORIENTED_EDGE('',*,*,#1310,.T.);
#1310 = EDGE_CURVE('',#1202,#1311,#1313,.T.);
#1311 = VERTEX_POINT('',#1312);
#1312 = CARTESIAN_POINT('',(30.,-70.,103.5));
#1313 = SURFACE_CURVE('',#1314,(#1318,#1325),.PCURVE_S1.);
#1314 = LINE('',#1315,#1316);
#1315 = CARTESIAN_POINT('',(30.,-70.,100.));
#1316 = VECTOR('',#1317,1.);
#1317 = DIRECTION('',(-7.105427357601E-16,0.,1.));
#1318 = PCURVE('',#232,#1319);
#1319 = DEFINITIONAL_REPRESENTATION('',(#1320),#1324);
#1320 = LINE('',#1321,#1322);
#1321 = CARTESIAN_POINT('',(0.,-80.));
#1322 = VECTOR('',#1323,1.);
#1323 = DIRECTION('',(1.,0.));
#1324 = ( GEOMETRIC_REPRESENTATION_CONTEXT(2) 
PARAMETRIC_REPRESENTATION_CONTEXT() REPRESENTATION_CONTEXT('2D SPACE',''
  ) );
#1325 = PCURVE('',#778,#1326);
#1326 = DEFINITIONAL_REPRESENTATION('',(#1327),#1331);
#1327 = LINE('',#1328,#1329);
#1328 = CARTESIAN_POINT('',(-63.14725092905,-23.11759009052));
#1329 = VECTOR('',#1330,1.);
#1330 = DIRECTION('',(-1.,-7.105427357601E-16));
#1331 = ( GEOMETRIC_REPRESENTATION_CONTEXT(2) 
PARAMETRIC_REPRESENTATION_CONTEXT() REPRESENTATION_CONTEXT('2D SPACE',''
  ) );
#1332 = ORIENTED_EDGE('',*,*,#1333,.F.);
#1333 = EDGE_CURVE('',#217,#1311,#1334,.T.);
#1334 = SURFACE_CURVE('',#1335,(#1339,#1346),.PCURVE_S1.);
#1335 = LINE('',#1336,#1337);
#1336 = CARTESIAN_POINT('',(30.,10.,103.5));
#1337 = VECTOR('',#1338,1.);
#1338 = DIRECTION('',(0.,-1.,0.));
#1339 = PCURVE('',#232,#1340);
#1340 = DEFINITIONAL_REPRESENTATION('',(#1341),#1345);
#1341 = LINE('',#1342,#1343);
#1342 = CARTESIAN_POINT('',(3.5,0.));
#1343 = VECTOR('',#1344,1.);
#1344 = DIRECTION('',(0.,-1.));
#1345 = ( GEOMETRIC_REPRESENTATION_CONTEXT(2) 
PARAMETRIC_REPRESENTATION_CONTEXT() REPRESENTATION_CONTEXT('2D SPACE',''
  ) );
#1346 = PCURVE('',#1347,#1352);
#1347 = CYLINDRICAL_SURFACE('',#1348,1.5);
#1348 = AXIS2_PLACEMENT_3D('',#1349,#1350,#1351);
#1349 = CARTESIAN_POINT('',(31.5,10.,103.5));
#1350 = DIRECTION('',(0.,-1.,0.));
#1351 = DIRECTION('',(-1.,-0.,-7.105427357601E-16));
#1352 = DEFINITIONAL_REPRESENTATION('',(#1353),#1357);
#1353 = LINE('',#1354,#1355);
#1354 = CARTESIAN_POINT('',(-0.,0.));
#1355 = VECTOR('',#1356,1.);
#1356 = DIRECTION('',(-0.,1.));
#1357 = ( GEOMETRIC_REPRESENTATION_CONTEXT(2) 
PARAMETRIC_REPRESENTATION_CONTEXT() REPRESENTATION_CONTEXT('2D SPACE',''
  ) );
#1358 = ADVANCED_FACE('',(#1359),#631,.F.);
#1359 = FACE_BOUND('',#1360,.F.);
#1360 = EDGE_LOOP('',(#1361,#1362,#1385,#1406));
#1361 = ORIENTED_EDGE('',*,*,#615,.F.);
#1362 = ORIENTED_EDGE('',*,*,#1363,.T.);
#1363 = EDGE_CURVE('',#587,#1364,#1366,.T.);
#1364 = VERTEX_POINT('',#1365);
#1365 = CARTESIAN_POINT('',(34.898007007312,-70.,99.737732304516));
#1366 = SURFACE_CURVE('',#1367,(#1371,#1378),.PCURVE_S1.);
#1367 = LINE('',#1368,#1369);
#1368 = CARTESIAN_POINT('',(34.898007007312,10.,99.737732304516));
#1369 = VECTOR('',#1370,1.);
#1370 = DIRECTION('',(0.,-1.,0.));
#1371 = PCURVE('',#631,#1372);
#1372 = DEFINITIONAL_REPRESENTATION('',(#1373),#1377);
#1373 = LINE('',#1374,#1375);
#1374 = CARTESIAN_POINT('',(0.281401696249,0.));
#1375 = VECTOR('',#1376,1.);
#1376 = DIRECTION('',(-0.,-1.));
#1377 = ( GEOMETRIC_REPRESENTATION_CONTEXT(2) 
PARAMETRIC_REPRESENTATION_CONTEXT() REPRESENTATION_CONTEXT('2D SPACE',''
  ) );
#1378 = PCURVE('',#603,#1379);
#1379 = DEFINITIONAL_REPRESENTATION('',(#1380),#1384);
#1380 = LINE('',#1381,#1382);
#1381 = CARTESIAN_POINT('',(0.,0.));
#1382 = VECTOR('',#1383,1.);
#1383 = DIRECTION('',(0.,1.));
#1384 = ( GEOMETRIC_REPRESENTATION_CONTEXT(2) 
PARAMETRIC_REPRESENTATION_CONTEXT() REPRESENTATION_CONTEXT('2D SPACE',''
  ) );
#1385 = ORIENTED_EDGE('',*,*,#1386,.T.);
#1386 = EDGE_CURVE('',#1364,#1256,#1387,.T.);
#1387 = SURFACE_CURVE('',#1388,(#1392,#1399),.PCURVE_S1.);
#1388 = LINE('',#1389,#1390);
#1389 = CARTESIAN_POINT('',(35.,-70.,100.));
#1390 = VECTOR('',#1391,1.);
#1391 = DIRECTION('',(-0.362446261155,0.,-0.932004671541));
#1392 = PCURVE('',#631,#1393);
#1393 = DEFINITIONAL_REPRESENTATION('',(#1394),#1398);
#1394 = LINE('',#1395,#1396);
#1395 = CARTESIAN_POINT('',(-0.,-80.));
#1396 = VECTOR('',#1397,1.);
#1397 = DIRECTION('',(1.,0.));
#1398 = ( GEOMETRIC_REPRESENTATION_CONTEXT(2) 
PARAMETRIC_REPRESENTATION_CONTEXT() REPRESENTATION_CONTEXT('2D SPACE',''
  ) );
#1399 = PCURVE('',#778,#1400);
#1400 = DEFINITIONAL_REPRESENTATION('',(#1401),#1405);
#1401 = LINE('',#1402,#1403);
#1402 = CARTESIAN_POINT('',(-63.14725092905,-18.11759009052));
#1403 = VECTOR('',#1404,1.);
#1404 = DIRECTION('',(0.932004671541,-0.362446261155));
#1405 = ( GEOMETRIC_REPRESENTATION_CONTEXT(2) 
PARAMETRIC_REPRESENTATION_CONTEXT() REPRESENTATION_CONTEXT('2D SPACE',''
  ) );
#1406 = ORIENTED_EDGE('',*,*,#1255,.F.);
#1407 = ADVANCED_FACE('',(#1408),#259,.F.);
#1408 = FACE_BOUND('',#1409,.F.);
#1409 = EDGE_LOOP('',(#1410,#1477,#1478));
#1410 = ORIENTED_EDGE('',*,*,#1411,.F.);
#1411 = EDGE_CURVE('',#245,#1412,#1414,.T.);
#1412 = VERTEX_POINT('',#1413);
#1413 = CARTESIAN_POINT('',(31.5,8.5,105.));
#1414 = SURFACE_CURVE('',#1415,(#1423,#1465),.PCURVE_S1.);
#1415 = ( BOUNDED_CURVE() B_SPLINE_CURVE(6,(#1416,#1417,#1418,#1419,
#1420,#1421,#1422),.UNSPECIFIED.,.F.,.F.) B_SPLINE_CURVE_WITH_KNOTS((7,7
),(0.,1.570796326795),.PIECEWISE_BEZIER_KNOTS.) CURVE() 
GEOMETRIC_REPRESENTATION_ITEM() RATIONAL_B_SPLINE_CURVE((1.031393471788,
    1.010025407661,0.997924642725,0.993958444137,0.997924642725,
1.010025407661,1.031393471788)) REPRESENTATION_ITEM('') );
#1416 = CARTESIAN_POINT('',(31.5,10.,106.5));
#1417 = CARTESIAN_POINT('',(31.5,10.,106.09899482527));
#1418 = CARTESIAN_POINT('',(31.5,9.872493474049,105.70843714112));
#1419 = CARTESIAN_POINT('',(31.5,9.627879269803,105.37212073019));
#1420 = CARTESIAN_POINT('',(31.5,9.291562858873,105.12750652595));
#1421 = CARTESIAN_POINT('',(31.5,8.901005174729,105.));
#1422 = CARTESIAN_POINT('',(31.5,8.5,105.));
#1423 = PCURVE('',#259,#1424);
#1424 = DEFINITIONAL_REPRESENTATION('',(#1425),#1464);
#1425 = B_SPLINE_CURVE_WITH_KNOTS('',10,(#1426,#1427,#1428,#1429,#1430,
    #1431,#1432,#1433,#1434,#1435,#1436,#1437,#1438,#1439,#1440,#1441,
    #1442,#1443,#1444,#1445,#1446,#1447,#1448,#1449,#1450,#1451,#1452,
    #1453,#1454,#1455,#1456,#1457,#1458,#1459,#1460,#1461,#1462,#1463),
  .UNSPECIFIED.,.F.,.F.,(11,9,9,9,11),(0.,0.392699081699,0.785398163397,
    1.178097245096,1.570796326795),.UNSPECIFIED.);
#1426 = CARTESIAN_POINT('',(1.446698122683,0.553206743727));
#1427 = CARTESIAN_POINT('',(1.407259029989,0.543914477404));
#1428 = CARTESIAN_POINT('',(1.382497596943,0.536086111588));
#1429 = CARTESIAN_POINT('',(1.306622908477,0.513083484197));
#1430 = CARTESIAN_POINT('',(1.33451618104,0.514317161412));
#1431 = CARTESIAN_POINT('',(1.22256784417,0.477984913696));
#1432 = CARTESIAN_POINT('',(1.24008684164,0.471602208169));
#1433 = CARTESIAN_POINT('',(1.169340430038,0.439865570897));
#1434 = CARTESIAN_POINT('',(1.138209625629,0.415065273596));
#1435 = CARTESIAN_POINT('',(1.096354694566,0.384933978099));
#1436 = CARTESIAN_POINT('',(1.017788777541,0.321365381208));
#1437 = CARTESIAN_POINT('',(0.979579657088,0.287508356086));
#1438 = CARTESIAN_POINT('',(0.94272240032,0.252066940137));
#1439 = CARTESIAN_POINT('',(0.907252925527,0.215221849658));
#1440 = CARTESIAN_POINT('',(0.873047715909,0.176938202644));
#1441 = CARTESIAN_POINT('',(0.839906491814,0.137057540046));
#1442 = CARTESIAN_POINT('',(0.807634882987,9.538984701915E-02));
#1443 = CARTESIAN_POINT('',(0.776127100814,5.180557418331E-02));
#1444 = CARTESIAN_POINT('',(0.745448610565,6.327658872864E-03));
#1445 = CARTESIAN_POINT('',(0.686388996709,-8.788056608923E-02));
#1446 = CARTESIAN_POINT('',(0.657917260631,-0.136715502647));
#1447 = CARTESIAN_POINT('',(0.630649873319,-0.18702362971));
#1448 = CARTESIAN_POINT('',(0.604708314,-0.238581943826));
#1449 = CARTESIAN_POINT('',(0.580189263221,-0.291202071669));
#1450 = CARTESIAN_POINT('',(0.557164602837,-0.344730270029));
#1451 = CARTESIAN_POINT('',(0.535681416025,-0.399047425825));
#1452 = CARTESIAN_POINT('',(0.515761987271,-0.454069056094));
#1453 = CARTESIAN_POINT('',(0.497403802379,-0.509745307998));
#1454 = CARTESIAN_POINT('',(0.463755294555,-0.622376609638));
#1455 = CARTESIAN_POINT('',(0.448476391653,-0.680123575919));
#1456 = CARTESIAN_POINT('',(0.434990488806,-0.732304583538));
#1457 = CARTESIAN_POINT('',(0.422409370528,-0.80647425795));
#1458 = CARTESIAN_POINT('',(0.413152138842,-0.833565251544));
#1459 = CARTESIAN_POINT('',(0.403053843271,-0.932107091452));
#1460 = CARTESIAN_POINT('',(0.397523238512,-0.954675415233));
#1461 = CARTESIAN_POINT('',(0.391570304219,-1.033583237443));
#1462 = CARTESIAN_POINT('',(0.388491874363,-1.084156450925));
#1463 = CARTESIAN_POINT('',(0.386824182064,-1.140899137173));
#1464 = ( GEOMETRIC_REPRESENTATION_CONTEXT(2) 
PARAMETRIC_REPRESENTATION_CONTEXT() REPRESENTATION_CONTEXT('2D SPACE',''
  ) );
#1465 = PCURVE('',#403,#1466);
#1466 = DEFINITIONAL_REPRESENTATION('',(#1467),#1476);
#1467 = B_SPLINE_CURVE_WITH_KNOTS('',7,(#1468,#1469,#1470,#1471,#1472,
    #1473,#1474,#1475),.UNSPECIFIED.,.F.,.F.,(8,8),(0.,1.570796326795),
  .PIECEWISE_BEZIER_KNOTS.);
#1468 = CARTESIAN_POINT('',(1.110223024625E-16,1.5));
#1469 = CARTESIAN_POINT('',(-0.224398447986,1.5));
#1470 = CARTESIAN_POINT('',(-0.448800730466,1.5));
#1471 = CARTESIAN_POINT('',(-0.673196357181,1.5));
#1472 = CARTESIAN_POINT('',(-0.897599969614,1.5));
#1473 = CARTESIAN_POINT('',(-1.121995596329,1.5));
#1474 = CARTESIAN_POINT('',(-1.346397878809,1.5));
#1475 = CARTESIAN_POINT('',(-1.570796326795,1.5));
#1476 = ( GEOMETRIC_REPRESENTATION_CONTEXT(2) 
PARAMETRIC_REPRESENTATION_CONTEXT() REPRESENTATION_CONTEXT('2D SPACE',''
  ) );
#1477 = ORIENTED_EDGE('',*,*,#244,.F.);
#1478 = ORIENTED_EDGE('',*,*,#1479,.F.);
#1479 = EDGE_CURVE('',#1412,#217,#1480,.T.);
#1480 = SURFACE_CURVE('',#1481,(#1488,#1548),.PCURVE_S1.);
#1481 = B_SPLINE_CURVE_WITH_KNOTS('',5,(#1482,#1483,#1484,#1485,#1486,
    #1487),.UNSPECIFIED.,.F.,.F.,(6,6),(0.,2.171957895603),
  .PIECEWISE_BEZIER_KNOTS.);
#1482 = CARTESIAN_POINT('',(31.5,8.5,105.));
#1483 = CARTESIAN_POINT('',(31.028761101961,8.8,105.));
#1484 = CARTESIAN_POINT('',(30.557082534956,9.1,104.81547749393));
#1485 = CARTESIAN_POINT('',(30.184522506069,9.4,104.44291746504));
#1486 = CARTESIAN_POINT('',(30.,9.7,103.97123889803));
#1487 = CARTESIAN_POINT('',(30.,10.,103.5));
#1488 = PCURVE('',#259,#1489);
#1489 = DEFINITIONAL_REPRESENTATION('',(#1490),#1547);
#1490 = B_SPLINE_CURVE_WITH_KNOTS('',10,(#1491,#1492,#1493,#1494,#1495,
    #1496,#1497,#1498,#1499,#1500,#1501,#1502,#1503,#1504,#1505,#1506,
    #1507,#1508,#1509,#1510,#1511,#1512,#1513,#1514,#1515,#1516,#1517,
    #1518,#1519,#1520,#1521,#1522,#1523,#1524,#1525,#1526,#1527,#1528,
    #1529,#1530,#1531,#1532,#1533,#1534,#1535,#1536,#1537,#1538,#1539,
    #1540,#1541,#1542,#1543,#1544,#1545,#1546),.UNSPECIFIED.,.F.,.F.,(11
    ,9,9,9,9,9,11),(0.,0.27149473695,0.542989473901,1.085978947802,
    1.628968421702,1.900463158653,2.171957895603),.UNSPECIFIED.);
#1491 = CARTESIAN_POINT('',(0.386824182064,-1.140899137173));
#1492 = CARTESIAN_POINT('',(0.365582156965,-1.117102729356));
#1493 = CARTESIAN_POINT('',(0.343124394867,-1.092493569751));
#1494 = CARTESIAN_POINT('',(0.316536957833,-1.064331046092));
#1495 = CARTESIAN_POINT('',(0.306810548502,-1.054459521629));
#1496 = CARTESIAN_POINT('',(0.268938815418,-1.015004673275));
#1497 = CARTESIAN_POINT('',(0.256720613934,-1.003878986247));
#1498 = CARTESIAN_POINT('',(0.228351037138,-0.975529171404));
#1499 = CARTESIAN_POINT('',(0.206011282684,-0.954411836847));
#1500 = CARTESIAN_POINT('',(0.181724032424,-0.93160253467));
#1501 = CARTESIAN_POINT('',(0.132862315993,-0.886661500044));
#1502 = CARTESIAN_POINT('',(0.108087072314,-0.864300588453));
#1503 = CARTESIAN_POINT('',(8.297262221153E-02,-0.842046164312));
#1504 = CARTESIAN_POINT('',(5.752680297304E-02,-0.819896966191));
#1505 = CARTESIAN_POINT('',(3.176011013696E-02,-0.797853589503));
#1506 = CARTESIAN_POINT('',(5.685697490789E-03,-0.7759184865));
#1507 = CARTESIAN_POINT('',(-2.06806229285E-02,-0.754095966277));
#1508 = CARTESIAN_POINT('',(-4.732038083453E-02,-0.73239219477));
#1509 = CARTESIAN_POINT('',(-7.421244769139E-02,-0.710815194758));
#1510 = CARTESIAN_POINT('',(-0.155574214758,-0.646494148064));
#1511 = CARTESIAN_POINT('',(-0.210708087164,-0.604177285142));
#1512 = CARTESIAN_POINT('',(-0.266596665244,-0.562448326682));
#1513 = CARTESIAN_POINT('',(-0.323108403291,-0.521324999352));
#1514 = CARTESIAN_POINT('',(-0.380118198577,-0.4808186869));
#1515 = CARTESIAN_POINT('',(-0.43750739135,-0.440934430148));
#1516 = CARTESIAN_POINT('',(-0.495163764838,-0.401670927002));
#1517 = CARTESIAN_POINT('',(-0.552981545246,-0.363020532444));
#1518 = CARTESIAN_POINT('',(-0.610861401758,-0.324969258534));
#1519 = CARTESIAN_POINT('',(-0.726559491316,-0.250024290291));
#1520 = CARTESIAN_POINT('',(-0.784387537534,-0.213130758509));
#1521 = CARTESIAN_POINT('',(-0.84199574628,-0.176861290448));
#1522 = CARTESIAN_POINT('',(-0.899205849894,-0.1412478208));
#1523 = CARTESIAN_POINT('',(-0.955860151975,-0.106309107572));
#1524 = CARTESIAN_POINT('',(-1.011821527376,-7.205073207937E-02));
#1525 = CARTESIAN_POINT('',(-1.066973422206,-3.846509895415E-02));
#1526 = CARTESIAN_POINT('',(-1.12121985383,-5.531436138572E-03));
#1527 = CARTESIAN_POINT('',(-1.174485410867,2.678420511212E-02));
#1528 = CARTESIAN_POINT('',(-1.252830174355,7.440132278931E-02));
#1529 = CARTESIAN_POINT('',(-1.278703614639,9.014090385556E-02));
#1530 = CARTESIAN_POINT('',(-1.304320609711,0.105748636501));
#1531 = CARTESIAN_POINT('',(-1.329666195238,0.121225463798));
#1532 = CARTESIAN_POINT('',(-1.354725406884,0.136572328819));
#1533 = CARTESIAN_POINT('',(-1.379483280317,0.151790174636));
#1534 = CARTESIAN_POINT('',(-1.403924851201,0.166879944321));
#1535 = CARTESIAN_POINT('',(-1.428035155205,0.181842580947));
#1536 = CARTESIAN_POINT('',(-1.451799227992,0.196679027585));
#1537 = CARTESIAN_POINT('',(-1.498604982468,0.226101427031));
#1538 = CARTESIAN_POINT('',(-1.522050350556,0.240958209137));
#1539 = CARTESIAN_POINT('',(-1.542663183119,0.254052796078));
#1540 = CARTESIAN_POINT('',(-1.568699322027,0.270891580818));
#1541 = CARTESIAN_POINT('',(-1.587913559053,0.283361728793));
#1542 = CARTESIAN_POINT('',(-1.607062804458,0.295914779669));
#1543 = CARTESIAN_POINT('',(-1.632571987167,0.312860185431));
#1544 = CARTESIAN_POINT('',(-1.651108424849,0.325421247477));
#1545 = CARTESIAN_POINT('',(-1.669810865076,0.338168613423));
#1546 = CARTESIAN_POINT('',(-1.689202230134,0.351612364415));
#1547 = ( GEOMETRIC_REPRESENTATION_CONTEXT(2) 
PARAMETRIC_REPRESENTATION_CONTEXT() REPRESENTATION_CONTEXT('2D SPACE',''
  ) );
#1548 = PCURVE('',#1347,#1549);
#1549 = DEFINITIONAL_REPRESENTATION('',(#1550),#1553);
#1550 = B_SPLINE_CURVE_WITH_KNOTS('',1,(#1551,#1552),.UNSPECIFIED.,.F.,
  .F.,(2,2),(0.,2.171957895603),.PIECEWISE_BEZIER_KNOTS.);
#1551 = CARTESIAN_POINT('',(-1.570796326795,1.5));
#1552 = CARTESIAN_POINT('',(-8.792966355031E-14,8.393286066166E-14));
#1553 = ( GEOMETRIC_REPRESENTATION_CONTEXT(2) 
PARAMETRIC_REPRESENTATION_CONTEXT() REPRESENTATION_CONTEXT('2D SPACE',''
  ) );
#1554 = ADVANCED_FACE('',(#1555),#603,.F.);
#1555 = FACE_BOUND('',#1556,.F.);
#1556 = EDGE_LOOP('',(#1557,#1558,#1581,#1603));
#1557 = ORIENTED_EDGE('',*,*,#586,.T.);
#1558 = ORIENTED_EDGE('',*,*,#1559,.T.);
#1559 = EDGE_CURVE('',#559,#1560,#1562,.T.);
#1560 = VERTEX_POINT('',#1561);
#1561 = CARTESIAN_POINT('',(35.,-70.,100.28140169624));
#1562 = SURFACE_CURVE('',#1563,(#1567,#1574),.PCURVE_S1.);
#1563 = LINE('',#1564,#1565);
#1564 = CARTESIAN_POINT('',(35.,10.,100.28140169624));
#1565 = VECTOR('',#1566,1.);
#1566 = DIRECTION('',(0.,-1.,0.));
#1567 = PCURVE('',#603,#1568);
#1568 = DEFINITIONAL_REPRESENTATION('',(#1569),#1573);
#1569 = LINE('',#1570,#1571);
#1570 = CARTESIAN_POINT('',(0.370891288813,0.));
#1571 = VECTOR('',#1572,1.);
#1572 = DIRECTION('',(0.,1.));
#1573 = ( GEOMETRIC_REPRESENTATION_CONTEXT(2) 
PARAMETRIC_REPRESENTATION_CONTEXT() REPRESENTATION_CONTEXT('2D SPACE',''
  ) );
#1574 = PCURVE('',#574,#1575);
#1575 = DEFINITIONAL_REPRESENTATION('',(#1576),#1580);
#1576 = LINE('',#1577,#1578);
#1577 = CARTESIAN_POINT('',(4.718598303751,0.));
#1578 = VECTOR('',#1579,1.);
#1579 = DIRECTION('',(0.,-1.));
#1580 = ( GEOMETRIC_REPRESENTATION_CONTEXT(2) 
PARAMETRIC_REPRESENTATION_CONTEXT() REPRESENTATION_CONTEXT('2D SPACE',''
  ) );
#1581 = ORIENTED_EDGE('',*,*,#1582,.F.);
#1582 = EDGE_CURVE('',#1364,#1560,#1583,.T.);
#1583 = SURFACE_CURVE('',#1584,(#1589,#1596),.PCURVE_S1.);
#1584 = CIRCLE('',#1585,1.5);
#1585 = AXIS2_PLACEMENT_3D('',#1586,#1587,#1588);
#1586 = CARTESIAN_POINT('',(33.5,-70.,100.28140169624));
#1587 = DIRECTION('',(0.,-1.,0.));
#1588 = DIRECTION('',(0.,-0.,-1.));
#1589 = PCURVE('',#603,#1590);
#1590 = DEFINITIONAL_REPRESENTATION('',(#1591),#1595);
#1591 = LINE('',#1592,#1593);
#1592 = CARTESIAN_POINT('',(-1.199905037982,80.));
#1593 = VECTOR('',#1594,1.);
#1594 = DIRECTION('',(1.,0.));
#1595 = ( GEOMETRIC_REPRESENTATION_CONTEXT(2) 
PARAMETRIC_REPRESENTATION_CONTEXT() REPRESENTATION_CONTEXT('2D SPACE',''
  ) );
#1596 = PCURVE('',#778,#1597);
#1597 = DEFINITIONAL_REPRESENTATION('',(#1598),#1602);
#1598 = CIRCLE('',#1599,1.5);
#1599 = AXIS2_PLACEMENT_2D('',#1600,#1601);
#1600 = CARTESIAN_POINT('',(-63.4286526253,-19.61759009052));
#1601 = DIRECTION('',(1.,0.));
#1602 = ( GEOMETRIC_REPRESENTATION_CONTEXT(2) 
PARAMETRIC_REPRESENTATION_CONTEXT() REPRESENTATION_CONTEXT('2D SPACE',''
  ) );
#1603 = ORIENTED_EDGE('',*,*,#1363,.F.);
#1604 = ADVANCED_FACE('',(#1605),#403,.T.);
#1605 = FACE_BOUND('',#1606,.F.);
#1606 = EDGE_LOOP('',(#1607,#1608,#1636,#1701));
#1607 = ORIENTED_EDGE('',*,*,#1411,.T.);
#1608 = ORIENTED_EDGE('',*,*,#1609,.T.);
#1609 = EDGE_CURVE('',#1412,#1610,#1612,.T.);
#1610 = VERTEX_POINT('',#1611);
#1611 = CARTESIAN_POINT('',(33.5,8.5,105.));
#1612 = SURFACE_CURVE('',#1613,(#1617,#1624),.PCURVE_S1.);
#1613 = LINE('',#1614,#1615);
#1614 = CARTESIAN_POINT('',(30.,8.5,105.));
#1615 = VECTOR('',#1616,1.);
#1616 = DIRECTION('',(1.,0.,0.));
#1617 = PCURVE('',#403,#1618);
#1618 = DEFINITIONAL_REPRESENTATION('',(#1619),#1623);
#1619 = LINE('',#1620,#1621);
#1620 = CARTESIAN_POINT('',(-1.570796326795,0.));
#1621 = VECTOR('',#1622,1.);
#1622 = DIRECTION('',(-0.,1.));
#1623 = ( GEOMETRIC_REPRESENTATION_CONTEXT(2) 
PARAMETRIC_REPRESENTATION_CONTEXT() REPRESENTATION_CONTEXT('2D SPACE',''
  ) );
#1624 = PCURVE('',#1625,#1630);
#1625 = PLANE('',#1626);
#1626 = AXIS2_PLACEMENT_3D('',#1627,#1628,#1629);
#1627 = CARTESIAN_POINT('',(30.,10.,105.));
#1628 = DIRECTION('',(-0.,0.,1.));
#1629 = DIRECTION('',(1.,0.,0.));
#1630 = DEFINITIONAL_REPRESENTATION('',(#1631),#1635);
#1631 = LINE('',#1632,#1633);
#1632 = CARTESIAN_POINT('',(0.,-1.5));
#1633 = VECTOR('',#1634,1.);
#1634 = DIRECTION('',(1.,0.));
#1635 = ( GEOMETRIC_REPRESENTATION_CONTEXT(2) 
PARAMETRIC_REPRESENTATION_CONTEXT() REPRESENTATION_CONTEXT('2D SPACE',''
  ) );
#1636 = ORIENTED_EDGE('',*,*,#1637,.F.);
#1637 = EDGE_CURVE('',#388,#1610,#1638,.T.);
#1638 = SURFACE_CURVE('',#1639,(#1647,#1659),.PCURVE_S1.);
#1639 = ( BOUNDED_CURVE() B_SPLINE_CURVE(6,(#1640,#1641,#1642,#1643,
#1644,#1645,#1646),.UNSPECIFIED.,.F.,.F.) B_SPLINE_CURVE_WITH_KNOTS((7,7
),(0.,1.570796326795),.PIECEWISE_BEZIER_KNOTS.) CURVE() 
GEOMETRIC_REPRESENTATION_ITEM() RATIONAL_B_SPLINE_CURVE((1.031393471788,
    1.010025407661,0.997924642725,0.993958444137,0.997924642725,
1.010025407661,1.031393471788)) REPRESENTATION_ITEM('') );
#1640 = CARTESIAN_POINT('',(33.5,10.,106.5));
#1641 = CARTESIAN_POINT('',(33.5,10.,106.09899482527));
#1642 = CARTESIAN_POINT('',(33.5,9.872493474049,105.70843714112));
#1643 = CARTESIAN_POINT('',(33.5,9.627879269803,105.37212073019));
#1644 = CARTESIAN_POINT('',(33.5,9.291562858873,105.12750652595));
#1645 = CARTESIAN_POINT('',(33.5,8.901005174729,105.));
#1646 = CARTESIAN_POINT('',(33.5,8.5,105.));
#1647 = PCURVE('',#403,#1648);
#1648 = DEFINITIONAL_REPRESENTATION('',(#1649),#1658);
#1649 = B_SPLINE_CURVE_WITH_KNOTS('',7,(#1650,#1651,#1652,#1653,#1654,
    #1655,#1656,#1657),.UNSPECIFIED.,.F.,.F.,(8,8),(0.,1.570796326795),
  .PIECEWISE_BEZIER_KNOTS.);
#1650 = CARTESIAN_POINT('',(1.110223024625E-16,3.5));
#1651 = CARTESIAN_POINT('',(-0.224398447986,3.5));
#1652 = CARTESIAN_POINT('',(-0.448800730466,3.5));
#1653 = CARTESIAN_POINT('',(-0.673196357181,3.5));
#1654 = CARTESIAN_POINT('',(-0.897599969614,3.5));
#1655 = CARTESIAN_POINT('',(-1.121995596329,3.5));
#1656 = CARTESIAN_POINT('',(-1.346397878809,3.5));
#1657 = CARTESIAN_POINT('',(-1.570796326795,3.5));
#1658 = ( GEOMETRIC_REPRESENTATION_CONTEXT(2) 
PARAMETRIC_REPRESENTATION_CONTEXT() REPRESENTATION_CONTEXT('2D SPACE',''
  ) );
#1659 = PCURVE('',#430,#1660);
#1660 = DEFINITIONAL_REPRESENTATION('',(#1661),#1700);
#1661 = B_SPLINE_CURVE_WITH_KNOTS('',10,(#1662,#1663,#1664,#1665,#1666,
    #1667,#1668,#1669,#1670,#1671,#1672,#1673,#1674,#1675,#1676,#1677,
    #1678,#1679,#1680,#1681,#1682,#1683,#1684,#1685,#1686,#1687,#1688,
    #1689,#1690,#1691,#1692,#1693,#1694,#1695,#1696,#1697,#1698,#1699),
  .UNSPECIFIED.,.F.,.F.,(11,9,9,9,11),(0.,0.392699081699,0.785398163397,
    1.178097245096,1.570796326795),.UNSPECIFIED.);
#1662 = CARTESIAN_POINT('',(-1.446698122683,0.553206743727));
#1663 = CARTESIAN_POINT('',(-1.407259029989,0.543914477404));
#1664 = CARTESIAN_POINT('',(-1.382497596941,0.536086111587));
#1665 = CARTESIAN_POINT('',(-1.306622908481,0.513083484197));
#1666 = CARTESIAN_POINT('',(-1.334516181033,0.514317161411));
#1667 = CARTESIAN_POINT('',(-1.222567844177,0.477984913697));
#1668 = CARTESIAN_POINT('',(-1.240086841636,0.471602208168));
#1669 = CARTESIAN_POINT('',(-1.16934043004,0.439865570897));
#1670 = CARTESIAN_POINT('',(-1.138209625629,0.415065273596));
#1671 = CARTESIAN_POINT('',(-1.096354694566,0.384933978099));
#1672 = CARTESIAN_POINT('',(-1.017788777541,0.321365381208));
#1673 = CARTESIAN_POINT('',(-0.979579657088,0.287508356086));
#1674 = CARTESIAN_POINT('',(-0.94272240032,0.252066940137));
#1675 = CARTESIAN_POINT('',(-0.907252925527,0.215221849658));
#1676 = CARTESIAN_POINT('',(-0.873047715909,0.176938202644));
#1677 = CARTESIAN_POINT('',(-0.839906491814,0.137057540046));
#1678 = CARTESIAN_POINT('',(-0.807634882987,9.538984701895E-02));
#1679 = CARTESIAN_POINT('',(-0.776127100814,5.180557418312E-02));
#1680 = CARTESIAN_POINT('',(-0.745448610565,6.327658872682E-03));
#1681 = CARTESIAN_POINT('',(-0.686388996709,-8.788056608941E-02));
#1682 = CARTESIAN_POINT('',(-0.657917260631,-0.136715502648));
#1683 = CARTESIAN_POINT('',(-0.630649873319,-0.187023629711));
#1684 = CARTESIAN_POINT('',(-0.604708314,-0.238581943826));
#1685 = CARTESIAN_POINT('',(-0.580189263221,-0.291202071669));
#1686 = CARTESIAN_POINT('',(-0.557164602837,-0.344730270029));
#1687 = CARTESIAN_POINT('',(-0.535681416025,-0.399047425825));
#1688 = CARTESIAN_POINT('',(-0.51576198727,-0.454069056094));
#1689 = CARTESIAN_POINT('',(-0.497403802379,-0.509745307998));
#1690 = CARTESIAN_POINT('',(-0.463755294555,-0.622376609638));
#1691 = CARTESIAN_POINT('',(-0.448476391653,-0.68012357592));
#1692 = CARTESIAN_POINT('',(-0.434990488806,-0.732304583533));
#1693 = CARTESIAN_POINT('',(-0.422409370527,-0.806474257963));
#1694 = CARTESIAN_POINT('',(-0.413152138843,-0.833565251523));
#1695 = CARTESIAN_POINT('',(-0.40305384327,-0.932107091475));
#1696 = CARTESIAN_POINT('',(-0.397523238512,-0.954675415217));
#1697 = CARTESIAN_POINT('',(-0.391570304218,-1.03358323745));
#1698 = CARTESIAN_POINT('',(-0.388491874363,-1.084156450925));
#1699 = CARTESIAN_POINT('',(-0.386824182064,-1.140899137173));
#1700 = ( GEOMETRIC_REPRESENTATION_CONTEXT(2) 
PARAMETRIC_REPRESENTATION_CONTEXT() REPRESENTATION_CONTEXT('2D SPACE',''
  ) );
#1701 = ORIENTED_EDGE('',*,*,#387,.F.);
#1702 = ADVANCED_FACE('',(#1703),#574,.F.);
#1703 = FACE_BOUND('',#1704,.F.);
#1704 = EDGE_LOOP('',(#1705,#1706,#1734,#1755));
#1705 = ORIENTED_EDGE('',*,*,#558,.F.);
#1706 = ORIENTED_EDGE('',*,*,#1707,.T.);
#1707 = EDGE_CURVE('',#416,#1708,#1710,.T.);
#1708 = VERTEX_POINT('',#1709);
#1709 = CARTESIAN_POINT('',(35.,-70.,103.5));
#1710 = SURFACE_CURVE('',#1711,(#1715,#1722),.PCURVE_S1.);
#1711 = LINE('',#1712,#1713);
#1712 = CARTESIAN_POINT('',(35.,10.,103.5));
#1713 = VECTOR('',#1714,1.);
#1714 = DIRECTION('',(0.,-1.,0.));
#1715 = PCURVE('',#574,#1716);
#1716 = DEFINITIONAL_REPRESENTATION('',(#1717),#1721);
#1717 = LINE('',#1718,#1719);
#1718 = CARTESIAN_POINT('',(1.5,0.));
#1719 = VECTOR('',#1720,1.);
#1720 = DIRECTION('',(0.,-1.));
#1721 = ( GEOMETRIC_REPRESENTATION_CONTEXT(2) 
PARAMETRIC_REPRESENTATION_CONTEXT() REPRESENTATION_CONTEXT('2D SPACE',''
  ) );
#1722 = PCURVE('',#1723,#1728);
#1723 = CYLINDRICAL_SURFACE('',#1724,1.5);
#1724 = AXIS2_PLACEMENT_3D('',#1725,#1726,#1727);
#1725 = CARTESIAN_POINT('',(33.5,10.,103.5));
#1726 = DIRECTION('',(0.,-1.,0.));
#1727 = DIRECTION('',(-0.,0.,1.));
#1728 = DEFINITIONAL_REPRESENTATION('',(#1729),#1733);
#1729 = LINE('',#1730,#1731);
#1730 = CARTESIAN_POINT('',(-1.570796326795,0.));
#1731 = VECTOR('',#1732,1.);
#1732 = DIRECTION('',(-0.,1.));
#1733 = ( GEOMETRIC_REPRESENTATION_CONTEXT(2) 
PARAMETRIC_REPRESENTATION_CONTEXT() REPRESENTATION_CONTEXT('2D SPACE',''
  ) );
#1734 = ORIENTED_EDGE('',*,*,#1735,.T.);
#1735 = EDGE_CURVE('',#1708,#1560,#1736,.T.);
#1736 = SURFACE_CURVE('',#1737,(#1741,#1748),.PCURVE_S1.);
#1737 = LINE('',#1738,#1739);
#1738 = CARTESIAN_POINT('',(35.,-70.,105.));
#1739 = VECTOR('',#1740,1.);
#1740 = DIRECTION('',(0.,0.,-1.));
#1741 = PCURVE('',#574,#1742);
#1742 = DEFINITIONAL_REPRESENTATION('',(#1743),#1747);
#1743 = LINE('',#1744,#1745);
#1744 = CARTESIAN_POINT('',(0.,-80.));
#1745 = VECTOR('',#1746,1.);
#1746 = DIRECTION('',(1.,0.));
#1747 = ( GEOMETRIC_REPRESENTATION_CONTEXT(2) 
PARAMETRIC_REPRESENTATION_CONTEXT() REPRESENTATION_CONTEXT('2D SPACE',''
  ) );
#1748 = PCURVE('',#778,#1749);
#1749 = DEFINITIONAL_REPRESENTATION('',(#1750),#1754);
#1750 = LINE('',#1751,#1752);
#1751 = CARTESIAN_POINT('',(-68.14725092905,-18.11759009052));
#1752 = VECTOR('',#1753,1.);
#1753 = DIRECTION('',(1.,0.));
#1754 = ( GEOMETRIC_REPRESENTATION_CONTEXT(2) 
PARAMETRIC_REPRESENTATION_CONTEXT() REPRESENTATION_CONTEXT('2D SPACE',''
  ) );
#1755 = ORIENTED_EDGE('',*,*,#1559,.F.);
#1756 = ADVANCED_FACE('',(#1757),#430,.F.);
#1757 = FACE_BOUND('',#1758,.F.);
#1758 = EDGE_LOOP('',(#1759,#1760,#1836));
#1759 = ORIENTED_EDGE('',*,*,#1637,.T.);
#1760 = ORIENTED_EDGE('',*,*,#1761,.T.);
#1761 = EDGE_CURVE('',#1610,#416,#1762,.T.);
#1762 = SURFACE_CURVE('',#1763,(#1770,#1830),.PCURVE_S1.);
#1763 = B_SPLINE_CURVE_WITH_KNOTS('',5,(#1764,#1765,#1766,#1767,#1768,
    #1769),.UNSPECIFIED.,.F.,.F.,(6,6),(0.,2.171957895603),
  .PIECEWISE_BEZIER_KNOTS.);
#1764 = CARTESIAN_POINT('',(33.5,8.5,105.));
#1765 = CARTESIAN_POINT('',(33.971238898038,8.8,105.));
#1766 = CARTESIAN_POINT('',(34.442917465045,9.1,104.81547749393));
#1767 = CARTESIAN_POINT('',(34.815477493931,9.4,104.44291746504));
#1768 = CARTESIAN_POINT('',(35.,9.7,103.97123889803));
#1769 = CARTESIAN_POINT('',(35.,10.,103.5));
#1770 = PCURVE('',#430,#1771);
#1771 = DEFINITIONAL_REPRESENTATION('',(#1772),#1829);
#1772 = B_SPLINE_CURVE_WITH_KNOTS('',10,(#1773,#1774,#1775,#1776,#1777,
    #1778,#1779,#1780,#1781,#1782,#1783,#1784,#1785,#1786,#1787,#1788,
    #1789,#1790,#1791,#1792,#1793,#1794,#1795,#1796,#1797,#1798,#1799,
    #1800,#1801,#1802,#1803,#1804,#1805,#1806,#1807,#1808,#1809,#1810,
    #1811,#1812,#1813,#1814,#1815,#1816,#1817,#1818,#1819,#1820,#1821,
    #1822,#1823,#1824,#1825,#1826,#1827,#1828),.UNSPECIFIED.,.F.,.F.,(11
    ,9,9,9,9,9,11),(0.,0.27149473695,0.542989473901,1.085978947802,
    1.628968421702,1.900463158653,2.171957895603),.UNSPECIFIED.);
#1773 = CARTESIAN_POINT('',(-0.386824182064,-1.140899137173));
#1774 = CARTESIAN_POINT('',(-0.365582156965,-1.117102729356));
#1775 = CARTESIAN_POINT('',(-0.343124394867,-1.092493569751));
#1776 = CARTESIAN_POINT('',(-0.316536957833,-1.064331046092));
#1777 = CARTESIAN_POINT('',(-0.306810548503,-1.054459521631));
#1778 = CARTESIAN_POINT('',(-0.268938815418,-1.015004673275));
#1779 = CARTESIAN_POINT('',(-0.256720613934,-1.003878986248));
#1780 = CARTESIAN_POINT('',(-0.228351037139,-0.975529171404));
#1781 = CARTESIAN_POINT('',(-0.206011282684,-0.954411836847));
#1782 = CARTESIAN_POINT('',(-0.181724032424,-0.93160253467));
#1783 = CARTESIAN_POINT('',(-0.132862315993,-0.886661500044));
#1784 = CARTESIAN_POINT('',(-0.108087072314,-0.864300588453));
#1785 = CARTESIAN_POINT('',(-8.297262221158E-02,-0.842046164312));
#1786 = CARTESIAN_POINT('',(-5.752680297309E-02,-0.819896966191));
#1787 = CARTESIAN_POINT('',(-3.1760110137E-02,-0.797853589503));
#1788 = CARTESIAN_POINT('',(-5.685697490857E-03,-0.7759184865));
#1789 = CARTESIAN_POINT('',(2.068062292843E-02,-0.754095966277));
#1790 = CARTESIAN_POINT('',(4.732038083442E-02,-0.73239219477));
#1791 = CARTESIAN_POINT('',(7.421244769125E-02,-0.710815194759));
#1792 = CARTESIAN_POINT('',(0.155574214758,-0.646494148065));
#1793 = CARTESIAN_POINT('',(0.210708087164,-0.604177285142));
#1794 = CARTESIAN_POINT('',(0.266596665244,-0.562448326682));
#1795 = CARTESIAN_POINT('',(0.323108403292,-0.521324999353));
#1796 = CARTESIAN_POINT('',(0.380118198577,-0.480818686899));
#1797 = CARTESIAN_POINT('',(0.43750739135,-0.440934430148));
#1798 = CARTESIAN_POINT('',(0.495163764838,-0.401670927002));
#1799 = CARTESIAN_POINT('',(0.552981545246,-0.363020532444));
#1800 = CARTESIAN_POINT('',(0.610861401758,-0.324969258534));
#1801 = CARTESIAN_POINT('',(0.726559491315,-0.250024290291));
#1802 = CARTESIAN_POINT('',(0.784387537534,-0.213130758509));
#1803 = CARTESIAN_POINT('',(0.841995746279,-0.176861290448));
#1804 = CARTESIAN_POINT('',(0.899205849893,-0.141247820801));
#1805 = CARTESIAN_POINT('',(0.955860151974,-0.106309107572));
#1806 = CARTESIAN_POINT('',(1.011821527376,-7.205073207954E-02));
#1807 = CARTESIAN_POINT('',(1.066973422206,-3.846509895412E-02));
#1808 = CARTESIAN_POINT('',(1.12121985383,-5.531436138295E-03));
#1809 = CARTESIAN_POINT('',(1.174485410868,2.678420511265E-02));
#1810 = CARTESIAN_POINT('',(1.252830174356,7.440132279015E-02));
#1811 = CARTESIAN_POINT('',(1.278703614641,9.01409038565E-02));
#1812 = CARTESIAN_POINT('',(1.304320609713,0.105748636502));
#1813 = CARTESIAN_POINT('',(1.32966619524,0.121225463799));
#1814 = CARTESIAN_POINT('',(1.354725406885,0.13657232882));
#1815 = CARTESIAN_POINT('',(1.379483280319,0.151790174637));
#1816 = CARTESIAN_POINT('',(1.403924851203,0.166879944322));
#1817 = CARTESIAN_POINT('',(1.428035155206,0.181842580948));
#1818 = CARTESIAN_POINT('',(1.451799227994,0.196679027586));
#1819 = CARTESIAN_POINT('',(1.498604982469,0.226101427032));
#1820 = CARTESIAN_POINT('',(1.52205035056,0.240958209139));
#1821 = CARTESIAN_POINT('',(1.542663183113,0.254052796075));
#1822 = CARTESIAN_POINT('',(1.568699322039,0.270891580825));
#1823 = CARTESIAN_POINT('',(1.587913559052,0.283361728794));
#1824 = CARTESIAN_POINT('',(1.60706280445,0.295914779663));
#1825 = CARTESIAN_POINT('',(1.632571987178,0.312860185438));
#1826 = CARTESIAN_POINT('',(1.651108424853,0.325421247479));
#1827 = CARTESIAN_POINT('',(1.669810865075,0.338168613423));
#1828 = CARTESIAN_POINT('',(1.689202230134,0.351612364415));
#1829 = ( GEOMETRIC_REPRESENTATION_CONTEXT(2) 
PARAMETRIC_REPRESENTATION_CONTEXT() REPRESENTATION_CONTEXT('2D SPACE',''
  ) );
#1830 = PCURVE('',#1723,#1831);
#1831 = DEFINITIONAL_REPRESENTATION('',(#1832),#1835);
#1832 = B_SPLINE_CURVE_WITH_KNOTS('',1,(#1833,#1834),.UNSPECIFIED.,.F.,
  .F.,(2,2),(0.,2.171957895603),.PIECEWISE_BEZIER_KNOTS.);
#1833 = CARTESIAN_POINT('',(1.83630888273E-13,1.5));
#1834 = CARTESIAN_POINT('',(-1.570796326795,4.751754545396E-14));
#1835 = ( GEOMETRIC_REPRESENTATION_CONTEXT(2) 
PARAMETRIC_REPRESENTATION_CONTEXT() REPRESENTATION_CONTEXT('2D SPACE',''
  ) );
#1836 = ORIENTED_EDGE('',*,*,#415,.T.);
#1837 = ADVANCED_FACE('',(#1838),#750,.T.);
#1838 = FACE_BOUND('',#1839,.F.);
#1839 = EDGE_LOOP('',(#1840,#1841,#1864,#1901));
#1840 = ORIENTED_EDGE('',*,*,#931,.T.);
#1841 = ORIENTED_EDGE('',*,*,#1842,.T.);
#1842 = EDGE_CURVE('',#904,#1843,#1845,.T.);
#1843 = VERTEX_POINT('',#1844);
#1844 = CARTESIAN_POINT('',(118.5,-68.5,-2.22044604925E-16));
#1845 = SURFACE_CURVE('',#1846,(#1850,#1857),.PCURVE_S1.);
#1846 = LINE('',#1847,#1848);
#1847 = CARTESIAN_POINT('',(118.5,10.,-2.22044604925E-16));
#1848 = VECTOR('',#1849,1.);
#1849 = DIRECTION('',(0.,-1.,0.));
#1850 = PCURVE('',#750,#1851);
#1851 = DEFINITIONAL_REPRESENTATION('',(#1852),#1856);
#1852 = LINE('',#1853,#1854);
#1853 = CARTESIAN_POINT('',(-1.570796326795,0.));
#1854 = VECTOR('',#1855,1.);
#1855 = DIRECTION('',(-0.,1.));
#1856 = ( GEOMETRIC_REPRESENTATION_CONTEXT(2) 
PARAMETRIC_REPRESENTATION_CONTEXT() REPRESENTATION_CONTEXT('2D SPACE',''
  ) );
#1857 = PCURVE('',#919,#1858);
#1858 = DEFINITIONAL_REPRESENTATION('',(#1859),#1863);
#1859 = LINE('',#1860,#1861);
#1860 = CARTESIAN_POINT('',(118.5,0.));
#1861 = VECTOR('',#1862,1.);
#1862 = DIRECTION('',(0.,-1.));
#1863 = ( GEOMETRIC_REPRESENTATION_CONTEXT(2) 
PARAMETRIC_REPRESENTATION_CONTEXT() REPRESENTATION_CONTEXT('2D SPACE',''
  ) );
#1864 = ORIENTED_EDGE('',*,*,#1865,.F.);
#1865 = EDGE_CURVE('',#735,#1843,#1866,.T.);
#1866 = SURFACE_CURVE('',#1867,(#1872,#1884),.PCURVE_S1.);
#1867 = ELLIPSE('',#1868,2.12132034356,1.5);
#1868 = AXIS2_PLACEMENT_3D('',#1869,#1870,#1871);
#1869 = CARTESIAN_POINT('',(118.5,-68.5,1.5));
#1870 = DIRECTION('',(0.707106781187,0.707106781187,0.));
#1871 = DIRECTION('',(0.707106781187,-0.707106781187,0.));
#1872 = PCURVE('',#750,#1873);
#1873 = DEFINITIONAL_REPRESENTATION('',(#1874),#1883);
#1874 = B_SPLINE_CURVE_WITH_KNOTS('',7,(#1875,#1876,#1877,#1878,#1879,
    #1880,#1881,#1882),.UNSPECIFIED.,.F.,.F.,(8,8),(0.,1.570796326795),
  .PIECEWISE_BEZIER_KNOTS.);
#1875 = CARTESIAN_POINT('',(-2.960594732334E-16,80.));
#1876 = CARTESIAN_POINT('',(-0.224399475256,80.));
#1877 = CARTESIAN_POINT('',(-0.448798950513,79.911876991088));
#1878 = CARTESIAN_POINT('',(-0.673198425769,79.735643756935));
#1879 = CARTESIAN_POINT('',(-0.897597901026,79.482120238684));
#1880 = CARTESIAN_POINT('',(-1.121997376282,79.173197058975));
#1881 = CARTESIAN_POINT('',(-1.346396851538,78.836599212885));
#1882 = CARTESIAN_POINT('',(-1.570796326795,78.5));
#1883 = ( GEOMETRIC_REPRESENTATION_CONTEXT(2) 
PARAMETRIC_REPRESENTATION_CONTEXT() REPRESENTATION_CONTEXT('2D SPACE',''
  ) );
#1884 = PCURVE('',#1885,#1890);
#1885 = CYLINDRICAL_SURFACE('',#1886,1.5);
#1886 = AXIS2_PLACEMENT_3D('',#1887,#1888,#1889);
#1887 = CARTESIAN_POINT('',(0.,-68.5,1.5));
#1888 = DIRECTION('',(1.,0.,0.));
#1889 = DIRECTION('',(0.,0.,-1.));
#1890 = DEFINITIONAL_REPRESENTATION('',(#1891),#1900);
#1891 = B_SPLINE_CURVE_WITH_KNOTS('',7,(#1892,#1893,#1894,#1895,#1896,
    #1897,#1898,#1899),.UNSPECIFIED.,.F.,.F.,(8,8),(0.,1.570796326795),
  .PIECEWISE_BEZIER_KNOTS.);
#1892 = CARTESIAN_POINT('',(-1.570796326795,120.));
#1893 = CARTESIAN_POINT('',(-1.346396851538,120.));
#1894 = CARTESIAN_POINT('',(-1.121997376282,119.91187699108));
#1895 = CARTESIAN_POINT('',(-0.897597901026,119.73564375693));
#1896 = CARTESIAN_POINT('',(-0.673198425769,119.48212023866));
#1897 = CARTESIAN_POINT('',(-0.448798950513,119.17319705898));
#1898 = CARTESIAN_POINT('',(-0.224399475256,118.83659921288));
#1899 = CARTESIAN_POINT('',(0.,118.5));
#1900 = ( GEOMETRIC_REPRESENTATION_CONTEXT(2) 
PARAMETRIC_REPRESENTATION_CONTEXT() REPRESENTATION_CONTEXT('2D SPACE',''
  ) );
#1901 = ORIENTED_EDGE('',*,*,#734,.F.);
#1902 = ADVANCED_FACE('',(#1903),#778,.T.);
#1903 = FACE_BOUND('',#1904,.T.);
#1904 = EDGE_LOOP('',(#1905,#1906,#1907,#1908,#1909,#1910,#2053,#2081,
    #2222,#2223,#2224,#2225,#2226,#2227));
#1905 = ORIENTED_EDGE('',*,*,#762,.T.);
#1906 = ORIENTED_EDGE('',*,*,#838,.T.);
#1907 = ORIENTED_EDGE('',*,*,#969,.T.);
#1908 = ORIENTED_EDGE('',*,*,#1224,.T.);
#1909 = ORIENTED_EDGE('',*,*,#1310,.T.);
#1910 = ORIENTED_EDGE('',*,*,#1911,.T.);
#1911 = EDGE_CURVE('',#1311,#1912,#1914,.T.);
#1912 = VERTEX_POINT('',#1913);
#1913 = CARTESIAN_POINT('',(31.5,-70.,106.5));
#1914 = SURFACE_CURVE('',#1915,(#1919,#1925),.PCURVE_S1.);
#1915 = LINE('',#1916,#1917);
#1916 = CARTESIAN_POINT('',(30.,-70.,103.5));
#1917 = VECTOR('',#1918,1.);
#1918 = DIRECTION('',(0.4472135955,-0.,0.894427191));
#1919 = PCURVE('',#778,#1920);
#1920 = DEFINITIONAL_REPRESENTATION('',(#1921),#1924);
#1921 = B_SPLINE_CURVE_WITH_KNOTS('',1,(#1922,#1923),.UNSPECIFIED.,.F.,
  .F.,(2,2),(0.,3.35410196625),.PIECEWISE_BEZIER_KNOTS.);
#1922 = CARTESIAN_POINT('',(-66.64725092905,-23.11759009052));
#1923 = CARTESIAN_POINT('',(-69.64725092905,-21.61759009052));
#1924 = ( GEOMETRIC_REPRESENTATION_CONTEXT(2) 
PARAMETRIC_REPRESENTATION_CONTEXT() REPRESENTATION_CONTEXT('2D SPACE',''
  ) );
#1925 = PCURVE('',#1926,#2008);
#1926 = B_SPLINE_SURFACE_WITH_KNOTS('',8,8,(
    (#1927,#1928,#1929,#1930,#1931,#1932,#1933,#1934,#1935)
    ,(#1936,#1937,#1938,#1939,#1940,#1941,#1942,#1943,#1944)
    ,(#1945,#1946,#1947,#1948,#1949,#1950,#1951,#1952,#1953)
    ,(#1954,#1955,#1956,#1957,#1958,#1959,#1960,#1961,#1962)
    ,(#1963,#1964,#1965,#1966,#1967,#1968,#1969,#1970,#1971)
    ,(#1972,#1973,#1974,#1975,#1976,#1977,#1978,#1979,#1980)
    ,(#1981,#1982,#1983,#1984,#1985,#1986,#1987,#1988,#1989)
    ,(#1990,#1991,#1992,#1993,#1994,#1995,#1996,#1997,#1998)
    ,(#1999,#2000,#2001,#2002,#2003,#2004,#2005,#2006,#2007
  )),.UNSPECIFIED.,.F.,.F.,.F.,(9,9),(9,9),(-1.858122453147,
    1.591367934951),(-0.6085274181,1.25498905089),
  .PIECEWISE_BEZIER_KNOTS.);
#1927 = CARTESIAN_POINT('',(30.144741657159,-70.36204396282,
    103.07884556191));
#1928 = CARTESIAN_POINT('',(29.914773479196,-70.03447450652,
    103.34179303181));
#1929 = CARTESIAN_POINT('',(29.739717110053,-69.72749706097,
    103.54427102684));
#1930 = CARTESIAN_POINT('',(29.70120062237,-69.47129388364,
    103.59668109734));
#1931 = CARTESIAN_POINT('',(29.638273733036,-69.20606172896,
    103.6758965889));
#1932 = CARTESIAN_POINT('',(29.60331287129,-68.95125208018,
    103.72432224953));
#1933 = CARTESIAN_POINT('',(29.497195778466,-68.66998116202,
    103.8508639628));
#1934 = CARTESIAN_POINT('',(29.30043046125,-68.35503724961,
    104.07698636612));
#1935 = CARTESIAN_POINT('',(29.006801613396,-68.00409057247,
    104.40952271083));
#1936 = CARTESIAN_POINT('',(30.283278613278,-70.30809042756,
    103.56693347758));
#1937 = CARTESIAN_POINT('',(30.091787352345,-69.99481352309,
    103.7876248433));
#1938 = CARTESIAN_POINT('',(29.954080984826,-69.70174153068,
    103.9490679683));
#1939 = CARTESIAN_POINT('',(29.975120144314,-69.46758188854,
    103.93611231404));
#1940 = CARTESIAN_POINT('',(29.933359586629,-69.21035960086,
    103.99203327147));
#1941 = CARTESIAN_POINT('',(29.961337080221,-68.97881473675,
    103.97141871554));
#1942 = CARTESIAN_POINT('',(29.904586917305,-68.71593345796,
    104.0437044073));
#1943 = CARTESIAN_POINT('',(29.758010575421,-68.41963005853,
    104.21471433521));
#1944 = CARTESIAN_POINT('',(29.51439913072,-68.08726732447,
    104.49232508501));
#1945 = CARTESIAN_POINT('',(30.451121192073,-70.26503195113,
    104.02282930262));
#1946 = CARTESIAN_POINT('',(30.202255975929,-69.93030784095,
    104.30665009369));
#1947 = CARTESIAN_POINT('',(30.032433786826,-69.62506513542,
    104.50368748464));
#1948 = CARTESIAN_POINT('',(30.727401361267,-69.64201279917,
    103.74927773738));
#1949 = CARTESIAN_POINT('',(29.776713581925,-69.0465149479,
    104.80533208205));
#1950 = CARTESIAN_POINT('',(30.568555497848,-69.09933274723,
    103.9438110928));
#1951 = CARTESIAN_POINT('',(30.164305065344,-68.7067267262,
    104.39926458844));
#1952 = CARTESIAN_POINT('',(30.207709518698,-68.48127855483,
    104.36110981801));
#1953 = CARTESIAN_POINT('',(30.002229577029,-68.16308283559,
    104.59685006053));
#1954 = CARTESIAN_POINT('',(30.613083985573,-70.21981607879,
    104.48516166615));
#1955 = CARTESIAN_POINT('',(30.858851571384,-70.06949404211,
    104.22516624371));
#1956 = CARTESIAN_POINT('',(31.169020217055,-69.94376520741,
    103.89336500279));
#1957 = CARTESIAN_POINT('',(28.335766972764,-68.64501115095,
    107.02109419574));
#1958 = CARTESIAN_POINT('',(32.447281782831,-69.93638510316,
    102.5066883617));
#1959 = CARTESIAN_POINT('',(29.390143061089,-68.55308380995,
    105.88384620784));
#1960 = CARTESIAN_POINT('',(31.051023665672,-68.93222206905,
    104.06325352772));
#1961 = CARTESIAN_POINT('',(30.442907791135,-68.46309207782,
    104.74327191972));
#1962 = CARTESIAN_POINT('',(30.344186116641,-68.18457291797,
    104.86176041963));
#1963 = CARTESIAN_POINT('',(30.863384598137,-70.20729468451,
    104.8505736161));
#1964 = CARTESIAN_POINT('',(29.981334432465,-69.63644962875,
    105.83059601979));
#1965 = CARTESIAN_POINT('',(28.629125246891,-68.88938573286,
    107.32921352897));
#1966 = CARTESIAN_POINT('',(35.301403562778,-71.13766307772,
    99.997864660206));
#1967 = CARTESIAN_POINT('',(26.440540548671,-67.58900069062,
    109.75912738531));
#1968 = CARTESIAN_POINT('',(33.305337149206,-69.91011023286,
    102.21221388845));
#1969 = CARTESIAN_POINT('',(30.312926011766,-68.54911312651,
    105.51906459882));
#1970 = CARTESIAN_POINT('',(31.229689950183,-68.65033117457,
    104.51887130377));
#1971 = CARTESIAN_POINT('',(31.029600604249,-68.33408414189,
    104.74883191925));
#1972 = CARTESIAN_POINT('',(30.870227398908,-70.1044455112,
    105.48329669557));
#1973 = CARTESIAN_POINT('',(31.704229536339,-70.17320999335,
    104.57674101947));
#1974 = CARTESIAN_POINT('',(33.723432131563,-70.68533292818,
    102.36505945293));
#1975 = CARTESIAN_POINT('',(25.080938053148,-67.21846776457,
    111.88253794628));
#1976 = CARTESIAN_POINT('',(36.965131462854,-71.41083393004,
    98.818406880226));
#1977 = CARTESIAN_POINT('',(27.68104959672,-67.70393377107,
    109.04401963919));
#1978 = CARTESIAN_POINT('',(31.786232758413,-68.99506041899,
    104.53629391005));
#1979 = CARTESIAN_POINT('',(30.88229875097,-68.41511839599,
    105.54194511329));
#1980 = CARTESIAN_POINT('',(30.972215650478,-68.20674461206,
    105.45316228569));
#1981 = CARTESIAN_POINT('',(31.257087909189,-70.14270615225,
    105.69866153874));
#1982 = CARTESIAN_POINT('',(30.588534219754,-69.65161013042,
    106.44383822706));
#1983 = CARTESIAN_POINT('',(28.528384572397,-68.64191441113,
    108.71905478795));
#1984 = CARTESIAN_POINT('',(35.89759724555,-71.14737090496,
    100.62630906091));
#1985 = CARTESIAN_POINT('',(27.027800252704,-67.59768640081,
    110.39043240461));
#1986 = CARTESIAN_POINT('',(34.116662104081,-69.99897122371,
    102.60564922965));
#1987 = CARTESIAN_POINT('',(31.272327681451,-68.69639607454,
    105.74331330813));
#1988 = CARTESIAN_POINT('',(31.90522442391,-68.69053419821,
    105.05751542975));
#1989 = CARTESIAN_POINT('',(31.907555001432,-68.44945477486,
    105.06522447736));
#1990 = CARTESIAN_POINT('',(31.237616284494,-70.03010237972,
    106.36026862232));
#1991 = CARTESIAN_POINT('',(31.561851901371,-69.90848681494,
    106.01445632433));
#1992 = CARTESIAN_POINT('',(32.259953895158,-69.92706957036,
    105.25690948185));
#1993 = CARTESIAN_POINT('',(31.745262246902,-69.49227209405,
    105.83378086576));
#1994 = CARTESIAN_POINT('',(32.829335985986,-69.65526521463,
    104.65143662198));
#1995 = CARTESIAN_POINT('',(32.369234882264,-69.24085843257,
    105.16830942051));
#1996 = CARTESIAN_POINT('',(32.759473448441,-69.14476727808,
    104.74903454239));
#1997 = CARTESIAN_POINT('',(32.772834544306,-68.90766618376,
    104.7446949721));
#1998 = CARTESIAN_POINT('',(32.823260304461,-68.68448960935,
    104.69951889886));
#1999 = CARTESIAN_POINT('',(31.413269916001,-69.9898036177,
    106.80770719702));
#2000 = CARTESIAN_POINT('',(32.13969100589,-70.01787338283,
    106.0199228603));
#2001 = CARTESIAN_POINT('',(33.121693081947,-70.14181316283,
    104.95063789013));
#2002 = CARTESIAN_POINT('',(32.758528758127,-69.76405150009,
    105.36046060725));
#2003 = CARTESIAN_POINT('',(33.67750646289,-69.86469344943,
    104.36029999726));
#2004 = CARTESIAN_POINT('',(33.46125481837,-69.54179870895,
    104.60851631788));
#2005 = CARTESIAN_POINT('',(33.772160319879,-69.41578359696,
    104.27680548868));
#2006 = CARTESIAN_POINT('',(33.843004006872,-69.20013867355,
    104.20923440143));
#2007 = CARTESIAN_POINT('',(33.925517646017,-68.98888969765,
    104.12880947921));
#2008 = DEFINITIONAL_REPRESENTATION('',(#2009),#2052);
#2009 = B_SPLINE_CURVE_WITH_KNOTS('',11,(#2010,#2011,#2012,#2013,#2014,
    #2015,#2016,#2017,#2018,#2019,#2020,#2021,#2022,#2023,#2024,#2025,
    #2026,#2027,#2028,#2029,#2030,#2031,#2032,#2033,#2034,#2035,#2036,
    #2037,#2038,#2039,#2040,#2041,#2042,#2043,#2044,#2045,#2046,#2047,
    #2048,#2049,#2050,#2051),.UNSPECIFIED.,.F.,.F.,(12,10,10,10,12),(0.,
    0.838525491562,1.677050983125,2.515576474687,3.35410196625),
  .UNSPECIFIED.);
#2010 = CARTESIAN_POINT('',(-1.689202230134,-0.351612364415));
#2011 = CARTESIAN_POINT('',(-1.618270286711,-0.356172292825));
#2012 = CARTESIAN_POINT('',(-1.551661583986,-0.360454297535));
#2013 = CARTESIAN_POINT('',(-1.469697740348,-0.365723422292));
#2014 = CARTESIAN_POINT('',(-1.410206327324,-0.369547885169));
#2015 = CARTESIAN_POINT('',(-1.332547059893,-0.374540286091));
#2016 = CARTESIAN_POINT('',(-1.257639382649,-0.379355798385));
#2017 = CARTESIAN_POINT('',(-1.193638508576,-0.383470156314));
#2018 = CARTESIAN_POINT('',(-1.116287678649,-0.388442729035));
#2019 = CARTESIAN_POINT('',(-1.047381708275,-0.392872415812));
#2020 = CARTESIAN_POINT('',(-0.975793713769,-0.397474519099));
#2021 = CARTESIAN_POINT('',(-0.83365870247,-0.406611805414));
#2022 = CARTESIAN_POINT('',(-0.762707069248,-0.411172999602));
#2023 = CARTESIAN_POINT('',(-0.691792025031,-0.415731841629));
#2024 = CARTESIAN_POINT('',(-0.620850253091,-0.420292401874));
#2025 = CARTESIAN_POINT('',(-0.54983440339,-0.424857724279));
#2026 = CARTESIAN_POINT('',(-0.478713092587,-0.429429826354));
#2027 = CARTESIAN_POINT('',(-0.407470904029,-0.43400969917));
#2028 = CARTESIAN_POINT('',(-0.33610838776,-0.438597307371));
#2029 = CARTESIAN_POINT('',(-0.264642060513,-0.44319158916));
#2030 = CARTESIAN_POINT('',(-0.193104405715,-0.447790456309));
#2031 = CARTESIAN_POINT('',(-4.998334125903E-02,-0.456991132004));
#2032 = CARTESIAN_POINT('',(2.160638917447E-02,-0.461593346885));
#2033 = CARTESIAN_POINT('',(9.315624867809E-02,-0.466192998626));
#2034 = CARTESIAN_POINT('',(0.164617694306,-0.470786966595));
#2035 = CARTESIAN_POINT('',(0.235962709304,-0.47537344971));
#2036 = CARTESIAN_POINT('',(0.307183803106,-0.47995196643));
#2037 = CARTESIAN_POINT('',(0.378294011338,-0.484523354765));
#2038 = CARTESIAN_POINT('',(0.449326895813,-0.489089772267));
#2039 = CARTESIAN_POINT('',(0.520336544538,-0.493654696037));
#2040 = CARTESIAN_POINT('',(0.591397571707,-0.498222922719));
#2041 = CARTESIAN_POINT('',(0.733812663703,-0.507378214293));
#2042 = CARTESIAN_POINT('',(0.805100045543,-0.511960992403));
#2043 = CARTESIAN_POINT('',(0.87723310003,-0.516598135396));
#2044 = CARTESIAN_POINT('',(0.945874978194,-0.521010844751));
#2045 = CARTESIAN_POINT('',(1.02741357074,-0.526252631832));
#2046 = CARTESIAN_POINT('',(1.08030177551,-0.529652601095));
#2047 = CARTESIAN_POINT('',(1.179665847704,-0.536040316331));
#2048 = CARTESIAN_POINT('',(1.224742407065,-0.538938106433));
#2049 = CARTESIAN_POINT('',(1.313695869046,-0.544656565548));
#2050 = CARTESIAN_POINT('',(1.377446592579,-0.548754842309));
#2051 = CARTESIAN_POINT('',(1.446698122683,-0.553206743727));
#2052 = ( GEOMETRIC_REPRESENTATION_CONTEXT(2) 
PARAMETRIC_REPRESENTATION_CONTEXT() REPRESENTATION_CONTEXT('2D SPACE',''
  ) );
#2053 = ORIENTED_EDGE('',*,*,#2054,.T.);
#2054 = EDGE_CURVE('',#1912,#2055,#2057,.T.);
#2055 = VERTEX_POINT('',#2056);
#2056 = CARTESIAN_POINT('',(33.5,-70.,106.5));
#2057 = SURFACE_CURVE('',#2058,(#2062,#2069),.PCURVE_S1.);
#2058 = LINE('',#2059,#2060);
#2059 = CARTESIAN_POINT('',(30.,-70.,106.5));
#2060 = VECTOR('',#2061,1.);
#2061 = DIRECTION('',(1.,0.,0.));
#2062 = PCURVE('',#778,#2063);
#2063 = DEFINITIONAL_REPRESENTATION('',(#2064),#2068);
#2064 = LINE('',#2065,#2066);
#2065 = CARTESIAN_POINT('',(-69.64725092905,-23.11759009052));
#2066 = VECTOR('',#2067,1.);
#2067 = DIRECTION('',(0.,1.));
#2068 = ( GEOMETRIC_REPRESENTATION_CONTEXT(2) 
PARAMETRIC_REPRESENTATION_CONTEXT() REPRESENTATION_CONTEXT('2D SPACE',''
  ) );
#2069 = PCURVE('',#2070,#2075);
#2070 = CYLINDRICAL_SURFACE('',#2071,1.5);
#2071 = AXIS2_PLACEMENT_3D('',#2072,#2073,#2074);
#2072 = CARTESIAN_POINT('',(30.,-68.5,106.5));
#2073 = DIRECTION('',(1.,0.,0.));
#2074 = DIRECTION('',(0.,-1.,-0.));
#2075 = DEFINITIONAL_REPRESENTATION('',(#2076),#2080);
#2076 = LINE('',#2077,#2078);
#2077 = CARTESIAN_POINT('',(0.,0.));
#2078 = VECTOR('',#2079,1.);
#2079 = DIRECTION('',(0.,1.));
#2080 = ( GEOMETRIC_REPRESENTATION_CONTEXT(2) 
PARAMETRIC_REPRESENTATION_CONTEXT() REPRESENTATION_CONTEXT('2D SPACE',''
  ) );
#2081 = ORIENTED_EDGE('',*,*,#2082,.F.);
#2082 = EDGE_CURVE('',#1708,#2055,#2083,.T.);
#2083 = SURFACE_CURVE('',#2084,(#2088,#2094),.PCURVE_S1.);
#2084 = LINE('',#2085,#2086);
#2085 = CARTESIAN_POINT('',(35.,-70.,103.5));
#2086 = VECTOR('',#2087,1.);
#2087 = DIRECTION('',(-0.4472135955,0.,0.894427191));
#2088 = PCURVE('',#778,#2089);
#2089 = DEFINITIONAL_REPRESENTATION('',(#2090),#2093);
#2090 = B_SPLINE_CURVE_WITH_KNOTS('',1,(#2091,#2092),.UNSPECIFIED.,.F.,
  .F.,(2,2),(0.,3.35410196625),.PIECEWISE_BEZIER_KNOTS.);
#2091 = CARTESIAN_POINT('',(-66.64725092905,-18.11759009052));
#2092 = CARTESIAN_POINT('',(-69.64725092905,-19.61759009052));
#2093 = ( GEOMETRIC_REPRESENTATION_CONTEXT(2) 
PARAMETRIC_REPRESENTATION_CONTEXT() REPRESENTATION_CONTEXT('2D SPACE',''
  ) );
#2094 = PCURVE('',#2095,#2177);
#2095 = B_SPLINE_SURFACE_WITH_KNOTS('',8,8,(
    (#2096,#2097,#2098,#2099,#2100,#2101,#2102,#2103,#2104)
    ,(#2105,#2106,#2107,#2108,#2109,#2110,#2111,#2112,#2113)
    ,(#2114,#2115,#2116,#2117,#2118,#2119,#2120,#2121,#2122)
    ,(#2123,#2124,#2125,#2126,#2127,#2128,#2129,#2130,#2131)
    ,(#2132,#2133,#2134,#2135,#2136,#2137,#2138,#2139,#2140)
    ,(#2141,#2142,#2143,#2144,#2145,#2146,#2147,#2148,#2149)
    ,(#2150,#2151,#2152,#2153,#2154,#2155,#2156,#2157,#2158)
    ,(#2159,#2160,#2161,#2162,#2163,#2164,#2165,#2166,#2167)
    ,(#2168,#2169,#2170,#2171,#2172,#2173,#2174,#2175,#2176
  )),.UNSPECIFIED.,.F.,.F.,.F.,(9,9),(9,9),(-1.591367934951,
    1.858122453147),(-0.6085274181,1.25498905089),
  .PIECEWISE_BEZIER_KNOTS.);
#2096 = CARTESIAN_POINT('',(33.586730083996,-69.98980361771,
    106.80770719702));
#2097 = CARTESIAN_POINT('',(32.860308994109,-70.01787338283,
    106.0199228603));
#2098 = CARTESIAN_POINT('',(31.878306918059,-70.14181316283,
    104.95063789014));
#2099 = CARTESIAN_POINT('',(32.241471241864,-69.76405150009,
    105.36046060725));
#2100 = CARTESIAN_POINT('',(31.322493537118,-69.86469344943,
    104.36029999725));
#2101 = CARTESIAN_POINT('',(31.538745181632,-69.54179870895,
    104.6085163179));
#2102 = CARTESIAN_POINT('',(31.227839680125,-69.41578359696,
    104.27680548867));
#2103 = CARTESIAN_POINT('',(31.156995993137,-69.20013867355,
    104.20923440144));
#2104 = CARTESIAN_POINT('',(31.074482353989,-68.98888969765,
    104.12880947921));
#2105 = CARTESIAN_POINT('',(33.762383715511,-70.03010237971,
    106.36026862233));
#2106 = CARTESIAN_POINT('',(33.43814809863,-69.90848681496,
    106.01445632434));
#2107 = CARTESIAN_POINT('',(32.74004610485,-69.92706957028,
    105.2569094818));
#2108 = CARTESIAN_POINT('',(33.254737753086,-69.4922720942,
    105.83378086585));
#2109 = CARTESIAN_POINT('',(32.170664014027,-69.65526521445,
    104.65143662184));
#2110 = CARTESIAN_POINT('',(32.630765117734,-69.24085843271,
    105.16830942063));
#2111 = CARTESIAN_POINT('',(32.240526551567,-69.144767278,
    104.74903454233));
#2112 = CARTESIAN_POINT('',(32.227165455705,-68.90766618378,
    104.74469497213));
#2113 = CARTESIAN_POINT('',(32.176739695548,-68.68448960934,
    104.69951889887));
#2114 = CARTESIAN_POINT('',(33.742912090817,-70.14270615225,
    105.69866153875));
#2115 = CARTESIAN_POINT('',(34.411465780236,-69.65161013036,
    106.44383822701));
#2116 = CARTESIAN_POINT('',(36.47161542739,-68.64191441148,
    108.71905478794));
#2117 = CARTESIAN_POINT('',(29.102402755179,-71.1473709042,
    100.62630906117));
#2118 = CARTESIAN_POINT('',(37.972199746279,-67.59768640181,
    110.39043240429));
#2119 = CARTESIAN_POINT('',(30.883337896615,-69.99897122291,
    102.60564922977));
#2120 = CARTESIAN_POINT('',(33.727672318292,-68.69639607492,
    105.74331330815));
#2121 = CARTESIAN_POINT('',(33.094775576134,-68.69053419813,
    105.05751542974));
#2122 = CARTESIAN_POINT('',(33.092444998574,-68.44945477486,
    105.06522447737));
#2123 = CARTESIAN_POINT('',(34.12977260106,-70.10444551121,
    105.48329669552));
#2124 = CARTESIAN_POINT('',(33.295770463661,-70.17320999348,
    104.57674101954));
#2125 = CARTESIAN_POINT('',(31.276567869333,-70.68533292733,
    102.3650594534));
#2126 = CARTESIAN_POINT('',(39.919061943778,-67.21846776668,
    111.88253794428));
#2127 = CARTESIAN_POINT('',(28.034868541542,-71.41083392716,
    98.818406882925));
#2128 = CARTESIAN_POINT('',(37.31895040007,-67.7039337734,
    109.04401963737));
#2129 = CARTESIAN_POINT('',(33.21376724284,-68.99506041793,
    104.53629391071));
#2130 = CARTESIAN_POINT('',(34.117701248875,-68.41511839618,
    105.54194511322));
#2131 = CARTESIAN_POINT('',(34.027784349454,-68.20674461208,
    105.45316228565));
#2132 = CARTESIAN_POINT('',(34.136615401923,-70.2072946845,
    104.85057361619));
#2133 = CARTESIAN_POINT('',(35.018665567532,-69.63644962858,
    105.8305960197));
#2134 = CARTESIAN_POINT('',(36.370874751533,-68.88938573412,
    107.32921352795));
#2135 = CARTESIAN_POINT('',(29.698596442749,-71.13766307439,
    99.997864664202));
#2136 = CARTESIAN_POINT('',(38.559459443459,-67.58900069524,
    109.75912737993));
#2137 = CARTESIAN_POINT('',(31.694662856608,-69.91011022909,
    102.21221389221));
#2138 = CARTESIAN_POINT('',(34.687073985941,-68.54911312819,
    105.51906459734));
#2139 = CARTESIAN_POINT('',(33.770310050022,-68.65033117432,
    104.51887130391));
#2140 = CARTESIAN_POINT('',(33.970399395894,-68.33408414183,
    104.74883191932));
#2141 = CARTESIAN_POINT('',(34.386916014387,-70.21981607879,
    104.4851616661));
#2142 = CARTESIAN_POINT('',(34.141148428628,-70.06949404224,
    104.22516624379));
#2143 = CARTESIAN_POINT('',(33.830979784423,-69.94376520625,
    103.89336500373));
#2144 = CARTESIAN_POINT('',(36.664233021933,-68.64501115416,
    107.02109419201));
#2145 = CARTESIAN_POINT('',(32.552718224666,-69.93638509865,
    102.50668836654));
#2146 = CARTESIAN_POINT('',(35.609856933339,-68.55308381365,
    105.88384620454));
#2147 = CARTESIAN_POINT('',(33.948976336456,-68.93222206742,
    104.0632535289));
#2148 = CARTESIAN_POINT('',(34.557092208749,-68.46309207803,
    104.74327191965));
#2149 = CARTESIAN_POINT('',(34.655813883273,-68.18457291802,
    104.86176041963));
#2150 = CARTESIAN_POINT('',(34.548878807937,-70.26503195114,
    104.02282930264));
#2151 = CARTESIAN_POINT('',(34.797744024023,-69.93030784089,
    104.3066500936));
#2152 = CARTESIAN_POINT('',(34.967566212431,-69.62506513603,
    104.50368748428));
#2153 = CARTESIAN_POINT('',(34.272598641305,-69.64201279752,
    103.74927773871));
#2154 = CARTESIAN_POINT('',(35.223286414539,-69.04651495017,
    104.80533208067));
#2155 = CARTESIAN_POINT('',(34.431444504828,-69.09933274536,
    103.94381109349));
#2156 = CARTESIAN_POINT('',(34.835694933655,-68.70672672701,
    104.39926458836));
#2157 = CARTESIAN_POINT('',(34.79229048143,-68.48127855469,
    104.36110981807));
#2158 = CARTESIAN_POINT('',(34.997770423092,-68.16308283554,
    104.59685006058));
#2159 = CARTESIAN_POINT('',(34.716721386753,-70.30809042754,
    103.56693347761));
#2160 = CARTESIAN_POINT('',(34.908212647685,-69.9948135231,
    103.78762484334));
#2161 = CARTESIAN_POINT('',(35.045919015279,-69.70174153056,
    103.94906796835));
#2162 = CARTESIAN_POINT('',(35.024879855497,-69.46758188876,
    103.936112314));
#2163 = CARTESIAN_POINT('',(35.066640413655,-69.21035960058,
    103.99203327151));
#2164 = CARTESIAN_POINT('',(35.038662919534,-68.97881473699,
    103.97141871551));
#2165 = CARTESIAN_POINT('',(35.095413082766,-68.71593345786,
    104.04370440727));
#2166 = CARTESIAN_POINT('',(35.241989424552,-68.41963005856,
    104.2147143352));
#2167 = CARTESIAN_POINT('',(35.48560086925,-68.08726732448,
    104.49232508499));
#2168 = CARTESIAN_POINT('',(34.855258342834,-70.36204396282,
    103.0788455619));
#2169 = CARTESIAN_POINT('',(35.085226520787,-70.03447450653,
    103.3417930318));
#2170 = CARTESIAN_POINT('',(35.260282889949,-69.72749706097,
    103.5442710268));
#2171 = CARTESIAN_POINT('',(35.298799377441,-69.47129388369,
    103.59668109729));
#2172 = CARTESIAN_POINT('',(35.361726267152,-69.20606172892,
    103.67589658885));
#2173 = CARTESIAN_POINT('',(35.396687128404,-68.95125208027,
    103.72432224942));
#2174 = CARTESIAN_POINT('',(35.502804221543,-68.66998116203,
    103.85086396273));
#2175 = CARTESIAN_POINT('',(35.699569538653,-68.35503724964,
    104.07698636602));
#2176 = CARTESIAN_POINT('',(35.993198386505,-68.0040905725,
    104.40952271073));
#2177 = DEFINITIONAL_REPRESENTATION('',(#2178),#2221);
#2178 = B_SPLINE_CURVE_WITH_KNOTS('',11,(#2179,#2180,#2181,#2182,#2183,
    #2184,#2185,#2186,#2187,#2188,#2189,#2190,#2191,#2192,#2193,#2194,
    #2195,#2196,#2197,#2198,#2199,#2200,#2201,#2202,#2203,#2204,#2205,
    #2206,#2207,#2208,#2209,#2210,#2211,#2212,#2213,#2214,#2215,#2216,
    #2217,#2218,#2219,#2220),.UNSPECIFIED.,.F.,.F.,(12,10,10,10,12),(0.,
    0.838525491562,1.677050983125,2.515576474687,3.35410196625),
  .UNSPECIFIED.);
#2179 = CARTESIAN_POINT('',(1.689202230134,-0.351612364415));
#2180 = CARTESIAN_POINT('',(1.618270286713,-0.356172292824));
#2181 = CARTESIAN_POINT('',(1.55166158398,-0.360454297536));
#2182 = CARTESIAN_POINT('',(1.469697740364,-0.365723422291));
#2183 = CARTESIAN_POINT('',(1.410206327315,-0.369547885169));
#2184 = CARTESIAN_POINT('',(1.332547059896,-0.37454028609));
#2185 = CARTESIAN_POINT('',(1.257639382659,-0.379355798385));
#2186 = CARTESIAN_POINT('',(1.19363850857,-0.383470156315));
#2187 = CARTESIAN_POINT('',(1.116287678655,-0.388442729035));
#2188 = CARTESIAN_POINT('',(1.047381708276,-0.392872415812));
#2189 = CARTESIAN_POINT('',(0.97579371377,-0.397474519099));
#2190 = CARTESIAN_POINT('',(0.833658702471,-0.406611805414));
#2191 = CARTESIAN_POINT('',(0.762707069249,-0.411172999601));
#2192 = CARTESIAN_POINT('',(0.691792025031,-0.415731841629));
#2193 = CARTESIAN_POINT('',(0.620850253091,-0.420292401874));
#2194 = CARTESIAN_POINT('',(0.549834403391,-0.424857724279));
#2195 = CARTESIAN_POINT('',(0.478713092587,-0.429429826354));
#2196 = CARTESIAN_POINT('',(0.40747090403,-0.434009699171));
#2197 = CARTESIAN_POINT('',(0.33610838776,-0.438597307371));
#2198 = CARTESIAN_POINT('',(0.264642060513,-0.44319158916));
#2199 = CARTESIAN_POINT('',(0.193104405716,-0.447790456309));
#2200 = CARTESIAN_POINT('',(4.998334125915E-02,-0.456991132004));
#2201 = CARTESIAN_POINT('',(-2.160638917441E-02,-0.461593346885));
#2202 = CARTESIAN_POINT('',(-9.315624867801E-02,-0.466192998626));
#2203 = CARTESIAN_POINT('',(-0.164617694306,-0.470786966595));
#2204 = CARTESIAN_POINT('',(-0.235962709304,-0.47537344971));
#2205 = CARTESIAN_POINT('',(-0.307183803106,-0.47995196643));
#2206 = CARTESIAN_POINT('',(-0.378294011338,-0.484523354765));
#2207 = CARTESIAN_POINT('',(-0.449326895813,-0.489089772267));
#2208 = CARTESIAN_POINT('',(-0.520336544538,-0.493654696037));
#2209 = CARTESIAN_POINT('',(-0.591397571707,-0.498222922719));
#2210 = CARTESIAN_POINT('',(-0.733812663704,-0.507378214293));
#2211 = CARTESIAN_POINT('',(-0.805100045543,-0.511960992403));
#2212 = CARTESIAN_POINT('',(-0.877233100029,-0.516598135396));
#2213 = CARTESIAN_POINT('',(-0.945874978197,-0.521010844751));
#2214 = CARTESIAN_POINT('',(-1.02741357074,-0.526252631832));
#2215 = CARTESIAN_POINT('',(-1.080301775504,-0.529652601094));
#2216 = CARTESIAN_POINT('',(-1.179665847716,-0.536040316332));
#2217 = CARTESIAN_POINT('',(-1.224742407053,-0.538938106432));
#2218 = CARTESIAN_POINT('',(-1.313695869053,-0.544656565549));
#2219 = CARTESIAN_POINT('',(-1.377446592579,-0.548754842309));
#2220 = CARTESIAN_POINT('',(-1.446698122683,-0.553206743727));
#2221 = ( GEOMETRIC_REPRESENTATION_CONTEXT(2) 
PARAMETRIC_REPRESENTATION_CONTEXT() REPRESENTATION_CONTEXT('2D SPACE',''
  ) );
#2222 = ORIENTED_EDGE('',*,*,#1735,.T.);
#2223 = ORIENTED_EDGE('',*,*,#1582,.F.);
#2224 = ORIENTED_EDGE('',*,*,#1386,.T.);
#2225 = ORIENTED_EDGE('',*,*,#1278,.F.);
#2226 = ORIENTED_EDGE('',*,*,#1153,.T.);
#2227 = ORIENTED_EDGE('',*,*,#2228,.T.);
#2228 = EDGE_CURVE('',#1154,#735,#2229,.T.);
#2229 = SURFACE_CURVE('',#2230,(#2234,#2241),.PCURVE_S1.);
#2230 = LINE('',#2231,#2232);
#2231 = CARTESIAN_POINT('',(0.,-70.,1.5));
#2232 = VECTOR('',#2233,1.);
#2233 = DIRECTION('',(1.,0.,0.));
#2234 = PCURVE('',#778,#2235);
#2235 = DEFINITIONAL_REPRESENTATION('',(#2236),#2240);
#2236 = LINE('',#2237,#2238);
#2237 = CARTESIAN_POINT('',(35.352749070946,-53.11759009052));
#2238 = VECTOR('',#2239,1.);
#2239 = DIRECTION('',(0.,1.));
#2240 = ( GEOMETRIC_REPRESENTATION_CONTEXT(2) 
PARAMETRIC_REPRESENTATION_CONTEXT() REPRESENTATION_CONTEXT('2D SPACE',''
  ) );
#2241 = PCURVE('',#1885,#2242);
#2242 = DEFINITIONAL_REPRESENTATION('',(#2243),#2247);
#2243 = LINE('',#2244,#2245);
#2244 = CARTESIAN_POINT('',(-1.570796326795,0.));
#2245 = VECTOR('',#2246,1.);
#2246 = DIRECTION('',(-0.,1.));
#2247 = ( GEOMETRIC_REPRESENTATION_CONTEXT(2) 
PARAMETRIC_REPRESENTATION_CONTEXT() REPRESENTATION_CONTEXT('2D SPACE',''
  ) );
#2248 = ADVANCED_FACE('',(#2249),#886,.T.);
#2249 = FACE_BOUND('',#2250,.F.);
#2250 = EDGE_LOOP('',(#2251,#2252,#2253,#2287));
#2251 = ORIENTED_EDGE('',*,*,#864,.F.);
#2252 = ORIENTED_EDGE('',*,*,#1176,.T.);
#2253 = ORIENTED_EDGE('',*,*,#2254,.F.);
#2254 = EDGE_CURVE('',#2255,#1154,#2257,.T.);
#2255 = VERTEX_POINT('',#2256);
#2256 = CARTESIAN_POINT('',(1.5,-68.5,-2.22044604925E-16));
#2257 = SURFACE_CURVE('',#2258,(#2263,#2275),.PCURVE_S1.);
#2258 = ELLIPSE('',#2259,2.12132034356,1.5);
#2259 = AXIS2_PLACEMENT_3D('',#2260,#2261,#2262);
#2260 = CARTESIAN_POINT('',(1.5,-68.5,1.5));
#2261 = DIRECTION('',(-0.707106781187,0.707106781187,0.));
#2262 = DIRECTION('',(-0.707106781187,-0.707106781187,0.));
#2263 = PCURVE('',#886,#2264);
#2264 = DEFINITIONAL_REPRESENTATION('',(#2265),#2274);
#2265 = B_SPLINE_CURVE_WITH_KNOTS('',7,(#2266,#2267,#2268,#2269,#2270,
    #2271,#2272,#2273),.UNSPECIFIED.,.F.,.F.,(8,8),(4.712388980385,
    6.28318530718),.PIECEWISE_BEZIER_KNOTS.);
#2266 = CARTESIAN_POINT('',(0.,78.5));
#2267 = CARTESIAN_POINT('',(-0.224399475256,78.836599212885));
#2268 = CARTESIAN_POINT('',(-0.448798950513,79.173197058998));
#2269 = CARTESIAN_POINT('',(-0.67319842577,79.482120238609));
#2270 = CARTESIAN_POINT('',(-0.897597901026,79.735643757));
#2271 = CARTESIAN_POINT('',(-1.121997376282,79.911876991065));
#2272 = CARTESIAN_POINT('',(-1.346396851538,80.));
#2273 = CARTESIAN_POINT('',(-1.570796326795,80.));
#2274 = ( GEOMETRIC_REPRESENTATION_CONTEXT(2) 
PARAMETRIC_REPRESENTATION_CONTEXT() REPRESENTATION_CONTEXT('2D SPACE',''
  ) );
#2275 = PCURVE('',#1885,#2276);
#2276 = DEFINITIONAL_REPRESENTATION('',(#2277),#2286);
#2277 = B_SPLINE_CURVE_WITH_KNOTS('',7,(#2278,#2279,#2280,#2281,#2282,
    #2283,#2284,#2285),.UNSPECIFIED.,.F.,.F.,(8,8),(4.712388980385,
    6.28318530718),.PIECEWISE_BEZIER_KNOTS.);
#2278 = CARTESIAN_POINT('',(0.,1.5));
#2279 = CARTESIAN_POINT('',(-0.224399475256,1.163400787115));
#2280 = CARTESIAN_POINT('',(-0.448798950513,0.826802941022));
#2281 = CARTESIAN_POINT('',(-0.673198425769,0.517879761339));
#2282 = CARTESIAN_POINT('',(-0.897597901026,0.264356243062));
#2283 = CARTESIAN_POINT('',(-1.121997376282,8.812300891497E-02));
#2284 = CARTESIAN_POINT('',(-1.346396851538,-2.22044604925E-16));
#2285 = CARTESIAN_POINT('',(-1.570796326795,-2.22044604925E-16));
#2286 = ( GEOMETRIC_REPRESENTATION_CONTEXT(2) 
PARAMETRIC_REPRESENTATION_CONTEXT() REPRESENTATION_CONTEXT('2D SPACE',''
  ) );
#2287 = ORIENTED_EDGE('',*,*,#2288,.F.);
#2288 = EDGE_CURVE('',#865,#2255,#2289,.T.);
#2289 = SURFACE_CURVE('',#2290,(#2294,#2301),.PCURVE_S1.);
#2290 = LINE('',#2291,#2292);
#2291 = CARTESIAN_POINT('',(1.5,10.,-2.22044604925E-16));
#2292 = VECTOR('',#2293,1.);
#2293 = DIRECTION('',(0.,-1.,0.));
#2294 = PCURVE('',#886,#2295);
#2295 = DEFINITIONAL_REPRESENTATION('',(#2296),#2300);
#2296 = LINE('',#2297,#2298);
#2297 = CARTESIAN_POINT('',(-0.,0.));
#2298 = VECTOR('',#2299,1.);
#2299 = DIRECTION('',(-0.,1.));
#2300 = ( GEOMETRIC_REPRESENTATION_CONTEXT(2) 
PARAMETRIC_REPRESENTATION_CONTEXT() REPRESENTATION_CONTEXT('2D SPACE',''
  ) );
#2301 = PCURVE('',#919,#2302);
#2302 = DEFINITIONAL_REPRESENTATION('',(#2303),#2307);
#2303 = LINE('',#2304,#2305);
#2304 = CARTESIAN_POINT('',(1.5,0.));
#2305 = VECTOR('',#2306,1.);
#2306 = DIRECTION('',(0.,-1.));
#2307 = ( GEOMETRIC_REPRESENTATION_CONTEXT(2) 
PARAMETRIC_REPRESENTATION_CONTEXT() REPRESENTATION_CONTEXT('2D SPACE',''
  ) );
#2308 = ADVANCED_FACE('',(#2309),#919,.F.);
#2309 = FACE_BOUND('',#2310,.F.);
#2310 = EDGE_LOOP('',(#2311,#2312,#2313,#2334));
#2311 = ORIENTED_EDGE('',*,*,#903,.F.);
#2312 = ORIENTED_EDGE('',*,*,#2288,.T.);
#2313 = ORIENTED_EDGE('',*,*,#2314,.T.);
#2314 = EDGE_CURVE('',#2255,#1843,#2315,.T.);
#2315 = SURFACE_CURVE('',#2316,(#2320,#2327),.PCURVE_S1.);
#2316 = LINE('',#2317,#2318);
#2317 = CARTESIAN_POINT('',(0.,-68.5,-2.22044604925E-16));
#2318 = VECTOR('',#2319,1.);
#2319 = DIRECTION('',(1.,0.,0.));
#2320 = PCURVE('',#919,#2321);
#2321 = DEFINITIONAL_REPRESENTATION('',(#2322),#2326);
#2322 = LINE('',#2323,#2324);
#2323 = CARTESIAN_POINT('',(0.,-78.5));
#2324 = VECTOR('',#2325,1.);
#2325 = DIRECTION('',(1.,0.));
#2326 = ( GEOMETRIC_REPRESENTATION_CONTEXT(2) 
PARAMETRIC_REPRESENTATION_CONTEXT() REPRESENTATION_CONTEXT('2D SPACE',''
  ) );
#2327 = PCURVE('',#1885,#2328);
#2328 = DEFINITIONAL_REPRESENTATION('',(#2329),#2333);
#2329 = LINE('',#2330,#2331);
#2330 = CARTESIAN_POINT('',(-0.,0.));
#2331 = VECTOR('',#2332,1.);
#2332 = DIRECTION('',(-0.,1.));
#2333 = ( GEOMETRIC_REPRESENTATION_CONTEXT(2) 
PARAMETRIC_REPRESENTATION_CONTEXT() REPRESENTATION_CONTEXT('2D SPACE',''
  ) );
#2334 = ORIENTED_EDGE('',*,*,#1842,.F.);
#2335 = ADVANCED_FACE('',(#2336),#1034,.T.);
#2336 = FACE_BOUND('',#2337,.F.);
#2337 = EDGE_LOOP('',(#2338,#2364,#2365,#2387));
#2338 = ORIENTED_EDGE('',*,*,#2339,.F.);
#2339 = EDGE_CURVE('',#1076,#1018,#2340,.T.);
#2340 = SURFACE_CURVE('',#2341,(#2346,#2353),.PCURVE_S1.);
#2341 = CIRCLE('',#2342,1.5);
#2342 = AXIS2_PLACEMENT_3D('',#2343,#2344,#2345);
#2343 = CARTESIAN_POINT('',(75.565685424949,-0.565685424949,55.));
#2344 = DIRECTION('',(-0.707106781187,0.707106781187,2.378891292481E-16)
  );
#2345 = DIRECTION('',(-0.675005965291,-0.675005965291,0.297882348658));
#2346 = PCURVE('',#1034,#2347);
#2347 = DEFINITIONAL_REPRESENTATION('',(#2348),#2352);
#2348 = LINE('',#2349,#2350);
#2349 = CARTESIAN_POINT('',(-9.122304436019,-0.8));
#2350 = VECTOR('',#2351,1.);
#2351 = DIRECTION('',(1.,-0.));
#2352 = ( GEOMETRIC_REPRESENTATION_CONTEXT(2) 
PARAMETRIC_REPRESENTATION_CONTEXT() REPRESENTATION_CONTEXT('2D SPACE',''
  ) );
#2353 = PCURVE('',#1115,#2354);
#2354 = DEFINITIONAL_REPRESENTATION('',(#2355),#2363);
#2355 = ( BOUNDED_CURVE() B_SPLINE_CURVE(2,(#2356,#2357,#2358,#2359,
#2360,#2361,#2362),.UNSPECIFIED.,.T.,.F.) B_SPLINE_CURVE_WITH_KNOTS((1,2
    ,2,2,2,1),(-2.094395102393,0.,2.094395102393,4.188790204786,
6.28318530718,8.377580409573),.UNSPECIFIED.) CURVE() 
GEOMETRIC_REPRESENTATION_ITEM() RATIONAL_B_SPLINE_CURVE((1.,0.5,1.,0.5,
1.,0.5,1.)) REPRESENTATION_ITEM('') );
#2356 = CARTESIAN_POINT('',(-18.5680961138,-20.44682352298));
#2357 = CARTESIAN_POINT('',(-19.34201715763,-22.92695380543));
#2358 = CARTESIAN_POINT('',(-21.10291246501,-21.01665337973));
#2359 = CARTESIAN_POINT('',(-22.86380777239,-19.10635295402));
#2360 = CARTESIAN_POINT('',(-20.32899142118,-18.53652309728));
#2361 = CARTESIAN_POINT('',(-17.79417506997,-17.96669324054));
#2362 = CARTESIAN_POINT('',(-18.5680961138,-20.44682352298));
#2363 = ( GEOMETRIC_REPRESENTATION_CONTEXT(2) 
PARAMETRIC_REPRESENTATION_CONTEXT() REPRESENTATION_CONTEXT('2D SPACE',''
  ) );
#2364 = ORIENTED_EDGE('',*,*,#1075,.T.);
#2365 = ORIENTED_EDGE('',*,*,#2366,.F.);
#2366 = EDGE_CURVE('',#1016,#1050,#2367,.T.);
#2367 = SURFACE_CURVE('',#2368,(#2373,#2380),.PCURVE_S1.);
#2368 = CIRCLE('',#2369,1.5);
#2369 = AXIS2_PLACEMENT_3D('',#2370,#2371,#2372);
#2370 = CARTESIAN_POINT('',(75.,0.,55.));
#2371 = DIRECTION('',(0.707106781187,-0.707106781187,1.519281463145E-15)
  );
#2372 = DIRECTION('',(0.57735026919,0.57735026919,-0.57735026919));
#2373 = PCURVE('',#1034,#2374);
#2374 = DEFINITIONAL_REPRESENTATION('',(#2375),#2379);
#2375 = LINE('',#2376,#2377);
#2376 = CARTESIAN_POINT('',(-5.667705598509,0.));
#2377 = VECTOR('',#2378,1.);
#2378 = DIRECTION('',(-1.,0.));
#2379 = ( GEOMETRIC_REPRESENTATION_CONTEXT(2) 
PARAMETRIC_REPRESENTATION_CONTEXT() REPRESENTATION_CONTEXT('2D SPACE',''
  ) );
#2380 = PCURVE('',#1064,#2381);
#2381 = DEFINITIONAL_REPRESENTATION('',(#2382),#2386);
#2382 = CIRCLE('',#2383,1.5);
#2383 = AXIS2_PLACEMENT_2D('',#2384,#2385);
#2384 = CARTESIAN_POINT('',(-20.,-20.));
#2385 = DIRECTION('',(-0.816496580928,0.57735026919));
#2386 = ( GEOMETRIC_REPRESENTATION_CONTEXT(2) 
PARAMETRIC_REPRESENTATION_CONTEXT() REPRESENTATION_CONTEXT('2D SPACE',''
  ) );
#2387 = ORIENTED_EDGE('',*,*,#1015,.T.);
#2388 = ADVANCED_FACE('',(#2389),#1115,.T.);
#2389 = FACE_BOUND('',#2390,.T.);
#2390 = EDGE_LOOP('',(#2391,#2392));
#2391 = ORIENTED_EDGE('',*,*,#1102,.F.);
#2392 = ORIENTED_EDGE('',*,*,#2339,.F.);
#2393 = ADVANCED_FACE('',(#2394),#1064,.F.);
#2394 = FACE_BOUND('',#2395,.F.);
#2395 = EDGE_LOOP('',(#2396,#2397));
#2396 = ORIENTED_EDGE('',*,*,#2366,.T.);
#2397 = ORIENTED_EDGE('',*,*,#1049,.F.);
#2398 = ADVANCED_FACE('',(#2399),#1347,.F.);
#2399 = FACE_BOUND('',#2400,.T.);
#2400 = EDGE_LOOP('',(#2401,#2402,#2425,#2501));
#2401 = ORIENTED_EDGE('',*,*,#1479,.F.);
#2402 = ORIENTED_EDGE('',*,*,#2403,.T.);
#2403 = EDGE_CURVE('',#1412,#2404,#2406,.T.);
#2404 = VERTEX_POINT('',#2405);
#2405 = CARTESIAN_POINT('',(31.5,-68.5,105.));
#2406 = SURFACE_CURVE('',#2407,(#2411,#2418),.PCURVE_S1.);
#2407 = LINE('',#2408,#2409);
#2408 = CARTESIAN_POINT('',(31.5,10.,105.));
#2409 = VECTOR('',#2410,1.);
#2410 = DIRECTION('',(0.,-1.,0.));
#2411 = PCURVE('',#1347,#2412);
#2412 = DEFINITIONAL_REPRESENTATION('',(#2413),#2417);
#2413 = LINE('',#2414,#2415);
#2414 = CARTESIAN_POINT('',(-1.570796326795,0.));
#2415 = VECTOR('',#2416,1.);
#2416 = DIRECTION('',(-0.,1.));
#2417 = ( GEOMETRIC_REPRESENTATION_CONTEXT(2) 
PARAMETRIC_REPRESENTATION_CONTEXT() REPRESENTATION_CONTEXT('2D SPACE',''
  ) );
#2418 = PCURVE('',#1625,#2419);
#2419 = DEFINITIONAL_REPRESENTATION('',(#2420),#2424);
#2420 = LINE('',#2421,#2422);
#2421 = CARTESIAN_POINT('',(1.5,0.));
#2422 = VECTOR('',#2423,1.);
#2423 = DIRECTION('',(0.,-1.));
#2424 = ( GEOMETRIC_REPRESENTATION_CONTEXT(2) 
PARAMETRIC_REPRESENTATION_CONTEXT() REPRESENTATION_CONTEXT('2D SPACE',''
  ) );
#2425 = ORIENTED_EDGE('',*,*,#2426,.T.);
#2426 = EDGE_CURVE('',#2404,#1311,#2427,.T.);
#2427 = SURFACE_CURVE('',#2428,(#2435,#2441),.PCURVE_S1.);
#2428 = B_SPLINE_CURVE_WITH_KNOTS('',5,(#2429,#2430,#2431,#2432,#2433,
    #2434),.UNSPECIFIED.,.F.,.F.,(6,6),(0.,2.171957895603),
  .PIECEWISE_BEZIER_KNOTS.);
#2429 = CARTESIAN_POINT('',(31.5,-68.5,105.));
#2430 = CARTESIAN_POINT('',(31.028761101961,-68.8,105.));
#2431 = CARTESIAN_POINT('',(30.557082534956,-69.1,104.81547749393));
#2432 = CARTESIAN_POINT('',(30.184522506069,-69.4,104.44291746504));
#2433 = CARTESIAN_POINT('',(30.,-69.7,103.97123889803));
#2434 = CARTESIAN_POINT('',(30.,-70.,103.5));
#2435 = PCURVE('',#1347,#2436);
#2436 = DEFINITIONAL_REPRESENTATION('',(#2437),#2440);
#2437 = B_SPLINE_CURVE_WITH_KNOTS('',1,(#2438,#2439),.UNSPECIFIED.,.F.,
  .F.,(2,2),(0.,2.171957895603),.PIECEWISE_BEZIER_KNOTS.);
#2438 = CARTESIAN_POINT('',(-1.570796326795,78.5));
#2439 = CARTESIAN_POINT('',(3.208544541167E-14,80.));
#2440 = ( GEOMETRIC_REPRESENTATION_CONTEXT(2) 
PARAMETRIC_REPRESENTATION_CONTEXT() REPRESENTATION_CONTEXT('2D SPACE',''
  ) );
#2441 = PCURVE('',#1926,#2442);
#2442 = DEFINITIONAL_REPRESENTATION('',(#2443),#2500);
#2443 = B_SPLINE_CURVE_WITH_KNOTS('',10,(#2444,#2445,#2446,#2447,#2448,
    #2449,#2450,#2451,#2452,#2453,#2454,#2455,#2456,#2457,#2458,#2459,
    #2460,#2461,#2462,#2463,#2464,#2465,#2466,#2467,#2468,#2469,#2470,
    #2471,#2472,#2473,#2474,#2475,#2476,#2477,#2478,#2479,#2480,#2481,
    #2482,#2483,#2484,#2485,#2486,#2487,#2488,#2489,#2490,#2491,#2492,
    #2493,#2494,#2495,#2496,#2497,#2498,#2499),.UNSPECIFIED.,.F.,.F.,(11
    ,9,9,9,9,9,11),(0.,0.27149473695,0.542989473901,1.085978947802,
    1.628968421702,1.900463158653,2.171957895603),.UNSPECIFIED.);
#2444 = CARTESIAN_POINT('',(0.386824182064,1.140899137173));
#2445 = CARTESIAN_POINT('',(0.365582156965,1.117102729355));
#2446 = CARTESIAN_POINT('',(0.343124394865,1.092493569748));
#2447 = CARTESIAN_POINT('',(0.316536957819,1.064331046077));
#2448 = CARTESIAN_POINT('',(0.30681054852,1.054459521649));
#2449 = CARTESIAN_POINT('',(0.268938815397,1.015004673252));
#2450 = CARTESIAN_POINT('',(0.256720613943,1.003878986257));
#2451 = CARTESIAN_POINT('',(0.228351037133,0.975529171398));
#2452 = CARTESIAN_POINT('',(0.206011282683,0.954411836846));
#2453 = CARTESIAN_POINT('',(0.181724032422,0.931602534669));
#2454 = CARTESIAN_POINT('',(0.132862315992,0.886661500043));
#2455 = CARTESIAN_POINT('',(0.108087072313,0.864300588452));
#2456 = CARTESIAN_POINT('',(8.297262221046E-02,0.842046164311));
#2457 = CARTESIAN_POINT('',(5.752680297199E-02,0.81989696619));
#2458 = CARTESIAN_POINT('',(3.176011013597E-02,0.797853589502));
#2459 = CARTESIAN_POINT('',(5.685697489808E-03,0.775918486499));
#2460 = CARTESIAN_POINT('',(-2.068062292945E-02,0.754095966276));
#2461 = CARTESIAN_POINT('',(-4.732038083546E-02,0.73239219477));
#2462 = CARTESIAN_POINT('',(-7.42124476923E-02,0.710815194758));
#2463 = CARTESIAN_POINT('',(-0.155574214759,0.646494148064));
#2464 = CARTESIAN_POINT('',(-0.210708087165,0.604177285141));
#2465 = CARTESIAN_POINT('',(-0.266596665245,0.562448326682));
#2466 = CARTESIAN_POINT('',(-0.323108403292,0.521324999352));
#2467 = CARTESIAN_POINT('',(-0.380118198578,0.480818686899));
#2468 = CARTESIAN_POINT('',(-0.437507391351,0.440934430148));
#2469 = CARTESIAN_POINT('',(-0.495163764838,0.401670927002));
#2470 = CARTESIAN_POINT('',(-0.552981545246,0.363020532443));
#2471 = CARTESIAN_POINT('',(-0.610861401758,0.324969258534));
#2472 = CARTESIAN_POINT('',(-0.726559491316,0.250024290291));
#2473 = CARTESIAN_POINT('',(-0.784387537534,0.213130758509));
#2474 = CARTESIAN_POINT('',(-0.84199574628,0.176861290448));
#2475 = CARTESIAN_POINT('',(-0.899205849894,0.1412478208));
#2476 = CARTESIAN_POINT('',(-0.955860151975,0.106309107571));
#2477 = CARTESIAN_POINT('',(-1.011821527376,7.205073207916E-02));
#2478 = CARTESIAN_POINT('',(-1.066973422207,3.846509895388E-02));
#2479 = CARTESIAN_POINT('',(-1.12121985383,5.531436138237E-03));
#2480 = CARTESIAN_POINT('',(-1.174485410867,-2.678420511247E-02));
#2481 = CARTESIAN_POINT('',(-1.252830174355,-7.440132278964E-02));
#2482 = CARTESIAN_POINT('',(-1.27870361464,-9.014090385588E-02));
#2483 = CARTESIAN_POINT('',(-1.304320609712,-0.105748636501));
#2484 = CARTESIAN_POINT('',(-1.329666195238,-0.121225463799));
#2485 = CARTESIAN_POINT('',(-1.354725406885,-0.13657232882));
#2486 = CARTESIAN_POINT('',(-1.379483280317,-0.151790174637));
#2487 = CARTESIAN_POINT('',(-1.403924851202,-0.166879944322));
#2488 = CARTESIAN_POINT('',(-1.428035155205,-0.181842580947));
#2489 = CARTESIAN_POINT('',(-1.451799227992,-0.196679027585));
#2490 = CARTESIAN_POINT('',(-1.498604982468,-0.226101427031));
#2491 = CARTESIAN_POINT('',(-1.522050350558,-0.240958209138));
#2492 = CARTESIAN_POINT('',(-1.542663183113,-0.254052796075));
#2493 = CARTESIAN_POINT('',(-1.568699322038,-0.270891580824));
#2494 = CARTESIAN_POINT('',(-1.587913559053,-0.283361728793));
#2495 = CARTESIAN_POINT('',(-1.607062804449,-0.295914779663));
#2496 = CARTESIAN_POINT('',(-1.632571987178,-0.312860185438));
#2497 = CARTESIAN_POINT('',(-1.651108424852,-0.325421247479));
#2498 = CARTESIAN_POINT('',(-1.669810865075,-0.338168613423));
#2499 = CARTESIAN_POINT('',(-1.689202230134,-0.351612364415));
#2500 = ( GEOMETRIC_REPRESENTATION_CONTEXT(2) 
PARAMETRIC_REPRESENTATION_CONTEXT() REPRESENTATION_CONTEXT('2D SPACE',''
  ) );
#2501 = ORIENTED_EDGE('',*,*,#1333,.F.);
#2502 = ADVANCED_FACE('',(#2503),#1625,.F.);
#2503 = FACE_BOUND('',#2504,.F.);
#2504 = EDGE_LOOP('',(#2505,#2506,#2507,#2530));
#2505 = ORIENTED_EDGE('',*,*,#1609,.F.);
#2506 = ORIENTED_EDGE('',*,*,#2403,.T.);
#2507 = ORIENTED_EDGE('',*,*,#2508,.T.);
#2508 = EDGE_CURVE('',#2404,#2509,#2511,.T.);
#2509 = VERTEX_POINT('',#2510);
#2510 = CARTESIAN_POINT('',(33.5,-68.5,105.));
#2511 = SURFACE_CURVE('',#2512,(#2516,#2523),.PCURVE_S1.);
#2512 = LINE('',#2513,#2514);
#2513 = CARTESIAN_POINT('',(30.,-68.5,105.));
#2514 = VECTOR('',#2515,1.);
#2515 = DIRECTION('',(1.,0.,0.));
#2516 = PCURVE('',#1625,#2517);
#2517 = DEFINITIONAL_REPRESENTATION('',(#2518),#2522);
#2518 = LINE('',#2519,#2520);
#2519 = CARTESIAN_POINT('',(0.,-78.5));
#2520 = VECTOR('',#2521,1.);
#2521 = DIRECTION('',(1.,0.));
#2522 = ( GEOMETRIC_REPRESENTATION_CONTEXT(2) 
PARAMETRIC_REPRESENTATION_CONTEXT() REPRESENTATION_CONTEXT('2D SPACE',''
  ) );
#2523 = PCURVE('',#2070,#2524);
#2524 = DEFINITIONAL_REPRESENTATION('',(#2525),#2529);
#2525 = LINE('',#2526,#2527);
#2526 = CARTESIAN_POINT('',(1.570796326795,0.));
#2527 = VECTOR('',#2528,1.);
#2528 = DIRECTION('',(0.,1.));
#2529 = ( GEOMETRIC_REPRESENTATION_CONTEXT(2) 
PARAMETRIC_REPRESENTATION_CONTEXT() REPRESENTATION_CONTEXT('2D SPACE',''
  ) );
#2530 = ORIENTED_EDGE('',*,*,#2531,.F.);
#2531 = EDGE_CURVE('',#1610,#2509,#2532,.T.);
#2532 = SURFACE_CURVE('',#2533,(#2537,#2544),.PCURVE_S1.);
#2533 = LINE('',#2534,#2535);
#2534 = CARTESIAN_POINT('',(33.5,10.,105.));
#2535 = VECTOR('',#2536,1.);
#2536 = DIRECTION('',(0.,-1.,0.));
#2537 = PCURVE('',#1625,#2538);
#2538 = DEFINITIONAL_REPRESENTATION('',(#2539),#2543);
#2539 = LINE('',#2540,#2541);
#2540 = CARTESIAN_POINT('',(3.5,0.));
#2541 = VECTOR('',#2542,1.);
#2542 = DIRECTION('',(0.,-1.));
#2543 = ( GEOMETRIC_REPRESENTATION_CONTEXT(2) 
PARAMETRIC_REPRESENTATION_CONTEXT() REPRESENTATION_CONTEXT('2D SPACE',''
  ) );
#2544 = PCURVE('',#1723,#2545);
#2545 = DEFINITIONAL_REPRESENTATION('',(#2546),#2550);
#2546 = LINE('',#2547,#2548);
#2547 = CARTESIAN_POINT('',(-0.,0.));
#2548 = VECTOR('',#2549,1.);
#2549 = DIRECTION('',(-0.,1.));
#2550 = ( GEOMETRIC_REPRESENTATION_CONTEXT(2) 
PARAMETRIC_REPRESENTATION_CONTEXT() REPRESENTATION_CONTEXT('2D SPACE',''
  ) );
#2551 = ADVANCED_FACE('',(#2552),#1723,.F.);
#2552 = FACE_BOUND('',#2553,.T.);
#2553 = EDGE_LOOP('',(#2554,#2555,#2556,#2632));
#2554 = ORIENTED_EDGE('',*,*,#1761,.T.);
#2555 = ORIENTED_EDGE('',*,*,#1707,.T.);
#2556 = ORIENTED_EDGE('',*,*,#2557,.F.);
#2557 = EDGE_CURVE('',#2509,#1708,#2558,.T.);
#2558 = SURFACE_CURVE('',#2559,(#2566,#2572),.PCURVE_S1.);
#2559 = B_SPLINE_CURVE_WITH_KNOTS('',5,(#2560,#2561,#2562,#2563,#2564,
    #2565),.UNSPECIFIED.,.F.,.F.,(6,6),(0.,2.171957895603),
  .PIECEWISE_BEZIER_KNOTS.);
#2560 = CARTESIAN_POINT('',(33.5,-68.5,105.));
#2561 = CARTESIAN_POINT('',(33.971238898038,-68.8,105.));
#2562 = CARTESIAN_POINT('',(34.442917465045,-69.1,104.81547749393));
#2563 = CARTESIAN_POINT('',(34.815477493931,-69.4,104.44291746504));
#2564 = CARTESIAN_POINT('',(35.,-69.7,103.97123889803));
#2565 = CARTESIAN_POINT('',(35.,-70.,103.5));
#2566 = PCURVE('',#1723,#2567);
#2567 = DEFINITIONAL_REPRESENTATION('',(#2568),#2571);
#2568 = B_SPLINE_CURVE_WITH_KNOTS('',1,(#2569,#2570),.UNSPECIFIED.,.F.,
  .F.,(2,2),(0.,2.171957895603),.PIECEWISE_BEZIER_KNOTS.);
#2569 = CARTESIAN_POINT('',(3.478328736151E-13,78.5));
#2570 = CARTESIAN_POINT('',(-1.570796326795,80.));
#2571 = ( GEOMETRIC_REPRESENTATION_CONTEXT(2) 
PARAMETRIC_REPRESENTATION_CONTEXT() REPRESENTATION_CONTEXT('2D SPACE',''
  ) );
#2572 = PCURVE('',#2095,#2573);
#2573 = DEFINITIONAL_REPRESENTATION('',(#2574),#2631);
#2574 = B_SPLINE_CURVE_WITH_KNOTS('',10,(#2575,#2576,#2577,#2578,#2579,
    #2580,#2581,#2582,#2583,#2584,#2585,#2586,#2587,#2588,#2589,#2590,
    #2591,#2592,#2593,#2594,#2595,#2596,#2597,#2598,#2599,#2600,#2601,
    #2602,#2603,#2604,#2605,#2606,#2607,#2608,#2609,#2610,#2611,#2612,
    #2613,#2614,#2615,#2616,#2617,#2618,#2619,#2620,#2621,#2622,#2623,
    #2624,#2625,#2626,#2627,#2628,#2629,#2630),.UNSPECIFIED.,.F.,.F.,(11
    ,9,9,9,9,9,11),(0.,0.27149473695,0.542989473901,1.085978947802,
    1.628968421702,1.900463158653,2.171957895603),.UNSPECIFIED.);
#2575 = CARTESIAN_POINT('',(-0.386824182064,1.140899137173));
#2576 = CARTESIAN_POINT('',(-0.365582156965,1.117102729355));
#2577 = CARTESIAN_POINT('',(-0.343124394866,1.09249356975));
#2578 = CARTESIAN_POINT('',(-0.316536957829,1.064331046088));
#2579 = CARTESIAN_POINT('',(-0.306810548506,1.054459521634));
#2580 = CARTESIAN_POINT('',(-0.268938815412,1.015004673268));
#2581 = CARTESIAN_POINT('',(-0.256720613936,1.003878986249));
#2582 = CARTESIAN_POINT('',(-0.228351037137,0.975529171402));
#2583 = CARTESIAN_POINT('',(-0.206011282684,0.954411836846));
#2584 = CARTESIAN_POINT('',(-0.181724032423,0.931602534669));
#2585 = CARTESIAN_POINT('',(-0.132862315992,0.886661500044));
#2586 = CARTESIAN_POINT('',(-0.108087072314,0.864300588452));
#2587 = CARTESIAN_POINT('',(-8.297262221093E-02,0.842046164311));
#2588 = CARTESIAN_POINT('',(-5.752680297249E-02,0.819896966191));
#2589 = CARTESIAN_POINT('',(-3.17601101364E-02,0.797853589502));
#2590 = CARTESIAN_POINT('',(-5.685697490271E-03,0.775918486499));
#2591 = CARTESIAN_POINT('',(2.068062292905E-02,0.754095966276));
#2592 = CARTESIAN_POINT('',(4.732038083505E-02,0.73239219477));
#2593 = CARTESIAN_POINT('',(7.421244769191E-02,0.710815194758));
#2594 = CARTESIAN_POINT('',(0.155574214759,0.646494148064));
#2595 = CARTESIAN_POINT('',(0.210708087164,0.604177285142));
#2596 = CARTESIAN_POINT('',(0.266596665244,0.562448326682));
#2597 = CARTESIAN_POINT('',(0.323108403292,0.521324999353));
#2598 = CARTESIAN_POINT('',(0.380118198577,0.480818686899));
#2599 = CARTESIAN_POINT('',(0.43750739135,0.440934430148));
#2600 = CARTESIAN_POINT('',(0.495163764838,0.401670927002));
#2601 = CARTESIAN_POINT('',(0.552981545246,0.363020532444));
#2602 = CARTESIAN_POINT('',(0.610861401758,0.324969258534));
#2603 = CARTESIAN_POINT('',(0.726559491316,0.25002429029));
#2604 = CARTESIAN_POINT('',(0.784387537534,0.213130758509));
#2605 = CARTESIAN_POINT('',(0.84199574628,0.176861290448));
#2606 = CARTESIAN_POINT('',(0.899205849894,0.1412478208));
#2607 = CARTESIAN_POINT('',(0.955860151976,0.106309107571));
#2608 = CARTESIAN_POINT('',(1.011821527377,7.205073207897E-02));
#2609 = CARTESIAN_POINT('',(1.066973422207,3.846509895365E-02));
#2610 = CARTESIAN_POINT('',(1.121219853831,5.531436137919E-03));
#2611 = CARTESIAN_POINT('',(1.174485410868,-2.678420511289E-02));
#2612 = CARTESIAN_POINT('',(1.252830174356,-7.440132279021E-02));
#2613 = CARTESIAN_POINT('',(1.278703614641,-9.014090385648E-02));
#2614 = CARTESIAN_POINT('',(1.304320609713,-0.105748636502));
#2615 = CARTESIAN_POINT('',(1.32966619524,-0.121225463799));
#2616 = CARTESIAN_POINT('',(1.354725406885,-0.13657232882));
#2617 = CARTESIAN_POINT('',(1.379483280319,-0.151790174637));
#2618 = CARTESIAN_POINT('',(1.403924851202,-0.166879944322));
#2619 = CARTESIAN_POINT('',(1.428035155206,-0.181842580948));
#2620 = CARTESIAN_POINT('',(1.451799227993,-0.196679027586));
#2621 = CARTESIAN_POINT('',(1.498604982468,-0.226101427031));
#2622 = CARTESIAN_POINT('',(1.522050350557,-0.240958209137));
#2623 = CARTESIAN_POINT('',(1.542663183117,-0.254052796077));
#2624 = CARTESIAN_POINT('',(1.568699322031,-0.27089158082));
#2625 = CARTESIAN_POINT('',(1.587913559053,-0.283361728793));
#2626 = CARTESIAN_POINT('',(1.607062804455,-0.295914779667));
#2627 = CARTESIAN_POINT('',(1.63257198717,-0.312860185433));
#2628 = CARTESIAN_POINT('',(1.65110842485,-0.325421247478));
#2629 = CARTESIAN_POINT('',(1.669810865076,-0.338168613423));
#2630 = CARTESIAN_POINT('',(1.689202230134,-0.351612364415));
#2631 = ( GEOMETRIC_REPRESENTATION_CONTEXT(2) 
PARAMETRIC_REPRESENTATION_CONTEXT() REPRESENTATION_CONTEXT('2D SPACE',''
  ) );
#2632 = ORIENTED_EDGE('',*,*,#2531,.F.);
#2633 = ADVANCED_FACE('',(#2634),#1885,.T.);
#2634 = FACE_BOUND('',#2635,.F.);
#2635 = EDGE_LOOP('',(#2636,#2637,#2638,#2639));
#2636 = ORIENTED_EDGE('',*,*,#2254,.T.);
#2637 = ORIENTED_EDGE('',*,*,#2228,.T.);
#2638 = ORIENTED_EDGE('',*,*,#1865,.T.);
#2639 = ORIENTED_EDGE('',*,*,#2314,.F.);
#2640 = ADVANCED_FACE('',(#2641),#1926,.F.);
#2641 = FACE_BOUND('',#2642,.F.);
#2642 = EDGE_LOOP('',(#2643,#2708,#2709));
#2643 = ORIENTED_EDGE('',*,*,#2644,.T.);
#2644 = EDGE_CURVE('',#1912,#2404,#2645,.T.);
#2645 = SURFACE_CURVE('',#2646,(#2654,#2696),.PCURVE_S1.);
#2646 = ( BOUNDED_CURVE() B_SPLINE_CURVE(6,(#2647,#2648,#2649,#2650,
#2651,#2652,#2653),.UNSPECIFIED.,.F.,.F.) B_SPLINE_CURVE_WITH_KNOTS((7,7
),(0.,1.570796326795),.PIECEWISE_BEZIER_KNOTS.) CURVE() 
GEOMETRIC_REPRESENTATION_ITEM() RATIONAL_B_SPLINE_CURVE((1.031393471788,
    1.010025407661,0.997924642725,0.993958444137,0.997924642725,
1.010025407661,1.031393471788)) REPRESENTATION_ITEM('') );
#2647 = CARTESIAN_POINT('',(31.5,-70.,106.5));
#2648 = CARTESIAN_POINT('',(31.5,-70.,106.09899482527));
#2649 = CARTESIAN_POINT('',(31.5,-69.87249347404,105.70843714112));
#2650 = CARTESIAN_POINT('',(31.5,-69.6278792698,105.37212073019));
#2651 = CARTESIAN_POINT('',(31.5,-69.29156285887,105.12750652595));
#2652 = CARTESIAN_POINT('',(31.5,-68.90100517472,105.));
#2653 = CARTESIAN_POINT('',(31.5,-68.5,105.));
#2654 = PCURVE('',#1926,#2655);
#2655 = DEFINITIONAL_REPRESENTATION('',(#2656),#2695);
#2656 = B_SPLINE_CURVE_WITH_KNOTS('',10,(#2657,#2658,#2659,#2660,#2661,
    #2662,#2663,#2664,#2665,#2666,#2667,#2668,#2669,#2670,#2671,#2672,
    #2673,#2674,#2675,#2676,#2677,#2678,#2679,#2680,#2681,#2682,#2683,
    #2684,#2685,#2686,#2687,#2688,#2689,#2690,#2691,#2692,#2693,#2694),
  .UNSPECIFIED.,.F.,.F.,(11,9,9,9,11),(0.,0.392699081699,0.785398163397,
    1.178097245096,1.570796326795),.UNSPECIFIED.);
#2657 = CARTESIAN_POINT('',(1.446698122683,-0.553206743727));
#2658 = CARTESIAN_POINT('',(1.407259029989,-0.543914477404));
#2659 = CARTESIAN_POINT('',(1.382497596938,-0.536086111586));
#2660 = CARTESIAN_POINT('',(1.306622908489,-0.5130834842));
#2661 = CARTESIAN_POINT('',(1.334516181023,-0.514317161408));
#2662 = CARTESIAN_POINT('',(1.222567844186,-0.4779849137));
#2663 = CARTESIAN_POINT('',(1.240086841631,-0.471602208167));
#2664 = CARTESIAN_POINT('',(1.169340430041,-0.439865570898));
#2665 = CARTESIAN_POINT('',(1.138209625629,-0.415065273596));
#2666 = CARTESIAN_POINT('',(1.096354694566,-0.384933978099));
#2667 = CARTESIAN_POINT('',(1.017788777541,-0.321365381208));
#2668 = CARTESIAN_POINT('',(0.979579657087,-0.287508356085));
#2669 = CARTESIAN_POINT('',(0.942722400319,-0.252066940137));
#2670 = CARTESIAN_POINT('',(0.907252925527,-0.215221849658));
#2671 = CARTESIAN_POINT('',(0.873047715909,-0.176938202644));
#2672 = CARTESIAN_POINT('',(0.839906491813,-0.137057540045));
#2673 = CARTESIAN_POINT('',(0.807634882987,-9.538984701892E-02));
#2674 = CARTESIAN_POINT('',(0.776127100814,-5.180557418313E-02));
#2675 = CARTESIAN_POINT('',(0.745448610565,-6.327658872734E-03));
#2676 = CARTESIAN_POINT('',(0.686388996709,8.788056608928E-02));
#2677 = CARTESIAN_POINT('',(0.657917260631,0.136715502648));
#2678 = CARTESIAN_POINT('',(0.630649873319,0.187023629711));
#2679 = CARTESIAN_POINT('',(0.604708314,0.238581943826));
#2680 = CARTESIAN_POINT('',(0.580189263221,0.291202071669));
#2681 = CARTESIAN_POINT('',(0.557164602836,0.344730270029));
#2682 = CARTESIAN_POINT('',(0.535681416025,0.399047425825));
#2683 = CARTESIAN_POINT('',(0.51576198727,0.454069056094));
#2684 = CARTESIAN_POINT('',(0.497403802379,0.509745307998));
#2685 = CARTESIAN_POINT('',(0.463755294555,0.622376609638));
#2686 = CARTESIAN_POINT('',(0.448476391653,0.680123575921));
#2687 = CARTESIAN_POINT('',(0.434990488807,0.732304583526));
#2688 = CARTESIAN_POINT('',(0.422409370527,0.806474257979));
#2689 = CARTESIAN_POINT('',(0.413152138844,0.833565251496));
#2690 = CARTESIAN_POINT('',(0.403053843269,0.932107091504));
#2691 = CARTESIAN_POINT('',(0.397523238513,0.954675415197));
#2692 = CARTESIAN_POINT('',(0.391570304218,1.033583237459));
#2693 = CARTESIAN_POINT('',(0.388491874363,1.084156450925));
#2694 = CARTESIAN_POINT('',(0.386824182064,1.140899137173));
#2695 = ( GEOMETRIC_REPRESENTATION_CONTEXT(2) 
PARAMETRIC_REPRESENTATION_CONTEXT() REPRESENTATION_CONTEXT('2D SPACE',''
  ) );
#2696 = PCURVE('',#2070,#2697);
#2697 = DEFINITIONAL_REPRESENTATION('',(#2698),#2707);
#2698 = B_SPLINE_CURVE_WITH_KNOTS('',7,(#2699,#2700,#2701,#2702,#2703,
    #2704,#2705,#2706),.UNSPECIFIED.,.F.,.F.,(8,8),(0.,1.570796326795),
  .PIECEWISE_BEZIER_KNOTS.);
#2699 = CARTESIAN_POINT('',(0.,1.5));
#2700 = CARTESIAN_POINT('',(0.224398447986,1.5));
#2701 = CARTESIAN_POINT('',(0.448800730466,1.5));
#2702 = CARTESIAN_POINT('',(0.673196357181,1.5));
#2703 = CARTESIAN_POINT('',(0.897599969614,1.5));
#2704 = CARTESIAN_POINT('',(1.121995596329,1.5));
#2705 = CARTESIAN_POINT('',(1.346397878809,1.5));
#2706 = CARTESIAN_POINT('',(1.570796326795,1.5));
#2707 = ( GEOMETRIC_REPRESENTATION_CONTEXT(2) 
PARAMETRIC_REPRESENTATION_CONTEXT() REPRESENTATION_CONTEXT('2D SPACE',''
  ) );
#2708 = ORIENTED_EDGE('',*,*,#2426,.T.);
#2709 = ORIENTED_EDGE('',*,*,#1911,.T.);
#2710 = ADVANCED_FACE('',(#2711),#2070,.T.);
#2711 = FACE_BOUND('',#2712,.T.);
#2712 = EDGE_LOOP('',(#2713,#2714,#2715,#2780));
#2713 = ORIENTED_EDGE('',*,*,#2644,.T.);
#2714 = ORIENTED_EDGE('',*,*,#2508,.T.);
#2715 = ORIENTED_EDGE('',*,*,#2716,.F.);
#2716 = EDGE_CURVE('',#2055,#2509,#2717,.T.);
#2717 = SURFACE_CURVE('',#2718,(#2726,#2738),.PCURVE_S1.);
#2718 = ( BOUNDED_CURVE() B_SPLINE_CURVE(6,(#2719,#2720,#2721,#2722,
#2723,#2724,#2725),.UNSPECIFIED.,.F.,.F.) B_SPLINE_CURVE_WITH_KNOTS((7,7
),(0.,1.570796326795),.PIECEWISE_BEZIER_KNOTS.) CURVE() 
GEOMETRIC_REPRESENTATION_ITEM() RATIONAL_B_SPLINE_CURVE((1.031393471788,
    1.010025407661,0.997924642725,0.993958444137,0.997924642725,
1.010025407661,1.031393471788)) REPRESENTATION_ITEM('') );
#2719 = CARTESIAN_POINT('',(33.5,-70.,106.5));
#2720 = CARTESIAN_POINT('',(33.5,-70.,106.09899482527));
#2721 = CARTESIAN_POINT('',(33.5,-69.87249347404,105.70843714112));
#2722 = CARTESIAN_POINT('',(33.5,-69.6278792698,105.37212073019));
#2723 = CARTESIAN_POINT('',(33.5,-69.29156285887,105.12750652595));
#2724 = CARTESIAN_POINT('',(33.5,-68.90100517472,105.));
#2725 = CARTESIAN_POINT('',(33.5,-68.5,105.));
#2726 = PCURVE('',#2070,#2727);
#2727 = DEFINITIONAL_REPRESENTATION('',(#2728),#2737);
#2728 = B_SPLINE_CURVE_WITH_KNOTS('',7,(#2729,#2730,#2731,#2732,#2733,
    #2734,#2735,#2736),.UNSPECIFIED.,.F.,.F.,(8,8),(0.,1.570796326795),
  .PIECEWISE_BEZIER_KNOTS.);
#2729 = CARTESIAN_POINT('',(0.,3.5));
#2730 = CARTESIAN_POINT('',(0.224398447986,3.5));
#2731 = CARTESIAN_POINT('',(0.448800730466,3.5));
#2732 = CARTESIAN_POINT('',(0.673196357181,3.5));
#2733 = CARTESIAN_POINT('',(0.897599969614,3.5));
#2734 = CARTESIAN_POINT('',(1.121995596329,3.5));
#2735 = CARTESIAN_POINT('',(1.346397878809,3.5));
#2736 = CARTESIAN_POINT('',(1.570796326795,3.5));
#2737 = ( GEOMETRIC_REPRESENTATION_CONTEXT(2) 
PARAMETRIC_REPRESENTATION_CONTEXT() REPRESENTATION_CONTEXT('2D SPACE',''
  ) );
#2738 = PCURVE('',#2095,#2739);
#2739 = DEFINITIONAL_REPRESENTATION('',(#2740),#2779);
#2740 = B_SPLINE_CURVE_WITH_KNOTS('',10,(#2741,#2742,#2743,#2744,#2745,
    #2746,#2747,#2748,#2749,#2750,#2751,#2752,#2753,#2754,#2755,#2756,
    #2757,#2758,#2759,#2760,#2761,#2762,#2763,#2764,#2765,#2766,#2767,
    #2768,#2769,#2770,#2771,#2772,#2773,#2774,#2775,#2776,#2777,#2778),
  .UNSPECIFIED.,.F.,.F.,(11,9,9,9,11),(0.,0.392699081699,0.785398163397,
    1.178097245096,1.570796326795),.UNSPECIFIED.);
#2741 = CARTESIAN_POINT('',(-1.446698122683,-0.553206743727));
#2742 = CARTESIAN_POINT('',(-1.407259029989,-0.543914477404));
#2743 = CARTESIAN_POINT('',(-1.382497596947,-0.536086111589));
#2744 = CARTESIAN_POINT('',(-1.306622908469,-0.513083484195));
#2745 = CARTESIAN_POINT('',(-1.334516181051,-0.514317161414));
#2746 = CARTESIAN_POINT('',(-1.222567844161,-0.477984913695));
#2747 = CARTESIAN_POINT('',(-1.240086841647,-0.47160220817));
#2748 = CARTESIAN_POINT('',(-1.169340430036,-0.439865570897));
#2749 = CARTESIAN_POINT('',(-1.13820962563,-0.415065273596));
#2750 = CARTESIAN_POINT('',(-1.096354694566,-0.384933978099));
#2751 = CARTESIAN_POINT('',(-1.017788777541,-0.321365381208));
#2752 = CARTESIAN_POINT('',(-0.979579657087,-0.287508356086));
#2753 = CARTESIAN_POINT('',(-0.94272240032,-0.252066940137));
#2754 = CARTESIAN_POINT('',(-0.907252925527,-0.215221849658));
#2755 = CARTESIAN_POINT('',(-0.873047715909,-0.176938202644));
#2756 = CARTESIAN_POINT('',(-0.839906491814,-0.137057540046));
#2757 = CARTESIAN_POINT('',(-0.807634882987,-9.538984701921E-02));
#2758 = CARTESIAN_POINT('',(-0.776127100814,-5.180557418336E-02));
#2759 = CARTESIAN_POINT('',(-0.745448610565,-6.327658872882E-03));
#2760 = CARTESIAN_POINT('',(-0.686388996709,8.788056608931E-02));
#2761 = CARTESIAN_POINT('',(-0.657917260631,0.136715502648));
#2762 = CARTESIAN_POINT('',(-0.630649873319,0.187023629711));
#2763 = CARTESIAN_POINT('',(-0.604708314,0.238581943827));
#2764 = CARTESIAN_POINT('',(-0.580189263221,0.291202071669));
#2765 = CARTESIAN_POINT('',(-0.557164602836,0.344730270029));
#2766 = CARTESIAN_POINT('',(-0.535681416025,0.399047425825));
#2767 = CARTESIAN_POINT('',(-0.51576198727,0.454069056094));
#2768 = CARTESIAN_POINT('',(-0.497403802379,0.509745307998));
#2769 = CARTESIAN_POINT('',(-0.463755294555,0.622376609638));
#2770 = CARTESIAN_POINT('',(-0.448476391653,0.680123575919));
#2771 = CARTESIAN_POINT('',(-0.434990488806,0.732304583538));
#2772 = CARTESIAN_POINT('',(-0.422409370528,0.806474257947));
#2773 = CARTESIAN_POINT('',(-0.413152138843,0.833565251549));
#2774 = CARTESIAN_POINT('',(-0.403053843271,0.932107091447));
#2775 = CARTESIAN_POINT('',(-0.397523238512,0.954675415236));
#2776 = CARTESIAN_POINT('',(-0.391570304219,1.033583237441));
#2777 = CARTESIAN_POINT('',(-0.388491874363,1.084156450925));
#2778 = CARTESIAN_POINT('',(-0.386824182064,1.140899137173));
#2779 = ( GEOMETRIC_REPRESENTATION_CONTEXT(2) 
PARAMETRIC_REPRESENTATION_CONTEXT() REPRESENTATION_CONTEXT('2D SPACE',''
  ) );
#2780 = ORIENTED_EDGE('',*,*,#2054,.F.);
#2781 = ADVANCED_FACE('',(#2782),#2095,.F.);
#2782 = FACE_BOUND('',#2783,.F.);
#2783 = EDGE_LOOP('',(#2784,#2785,#2786));
#2784 = ORIENTED_EDGE('',*,*,#2716,.F.);
#2785 = ORIENTED_EDGE('',*,*,#2082,.F.);
#2786 = ORIENTED_EDGE('',*,*,#2557,.F.);
#2787 = ( GEOMETRIC_REPRESENTATION_CONTEXT(3) 
GLOBAL_UNCERTAINTY_ASSIGNED_CONTEXT((#2791)) 
GLOBAL_UNIT_ASSIGNED_CONTEXT((#2788,#2789,#2790)) REPRESENTATION_CONTEXT
('Context #1','3D Context with UNIT and UNCERTAINTY') );
#2788 = ( LENGTH_UNIT() NAMED_UNIT(*) SI_UNIT(.MILLI.,.METRE.) );
#2789 = ( NAMED_UNIT(*) PLANE_ANGLE_UNIT() SI_UNIT($,.RADIAN.) );
#2790 = ( NAMED_UNIT(*) SI_UNIT($,.STERADIAN.) SOLID_ANGLE_UNIT() );
#2791 = UNCERTAINTY_MEASURE_WITH_UNIT(LENGTH_MEASURE(2.E-02),#2788,
  'distance_accuracy_value','confusion accuracy');
#2792 = CONTEXT_DEPENDENT_SHAPE_REPRESENTATION(#2793,#2795);
#2793 = ( REPRESENTATION_RELATIONSHIP('','',#84,#10) 
REPRESENTATION_RELATIONSHIP_WITH_TRANSFORMATION(#2794) 
SHAPE_REPRESENTATION_RELATIONSHIP() );
#2794 = ITEM_DEFINED_TRANSFORMATION('','',#11,#15);
#2795 = PRODUCT_DEFINITION_SHAPE('Placement','Placement of an item',
  #2796);
#2796 = NEXT_ASSEMBLY_USAGE_OCCURRENCE('1','','',#5,#79,$);
#2797 = PRODUCT_RELATED_PRODUCT_CATEGORY('part',$,(#81));
#2798 = SHAPE_DEFINITION_REPRESENTATION(#2799,#2805);
#2799 = PRODUCT_DEFINITION_SHAPE('','',#2800);
#2800 = PRODUCT_DEFINITION('design','',#2801,#2804);
#2801 = PRODUCT_DEFINITION_FORMATION('','',#2802);
#2802 = PRODUCT('Open CASCADE STEP translator 7.8 1.2',
  'Open CASCADE STEP translator 7.8 1.2','',(#2803));
#2803 = PRODUCT_CONTEXT('',#2,'mechanical');
#2804 = PRODUCT_DEFINITION_CONTEXT('part definition',#2,'design');
#2805 = ADVANCED_BREP_SHAPE_REPRESENTATION('',(#11,#2806),#2904);
#2806 = MANIFOLD_SOLID_BREP('',#2807);
#2807 = CLOSED_SHELL('',(#2808,#2896,#2900));
#2808 = ADVANCED_FACE('',(#2809),#2823,.T.);
#2809 = FACE_BOUND('',#2810,.F.);
#2810 = EDGE_LOOP('',(#2811,#2841,#2868,#2869));
#2811 = ORIENTED_EDGE('',*,*,#2812,.T.);
#2812 = EDGE_CURVE('',#2813,#2815,#2817,.T.);
#2813 = VERTEX_POINT('',#2814);
#2814 = CARTESIAN_POINT('',(61.918524548049,-13.08147545195,75.));
#2815 = VERTEX_POINT('',#2816);
#2816 = CARTESIAN_POINT('',(62.484209972998,-13.6471608769,75.));
#2817 = SEAM_CURVE('',#2818,(#2822,#2834),.PCURVE_S1.);
#2818 = LINE('',#2819,#2820);
#2819 = CARTESIAN_POINT('',(61.918524548049,-13.08147545195,75.));
#2820 = VECTOR('',#2821,1.);
#2821 = DIRECTION('',(0.707106781187,-0.707106781187,0.));
#2822 = PCURVE('',#2823,#2828);
#2823 = CYLINDRICAL_SURFACE('',#2824,1.5);
#2824 = AXIS2_PLACEMENT_3D('',#2825,#2826,#2827);
#2825 = CARTESIAN_POINT('',(60.857864376269,-14.14213562373,75.));
#2826 = DIRECTION('',(-0.707106781187,0.707106781187,-0.));
#2827 = DIRECTION('',(0.707106781187,0.707106781187,0.));
#2828 = DEFINITIONAL_REPRESENTATION('',(#2829),#2833);
#2829 = LINE('',#2830,#2831);
#2830 = CARTESIAN_POINT('',(-0.,0.));
#2831 = VECTOR('',#2832,1.);
#2832 = DIRECTION('',(-0.,-1.));
#2833 = ( GEOMETRIC_REPRESENTATION_CONTEXT(2) 
PARAMETRIC_REPRESENTATION_CONTEXT() REPRESENTATION_CONTEXT('2D SPACE',''
  ) );
#2834 = PCURVE('',#2823,#2835);
#2835 = DEFINITIONAL_REPRESENTATION('',(#2836),#2840);
#2836 = LINE('',#2837,#2838);
#2837 = CARTESIAN_POINT('',(-6.28318530718,0.));
#2838 = VECTOR('',#2839,1.);
#2839 = DIRECTION('',(-0.,-1.));
#2840 = ( GEOMETRIC_REPRESENTATION_CONTEXT(2) 
PARAMETRIC_REPRESENTATION_CONTEXT() REPRESENTATION_CONTEXT('2D SPACE',''
  ) );
#2841 = ORIENTED_EDGE('',*,*,#2842,.T.);
#2842 = EDGE_CURVE('',#2815,#2815,#2843,.T.);
#2843 = SURFACE_CURVE('',#2844,(#2849,#2856),.PCURVE_S1.);
#2844 = CIRCLE('',#2845,1.5);
#2845 = AXIS2_PLACEMENT_3D('',#2846,#2847,#2848);
#2846 = CARTESIAN_POINT('',(61.423549801218,-14.70782104868,75.));
#2847 = DIRECTION('',(0.707106781187,-0.707106781187,0.));
#2848 = DIRECTION('',(0.707106781187,0.707106781187,0.));
#2849 = PCURVE('',#2823,#2850);
#2850 = DEFINITIONAL_REPRESENTATION('',(#2851),#2855);
#2851 = LINE('',#2852,#2853);
#2852 = CARTESIAN_POINT('',(-0.,-0.8));
#2853 = VECTOR('',#2854,1.);
#2854 = DIRECTION('',(-1.,0.));
#2855 = ( GEOMETRIC_REPRESENTATION_CONTEXT(2) 
PARAMETRIC_REPRESENTATION_CONTEXT() REPRESENTATION_CONTEXT('2D SPACE',''
  ) );
#2856 = PCURVE('',#2857,#2862);
#2857 = PLANE('',#2858);
#2858 = AXIS2_PLACEMENT_3D('',#2859,#2860,#2861);
#2859 = CARTESIAN_POINT('',(61.423549801218,-14.70782104868,35.));
#2860 = DIRECTION('',(0.707106781187,-0.707106781187,4.834630952926E-16)
  );
#2861 = DIRECTION('',(-0.707106781187,-0.707106781187,9.651277813247E-35
    ));
#2862 = DEFINITIONAL_REPRESENTATION('',(#2863),#2867);
#2863 = CIRCLE('',#2864,1.5);
#2864 = AXIS2_PLACEMENT_2D('',#2865,#2866);
#2865 = CARTESIAN_POINT('',(4.737025942451E-30,-40.));
#2866 = DIRECTION('',(-1.,-7.47007408981E-32));
#2867 = ( GEOMETRIC_REPRESENTATION_CONTEXT(2) 
PARAMETRIC_REPRESENTATION_CONTEXT() REPRESENTATION_CONTEXT('2D SPACE',''
  ) );
#2868 = ORIENTED_EDGE('',*,*,#2812,.F.);
#2869 = ORIENTED_EDGE('',*,*,#2870,.F.);
#2870 = EDGE_CURVE('',#2813,#2813,#2871,.T.);
#2871 = SURFACE_CURVE('',#2872,(#2877,#2884),.PCURVE_S1.);
#2872 = CIRCLE('',#2873,1.5);
#2873 = AXIS2_PLACEMENT_3D('',#2874,#2875,#2876);
#2874 = CARTESIAN_POINT('',(60.857864376269,-14.14213562373,75.));
#2875 = DIRECTION('',(0.707106781187,-0.707106781187,0.));
#2876 = DIRECTION('',(0.707106781187,0.707106781187,0.));
#2877 = PCURVE('',#2823,#2878);
#2878 = DEFINITIONAL_REPRESENTATION('',(#2879),#2883);
#2879 = LINE('',#2880,#2881);
#2880 = CARTESIAN_POINT('',(-0.,0.));
#2881 = VECTOR('',#2882,1.);
#2882 = DIRECTION('',(-1.,0.));
#2883 = ( GEOMETRIC_REPRESENTATION_CONTEXT(2) 
PARAMETRIC_REPRESENTATION_CONTEXT() REPRESENTATION_CONTEXT('2D SPACE',''
  ) );
#2884 = PCURVE('',#2885,#2890);
#2885 = PLANE('',#2886);
#2886 = AXIS2_PLACEMENT_3D('',#2887,#2888,#2889);
#2887 = CARTESIAN_POINT('',(60.857864376269,-14.14213562373,35.));
#2888 = DIRECTION('',(0.707106781187,-0.707106781187,4.834630952926E-16)
  );
#2889 = DIRECTION('',(-0.707106781187,-0.707106781187,9.651277813247E-35
    ));
#2890 = DEFINITIONAL_REPRESENTATION('',(#2891),#2895);
#2891 = CIRCLE('',#2892,1.5);
#2892 = AXIS2_PLACEMENT_2D('',#2893,#2894);
#2893 = CARTESIAN_POINT('',(4.737025942451E-30,-40.));
#2894 = DIRECTION('',(-1.,-7.47007408981E-32));
#2895 = ( GEOMETRIC_REPRESENTATION_CONTEXT(2) 
PARAMETRIC_REPRESENTATION_CONTEXT() REPRESENTATION_CONTEXT('2D SPACE',''
  ) );
#2896 = ADVANCED_FACE('',(#2897),#2885,.F.);
#2897 = FACE_BOUND('',#2898,.F.);
#2898 = EDGE_LOOP('',(#2899));
#2899 = ORIENTED_EDGE('',*,*,#2870,.T.);
#2900 = ADVANCED_FACE('',(#2901),#2857,.T.);
#2901 = FACE_BOUND('',#2902,.T.);
#2902 = EDGE_LOOP('',(#2903));
#2903 = ORIENTED_EDGE('',*,*,#2842,.T.);
#2904 = ( GEOMETRIC_REPRESENTATION_CONTEXT(3) 
GLOBAL_UNCERTAINTY_ASSIGNED_CONTEXT((#2908)) 
GLOBAL_UNIT_ASSIGNED_CONTEXT((#2905,#2906,#2907)) REPRESENTATION_CONTEXT
('Context #1','3D Context with UNIT and UNCERTAINTY') );
#2905 = ( LENGTH_UNIT() NAMED_UNIT(*) SI_UNIT(.MILLI.,.METRE.) );
#2906 = ( NAMED_UNIT(*) PLANE_ANGLE_UNIT() SI_UNIT($,.RADIAN.) );
#2907 = ( NAMED_UNIT(*) SI_UNIT($,.STERADIAN.) SOLID_ANGLE_UNIT() );
#2908 = UNCERTAINTY_MEASURE_WITH_UNIT(LENGTH_MEASURE(1.E-07),#2905,
  'distance_accuracy_value','confusion accuracy');
#2909 = CONTEXT_DEPENDENT_SHAPE_REPRESENTATION(#2910,#2912);
#2910 = ( REPRESENTATION_RELATIONSHIP('','',#2805,#10) 
REPRESENTATION_RELATIONSHIP_WITH_TRANSFORMATION(#2911) 
SHAPE_REPRESENTATION_RELATIONSHIP() );
#2911 = ITEM_DEFINED_TRANSFORMATION('','',#11,#19);
#2912 = PRODUCT_DEFINITION_SHAPE('Placement','Placement of an item',
  #2913);
#2913 = NEXT_ASSEMBLY_USAGE_OCCURRENCE('2','','',#5,#2800,$);
#2914 = PRODUCT_RELATED_PRODUCT_CATEGORY('part',$,(#2802));
#2915 = SHAPE_DEFINITION_REPRESENTATION(#2916,#2922);
#2916 = PRODUCT_DEFINITION_SHAPE('','',#2917);
#2917 = PRODUCT_DEFINITION('design','',#2918,#2921);
#2918 = PRODUCT_DEFINITION_FORMATION('','',#2919);
#2919 = PRODUCT('Open CASCADE STEP translator 7.8 1.3',
  'Open CASCADE STEP translator 7.8 1.3','',(#2920));
#2920 = PRODUCT_CONTEXT('',#2,'mechanical');
#2921 = PRODUCT_DEFINITION_CONTEXT('part definition',#2,'design');
#2922 = ADVANCED_BREP_SHAPE_REPRESENTATION('',(#11,#2923),#3021);
#2923 = MANIFOLD_SOLID_BREP('',#2924);
#2924 = CLOSED_SHELL('',(#2925,#3013,#3017));
#2925 = ADVANCED_FACE('',(#2926),#2940,.T.);
#2926 = FACE_BOUND('',#2927,.F.);
#2927 = EDGE_LOOP('',(#2928,#2958,#2985,#2986));
#2928 = ORIENTED_EDGE('',*,*,#2929,.T.);
#2929 = EDGE_CURVE('',#2930,#2932,#2934,.T.);
#2930 = VERTEX_POINT('',#2931);
#2931 = CARTESIAN_POINT('',(68.989592359914,-6.010407640086,65.));
#2932 = VERTEX_POINT('',#2933);
#2933 = CARTESIAN_POINT('',(69.555277784864,-6.576093065035,65.));
#2934 = SEAM_CURVE('',#2935,(#2939,#2951),.PCURVE_S1.);
#2935 = LINE('',#2936,#2937);
#2936 = CARTESIAN_POINT('',(68.989592359914,-6.010407640086,65.));
#2937 = VECTOR('',#2938,1.);
#2938 = DIRECTION('',(0.707106781187,-0.707106781187,0.));
#2939 = PCURVE('',#2940,#2945);
#2940 = CYLINDRICAL_SURFACE('',#2941,1.5);
#2941 = AXIS2_PLACEMENT_3D('',#2942,#2943,#2944);
#2942 = CARTESIAN_POINT('',(67.928932188135,-7.071067811865,65.));
#2943 = DIRECTION('',(-0.707106781187,0.707106781187,-0.));
#2944 = DIRECTION('',(0.707106781187,0.707106781187,0.));
#2945 = DEFINITIONAL_REPRESENTATION('',(#2946),#2950);
#2946 = LINE('',#2947,#2948);
#2947 = CARTESIAN_POINT('',(-0.,0.));
#2948 = VECTOR('',#2949,1.);
#2949 = DIRECTION('',(-0.,-1.));
#2950 = ( GEOMETRIC_REPRESENTATION_CONTEXT(2) 
PARAMETRIC_REPRESENTATION_CONTEXT() REPRESENTATION_CONTEXT('2D SPACE',''
  ) );
#2951 = PCURVE('',#2940,#2952);
#2952 = DEFINITIONAL_REPRESENTATION('',(#2953),#2957);
#2953 = LINE('',#2954,#2955);
#2954 = CARTESIAN_POINT('',(-6.28318530718,0.));
#2955 = VECTOR('',#2956,1.);
#2956 = DIRECTION('',(-0.,-1.));
#2957 = ( GEOMETRIC_REPRESENTATION_CONTEXT(2) 
PARAMETRIC_REPRESENTATION_CONTEXT() REPRESENTATION_CONTEXT('2D SPACE',''
  ) );
#2958 = ORIENTED_EDGE('',*,*,#2959,.T.);
#2959 = EDGE_CURVE('',#2932,#2932,#2960,.T.);
#2960 = SURFACE_CURVE('',#2961,(#2966,#2973),.PCURVE_S1.);
#2961 = CIRCLE('',#2962,1.5);
#2962 = AXIS2_PLACEMENT_3D('',#2963,#2964,#2965);
#2963 = CARTESIAN_POINT('',(68.494617613084,-7.636753236815,65.));
#2964 = DIRECTION('',(0.707106781187,-0.707106781187,0.));
#2965 = DIRECTION('',(0.707106781187,0.707106781187,0.));
#2966 = PCURVE('',#2940,#2967);
#2967 = DEFINITIONAL_REPRESENTATION('',(#2968),#2972);
#2968 = LINE('',#2969,#2970);
#2969 = CARTESIAN_POINT('',(-0.,-0.8));
#2970 = VECTOR('',#2971,1.);
#2971 = DIRECTION('',(-1.,0.));
#2972 = ( GEOMETRIC_REPRESENTATION_CONTEXT(2) 
PARAMETRIC_REPRESENTATION_CONTEXT() REPRESENTATION_CONTEXT('2D SPACE',''
  ) );
#2973 = PCURVE('',#2974,#2979);
#2974 = PLANE('',#2975);
#2975 = AXIS2_PLACEMENT_3D('',#2976,#2977,#2978);
#2976 = CARTESIAN_POINT('',(61.423549801218,-14.70782104868,35.));
#2977 = DIRECTION('',(0.707106781187,-0.707106781187,4.834630952926E-16)
  );
#2978 = DIRECTION('',(-0.707106781187,-0.707106781187,9.651277813247E-35
    ));
#2979 = DEFINITIONAL_REPRESENTATION('',(#2980),#2984);
#2980 = CIRCLE('',#2981,1.5);
#2981 = AXIS2_PLACEMENT_2D('',#2982,#2983);
#2982 = CARTESIAN_POINT('',(-10.,-30.));
#2983 = DIRECTION('',(-1.,-7.47007408981E-32));
#2984 = ( GEOMETRIC_REPRESENTATION_CONTEXT(2) 
PARAMETRIC_REPRESENTATION_CONTEXT() REPRESENTATION_CONTEXT('2D SPACE',''
  ) );
#2985 = ORIENTED_EDGE('',*,*,#2929,.F.);
#2986 = ORIENTED_EDGE('',*,*,#2987,.F.);
#2987 = EDGE_CURVE('',#2930,#2930,#2988,.T.);
#2988 = SURFACE_CURVE('',#2989,(#2994,#3001),.PCURVE_S1.);
#2989 = CIRCLE('',#2990,1.5);
#2990 = AXIS2_PLACEMENT_3D('',#2991,#2992,#2993);
#2991 = CARTESIAN_POINT('',(67.928932188135,-7.071067811865,65.));
#2992 = DIRECTION('',(0.707106781187,-0.707106781187,0.));
#2993 = DIRECTION('',(0.707106781187,0.707106781187,0.));
#2994 = PCURVE('',#2940,#2995);
#2995 = DEFINITIONAL_REPRESENTATION('',(#2996),#3000);
#2996 = LINE('',#2997,#2998);
#2997 = CARTESIAN_POINT('',(-0.,0.));
#2998 = VECTOR('',#2999,1.);
#2999 = DIRECTION('',(-1.,0.));
#3000 = ( GEOMETRIC_REPRESENTATION_CONTEXT(2) 
PARAMETRIC_REPRESENTATION_CONTEXT() REPRESENTATION_CONTEXT('2D SPACE',''
  ) );
#3001 = PCURVE('',#3002,#3007);
#3002 = PLANE('',#3003);
#3003 = AXIS2_PLACEMENT_3D('',#3004,#3005,#3006);
#3004 = CARTESIAN_POINT('',(60.857864376269,-14.14213562373,35.));
#3005 = DIRECTION('',(0.707106781187,-0.707106781187,4.834630952926E-16)
  );
#3006 = DIRECTION('',(-0.707106781187,-0.707106781187,9.651277813247E-35
    ));
#3007 = DEFINITIONAL_REPRESENTATION('',(#3008),#3012);
#3008 = CIRCLE('',#3009,1.5);
#3009 = AXIS2_PLACEMENT_2D('',#3010,#3011);
#3010 = CARTESIAN_POINT('',(-10.,-30.));
#3011 = DIRECTION('',(-1.,-7.47007408981E-32));
#3012 = ( GEOMETRIC_REPRESENTATION_CONTEXT(2) 
PARAMETRIC_REPRESENTATION_CONTEXT() REPRESENTATION_CONTEXT('2D SPACE',''
  ) );
#3013 = ADVANCED_FACE('',(#3014),#3002,.F.);
#3014 = FACE_BOUND('',#3015,.F.);
#3015 = EDGE_LOOP('',(#3016));
#3016 = ORIENTED_EDGE('',*,*,#2987,.T.);
#3017 = ADVANCED_FACE('',(#3018),#2974,.T.);
#3018 = FACE_BOUND('',#3019,.T.);
#3019 = EDGE_LOOP('',(#3020));
#3020 = ORIENTED_EDGE('',*,*,#2959,.T.);
#3021 = ( GEOMETRIC_REPRESENTATION_CONTEXT(3) 
GLOBAL_UNCERTAINTY_ASSIGNED_CONTEXT((#3025)) 
GLOBAL_UNIT_ASSIGNED_CONTEXT((#3022,#3023,#3024)) REPRESENTATION_CONTEXT
('Context #1','3D Context with UNIT and UNCERTAINTY') );
#3022 = ( LENGTH_UNIT() NAMED_UNIT(*) SI_UNIT(.MILLI.,.METRE.) );
#3023 = ( NAMED_UNIT(*) PLANE_ANGLE_UNIT() SI_UNIT($,.RADIAN.) );
#3024 = ( NAMED_UNIT(*) SI_UNIT($,.STERADIAN.) SOLID_ANGLE_UNIT() );
#3025 = UNCERTAINTY_MEASURE_WITH_UNIT(LENGTH_MEASURE(1.E-07),#3022,
  'distance_accuracy_value','confusion accuracy');
#3026 = CONTEXT_DEPENDENT_SHAPE_REPRESENTATION(#3027,#3029);
#3027 = ( REPRESENTATION_RELATIONSHIP('','',#2922,#10) 
REPRESENTATION_RELATIONSHIP_WITH_TRANSFORMATION(#3028) 
SHAPE_REPRESENTATION_RELATIONSHIP() );
#3028 = ITEM_DEFINED_TRANSFORMATION('','',#11,#23);
#3029 = PRODUCT_DEFINITION_SHAPE('Placement','Placement of an item',
  #3030);
#3030 = NEXT_ASSEMBLY_USAGE_OCCURRENCE('3','','',#5,#2917,$);
#3031 = PRODUCT_RELATED_PRODUCT_CATEGORY('part',$,(#2919));
#3032 = SHAPE_DEFINITION_REPRESENTATION(#3033,#3039);
#3033 = PRODUCT_DEFINITION_SHAPE('','',#3034);
#3034 = PRODUCT_DEFINITION('design','',#3035,#3038);
#3035 = PRODUCT_DEFINITION_FORMATION('','',#3036);
#3036 = PRODUCT('Open CASCADE STEP translator 7.8 1.4',
  'Open CASCADE STEP translator 7.8 1.4','',(#3037));
#3037 = PRODUCT_CONTEXT('',#2,'mechanical');
#3038 = PRODUCT_DEFINITION_CONTEXT('part definition',#2,'design');
#3039 = ADVANCED_BREP_SHAPE_REPRESENTATION('',(#11,#3040),#3138);
#3040 = MANIFOLD_SOLID_BREP('',#3041);
#3041 = CLOSED_SHELL('',(#3042,#3130,#3134));
#3042 = ADVANCED_FACE('',(#3043),#3057,.T.);
#3043 = FACE_BOUND('',#3044,.F.);
#3044 = EDGE_LOOP('',(#3045,#3075,#3102,#3103));
#3045 = ORIENTED_EDGE('',*,*,#3046,.T.);
#3046 = EDGE_CURVE('',#3047,#3049,#3051,.T.);
#3047 = VERTEX_POINT('',#3048);
#3048 = CARTESIAN_POINT('',(68.989592359914,-6.010407640086,75.));
#3049 = VERTEX_POINT('',#3050);
#3050 = CARTESIAN_POINT('',(69.555277784864,-6.576093065035,75.));
#3051 = SEAM_CURVE('',#3052,(#3056,#3068),.PCURVE_S1.);
#3052 = LINE('',#3053,#3054);
#3053 = CARTESIAN_POINT('',(68.989592359914,-6.010407640086,75.));
#3054 = VECTOR('',#3055,1.);
#3055 = DIRECTION('',(0.707106781187,-0.707106781187,0.));
#3056 = PCURVE('',#3057,#3062);
#3057 = CYLINDRICAL_SURFACE('',#3058,1.5);
#3058 = AXIS2_PLACEMENT_3D('',#3059,#3060,#3061);
#3059 = CARTESIAN_POINT('',(67.928932188135,-7.071067811865,75.));
#3060 = DIRECTION('',(-0.707106781187,0.707106781187,-0.));
#3061 = DIRECTION('',(0.707106781187,0.707106781187,0.));
#3062 = DEFINITIONAL_REPRESENTATION('',(#3063),#3067);
#3063 = LINE('',#3064,#3065);
#3064 = CARTESIAN_POINT('',(-0.,0.));
#3065 = VECTOR('',#3066,1.);
#3066 = DIRECTION('',(-0.,-1.));
#3067 = ( GEOMETRIC_REPRESENTATION_CONTEXT(2) 
PARAMETRIC_REPRESENTATION_CONTEXT() REPRESENTATION_CONTEXT('2D SPACE',''
  ) );
#3068 = PCURVE('',#3057,#3069);
#3069 = DEFINITIONAL_REPRESENTATION('',(#3070),#3074);
#3070 = LINE('',#3071,#3072);
#3071 = CARTESIAN_POINT('',(-6.28318530718,0.));
#3072 = VECTOR('',#3073,1.);
#3073 = DIRECTION('',(-0.,-1.));
#3074 = ( GEOMETRIC_REPRESENTATION_CONTEXT(2) 
PARAMETRIC_REPRESENTATION_CONTEXT() REPRESENTATION_CONTEXT('2D SPACE',''
  ) );
#3075 = ORIENTED_EDGE('',*,*,#3076,.T.);
#3076 = EDGE_CURVE('',#3049,#3049,#3077,.T.);
#3077 = SURFACE_CURVE('',#3078,(#3083,#3090),.PCURVE_S1.);
#3078 = CIRCLE('',#3079,1.5);
#3079 = AXIS2_PLACEMENT_3D('',#3080,#3081,#3082);
#3080 = CARTESIAN_POINT('',(68.494617613084,-7.636753236815,75.));
#3081 = DIRECTION('',(0.707106781187,-0.707106781187,0.));
#3082 = DIRECTION('',(0.707106781187,0.707106781187,0.));
#3083 = PCURVE('',#3057,#3084);
#3084 = DEFINITIONAL_REPRESENTATION('',(#3085),#3089);
#3085 = LINE('',#3086,#3087);
#3086 = CARTESIAN_POINT('',(-0.,-0.8));
#3087 = VECTOR('',#3088,1.);
#3088 = DIRECTION('',(-1.,0.));
#3089 = ( GEOMETRIC_REPRESENTATION_CONTEXT(2) 
PARAMETRIC_REPRESENTATION_CONTEXT() REPRESENTATION_CONTEXT('2D SPACE',''
  ) );
#3090 = PCURVE('',#3091,#3096);
#3091 = PLANE('',#3092);
#3092 = AXIS2_PLACEMENT_3D('',#3093,#3094,#3095);
#3093 = CARTESIAN_POINT('',(61.423549801218,-14.70782104868,35.));
#3094 = DIRECTION('',(0.707106781187,-0.707106781187,4.834630952926E-16)
  );
#3095 = DIRECTION('',(-0.707106781187,-0.707106781187,9.651277813247E-35
    ));
#3096 = DEFINITIONAL_REPRESENTATION('',(#3097),#3101);
#3097 = CIRCLE('',#3098,1.5);
#3098 = AXIS2_PLACEMENT_2D('',#3099,#3100);
#3099 = CARTESIAN_POINT('',(-10.,-40.));
#3100 = DIRECTION('',(-1.,-7.47007408981E-32));
#3101 = ( GEOMETRIC_REPRESENTATION_CONTEXT(2) 
PARAMETRIC_REPRESENTATION_CONTEXT() REPRESENTATION_CONTEXT('2D SPACE',''
  ) );
#3102 = ORIENTED_EDGE('',*,*,#3046,.F.);
#3103 = ORIENTED_EDGE('',*,*,#3104,.F.);
#3104 = EDGE_CURVE('',#3047,#3047,#3105,.T.);
#3105 = SURFACE_CURVE('',#3106,(#3111,#3118),.PCURVE_S1.);
#3106 = CIRCLE('',#3107,1.5);
#3107 = AXIS2_PLACEMENT_3D('',#3108,#3109,#3110);
#3108 = CARTESIAN_POINT('',(67.928932188135,-7.071067811865,75.));
#3109 = DIRECTION('',(0.707106781187,-0.707106781187,0.));
#3110 = DIRECTION('',(0.707106781187,0.707106781187,0.));
#3111 = PCURVE('',#3057,#3112);
#3112 = DEFINITIONAL_REPRESENTATION('',(#3113),#3117);
#3113 = LINE('',#3114,#3115);
#3114 = CARTESIAN_POINT('',(-0.,0.));
#3115 = VECTOR('',#3116,1.);
#3116 = DIRECTION('',(-1.,0.));
#3117 = ( GEOMETRIC_REPRESENTATION_CONTEXT(2) 
PARAMETRIC_REPRESENTATION_CONTEXT() REPRESENTATION_CONTEXT('2D SPACE',''
  ) );
#3118 = PCURVE('',#3119,#3124);
#3119 = PLANE('',#3120);
#3120 = AXIS2_PLACEMENT_3D('',#3121,#3122,#3123);
#3121 = CARTESIAN_POINT('',(60.857864376269,-14.14213562373,35.));
#3122 = DIRECTION('',(0.707106781187,-0.707106781187,4.834630952926E-16)
  );
#3123 = DIRECTION('',(-0.707106781187,-0.707106781187,9.651277813247E-35
    ));
#3124 = DEFINITIONAL_REPRESENTATION('',(#3125),#3129);
#3125 = CIRCLE('',#3126,1.5);
#3126 = AXIS2_PLACEMENT_2D('',#3127,#3128);
#3127 = CARTESIAN_POINT('',(-10.,-40.));
#3128 = DIRECTION('',(-1.,-7.47007408981E-32));
#3129 = ( GEOMETRIC_REPRESENTATION_CONTEXT(2) 
PARAMETRIC_REPRESENTATION_CONTEXT() REPRESENTATION_CONTEXT('2D SPACE',''
  ) );
#3130 = ADVANCED_FACE('',(#3131),#3119,.F.);
#3131 = FACE_BOUND('',#3132,.F.);
#3132 = EDGE_LOOP('',(#3133));
#3133 = ORIENTED_EDGE('',*,*,#3104,.T.);
#3134 = ADVANCED_FACE('',(#3135),#3091,.T.);
#3135 = FACE_BOUND('',#3136,.T.);
#3136 = EDGE_LOOP('',(#3137));
#3137 = ORIENTED_EDGE('',*,*,#3076,.T.);
#3138 = ( GEOMETRIC_REPRESENTATION_CONTEXT(3) 
GLOBAL_UNCERTAINTY_ASSIGNED_CONTEXT((#3142)) 
GLOBAL_UNIT_ASSIGNED_CONTEXT((#3139,#3140,#3141)) REPRESENTATION_CONTEXT
('Context #1','3D Context with UNIT and UNCERTAINTY') );
#3139 = ( LENGTH_UNIT() NAMED_UNIT(*) SI_UNIT(.MILLI.,.METRE.) );
#3140 = ( NAMED_UNIT(*) PLANE_ANGLE_UNIT() SI_UNIT($,.RADIAN.) );
#3141 = ( NAMED_UNIT(*) SI_UNIT($,.STERADIAN.) SOLID_ANGLE_UNIT() );
#3142 = UNCERTAINTY_MEASURE_WITH_UNIT(LENGTH_MEASURE(1.E-07),#3139,
  'distance_accuracy_value','confusion accuracy');
#3143 = CONTEXT_DEPENDENT_SHAPE_REPRESENTATION(#3144,#3146);
#3144 = ( REPRESENTATION_RELATIONSHIP('','',#3039,#10) 
REPRESENTATION_RELATIONSHIP_WITH_TRANSFORMATION(#3145) 
SHAPE_REPRESENTATION_RELATIONSHIP() );
#3145 = ITEM_DEFINED_TRANSFORMATION('','',#11,#27);
#3146 = PRODUCT_DEFINITION_SHAPE('Placement','Placement of an item',
  #3147);
#3147 = NEXT_ASSEMBLY_USAGE_OCCURRENCE('4','','',#5,#3034,$);
#3148 = PRODUCT_RELATED_PRODUCT_CATEGORY('part',$,(#3036));
#3149 = SHAPE_DEFINITION_REPRESENTATION(#3150,#3156);
#3150 = PRODUCT_DEFINITION_SHAPE('','',#3151);
#3151 = PRODUCT_DEFINITION('design','',#3152,#3155);
#3152 = PRODUCT_DEFINITION_FORMATION('','',#3153);
#3153 = PRODUCT('Open CASCADE STEP translator 7.8 1.5',
  'Open CASCADE STEP translator 7.8 1.5','',(#3154));
#3154 = PRODUCT_CONTEXT('',#2,'mechanical');
#3155 = PRODUCT_DEFINITION_CONTEXT('part definition',#2,'design');
#3156 = ADVANCED_BREP_SHAPE_REPRESENTATION('',(#11,#3157),#3255);
#3157 = MANIFOLD_SOLID_BREP('',#3158);
#3158 = CLOSED_SHELL('',(#3159,#3247,#3251));
#3159 = ADVANCED_FACE('',(#3160),#3174,.T.);
#3160 = FACE_BOUND('',#3161,.F.);
#3161 = EDGE_LOOP('',(#3162,#3192,#3219,#3220));
#3162 = ORIENTED_EDGE('',*,*,#3163,.T.);
#3163 = EDGE_CURVE('',#3164,#3166,#3168,.T.);
#3164 = VERTEX_POINT('',#3165);
#3165 = CARTESIAN_POINT('',(76.06066017178,1.06066017178,65.));
#3166 = VERTEX_POINT('',#3167);
#3167 = CARTESIAN_POINT('',(76.626345596729,0.494974746831,65.));
#3168 = SEAM_CURVE('',#3169,(#3173,#3185),.PCURVE_S1.);
#3169 = LINE('',#3170,#3171);
#3170 = CARTESIAN_POINT('',(76.06066017178,1.06066017178,65.));
#3171 = VECTOR('',#3172,1.);
#3172 = DIRECTION('',(0.707106781187,-0.707106781187,0.));
#3173 = PCURVE('',#3174,#3179);
#3174 = CYLINDRICAL_SURFACE('',#3175,1.5);
#3175 = AXIS2_PLACEMENT_3D('',#3176,#3177,#3178);
#3176 = CARTESIAN_POINT('',(75.,0.,65.));
#3177 = DIRECTION('',(-0.707106781187,0.707106781187,-0.));
#3178 = DIRECTION('',(0.707106781187,0.707106781187,0.));
#3179 = DEFINITIONAL_REPRESENTATION('',(#3180),#3184);
#3180 = LINE('',#3181,#3182);
#3181 = CARTESIAN_POINT('',(-0.,0.));
#3182 = VECTOR('',#3183,1.);
#3183 = DIRECTION('',(-0.,-1.));
#3184 = ( GEOMETRIC_REPRESENTATION_CONTEXT(2) 
PARAMETRIC_REPRESENTATION_CONTEXT() REPRESENTATION_CONTEXT('2D SPACE',''
  ) );
#3185 = PCURVE('',#3174,#3186);
#3186 = DEFINITIONAL_REPRESENTATION('',(#3187),#3191);
#3187 = LINE('',#3188,#3189);
#3188 = CARTESIAN_POINT('',(-6.28318530718,0.));
#3189 = VECTOR('',#3190,1.);
#3190 = DIRECTION('',(-0.,-1.));
#3191 = ( GEOMETRIC_REPRESENTATION_CONTEXT(2) 
PARAMETRIC_REPRESENTATION_CONTEXT() REPRESENTATION_CONTEXT('2D SPACE',''
  ) );
#3192 = ORIENTED_EDGE('',*,*,#3193,.T.);
#3193 = EDGE_CURVE('',#3166,#3166,#3194,.T.);
#3194 = SURFACE_CURVE('',#3195,(#3200,#3207),.PCURVE_S1.);
#3195 = CIRCLE('',#3196,1.5);
#3196 = AXIS2_PLACEMENT_3D('',#3197,#3198,#3199);
#3197 = CARTESIAN_POINT('',(75.565685424949,-0.565685424949,65.));
#3198 = DIRECTION('',(0.707106781187,-0.707106781187,0.));
#3199 = DIRECTION('',(0.707106781187,0.707106781187,0.));
#3200 = PCURVE('',#3174,#3201);
#3201 = DEFINITIONAL_REPRESENTATION('',(#3202),#3206);
#3202 = LINE('',#3203,#3204);
#3203 = CARTESIAN_POINT('',(-0.,-0.8));
#3204 = VECTOR('',#3205,1.);
#3205 = DIRECTION('',(-1.,0.));
#3206 = ( GEOMETRIC_REPRESENTATION_CONTEXT(2) 
PARAMETRIC_REPRESENTATION_CONTEXT() REPRESENTATION_CONTEXT('2D SPACE',''
  ) );
#3207 = PCURVE('',#3208,#3213);
#3208 = PLANE('',#3209);
#3209 = AXIS2_PLACEMENT_3D('',#3210,#3211,#3212);
#3210 = CARTESIAN_POINT('',(61.423549801218,-14.70782104868,35.));
#3211 = DIRECTION('',(0.707106781187,-0.707106781187,4.834630952926E-16)
  );
#3212 = DIRECTION('',(-0.707106781187,-0.707106781187,9.651277813247E-35
    ));
#3213 = DEFINITIONAL_REPRESENTATION('',(#3214),#3218);
#3214 = CIRCLE('',#3215,1.5);
#3215 = AXIS2_PLACEMENT_2D('',#3216,#3217);
#3216 = CARTESIAN_POINT('',(-20.,-30.));
#3217 = DIRECTION('',(-1.,-7.47007408981E-32));
#3218 = ( GEOMETRIC_REPRESENTATION_CONTEXT(2) 
PARAMETRIC_REPRESENTATION_CONTEXT() REPRESENTATION_CONTEXT('2D SPACE',''
  ) );
#3219 = ORIENTED_EDGE('',*,*,#3163,.F.);
#3220 = ORIENTED_EDGE('',*,*,#3221,.F.);
#3221 = EDGE_CURVE('',#3164,#3164,#3222,.T.);
#3222 = SURFACE_CURVE('',#3223,(#3228,#3235),.PCURVE_S1.);
#3223 = CIRCLE('',#3224,1.5);
#3224 = AXIS2_PLACEMENT_3D('',#3225,#3226,#3227);
#3225 = CARTESIAN_POINT('',(75.,0.,65.));
#3226 = DIRECTION('',(0.707106781187,-0.707106781187,0.));
#3227 = DIRECTION('',(0.707106781187,0.707106781187,0.));
#3228 = PCURVE('',#3174,#3229);
#3229 = DEFINITIONAL_REPRESENTATION('',(#3230),#3234);
#3230 = LINE('',#3231,#3232);
#3231 = CARTESIAN_POINT('',(-0.,0.));
#3232 = VECTOR('',#3233,1.);
#3233 = DIRECTION('',(-1.,0.));
#3234 = ( GEOMETRIC_REPRESENTATION_CONTEXT(2) 
PARAMETRIC_REPRESENTATION_CONTEXT() REPRESENTATION_CONTEXT('2D SPACE',''
  ) );
#3235 = PCURVE('',#3236,#3241);
#3236 = PLANE('',#3237);
#3237 = AXIS2_PLACEMENT_3D('',#3238,#3239,#3240);
#3238 = CARTESIAN_POINT('',(60.857864376269,-14.14213562373,35.));
#3239 = DIRECTION('',(0.707106781187,-0.707106781187,4.834630952926E-16)
  );
#3240 = DIRECTION('',(-0.707106781187,-0.707106781187,9.651277813247E-35
    ));
#3241 = DEFINITIONAL_REPRESENTATION('',(#3242),#3246);
#3242 = CIRCLE('',#3243,1.5);
#3243 = AXIS2_PLACEMENT_2D('',#3244,#3245);
#3244 = CARTESIAN_POINT('',(-20.,-30.));
#3245 = DIRECTION('',(-1.,-7.47007408981E-32));
#3246 = ( GEOMETRIC_REPRESENTATION_CONTEXT(2) 
PARAMETRIC_REPRESENTATION_CONTEXT() REPRESENTATION_CONTEXT('2D SPACE',''
  ) );
#3247 = ADVANCED_FACE('',(#3248),#3236,.F.);
#3248 = FACE_BOUND('',#3249,.F.);
#3249 = EDGE_LOOP('',(#3250));
#3250 = ORIENTED_EDGE('',*,*,#3221,.T.);
#3251 = ADVANCED_FACE('',(#3252),#3208,.T.);
#3252 = FACE_BOUND('',#3253,.T.);
#3253 = EDGE_LOOP('',(#3254));
#3254 = ORIENTED_EDGE('',*,*,#3193,.T.);
#3255 = ( GEOMETRIC_REPRESENTATION_CONTEXT(3) 
GLOBAL_UNCERTAINTY_ASSIGNED_CONTEXT((#3259)) 
GLOBAL_UNIT_ASSIGNED_CONTEXT((#3256,#3257,#3258)) REPRESENTATION_CONTEXT
('Context #1','3D Context with UNIT and UNCERTAINTY') );
#3256 = ( LENGTH_UNIT() NAMED_UNIT(*) SI_UNIT(.MILLI.,.METRE.) );
#3257 = ( NAMED_UNIT(*) PLANE_ANGLE_UNIT() SI_UNIT($,.RADIAN.) );
#3258 = ( NAMED_UNIT(*) SI_UNIT($,.STERADIAN.) SOLID_ANGLE_UNIT() );
#3259 = UNCERTAINTY_MEASURE_WITH_UNIT(LENGTH_MEASURE(1.E-07),#3256,
  'distance_accuracy_value','confusion accuracy');
#3260 = CONTEXT_DEPENDENT_SHAPE_REPRESENTATION(#3261,#3263);
#3261 = ( REPRESENTATION_RELATIONSHIP('','',#3156,#10) 
REPRESENTATION_RELATIONSHIP_WITH_TRANSFORMATION(#3262) 
SHAPE_REPRESENTATION_RELATIONSHIP() );
#3262 = ITEM_DEFINED_TRANSFORMATION('','',#11,#31);
#3263 = PRODUCT_DEFINITION_SHAPE('Placement','Placement of an item',
  #3264);
#3264 = NEXT_ASSEMBLY_USAGE_OCCURRENCE('5','','',#5,#3151,$);
#3265 = PRODUCT_RELATED_PRODUCT_CATEGORY('part',$,(#3153));
#3266 = SHAPE_DEFINITION_REPRESENTATION(#3267,#3273);
#3267 = PRODUCT_DEFINITION_SHAPE('','',#3268);
#3268 = PRODUCT_DEFINITION('design','',#3269,#3272);
#3269 = PRODUCT_DEFINITION_FORMATION('','',#3270);
#3270 = PRODUCT('Open CASCADE STEP translator 7.8 1.6',
  'Open CASCADE STEP translator 7.8 1.6','',(#3271));
#3271 = PRODUCT_CONTEXT('',#2,'mechanical');
#3272 = PRODUCT_DEFINITION_CONTEXT('part definition',#2,'design');
#3273 = ADVANCED_BREP_SHAPE_REPRESENTATION('',(#11,#3274),#3372);
#3274 = MANIFOLD_SOLID_BREP('',#3275);
#3275 = CLOSED_SHELL('',(#3276,#3364,#3368));
#3276 = ADVANCED_FACE('',(#3277),#3291,.T.);
#3277 = FACE_BOUND('',#3278,.F.);
#3278 = EDGE_LOOP('',(#3279,#3309,#3336,#3337));
#3279 = ORIENTED_EDGE('',*,*,#3280,.T.);
#3280 = EDGE_CURVE('',#3281,#3283,#3285,.T.);
#3281 = VERTEX_POINT('',#3282);
#3282 = CARTESIAN_POINT('',(76.06066017178,1.06066017178,75.));
#3283 = VERTEX_POINT('',#3284);
#3284 = CARTESIAN_POINT('',(76.626345596729,0.494974746831,75.));
#3285 = SEAM_CURVE('',#3286,(#3290,#3302),.PCURVE_S1.);
#3286 = LINE('',#3287,#3288);
#3287 = CARTESIAN_POINT('',(76.06066017178,1.06066017178,75.));
#3288 = VECTOR('',#3289,1.);
#3289 = DIRECTION('',(0.707106781187,-0.707106781187,0.));
#3290 = PCURVE('',#3291,#3296);
#3291 = CYLINDRICAL_SURFACE('',#3292,1.5);
#3292 = AXIS2_PLACEMENT_3D('',#3293,#3294,#3295);
#3293 = CARTESIAN_POINT('',(75.,0.,75.));
#3294 = DIRECTION('',(-0.707106781187,0.707106781187,-0.));
#3295 = DIRECTION('',(0.707106781187,0.707106781187,0.));
#3296 = DEFINITIONAL_REPRESENTATION('',(#3297),#3301);
#3297 = LINE('',#3298,#3299);
#3298 = CARTESIAN_POINT('',(-0.,0.));
#3299 = VECTOR('',#3300,1.);
#3300 = DIRECTION('',(-0.,-1.));
#3301 = ( GEOMETRIC_REPRESENTATION_CONTEXT(2) 
PARAMETRIC_REPRESENTATION_CONTEXT() REPRESENTATION_CONTEXT('2D SPACE',''
  ) );
#3302 = PCURVE('',#3291,#3303);
#3303 = DEFINITIONAL_REPRESENTATION('',(#3304),#3308);
#3304 = LINE('',#3305,#3306);
#3305 = CARTESIAN_POINT('',(-6.28318530718,0.));
#3306 = VECTOR('',#3307,1.);
#3307 = DIRECTION('',(-0.,-1.));
#3308 = ( GEOMETRIC_REPRESENTATION_CONTEXT(2) 
PARAMETRIC_REPRESENTATION_CONTEXT() REPRESENTATION_CONTEXT('2D SPACE',''
  ) );
#3309 = ORIENTED_EDGE('',*,*,#3310,.T.);
#3310 = EDGE_CURVE('',#3283,#3283,#3311,.T.);
#3311 = SURFACE_CURVE('',#3312,(#3317,#3324),.PCURVE_S1.);
#3312 = CIRCLE('',#3313,1.5);
#3313 = AXIS2_PLACEMENT_3D('',#3314,#3315,#3316);
#3314 = CARTESIAN_POINT('',(75.565685424949,-0.565685424949,75.));
#3315 = DIRECTION('',(0.707106781187,-0.707106781187,0.));
#3316 = DIRECTION('',(0.707106781187,0.707106781187,0.));
#3317 = PCURVE('',#3291,#3318);
#3318 = DEFINITIONAL_REPRESENTATION('',(#3319),#3323);
#3319 = LINE('',#3320,#3321);
#3320 = CARTESIAN_POINT('',(-0.,-0.8));
#3321 = VECTOR('',#3322,1.);
#3322 = DIRECTION('',(-1.,0.));
#3323 = ( GEOMETRIC_REPRESENTATION_CONTEXT(2) 
PARAMETRIC_REPRESENTATION_CONTEXT() REPRESENTATION_CONTEXT('2D SPACE',''
  ) );
#3324 = PCURVE('',#3325,#3330);
#3325 = PLANE('',#3326);
#3326 = AXIS2_PLACEMENT_3D('',#3327,#3328,#3329);
#3327 = CARTESIAN_POINT('',(61.423549801218,-14.70782104868,35.));
#3328 = DIRECTION('',(0.707106781187,-0.707106781187,4.834630952926E-16)
  );
#3329 = DIRECTION('',(-0.707106781187,-0.707106781187,9.651277813247E-35
    ));
#3330 = DEFINITIONAL_REPRESENTATION('',(#3331),#3335);
#3331 = CIRCLE('',#3332,1.5);
#3332 = AXIS2_PLACEMENT_2D('',#3333,#3334);
#3333 = CARTESIAN_POINT('',(-20.,-40.));
#3334 = DIRECTION('',(-1.,-7.47007408981E-32));
#3335 = ( GEOMETRIC_REPRESENTATION_CONTEXT(2) 
PARAMETRIC_REPRESENTATION_CONTEXT() REPRESENTATION_CONTEXT('2D SPACE',''
  ) );
#3336 = ORIENTED_EDGE('',*,*,#3280,.F.);
#3337 = ORIENTED_EDGE('',*,*,#3338,.F.);
#3338 = EDGE_CURVE('',#3281,#3281,#3339,.T.);
#3339 = SURFACE_CURVE('',#3340,(#3345,#3352),.PCURVE_S1.);
#3340 = CIRCLE('',#3341,1.5);
#3341 = AXIS2_PLACEMENT_3D('',#3342,#3343,#3344);
#3342 = CARTESIAN_POINT('',(75.,0.,75.));
#3343 = DIRECTION('',(0.707106781187,-0.707106781187,0.));
#3344 = DIRECTION('',(0.707106781187,0.707106781187,0.));
#3345 = PCURVE('',#3291,#3346);
#3346 = DEFINITIONAL_REPRESENTATION('',(#3347),#3351);
#3347 = LINE('',#3348,#3349);
#3348 = CARTESIAN_POINT('',(-0.,0.));
#3349 = VECTOR('',#3350,1.);
#3350 = DIRECTION('',(-1.,0.));
#3351 = ( GEOMETRIC_REPRESENTATION_CONTEXT(2) 
PARAMETRIC_REPRESENTATION_CONTEXT() REPRESENTATION_CONTEXT('2D SPACE',''
  ) );
#3352 = PCURVE('',#3353,#3358);
#3353 = PLANE('',#3354);
#3354 = AXIS2_PLACEMENT_3D('',#3355,#3356,#3357);
#3355 = CARTESIAN_POINT('',(60.857864376269,-14.14213562373,35.));
#3356 = DIRECTION('',(0.707106781187,-0.707106781187,4.834630952926E-16)
  );
#3357 = DIRECTION('',(-0.707106781187,-0.707106781187,9.651277813247E-35
    ));
#3358 = DEFINITIONAL_REPRESENTATION('',(#3359),#3363);
#3359 = CIRCLE('',#3360,1.5);
#3360 = AXIS2_PLACEMENT_2D('',#3361,#3362);
#3361 = CARTESIAN_POINT('',(-20.,-40.));
#3362 = DIRECTION('',(-1.,-7.47007408981E-32));
#3363 = ( GEOMETRIC_REPRESENTATION_CONTEXT(2) 
PARAMETRIC_REPRESENTATION_CONTEXT() REPRESENTATION_CONTEXT('2D SPACE',''
  ) );
#3364 = ADVANCED_FACE('',(#3365),#3353,.F.);
#3365 = FACE_BOUND('',#3366,.F.);
#3366 = EDGE_LOOP('',(#3367));
#3367 = ORIENTED_EDGE('',*,*,#3338,.T.);
#3368 = ADVANCED_FACE('',(#3369),#3325,.T.);
#3369 = FACE_BOUND('',#3370,.T.);
#3370 = EDGE_LOOP('',(#3371));
#3371 = ORIENTED_EDGE('',*,*,#3310,.T.);
#3372 = ( GEOMETRIC_REPRESENTATION_CONTEXT(3) 
GLOBAL_UNCERTAINTY_ASSIGNED_CONTEXT((#3376)) 
GLOBAL_UNIT_ASSIGNED_CONTEXT((#3373,#3374,#3375)) REPRESENTATION_CONTEXT
('Context #1','3D Context with UNIT and UNCERTAINTY') );
#3373 = ( LENGTH_UNIT() NAMED_UNIT(*) SI_UNIT(.MILLI.,.METRE.) );
#3374 = ( NAMED_UNIT(*) PLANE_ANGLE_UNIT() SI_UNIT($,.RADIAN.) );
#3375 = ( NAMED_UNIT(*) SI_UNIT($,.STERADIAN.) SOLID_ANGLE_UNIT() );
#3376 = UNCERTAINTY_MEASURE_WITH_UNIT(LENGTH_MEASURE(1.E-07),#3373,
  'distance_accuracy_value','confusion accuracy');
#3377 = CONTEXT_DEPENDENT_SHAPE_REPRESENTATION(#3378,#3380);
#3378 = ( REPRESENTATION_RELATIONSHIP('','',#3273,#10) 
REPRESENTATION_RELATIONSHIP_WITH_TRANSFORMATION(#3379) 
SHAPE_REPRESENTATION_RELATIONSHIP() );
#3379 = ITEM_DEFINED_TRANSFORMATION('','',#11,#35);
#3380 = PRODUCT_DEFINITION_SHAPE('Placement','Placement of an item',
  #3381);
#3381 = NEXT_ASSEMBLY_USAGE_OCCURRENCE('6','','',#5,#3268,$);
#3382 = PRODUCT_RELATED_PRODUCT_CATEGORY('part',$,(#3270));
#3383 = SHAPE_DEFINITION_REPRESENTATION(#3384,#3390);
#3384 = PRODUCT_DEFINITION_SHAPE('','',#3385);
#3385 = PRODUCT_DEFINITION('design','',#3386,#3389);
#3386 = PRODUCT_DEFINITION_FORMATION('','',#3387);
#3387 = PRODUCT('Open CASCADE STEP translator 7.8 1.7',
  'Open CASCADE STEP translator 7.8 1.7','',(#3388));
#3388 = PRODUCT_CONTEXT('',#2,'mechanical');
#3389 = PRODUCT_DEFINITION_CONTEXT('part definition',#2,'design');
#3390 = ADVANCED_BREP_SHAPE_REPRESENTATION('',(#11,#3391),#3489);
#3391 = MANIFOLD_SOLID_BREP('',#3392);
#3392 = CLOSED_SHELL('',(#3393,#3481,#3485));
#3393 = ADVANCED_FACE('',(#3394),#3408,.T.);
#3394 = FACE_BOUND('',#3395,.F.);
#3395 = EDGE_LOOP('',(#3396,#3426,#3453,#3454));
#3396 = ORIENTED_EDGE('',*,*,#3397,.T.);
#3397 = EDGE_CURVE('',#3398,#3400,#3402,.T.);
#3398 = VERTEX_POINT('',#3399);
#3399 = CARTESIAN_POINT('',(83.131727983645,8.131727983645,55.));
#3400 = VERTEX_POINT('',#3401);
#3401 = CARTESIAN_POINT('',(83.697413408595,7.566042558696,55.));
#3402 = SEAM_CURVE('',#3403,(#3407,#3419),.PCURVE_S1.);
#3403 = LINE('',#3404,#3405);
#3404 = CARTESIAN_POINT('',(83.131727983645,8.131727983645,55.));
#3405 = VECTOR('',#3406,1.);
#3406 = DIRECTION('',(0.707106781187,-0.707106781187,0.));
#3407 = PCURVE('',#3408,#3413);
#3408 = CYLINDRICAL_SURFACE('',#3409,1.5);
#3409 = AXIS2_PLACEMENT_3D('',#3410,#3411,#3412);
#3410 = CARTESIAN_POINT('',(82.071067811865,7.071067811865,55.));
#3411 = DIRECTION('',(-0.707106781187,0.707106781187,-0.));
#3412 = DIRECTION('',(0.707106781187,0.707106781187,0.));
#3413 = DEFINITIONAL_REPRESENTATION('',(#3414),#3418);
#3414 = LINE('',#3415,#3416);
#3415 = CARTESIAN_POINT('',(-0.,0.));
#3416 = VECTOR('',#3417,1.);
#3417 = DIRECTION('',(-0.,-1.));
#3418 = ( GEOMETRIC_REPRESENTATION_CONTEXT(2) 
PARAMETRIC_REPRESENTATION_CONTEXT() REPRESENTATION_CONTEXT('2D SPACE',''
  ) );
#3419 = PCURVE('',#3408,#3420);
#3420 = DEFINITIONAL_REPRESENTATION('',(#3421),#3425);
#3421 = LINE('',#3422,#3423);
#3422 = CARTESIAN_POINT('',(-6.28318530718,0.));
#3423 = VECTOR('',#3424,1.);
#3424 = DIRECTION('',(-0.,-1.));
#3425 = ( GEOMETRIC_REPRESENTATION_CONTEXT(2) 
PARAMETRIC_REPRESENTATION_CONTEXT() REPRESENTATION_CONTEXT('2D SPACE',''
  ) );
#3426 = ORIENTED_EDGE('',*,*,#3427,.T.);
#3427 = EDGE_CURVE('',#3400,#3400,#3428,.T.);
#3428 = SURFACE_CURVE('',#3429,(#3434,#3441),.PCURVE_S1.);
#3429 = CIRCLE('',#3430,1.5);
#3430 = AXIS2_PLACEMENT_3D('',#3431,#3432,#3433);
#3431 = CARTESIAN_POINT('',(82.636753236815,6.505382386916,55.));
#3432 = DIRECTION('',(0.707106781187,-0.707106781187,0.));
#3433 = DIRECTION('',(0.707106781187,0.707106781187,0.));
#3434 = PCURVE('',#3408,#3435);
#3435 = DEFINITIONAL_REPRESENTATION('',(#3436),#3440);
#3436 = LINE('',#3437,#3438);
#3437 = CARTESIAN_POINT('',(-0.,-0.8));
#3438 = VECTOR('',#3439,1.);
#3439 = DIRECTION('',(-1.,0.));
#3440 = ( GEOMETRIC_REPRESENTATION_CONTEXT(2) 
PARAMETRIC_REPRESENTATION_CONTEXT() REPRESENTATION_CONTEXT('2D SPACE',''
  ) );
#3441 = PCURVE('',#3442,#3447);
#3442 = PLANE('',#3443);
#3443 = AXIS2_PLACEMENT_3D('',#3444,#3445,#3446);
#3444 = CARTESIAN_POINT('',(61.423549801218,-14.70782104868,35.));
#3445 = DIRECTION('',(0.707106781187,-0.707106781187,4.834630952926E-16)
  );
#3446 = DIRECTION('',(-0.707106781187,-0.707106781187,9.651277813247E-35
    ));
#3447 = DEFINITIONAL_REPRESENTATION('',(#3448),#3452);
#3448 = CIRCLE('',#3449,1.5);
#3449 = AXIS2_PLACEMENT_2D('',#3450,#3451);
#3450 = CARTESIAN_POINT('',(-30.,-20.));
#3451 = DIRECTION('',(-1.,-7.47007408981E-32));
#3452 = ( GEOMETRIC_REPRESENTATION_CONTEXT(2) 
PARAMETRIC_REPRESENTATION_CONTEXT() REPRESENTATION_CONTEXT('2D SPACE',''
  ) );
#3453 = ORIENTED_EDGE('',*,*,#3397,.F.);
#3454 = ORIENTED_EDGE('',*,*,#3455,.F.);
#3455 = EDGE_CURVE('',#3398,#3398,#3456,.T.);
#3456 = SURFACE_CURVE('',#3457,(#3462,#3469),.PCURVE_S1.);
#3457 = CIRCLE('',#3458,1.5);
#3458 = AXIS2_PLACEMENT_3D('',#3459,#3460,#3461);
#3459 = CARTESIAN_POINT('',(82.071067811865,7.071067811865,55.));
#3460 = DIRECTION('',(0.707106781187,-0.707106781187,0.));
#3461 = DIRECTION('',(0.707106781187,0.707106781187,0.));
#3462 = PCURVE('',#3408,#3463);
#3463 = DEFINITIONAL_REPRESENTATION('',(#3464),#3468);
#3464 = LINE('',#3465,#3466);
#3465 = CARTESIAN_POINT('',(-0.,0.));
#3466 = VECTOR('',#3467,1.);
#3467 = DIRECTION('',(-1.,0.));
#3468 = ( GEOMETRIC_REPRESENTATION_CONTEXT(2) 
PARAMETRIC_REPRESENTATION_CONTEXT() REPRESENTATION_CONTEXT('2D SPACE',''
  ) );
#3469 = PCURVE('',#3470,#3475);
#3470 = PLANE('',#3471);
#3471 = AXIS2_PLACEMENT_3D('',#3472,#3473,#3474);
#3472 = CARTESIAN_POINT('',(60.857864376269,-14.14213562373,35.));
#3473 = DIRECTION('',(0.707106781187,-0.707106781187,4.834630952926E-16)
  );
#3474 = DIRECTION('',(-0.707106781187,-0.707106781187,9.651277813247E-35
    ));
#3475 = DEFINITIONAL_REPRESENTATION('',(#3476),#3480);
#3476 = CIRCLE('',#3477,1.5);
#3477 = AXIS2_PLACEMENT_2D('',#3478,#3479);
#3478 = CARTESIAN_POINT('',(-30.,-20.));
#3479 = DIRECTION('',(-1.,-7.47007408981E-32));
#3480 = ( GEOMETRIC_REPRESENTATION_CONTEXT(2) 
PARAMETRIC_REPRESENTATION_CONTEXT() REPRESENTATION_CONTEXT('2D SPACE',''
  ) );
#3481 = ADVANCED_FACE('',(#3482),#3470,.F.);
#3482 = FACE_BOUND('',#3483,.F.);
#3483 = EDGE_LOOP('',(#3484));
#3484 = ORIENTED_EDGE('',*,*,#3455,.T.);
#3485 = ADVANCED_FACE('',(#3486),#3442,.T.);
#3486 = FACE_BOUND('',#3487,.T.);
#3487 = EDGE_LOOP('',(#3488));
#3488 = ORIENTED_EDGE('',*,*,#3427,.T.);
#3489 = ( GEOMETRIC_REPRESENTATION_CONTEXT(3) 
GLOBAL_UNCERTAINTY_ASSIGNED_CONTEXT((#3493)) 
GLOBAL_UNIT_ASSIGNED_CONTEXT((#3490,#3491,#3492)) REPRESENTATION_CONTEXT
('Context #1','3D Context with UNIT and UNCERTAINTY') );
#3490 = ( LENGTH_UNIT() NAMED_UNIT(*) SI_UNIT(.MILLI.,.METRE.) );
#3491 = ( NAMED_UNIT(*) PLANE_ANGLE_UNIT() SI_UNIT($,.RADIAN.) );
#3492 = ( NAMED_UNIT(*) SI_UNIT($,.STERADIAN.) SOLID_ANGLE_UNIT() );
#3493 = UNCERTAINTY_MEASURE_WITH_UNIT(LENGTH_MEASURE(1.E-07),#3490,
  'distance_accuracy_value','confusion accuracy');
#3494 = CONTEXT_DEPENDENT_SHAPE_REPRESENTATION(#3495,#3497);
#3495 = ( REPRESENTATION_RELATIONSHIP('','',#3390,#10) 
REPRESENTATION_RELATIONSHIP_WITH_TRANSFORMATION(#3496) 
SHAPE_REPRESENTATION_RELATIONSHIP() );
#3496 = ITEM_DEFINED_TRANSFORMATION('','',#11,#39);
#3497 = PRODUCT_DEFINITION_SHAPE('Placement','Placement of an item',
  #3498);
#3498 = NEXT_ASSEMBLY_USAGE_OCCURRENCE('7','','',#5,#3385,$);
#3499 = PRODUCT_RELATED_PRODUCT_CATEGORY('part',$,(#3387));
#3500 = SHAPE_DEFINITION_REPRESENTATION(#3501,#3507);
#3501 = PRODUCT_DEFINITION_SHAPE('','',#3502);
#3502 = PRODUCT_DEFINITION('design','',#3503,#3506);
#3503 = PRODUCT_DEFINITION_FORMATION('','',#3504);
#3504 = PRODUCT('Open CASCADE STEP translator 7.8 1.8',
  'Open CASCADE STEP translator 7.8 1.8','',(#3505));
#3505 = PRODUCT_CONTEXT('',#2,'mechanical');
#3506 = PRODUCT_DEFINITION_CONTEXT('part definition',#2,'design');
#3507 = ADVANCED_BREP_SHAPE_REPRESENTATION('',(#11,#3508),#3606);
#3508 = MANIFOLD_SOLID_BREP('',#3509);
#3509 = CLOSED_SHELL('',(#3510,#3598,#3602));
#3510 = ADVANCED_FACE('',(#3511),#3525,.T.);
#3511 = FACE_BOUND('',#3512,.F.);
#3512 = EDGE_LOOP('',(#3513,#3543,#3570,#3571));
#3513 = ORIENTED_EDGE('',*,*,#3514,.T.);
#3514 = EDGE_CURVE('',#3515,#3517,#3519,.T.);
#3515 = VERTEX_POINT('',#3516);
#3516 = CARTESIAN_POINT('',(83.131727983645,8.131727983645,65.));
#3517 = VERTEX_POINT('',#3518);
#3518 = CARTESIAN_POINT('',(83.697413408595,7.566042558696,65.));
#3519 = SEAM_CURVE('',#3520,(#3524,#3536),.PCURVE_S1.);
#3520 = LINE('',#3521,#3522);
#3521 = CARTESIAN_POINT('',(83.131727983645,8.131727983645,65.));
#3522 = VECTOR('',#3523,1.);
#3523 = DIRECTION('',(0.707106781187,-0.707106781187,0.));
#3524 = PCURVE('',#3525,#3530);
#3525 = CYLINDRICAL_SURFACE('',#3526,1.5);
#3526 = AXIS2_PLACEMENT_3D('',#3527,#3528,#3529);
#3527 = CARTESIAN_POINT('',(82.071067811865,7.071067811865,65.));
#3528 = DIRECTION('',(-0.707106781187,0.707106781187,-0.));
#3529 = DIRECTION('',(0.707106781187,0.707106781187,0.));
#3530 = DEFINITIONAL_REPRESENTATION('',(#3531),#3535);
#3531 = LINE('',#3532,#3533);
#3532 = CARTESIAN_POINT('',(-0.,0.));
#3533 = VECTOR('',#3534,1.);
#3534 = DIRECTION('',(-0.,-1.));
#3535 = ( GEOMETRIC_REPRESENTATION_CONTEXT(2) 
PARAMETRIC_REPRESENTATION_CONTEXT() REPRESENTATION_CONTEXT('2D SPACE',''
  ) );
#3536 = PCURVE('',#3525,#3537);
#3537 = DEFINITIONAL_REPRESENTATION('',(#3538),#3542);
#3538 = LINE('',#3539,#3540);
#3539 = CARTESIAN_POINT('',(-6.28318530718,0.));
#3540 = VECTOR('',#3541,1.);
#3541 = DIRECTION('',(-0.,-1.));
#3542 = ( GEOMETRIC_REPRESENTATION_CONTEXT(2) 
PARAMETRIC_REPRESENTATION_CONTEXT() REPRESENTATION_CONTEXT('2D SPACE',''
  ) );
#3543 = ORIENTED_EDGE('',*,*,#3544,.T.);
#3544 = EDGE_CURVE('',#3517,#3517,#3545,.T.);
#3545 = SURFACE_CURVE('',#3546,(#3551,#3558),.PCURVE_S1.);
#3546 = CIRCLE('',#3547,1.5);
#3547 = AXIS2_PLACEMENT_3D('',#3548,#3549,#3550);
#3548 = CARTESIAN_POINT('',(82.636753236815,6.505382386916,65.));
#3549 = DIRECTION('',(0.707106781187,-0.707106781187,0.));
#3550 = DIRECTION('',(0.707106781187,0.707106781187,0.));
#3551 = PCURVE('',#3525,#3552);
#3552 = DEFINITIONAL_REPRESENTATION('',(#3553),#3557);
#3553 = LINE('',#3554,#3555);
#3554 = CARTESIAN_POINT('',(-0.,-0.8));
#3555 = VECTOR('',#3556,1.);
#3556 = DIRECTION('',(-1.,0.));
#3557 = ( GEOMETRIC_REPRESENTATION_CONTEXT(2) 
PARAMETRIC_REPRESENTATION_CONTEXT() REPRESENTATION_CONTEXT('2D SPACE',''
  ) );
#3558 = PCURVE('',#3559,#3564);
#3559 = PLANE('',#3560);
#3560 = AXIS2_PLACEMENT_3D('',#3561,#3562,#3563);
#3561 = CARTESIAN_POINT('',(61.423549801218,-14.70782104868,35.));
#3562 = DIRECTION('',(0.707106781187,-0.707106781187,4.834630952926E-16)
  );
#3563 = DIRECTION('',(-0.707106781187,-0.707106781187,9.651277813247E-35
    ));
#3564 = DEFINITIONAL_REPRESENTATION('',(#3565),#3569);
#3565 = CIRCLE('',#3566,1.5);
#3566 = AXIS2_PLACEMENT_2D('',#3567,#3568);
#3567 = CARTESIAN_POINT('',(-30.,-30.));
#3568 = DIRECTION('',(-1.,-7.47007408981E-32));
#3569 = ( GEOMETRIC_REPRESENTATION_CONTEXT(2) 
PARAMETRIC_REPRESENTATION_CONTEXT() REPRESENTATION_CONTEXT('2D SPACE',''
  ) );
#3570 = ORIENTED_EDGE('',*,*,#3514,.F.);
#3571 = ORIENTED_EDGE('',*,*,#3572,.F.);
#3572 = EDGE_CURVE('',#3515,#3515,#3573,.T.);
#3573 = SURFACE_CURVE('',#3574,(#3579,#3586),.PCURVE_S1.);
#3574 = CIRCLE('',#3575,1.5);
#3575 = AXIS2_PLACEMENT_3D('',#3576,#3577,#3578);
#3576 = CARTESIAN_POINT('',(82.071067811865,7.071067811865,65.));
#3577 = DIRECTION('',(0.707106781187,-0.707106781187,0.));
#3578 = DIRECTION('',(0.707106781187,0.707106781187,0.));
#3579 = PCURVE('',#3525,#3580);
#3580 = DEFINITIONAL_REPRESENTATION('',(#3581),#3585);
#3581 = LINE('',#3582,#3583);
#3582 = CARTESIAN_POINT('',(-0.,0.));
#3583 = VECTOR('',#3584,1.);
#3584 = DIRECTION('',(-1.,0.));
#3585 = ( GEOMETRIC_REPRESENTATION_CONTEXT(2) 
PARAMETRIC_REPRESENTATION_CONTEXT() REPRESENTATION_CONTEXT('2D SPACE',''
  ) );
#3586 = PCURVE('',#3587,#3592);
#3587 = PLANE('',#3588);
#3588 = AXIS2_PLACEMENT_3D('',#3589,#3590,#3591);
#3589 = CARTESIAN_POINT('',(60.857864376269,-14.14213562373,35.));
#3590 = DIRECTION('',(0.707106781187,-0.707106781187,4.834630952926E-16)
  );
#3591 = DIRECTION('',(-0.707106781187,-0.707106781187,9.651277813247E-35
    ));
#3592 = DEFINITIONAL_REPRESENTATION('',(#3593),#3597);
#3593 = CIRCLE('',#3594,1.5);
#3594 = AXIS2_PLACEMENT_2D('',#3595,#3596);
#3595 = CARTESIAN_POINT('',(-30.,-30.));
#3596 = DIRECTION('',(-1.,-7.47007408981E-32));
#3597 = ( GEOMETRIC_REPRESENTATION_CONTEXT(2) 
PARAMETRIC_REPRESENTATION_CONTEXT() REPRESENTATION_CONTEXT('2D SPACE',''
  ) );
#3598 = ADVANCED_FACE('',(#3599),#3587,.F.);
#3599 = FACE_BOUND('',#3600,.F.);
#3600 = EDGE_LOOP('',(#3601));
#3601 = ORIENTED_EDGE('',*,*,#3572,.T.);
#3602 = ADVANCED_FACE('',(#3603),#3559,.T.);
#3603 = FACE_BOUND('',#3604,.T.);
#3604 = EDGE_LOOP('',(#3605));
#3605 = ORIENTED_EDGE('',*,*,#3544,.T.);
#3606 = ( GEOMETRIC_REPRESENTATION_CONTEXT(3) 
GLOBAL_UNCERTAINTY_ASSIGNED_CONTEXT((#3610)) 
GLOBAL_UNIT_ASSIGNED_CONTEXT((#3607,#3608,#3609)) REPRESENTATION_CONTEXT
('Context #1','3D Context with UNIT and UNCERTAINTY') );
#3607 = ( LENGTH_UNIT() NAMED_UNIT(*) SI_UNIT(.MILLI.,.METRE.) );
#3608 = ( NAMED_UNIT(*) PLANE_ANGLE_UNIT() SI_UNIT($,.RADIAN.) );
#3609 = ( NAMED_UNIT(*) SI_UNIT($,.STERADIAN.) SOLID_ANGLE_UNIT() );
#3610 = UNCERTAINTY_MEASURE_WITH_UNIT(LENGTH_MEASURE(1.E-07),#3607,
  'distance_accuracy_value','confusion accuracy');
#3611 = CONTEXT_DEPENDENT_SHAPE_REPRESENTATION(#3612,#3614);
#3612 = ( REPRESENTATION_RELATIONSHIP('','',#3507,#10) 
REPRESENTATION_RELATIONSHIP_WITH_TRANSFORMATION(#3613) 
SHAPE_REPRESENTATION_RELATIONSHIP() );
#3613 = ITEM_DEFINED_TRANSFORMATION('','',#11,#43);
#3614 = PRODUCT_DEFINITION_SHAPE('Placement','Placement of an item',
  #3615);
#3615 = NEXT_ASSEMBLY_USAGE_OCCURRENCE('8','','',#5,#3502,$);
#3616 = PRODUCT_RELATED_PRODUCT_CATEGORY('part',$,(#3504));
#3617 = SHAPE_DEFINITION_REPRESENTATION(#3618,#3624);
#3618 = PRODUCT_DEFINITION_SHAPE('','',#3619);
#3619 = PRODUCT_DEFINITION('design','',#3620,#3623);
#3620 = PRODUCT_DEFINITION_FORMATION('','',#3621);
#3621 = PRODUCT('Open CASCADE STEP translator 7.8 1.9',
  'Open CASCADE STEP translator 7.8 1.9','',(#3622));
#3622 = PRODUCT_CONTEXT('',#2,'mechanical');
#3623 = PRODUCT_DEFINITION_CONTEXT('part definition',#2,'design');
#3624 = ADVANCED_BREP_SHAPE_REPRESENTATION('',(#11,#3625),#3723);
#3625 = MANIFOLD_SOLID_BREP('',#3626);
#3626 = CLOSED_SHELL('',(#3627,#3715,#3719));
#3627 = ADVANCED_FACE('',(#3628),#3642,.T.);
#3628 = FACE_BOUND('',#3629,.F.);
#3629 = EDGE_LOOP('',(#3630,#3660,#3687,#3688));
#3630 = ORIENTED_EDGE('',*,*,#3631,.T.);
#3631 = EDGE_CURVE('',#3632,#3634,#3636,.T.);
#3632 = VERTEX_POINT('',#3633);
#3633 = CARTESIAN_POINT('',(83.131727983645,8.131727983645,75.));
#3634 = VERTEX_POINT('',#3635);
#3635 = CARTESIAN_POINT('',(83.697413408595,7.566042558696,75.));
#3636 = SEAM_CURVE('',#3637,(#3641,#3653),.PCURVE_S1.);
#3637 = LINE('',#3638,#3639);
#3638 = CARTESIAN_POINT('',(83.131727983645,8.131727983645,75.));
#3639 = VECTOR('',#3640,1.);
#3640 = DIRECTION('',(0.707106781187,-0.707106781187,0.));
#3641 = PCURVE('',#3642,#3647);
#3642 = CYLINDRICAL_SURFACE('',#3643,1.5);
#3643 = AXIS2_PLACEMENT_3D('',#3644,#3645,#3646);
#3644 = CARTESIAN_POINT('',(82.071067811865,7.071067811865,75.));
#3645 = DIRECTION('',(-0.707106781187,0.707106781187,-0.));
#3646 = DIRECTION('',(0.707106781187,0.707106781187,0.));
#3647 = DEFINITIONAL_REPRESENTATION('',(#3648),#3652);
#3648 = LINE('',#3649,#3650);
#3649 = CARTESIAN_POINT('',(-0.,0.));
#3650 = VECTOR('',#3651,1.);
#3651 = DIRECTION('',(-0.,-1.));
#3652 = ( GEOMETRIC_REPRESENTATION_CONTEXT(2) 
PARAMETRIC_REPRESENTATION_CONTEXT() REPRESENTATION_CONTEXT('2D SPACE',''
  ) );
#3653 = PCURVE('',#3642,#3654);
#3654 = DEFINITIONAL_REPRESENTATION('',(#3655),#3659);
#3655 = LINE('',#3656,#3657);
#3656 = CARTESIAN_POINT('',(-6.28318530718,0.));
#3657 = VECTOR('',#3658,1.);
#3658 = DIRECTION('',(-0.,-1.));
#3659 = ( GEOMETRIC_REPRESENTATION_CONTEXT(2) 
PARAMETRIC_REPRESENTATION_CONTEXT() REPRESENTATION_CONTEXT('2D SPACE',''
  ) );
#3660 = ORIENTED_EDGE('',*,*,#3661,.T.);
#3661 = EDGE_CURVE('',#3634,#3634,#3662,.T.);
#3662 = SURFACE_CURVE('',#3663,(#3668,#3675),.PCURVE_S1.);
#3663 = CIRCLE('',#3664,1.5);
#3664 = AXIS2_PLACEMENT_3D('',#3665,#3666,#3667);
#3665 = CARTESIAN_POINT('',(82.636753236815,6.505382386916,75.));
#3666 = DIRECTION('',(0.707106781187,-0.707106781187,0.));
#3667 = DIRECTION('',(0.707106781187,0.707106781187,0.));
#3668 = PCURVE('',#3642,#3669);
#3669 = DEFINITIONAL_REPRESENTATION('',(#3670),#3674);
#3670 = LINE('',#3671,#3672);
#3671 = CARTESIAN_POINT('',(-0.,-0.8));
#3672 = VECTOR('',#3673,1.);
#3673 = DIRECTION('',(-1.,0.));
#3674 = ( GEOMETRIC_REPRESENTATION_CONTEXT(2) 
PARAMETRIC_REPRESENTATION_CONTEXT() REPRESENTATION_CONTEXT('2D SPACE',''
  ) );
#3675 = PCURVE('',#3676,#3681);
#3676 = PLANE('',#3677);
#3677 = AXIS2_PLACEMENT_3D('',#3678,#3679,#3680);
#3678 = CARTESIAN_POINT('',(61.423549801218,-14.70782104868,35.));
#3679 = DIRECTION('',(0.707106781187,-0.707106781187,4.834630952926E-16)
  );
#3680 = DIRECTION('',(-0.707106781187,-0.707106781187,9.651277813247E-35
    ));
#3681 = DEFINITIONAL_REPRESENTATION('',(#3682),#3686);
#3682 = CIRCLE('',#3683,1.5);
#3683 = AXIS2_PLACEMENT_2D('',#3684,#3685);
#3684 = CARTESIAN_POINT('',(-30.,-40.));
#3685 = DIRECTION('',(-1.,-7.47007408981E-32));
#3686 = ( GEOMETRIC_REPRESENTATION_CONTEXT(2) 
PARAMETRIC_REPRESENTATION_CONTEXT() REPRESENTATION_CONTEXT('2D SPACE',''
  ) );
#3687 = ORIENTED_EDGE('',*,*,#3631,.F.);
#3688 = ORIENTED_EDGE('',*,*,#3689,.F.);
#3689 = EDGE_CURVE('',#3632,#3632,#3690,.T.);
#3690 = SURFACE_CURVE('',#3691,(#3696,#3703),.PCURVE_S1.);
#3691 = CIRCLE('',#3692,1.5);
#3692 = AXIS2_PLACEMENT_3D('',#3693,#3694,#3695);
#3693 = CARTESIAN_POINT('',(82.071067811865,7.071067811865,75.));
#3694 = DIRECTION('',(0.707106781187,-0.707106781187,0.));
#3695 = DIRECTION('',(0.707106781187,0.707106781187,0.));
#3696 = PCURVE('',#3642,#3697);
#3697 = DEFINITIONAL_REPRESENTATION('',(#3698),#3702);
#3698 = LINE('',#3699,#3700);
#3699 = CARTESIAN_POINT('',(-0.,0.));
#3700 = VECTOR('',#3701,1.);
#3701 = DIRECTION('',(-1.,0.));
#3702 = ( GEOMETRIC_REPRESENTATION_CONTEXT(2) 
PARAMETRIC_REPRESENTATION_CONTEXT() REPRESENTATION_CONTEXT('2D SPACE',''
  ) );
#3703 = PCURVE('',#3704,#3709);
#3704 = PLANE('',#3705);
#3705 = AXIS2_PLACEMENT_3D('',#3706,#3707,#3708);
#3706 = CARTESIAN_POINT('',(60.857864376269,-14.14213562373,35.));
#3707 = DIRECTION('',(0.707106781187,-0.707106781187,4.834630952926E-16)
  );
#3708 = DIRECTION('',(-0.707106781187,-0.707106781187,9.651277813247E-35
    ));
#3709 = DEFINITIONAL_REPRESENTATION('',(#3710),#3714);
#3710 = CIRCLE('',#3711,1.5);
#3711 = AXIS2_PLACEMENT_2D('',#3712,#3713);
#3712 = CARTESIAN_POINT('',(-30.,-40.));
#3713 = DIRECTION('',(-1.,-7.47007408981E-32));
#3714 = ( GEOMETRIC_REPRESENTATION_CONTEXT(2) 
PARAMETRIC_REPRESENTATION_CONTEXT() REPRESENTATION_CONTEXT('2D SPACE',''
  ) );
#3715 = ADVANCED_FACE('',(#3716),#3704,.F.);
#3716 = FACE_BOUND('',#3717,.F.);
#3717 = EDGE_LOOP('',(#3718));
#3718 = ORIENTED_EDGE('',*,*,#3689,.T.);
#3719 = ADVANCED_FACE('',(#3720),#3676,.T.);
#3720 = FACE_BOUND('',#3721,.T.);
#3721 = EDGE_LOOP('',(#3722));
#3722 = ORIENTED_EDGE('',*,*,#3661,.T.);
#3723 = ( GEOMETRIC_REPRESENTATION_CONTEXT(3) 
GLOBAL_UNCERTAINTY_ASSIGNED_CONTEXT((#3727)) 
GLOBAL_UNIT_ASSIGNED_CONTEXT((#3724,#3725,#3726)) REPRESENTATION_CONTEXT
('Context #1','3D Context with UNIT and UNCERTAINTY') );
#3724 = ( LENGTH_UNIT() NAMED_UNIT(*) SI_UNIT(.MILLI.,.METRE.) );
#3725 = ( NAMED_UNIT(*) PLANE_ANGLE_UNIT() SI_UNIT($,.RADIAN.) );
#3726 = ( NAMED_UNIT(*) SI_UNIT($,.STERADIAN.) SOLID_ANGLE_UNIT() );
#3727 = UNCERTAINTY_MEASURE_WITH_UNIT(LENGTH_MEASURE(1.E-07),#3724,
  'distance_accuracy_value','confusion accuracy');
#3728 = CONTEXT_DEPENDENT_SHAPE_REPRESENTATION(#3729,#3731);
#3729 = ( REPRESENTATION_RELATIONSHIP('','',#3624,#10) 
REPRESENTATION_RELATIONSHIP_WITH_TRANSFORMATION(#3730) 
SHAPE_REPRESENTATION_RELATIONSHIP() );
#3730 = ITEM_DEFINED_TRANSFORMATION('','',#11,#47);
#3731 = PRODUCT_DEFINITION_SHAPE('Placement','Placement of an item',
  #3732);
#3732 = NEXT_ASSEMBLY_USAGE_OCCURRENCE('9','','',#5,#3619,$);
#3733 = PRODUCT_RELATED_PRODUCT_CATEGORY('part',$,(#3621));
#3734 = SHAPE_DEFINITION_REPRESENTATION(#3735,#3741);
#3735 = PRODUCT_DEFINITION_SHAPE('','',#3736);
#3736 = PRODUCT_DEFINITION('design','',#3737,#3740);
#3737 = PRODUCT_DEFINITION_FORMATION('','',#3738);
#3738 = PRODUCT('Open CASCADE STEP translator 7.8 1.10',
  'Open CASCADE STEP translator 7.8 1.10','',(#3739));
#3739 = PRODUCT_CONTEXT('',#2,'mechanical');
#3740 = PRODUCT_DEFINITION_CONTEXT('part definition',#2,'design');
#3741 = ADVANCED_BREP_SHAPE_REPRESENTATION('',(#11,#3742),#3840);
#3742 = MANIFOLD_SOLID_BREP('',#3743);
#3743 = CLOSED_SHELL('',(#3744,#3832,#3836));
#3744 = ADVANCED_FACE('',(#3745),#3759,.T.);
#3745 = FACE_BOUND('',#3746,.F.);
#3746 = EDGE_LOOP('',(#3747,#3777,#3804,#3805));
#3747 = ORIENTED_EDGE('',*,*,#3748,.T.);
#3748 = EDGE_CURVE('',#3749,#3751,#3753,.T.);
#3749 = VERTEX_POINT('',#3750);
#3750 = CARTESIAN_POINT('',(90.202795795511,15.202795795511,35.));
#3751 = VERTEX_POINT('',#3752);
#3752 = CARTESIAN_POINT('',(90.76848122046,14.637110370562,35.));
#3753 = SEAM_CURVE('',#3754,(#3758,#3770),.PCURVE_S1.);
#3754 = LINE('',#3755,#3756);
#3755 = CARTESIAN_POINT('',(90.202795795511,15.202795795511,35.));
#3756 = VECTOR('',#3757,1.);
#3757 = DIRECTION('',(0.707106781187,-0.707106781187,0.));
#3758 = PCURVE('',#3759,#3764);
#3759 = CYLINDRICAL_SURFACE('',#3760,1.5);
#3760 = AXIS2_PLACEMENT_3D('',#3761,#3762,#3763);
#3761 = CARTESIAN_POINT('',(89.142135623731,14.142135623731,35.));
#3762 = DIRECTION('',(-0.707106781187,0.707106781187,-0.));
#3763 = DIRECTION('',(0.707106781187,0.707106781187,0.));
#3764 = DEFINITIONAL_REPRESENTATION('',(#3765),#3769);
#3765 = LINE('',#3766,#3767);
#3766 = CARTESIAN_POINT('',(-0.,0.));
#3767 = VECTOR('',#3768,1.);
#3768 = DIRECTION('',(-0.,-1.));
#3769 = ( GEOMETRIC_REPRESENTATION_CONTEXT(2) 
PARAMETRIC_REPRESENTATION_CONTEXT() REPRESENTATION_CONTEXT('2D SPACE',''
  ) );
#3770 = PCURVE('',#3759,#3771);
#3771 = DEFINITIONAL_REPRESENTATION('',(#3772),#3776);
#3772 = LINE('',#3773,#3774);
#3773 = CARTESIAN_POINT('',(-6.28318530718,0.));
#3774 = VECTOR('',#3775,1.);
#3775 = DIRECTION('',(-0.,-1.));
#3776 = ( GEOMETRIC_REPRESENTATION_CONTEXT(2) 
PARAMETRIC_REPRESENTATION_CONTEXT() REPRESENTATION_CONTEXT('2D SPACE',''
  ) );
#3777 = ORIENTED_EDGE('',*,*,#3778,.T.);
#3778 = EDGE_CURVE('',#3751,#3751,#3779,.T.);
#3779 = SURFACE_CURVE('',#3780,(#3785,#3792),.PCURVE_S1.);
#3780 = CIRCLE('',#3781,1.5);
#3781 = AXIS2_PLACEMENT_3D('',#3782,#3783,#3784);
#3782 = CARTESIAN_POINT('',(89.70782104868,13.576450198782,35.));
#3783 = DIRECTION('',(0.707106781187,-0.707106781187,0.));
#3784 = DIRECTION('',(0.707106781187,0.707106781187,0.));
#3785 = PCURVE('',#3759,#3786);
#3786 = DEFINITIONAL_REPRESENTATION('',(#3787),#3791);
#3787 = LINE('',#3788,#3789);
#3788 = CARTESIAN_POINT('',(-0.,-0.8));
#3789 = VECTOR('',#3790,1.);
#3790 = DIRECTION('',(-1.,0.));
#3791 = ( GEOMETRIC_REPRESENTATION_CONTEXT(2) 
PARAMETRIC_REPRESENTATION_CONTEXT() REPRESENTATION_CONTEXT('2D SPACE',''
  ) );
#3792 = PCURVE('',#3793,#3798);
#3793 = PLANE('',#3794);
#3794 = AXIS2_PLACEMENT_3D('',#3795,#3796,#3797);
#3795 = CARTESIAN_POINT('',(61.423549801218,-14.70782104868,35.));
#3796 = DIRECTION('',(0.707106781187,-0.707106781187,4.834630952926E-16)
  );
#3797 = DIRECTION('',(-0.707106781187,-0.707106781187,9.651277813247E-35
    ));
#3798 = DEFINITIONAL_REPRESENTATION('',(#3799),#3803);
#3799 = CIRCLE('',#3800,1.5);
#3800 = AXIS2_PLACEMENT_2D('',#3801,#3802);
#3801 = CARTESIAN_POINT('',(-40.,-2.235872774411E-30));
#3802 = DIRECTION('',(-1.,-7.47007408981E-32));
#3803 = ( GEOMETRIC_REPRESENTATION_CONTEXT(2) 
PARAMETRIC_REPRESENTATION_CONTEXT() REPRESENTATION_CONTEXT('2D SPACE',''
  ) );
#3804 = ORIENTED_EDGE('',*,*,#3748,.F.);
#3805 = ORIENTED_EDGE('',*,*,#3806,.F.);
#3806 = EDGE_CURVE('',#3749,#3749,#3807,.T.);
#3807 = SURFACE_CURVE('',#3808,(#3813,#3820),.PCURVE_S1.);
#3808 = CIRCLE('',#3809,1.5);
#3809 = AXIS2_PLACEMENT_3D('',#3810,#3811,#3812);
#3810 = CARTESIAN_POINT('',(89.142135623731,14.142135623731,35.));
#3811 = DIRECTION('',(0.707106781187,-0.707106781187,0.));
#3812 = DIRECTION('',(0.707106781187,0.707106781187,0.));
#3813 = PCURVE('',#3759,#3814);
#3814 = DEFINITIONAL_REPRESENTATION('',(#3815),#3819);
#3815 = LINE('',#3816,#3817);
#3816 = CARTESIAN_POINT('',(-0.,0.));
#3817 = VECTOR('',#3818,1.);
#3818 = DIRECTION('',(-1.,0.));
#3819 = ( GEOMETRIC_REPRESENTATION_CONTEXT(2) 
PARAMETRIC_REPRESENTATION_CONTEXT() REPRESENTATION_CONTEXT('2D SPACE',''
  ) );
#3820 = PCURVE('',#3821,#3826);
#3821 = PLANE('',#3822);
#3822 = AXIS2_PLACEMENT_3D('',#3823,#3824,#3825);
#3823 = CARTESIAN_POINT('',(60.857864376269,-14.14213562373,35.));
#3824 = DIRECTION('',(0.707106781187,-0.707106781187,4.834630952926E-16)
  );
#3825 = DIRECTION('',(-0.707106781187,-0.707106781187,9.651277813247E-35
    ));
#3826 = DEFINITIONAL_REPRESENTATION('',(#3827),#3831);
#3827 = CIRCLE('',#3828,1.5);
#3828 = AXIS2_PLACEMENT_2D('',#3829,#3830);
#3829 = CARTESIAN_POINT('',(-40.,-2.235872774411E-30));
#3830 = DIRECTION('',(-1.,-7.47007408981E-32));
#3831 = ( GEOMETRIC_REPRESENTATION_CONTEXT(2) 
PARAMETRIC_REPRESENTATION_CONTEXT() REPRESENTATION_CONTEXT('2D SPACE',''
  ) );
#3832 = ADVANCED_FACE('',(#3833),#3821,.F.);
#3833 = FACE_BOUND('',#3834,.F.);
#3834 = EDGE_LOOP('',(#3835));
#3835 = ORIENTED_EDGE('',*,*,#3806,.T.);
#3836 = ADVANCED_FACE('',(#3837),#3793,.T.);
#3837 = FACE_BOUND('',#3838,.T.);
#3838 = EDGE_LOOP('',(#3839));
#3839 = ORIENTED_EDGE('',*,*,#3778,.T.);
#3840 = ( GEOMETRIC_REPRESENTATION_CONTEXT(3) 
GLOBAL_UNCERTAINTY_ASSIGNED_CONTEXT((#3844)) 
GLOBAL_UNIT_ASSIGNED_CONTEXT((#3841,#3842,#3843)) REPRESENTATION_CONTEXT
('Context #1','3D Context with UNIT and UNCERTAINTY') );
#3841 = ( LENGTH_UNIT() NAMED_UNIT(*) SI_UNIT(.MILLI.,.METRE.) );
#3842 = ( NAMED_UNIT(*) PLANE_ANGLE_UNIT() SI_UNIT($,.RADIAN.) );
#3843 = ( NAMED_UNIT(*) SI_UNIT($,.STERADIAN.) SOLID_ANGLE_UNIT() );
#3844 = UNCERTAINTY_MEASURE_WITH_UNIT(LENGTH_MEASURE(1.E-07),#3841,
  'distance_accuracy_value','confusion accuracy');
#3845 = CONTEXT_DEPENDENT_SHAPE_REPRESENTATION(#3846,#3848);
#3846 = ( REPRESENTATION_RELATIONSHIP('','',#3741,#10) 
REPRESENTATION_RELATIONSHIP_WITH_TRANSFORMATION(#3847) 
SHAPE_REPRESENTATION_RELATIONSHIP() );
#3847 = ITEM_DEFINED_TRANSFORMATION('','',#11,#51);
#3848 = PRODUCT_DEFINITION_SHAPE('Placement','Placement of an item',
  #3849);
#3849 = NEXT_ASSEMBLY_USAGE_OCCURRENCE('10','','',#5,#3736,$);
#3850 = PRODUCT_RELATED_PRODUCT_CATEGORY('part',$,(#3738));
#3851 = SHAPE_DEFINITION_REPRESENTATION(#3852,#3858);
#3852 = PRODUCT_DEFINITION_SHAPE('','',#3853);
#3853 = PRODUCT_DEFINITION('design','',#3854,#3857);
#3854 = PRODUCT_DEFINITION_FORMATION('','',#3855);
#3855 = PRODUCT('Open CASCADE STEP translator 7.8 1.11',
  'Open CASCADE STEP translator 7.8 1.11','',(#3856));
#3856 = PRODUCT_CONTEXT('',#2,'mechanical');
#3857 = PRODUCT_DEFINITION_CONTEXT('part definition',#2,'design');
#3858 = ADVANCED_BREP_SHAPE_REPRESENTATION('',(#11,#3859),#3957);
#3859 = MANIFOLD_SOLID_BREP('',#3860);
#3860 = CLOSED_SHELL('',(#3861,#3949,#3953));
#3861 = ADVANCED_FACE('',(#3862),#3876,.T.);
#3862 = FACE_BOUND('',#3863,.F.);
#3863 = EDGE_LOOP('',(#3864,#3894,#3921,#3922));
#3864 = ORIENTED_EDGE('',*,*,#3865,.T.);
#3865 = EDGE_CURVE('',#3866,#3868,#3870,.T.);
#3866 = VERTEX_POINT('',#3867);
#3867 = CARTESIAN_POINT('',(90.202795795511,15.202795795511,45.));
#3868 = VERTEX_POINT('',#3869);
#3869 = CARTESIAN_POINT('',(90.76848122046,14.637110370562,45.));
#3870 = SEAM_CURVE('',#3871,(#3875,#3887),.PCURVE_S1.);
#3871 = LINE('',#3872,#3873);
#3872 = CARTESIAN_POINT('',(90.202795795511,15.202795795511,45.));
#3873 = VECTOR('',#3874,1.);
#3874 = DIRECTION('',(0.707106781187,-0.707106781187,0.));
#3875 = PCURVE('',#3876,#3881);
#3876 = CYLINDRICAL_SURFACE('',#3877,1.5);
#3877 = AXIS2_PLACEMENT_3D('',#3878,#3879,#3880);
#3878 = CARTESIAN_POINT('',(89.142135623731,14.142135623731,45.));
#3879 = DIRECTION('',(-0.707106781187,0.707106781187,-0.));
#3880 = DIRECTION('',(0.707106781187,0.707106781187,0.));
#3881 = DEFINITIONAL_REPRESENTATION('',(#3882),#3886);
#3882 = LINE('',#3883,#3884);
#3883 = CARTESIAN_POINT('',(-0.,0.));
#3884 = VECTOR('',#3885,1.);
#3885 = DIRECTION('',(-0.,-1.));
#3886 = ( GEOMETRIC_REPRESENTATION_CONTEXT(2) 
PARAMETRIC_REPRESENTATION_CONTEXT() REPRESENTATION_CONTEXT('2D SPACE',''
  ) );
#3887 = PCURVE('',#3876,#3888);
#3888 = DEFINITIONAL_REPRESENTATION('',(#3889),#3893);
#3889 = LINE('',#3890,#3891);
#3890 = CARTESIAN_POINT('',(-6.28318530718,0.));
#3891 = VECTOR('',#3892,1.);
#3892 = DIRECTION('',(-0.,-1.));
#3893 = ( GEOMETRIC_REPRESENTATION_CONTEXT(2) 
PARAMETRIC_REPRESENTATION_CONTEXT() REPRESENTATION_CONTEXT('2D SPACE',''
  ) );
#3894 = ORIENTED_EDGE('',*,*,#3895,.T.);
#3895 = EDGE_CURVE('',#3868,#3868,#3896,.T.);
#3896 = SURFACE_CURVE('',#3897,(#3902,#3909),.PCURVE_S1.);
#3897 = CIRCLE('',#3898,1.5);
#3898 = AXIS2_PLACEMENT_3D('',#3899,#3900,#3901);
#3899 = CARTESIAN_POINT('',(89.70782104868,13.576450198782,45.));
#3900 = DIRECTION('',(0.707106781187,-0.707106781187,0.));
#3901 = DIRECTION('',(0.707106781187,0.707106781187,0.));
#3902 = PCURVE('',#3876,#3903);
#3903 = DEFINITIONAL_REPRESENTATION('',(#3904),#3908);
#3904 = LINE('',#3905,#3906);
#3905 = CARTESIAN_POINT('',(-0.,-0.8));
#3906 = VECTOR('',#3907,1.);
#3907 = DIRECTION('',(-1.,0.));
#3908 = ( GEOMETRIC_REPRESENTATION_CONTEXT(2) 
PARAMETRIC_REPRESENTATION_CONTEXT() REPRESENTATION_CONTEXT('2D SPACE',''
  ) );
#3909 = PCURVE('',#3910,#3915);
#3910 = PLANE('',#3911);
#3911 = AXIS2_PLACEMENT_3D('',#3912,#3913,#3914);
#3912 = CARTESIAN_POINT('',(61.423549801218,-14.70782104868,35.));
#3913 = DIRECTION('',(0.707106781187,-0.707106781187,4.834630952926E-16)
  );
#3914 = DIRECTION('',(-0.707106781187,-0.707106781187,9.651277813247E-35
    ));
#3915 = DEFINITIONAL_REPRESENTATION('',(#3916),#3920);
#3916 = CIRCLE('',#3917,1.5);
#3917 = AXIS2_PLACEMENT_2D('',#3918,#3919);
#3918 = CARTESIAN_POINT('',(-40.,-10.));
#3919 = DIRECTION('',(-1.,-7.47007408981E-32));
#3920 = ( GEOMETRIC_REPRESENTATION_CONTEXT(2) 
PARAMETRIC_REPRESENTATION_CONTEXT() REPRESENTATION_CONTEXT('2D SPACE',''
  ) );
#3921 = ORIENTED_EDGE('',*,*,#3865,.F.);
#3922 = ORIENTED_EDGE('',*,*,#3923,.F.);
#3923 = EDGE_CURVE('',#3866,#3866,#3924,.T.);
#3924 = SURFACE_CURVE('',#3925,(#3930,#3937),.PCURVE_S1.);
#3925 = CIRCLE('',#3926,1.5);
#3926 = AXIS2_PLACEMENT_3D('',#3927,#3928,#3929);
#3927 = CARTESIAN_POINT('',(89.142135623731,14.142135623731,45.));
#3928 = DIRECTION('',(0.707106781187,-0.707106781187,0.));
#3929 = DIRECTION('',(0.707106781187,0.707106781187,0.));
#3930 = PCURVE('',#3876,#3931);
#3931 = DEFINITIONAL_REPRESENTATION('',(#3932),#3936);
#3932 = LINE('',#3933,#3934);
#3933 = CARTESIAN_POINT('',(-0.,0.));
#3934 = VECTOR('',#3935,1.);
#3935 = DIRECTION('',(-1.,0.));
#3936 = ( GEOMETRIC_REPRESENTATION_CONTEXT(2) 
PARAMETRIC_REPRESENTATION_CONTEXT() REPRESENTATION_CONTEXT('2D SPACE',''
  ) );
#3937 = PCURVE('',#3938,#3943);
#3938 = PLANE('',#3939);
#3939 = AXIS2_PLACEMENT_3D('',#3940,#3941,#3942);
#3940 = CARTESIAN_POINT('',(60.857864376269,-14.14213562373,35.));
#3941 = DIRECTION('',(0.707106781187,-0.707106781187,4.834630952926E-16)
  );
#3942 = DIRECTION('',(-0.707106781187,-0.707106781187,9.651277813247E-35
    ));
#3943 = DEFINITIONAL_REPRESENTATION('',(#3944),#3948);
#3944 = CIRCLE('',#3945,1.5);
#3945 = AXIS2_PLACEMENT_2D('',#3946,#3947);
#3946 = CARTESIAN_POINT('',(-40.,-10.));
#3947 = DIRECTION('',(-1.,-7.47007408981E-32));
#3948 = ( GEOMETRIC_REPRESENTATION_CONTEXT(2) 
PARAMETRIC_REPRESENTATION_CONTEXT() REPRESENTATION_CONTEXT('2D SPACE',''
  ) );
#3949 = ADVANCED_FACE('',(#3950),#3938,.F.);
#3950 = FACE_BOUND('',#3951,.F.);
#3951 = EDGE_LOOP('',(#3952));
#3952 = ORIENTED_EDGE('',*,*,#3923,.T.);
#3953 = ADVANCED_FACE('',(#3954),#3910,.T.);
#3954 = FACE_BOUND('',#3955,.T.);
#3955 = EDGE_LOOP('',(#3956));
#3956 = ORIENTED_EDGE('',*,*,#3895,.T.);
#3957 = ( GEOMETRIC_REPRESENTATION_CONTEXT(3) 
GLOBAL_UNCERTAINTY_ASSIGNED_CONTEXT((#3961)) 
GLOBAL_UNIT_ASSIGNED_CONTEXT((#3958,#3959,#3960)) REPRESENTATION_CONTEXT
('Context #1','3D Context with UNIT and UNCERTAINTY') );
#3958 = ( LENGTH_UNIT() NAMED_UNIT(*) SI_UNIT(.MILLI.,.METRE.) );
#3959 = ( NAMED_UNIT(*) PLANE_ANGLE_UNIT() SI_UNIT($,.RADIAN.) );
#3960 = ( NAMED_UNIT(*) SI_UNIT($,.STERADIAN.) SOLID_ANGLE_UNIT() );
#3961 = UNCERTAINTY_MEASURE_WITH_UNIT(LENGTH_MEASURE(1.E-07),#3958,
  'distance_accuracy_value','confusion accuracy');
#3962 = CONTEXT_DEPENDENT_SHAPE_REPRESENTATION(#3963,#3965);
#3963 = ( REPRESENTATION_RELATIONSHIP('','',#3858,#10) 
REPRESENTATION_RELATIONSHIP_WITH_TRANSFORMATION(#3964) 
SHAPE_REPRESENTATION_RELATIONSHIP() );
#3964 = ITEM_DEFINED_TRANSFORMATION('','',#11,#55);
#3965 = PRODUCT_DEFINITION_SHAPE('Placement','Placement of an item',
  #3966);
#3966 = NEXT_ASSEMBLY_USAGE_OCCURRENCE('11','','',#5,#3853,$);
#3967 = PRODUCT_RELATED_PRODUCT_CATEGORY('part',$,(#3855));
#3968 = SHAPE_DEFINITION_REPRESENTATION(#3969,#3975);
#3969 = PRODUCT_DEFINITION_SHAPE('','',#3970);
#3970 = PRODUCT_DEFINITION('design','',#3971,#3974);
#3971 = PRODUCT_DEFINITION_FORMATION('','',#3972);
#3972 = PRODUCT('Open CASCADE STEP translator 7.8 1.12',
  'Open CASCADE STEP translator 7.8 1.12','',(#3973));
#3973 = PRODUCT_CONTEXT('',#2,'mechanical');
#3974 = PRODUCT_DEFINITION_CONTEXT('part definition',#2,'design');
#3975 = ADVANCED_BREP_SHAPE_REPRESENTATION('',(#11,#3976),#4074);
#3976 = MANIFOLD_SOLID_BREP('',#3977);
#3977 = CLOSED_SHELL('',(#3978,#4066,#4070));
#3978 = ADVANCED_FACE('',(#3979),#3993,.T.);
#3979 = FACE_BOUND('',#3980,.F.);
#3980 = EDGE_LOOP('',(#3981,#4011,#4038,#4039));
#3981 = ORIENTED_EDGE('',*,*,#3982,.T.);
#3982 = EDGE_CURVE('',#3983,#3985,#3987,.T.);
#3983 = VERTEX_POINT('',#3984);
#3984 = CARTESIAN_POINT('',(90.202795795511,15.202795795511,55.));
#3985 = VERTEX_POINT('',#3986);
#3986 = CARTESIAN_POINT('',(90.76848122046,14.637110370562,55.));
#3987 = SEAM_CURVE('',#3988,(#3992,#4004),.PCURVE_S1.);
#3988 = LINE('',#3989,#3990);
#3989 = CARTESIAN_POINT('',(90.202795795511,15.202795795511,55.));
#3990 = VECTOR('',#3991,1.);
#3991 = DIRECTION('',(0.707106781187,-0.707106781187,0.));
#3992 = PCURVE('',#3993,#3998);
#3993 = CYLINDRICAL_SURFACE('',#3994,1.5);
#3994 = AXIS2_PLACEMENT_3D('',#3995,#3996,#3997);
#3995 = CARTESIAN_POINT('',(89.142135623731,14.142135623731,55.));
#3996 = DIRECTION('',(-0.707106781187,0.707106781187,-0.));
#3997 = DIRECTION('',(0.707106781187,0.707106781187,0.));
#3998 = DEFINITIONAL_REPRESENTATION('',(#3999),#4003);
#3999 = LINE('',#4000,#4001);
#4000 = CARTESIAN_POINT('',(-0.,0.));
#4001 = VECTOR('',#4002,1.);
#4002 = DIRECTION('',(-0.,-1.));
#4003 = ( GEOMETRIC_REPRESENTATION_CONTEXT(2) 
PARAMETRIC_REPRESENTATION_CONTEXT() REPRESENTATION_CONTEXT('2D SPACE',''
  ) );
#4004 = PCURVE('',#3993,#4005);
#4005 = DEFINITIONAL_REPRESENTATION('',(#4006),#4010);
#4006 = LINE('',#4007,#4008);
#4007 = CARTESIAN_POINT('',(-6.28318530718,0.));
#4008 = VECTOR('',#4009,1.);
#4009 = DIRECTION('',(-0.,-1.));
#4010 = ( GEOMETRIC_REPRESENTATION_CONTEXT(2) 
PARAMETRIC_REPRESENTATION_CONTEXT() REPRESENTATION_CONTEXT('2D SPACE',''
  ) );
#4011 = ORIENTED_EDGE('',*,*,#4012,.T.);
#4012 = EDGE_CURVE('',#3985,#3985,#4013,.T.);
#4013 = SURFACE_CURVE('',#4014,(#4019,#4026),.PCURVE_S1.);
#4014 = CIRCLE('',#4015,1.5);
#4015 = AXIS2_PLACEMENT_3D('',#4016,#4017,#4018);
#4016 = CARTESIAN_POINT('',(89.70782104868,13.576450198782,55.));
#4017 = DIRECTION('',(0.707106781187,-0.707106781187,0.));
#4018 = DIRECTION('',(0.707106781187,0.707106781187,0.));
#4019 = PCURVE('',#3993,#4020);
#4020 = DEFINITIONAL_REPRESENTATION('',(#4021),#4025);
#4021 = LINE('',#4022,#4023);
#4022 = CARTESIAN_POINT('',(-0.,-0.8));
#4023 = VECTOR('',#4024,1.);
#4024 = DIRECTION('',(-1.,0.));
#4025 = ( GEOMETRIC_REPRESENTATION_CONTEXT(2) 
PARAMETRIC_REPRESENTATION_CONTEXT() REPRESENTATION_CONTEXT('2D SPACE',''
  ) );
#4026 = PCURVE('',#4027,#4032);
#4027 = PLANE('',#4028);
#4028 = AXIS2_PLACEMENT_3D('',#4029,#4030,#4031);
#4029 = CARTESIAN_POINT('',(61.423549801218,-14.70782104868,35.));
#4030 = DIRECTION('',(0.707106781187,-0.707106781187,4.834630952926E-16)
  );
#4031 = DIRECTION('',(-0.707106781187,-0.707106781187,9.651277813247E-35
    ));
#4032 = DEFINITIONAL_REPRESENTATION('',(#4033),#4037);
#4033 = CIRCLE('',#4034,1.5);
#4034 = AXIS2_PLACEMENT_2D('',#4035,#4036);
#4035 = CARTESIAN_POINT('',(-40.,-20.));
#4036 = DIRECTION('',(-1.,-7.47007408981E-32));
#4037 = ( GEOMETRIC_REPRESENTATION_CONTEXT(2) 
PARAMETRIC_REPRESENTATION_CONTEXT() REPRESENTATION_CONTEXT('2D SPACE',''
  ) );
#4038 = ORIENTED_EDGE('',*,*,#3982,.F.);
#4039 = ORIENTED_EDGE('',*,*,#4040,.F.);
#4040 = EDGE_CURVE('',#3983,#3983,#4041,.T.);
#4041 = SURFACE_CURVE('',#4042,(#4047,#4054),.PCURVE_S1.);
#4042 = CIRCLE('',#4043,1.5);
#4043 = AXIS2_PLACEMENT_3D('',#4044,#4045,#4046);
#4044 = CARTESIAN_POINT('',(89.142135623731,14.142135623731,55.));
#4045 = DIRECTION('',(0.707106781187,-0.707106781187,0.));
#4046 = DIRECTION('',(0.707106781187,0.707106781187,0.));
#4047 = PCURVE('',#3993,#4048);
#4048 = DEFINITIONAL_REPRESENTATION('',(#4049),#4053);
#4049 = LINE('',#4050,#4051);
#4050 = CARTESIAN_POINT('',(-0.,0.));
#4051 = VECTOR('',#4052,1.);
#4052 = DIRECTION('',(-1.,0.));
#4053 = ( GEOMETRIC_REPRESENTATION_CONTEXT(2) 
PARAMETRIC_REPRESENTATION_CONTEXT() REPRESENTATION_CONTEXT('2D SPACE',''
  ) );
#4054 = PCURVE('',#4055,#4060);
#4055 = PLANE('',#4056);
#4056 = AXIS2_PLACEMENT_3D('',#4057,#4058,#4059);
#4057 = CARTESIAN_POINT('',(60.857864376269,-14.14213562373,35.));
#4058 = DIRECTION('',(0.707106781187,-0.707106781187,4.834630952926E-16)
  );
#4059 = DIRECTION('',(-0.707106781187,-0.707106781187,9.651277813247E-35
    ));
#4060 = DEFINITIONAL_REPRESENTATION('',(#4061),#4065);
#4061 = CIRCLE('',#4062,1.5);
#4062 = AXIS2_PLACEMENT_2D('',#4063,#4064);
#4063 = CARTESIAN_POINT('',(-40.,-20.));
#4064 = DIRECTION('',(-1.,-7.47007408981E-32));
#4065 = ( GEOMETRIC_REPRESENTATION_CONTEXT(2) 
PARAMETRIC_REPRESENTATION_CONTEXT() REPRESENTATION_CONTEXT('2D SPACE',''
  ) );
#4066 = ADVANCED_FACE('',(#4067),#4055,.F.);
#4067 = FACE_BOUND('',#4068,.F.);
#4068 = EDGE_LOOP('',(#4069));
#4069 = ORIENTED_EDGE('',*,*,#4040,.T.);
#4070 = ADVANCED_FACE('',(#4071),#4027,.T.);
#4071 = FACE_BOUND('',#4072,.T.);
#4072 = EDGE_LOOP('',(#4073));
#4073 = ORIENTED_EDGE('',*,*,#4012,.T.);
#4074 = ( GEOMETRIC_REPRESENTATION_CONTEXT(3) 
GLOBAL_UNCERTAINTY_ASSIGNED_CONTEXT((#4078)) 
GLOBAL_UNIT_ASSIGNED_CONTEXT((#4075,#4076,#4077)) REPRESENTATION_CONTEXT
('Context #1','3D Context with UNIT and UNCERTAINTY') );
#4075 = ( LENGTH_UNIT() NAMED_UNIT(*) SI_UNIT(.MILLI.,.METRE.) );
#4076 = ( NAMED_UNIT(*) PLANE_ANGLE_UNIT() SI_UNIT($,.RADIAN.) );
#4077 = ( NAMED_UNIT(*) SI_UNIT($,.STERADIAN.) SOLID_ANGLE_UNIT() );
#4078 = UNCERTAINTY_MEASURE_WITH_UNIT(LENGTH_MEASURE(1.E-07),#4075,
  'distance_accuracy_value','confusion accuracy');
#4079 = CONTEXT_DEPENDENT_SHAPE_REPRESENTATION(#4080,#4082);
#4080 = ( REPRESENTATION_RELATIONSHIP('','',#3975,#10) 
REPRESENTATION_RELATIONSHIP_WITH_TRANSFORMATION(#4081) 
SHAPE_REPRESENTATION_RELATIONSHIP() );
#4081 = ITEM_DEFINED_TRANSFORMATION('','',#11,#59);
#4082 = PRODUCT_DEFINITION_SHAPE('Placement','Placement of an item',
  #4083);
#4083 = NEXT_ASSEMBLY_USAGE_OCCURRENCE('12','','',#5,#3970,$);
#4084 = PRODUCT_RELATED_PRODUCT_CATEGORY('part',$,(#3972));
#4085 = SHAPE_DEFINITION_REPRESENTATION(#4086,#4092);
#4086 = PRODUCT_DEFINITION_SHAPE('','',#4087);
#4087 = PRODUCT_DEFINITION('design','',#4088,#4091);
#4088 = PRODUCT_DEFINITION_FORMATION('','',#4089);
#4089 = PRODUCT('Open CASCADE STEP translator 7.8 1.13',
  'Open CASCADE STEP translator 7.8 1.13','',(#4090));
#4090 = PRODUCT_CONTEXT('',#2,'mechanical');
#4091 = PRODUCT_DEFINITION_CONTEXT('part definition',#2,'design');
#4092 = ADVANCED_BREP_SHAPE_REPRESENTATION('',(#11,#4093),#4191);
#4093 = MANIFOLD_SOLID_BREP('',#4094);
#4094 = CLOSED_SHELL('',(#4095,#4183,#4187));
#4095 = ADVANCED_FACE('',(#4096),#4110,.T.);
#4096 = FACE_BOUND('',#4097,.F.);
#4097 = EDGE_LOOP('',(#4098,#4128,#4155,#4156));
#4098 = ORIENTED_EDGE('',*,*,#4099,.T.);
#4099 = EDGE_CURVE('',#4100,#4102,#4104,.T.);
#4100 = VERTEX_POINT('',#4101);
#4101 = CARTESIAN_POINT('',(90.202795795511,15.202795795511,65.));
#4102 = VERTEX_POINT('',#4103);
#4103 = CARTESIAN_POINT('',(90.76848122046,14.637110370562,65.));
#4104 = SEAM_CURVE('',#4105,(#4109,#4121),.PCURVE_S1.);
#4105 = LINE('',#4106,#4107);
#4106 = CARTESIAN_POINT('',(90.202795795511,15.202795795511,65.));
#4107 = VECTOR('',#4108,1.);
#4108 = DIRECTION('',(0.707106781187,-0.707106781187,0.));
#4109 = PCURVE('',#4110,#4115);
#4110 = CYLINDRICAL_SURFACE('',#4111,1.5);
#4111 = AXIS2_PLACEMENT_3D('',#4112,#4113,#4114);
#4112 = CARTESIAN_POINT('',(89.142135623731,14.142135623731,65.));
#4113 = DIRECTION('',(-0.707106781187,0.707106781187,-0.));
#4114 = DIRECTION('',(0.707106781187,0.707106781187,0.));
#4115 = DEFINITIONAL_REPRESENTATION('',(#4116),#4120);
#4116 = LINE('',#4117,#4118);
#4117 = CARTESIAN_POINT('',(-0.,0.));
#4118 = VECTOR('',#4119,1.);
#4119 = DIRECTION('',(-0.,-1.));
#4120 = ( GEOMETRIC_REPRESENTATION_CONTEXT(2) 
PARAMETRIC_REPRESENTATION_CONTEXT() REPRESENTATION_CONTEXT('2D SPACE',''
  ) );
#4121 = PCURVE('',#4110,#4122);
#4122 = DEFINITIONAL_REPRESENTATION('',(#4123),#4127);
#4123 = LINE('',#4124,#4125);
#4124 = CARTESIAN_POINT('',(-6.28318530718,0.));
#4125 = VECTOR('',#4126,1.);
#4126 = DIRECTION('',(-0.,-1.));
#4127 = ( GEOMETRIC_REPRESENTATION_CONTEXT(2) 
PARAMETRIC_REPRESENTATION_CONTEXT() REPRESENTATION_CONTEXT('2D SPACE',''
  ) );
#4128 = ORIENTED_EDGE('',*,*,#4129,.T.);
#4129 = EDGE_CURVE('',#4102,#4102,#4130,.T.);
#4130 = SURFACE_CURVE('',#4131,(#4136,#4143),.PCURVE_S1.);
#4131 = CIRCLE('',#4132,1.5);
#4132 = AXIS2_PLACEMENT_3D('',#4133,#4134,#4135);
#4133 = CARTESIAN_POINT('',(89.70782104868,13.576450198782,65.));
#4134 = DIRECTION('',(0.707106781187,-0.707106781187,0.));
#4135 = DIRECTION('',(0.707106781187,0.707106781187,0.));
#4136 = PCURVE('',#4110,#4137);
#4137 = DEFINITIONAL_REPRESENTATION('',(#4138),#4142);
#4138 = LINE('',#4139,#4140);
#4139 = CARTESIAN_POINT('',(-0.,-0.8));
#4140 = VECTOR('',#4141,1.);
#4141 = DIRECTION('',(-1.,0.));
#4142 = ( GEOMETRIC_REPRESENTATION_CONTEXT(2) 
PARAMETRIC_REPRESENTATION_CONTEXT() REPRESENTATION_CONTEXT('2D SPACE',''
  ) );
#4143 = PCURVE('',#4144,#4149);
#4144 = PLANE('',#4145);
#4145 = AXIS2_PLACEMENT_3D('',#4146,#4147,#4148);
#4146 = CARTESIAN_POINT('',(61.423549801218,-14.70782104868,35.));
#4147 = DIRECTION('',(0.707106781187,-0.707106781187,4.834630952926E-16)
  );
#4148 = DIRECTION('',(-0.707106781187,-0.707106781187,9.651277813247E-35
    ));
#4149 = DEFINITIONAL_REPRESENTATION('',(#4150),#4154);
#4150 = CIRCLE('',#4151,1.5);
#4151 = AXIS2_PLACEMENT_2D('',#4152,#4153);
#4152 = CARTESIAN_POINT('',(-40.,-30.));
#4153 = DIRECTION('',(-1.,-7.47007408981E-32));
#4154 = ( GEOMETRIC_REPRESENTATION_CONTEXT(2) 
PARAMETRIC_REPRESENTATION_CONTEXT() REPRESENTATION_CONTEXT('2D SPACE',''
  ) );
#4155 = ORIENTED_EDGE('',*,*,#4099,.F.);
#4156 = ORIENTED_EDGE('',*,*,#4157,.F.);
#4157 = EDGE_CURVE('',#4100,#4100,#4158,.T.);
#4158 = SURFACE_CURVE('',#4159,(#4164,#4171),.PCURVE_S1.);
#4159 = CIRCLE('',#4160,1.5);
#4160 = AXIS2_PLACEMENT_3D('',#4161,#4162,#4163);
#4161 = CARTESIAN_POINT('',(89.142135623731,14.142135623731,65.));
#4162 = DIRECTION('',(0.707106781187,-0.707106781187,0.));
#4163 = DIRECTION('',(0.707106781187,0.707106781187,0.));
#4164 = PCURVE('',#4110,#4165);
#4165 = DEFINITIONAL_REPRESENTATION('',(#4166),#4170);
#4166 = LINE('',#4167,#4168);
#4167 = CARTESIAN_POINT('',(-0.,0.));
#4168 = VECTOR('',#4169,1.);
#4169 = DIRECTION('',(-1.,0.));
#4170 = ( GEOMETRIC_REPRESENTATION_CONTEXT(2) 
PARAMETRIC_REPRESENTATION_CONTEXT() REPRESENTATION_CONTEXT('2D SPACE',''
  ) );
#4171 = PCURVE('',#4172,#4177);
#4172 = PLANE('',#4173);
#4173 = AXIS2_PLACEMENT_3D('',#4174,#4175,#4176);
#4174 = CARTESIAN_POINT('',(60.857864376269,-14.14213562373,35.));
#4175 = DIRECTION('',(0.707106781187,-0.707106781187,4.834630952926E-16)
  );
#4176 = DIRECTION('',(-0.707106781187,-0.707106781187,9.651277813247E-35
    ));
#4177 = DEFINITIONAL_REPRESENTATION('',(#4178),#4182);
#4178 = CIRCLE('',#4179,1.5);
#4179 = AXIS2_PLACEMENT_2D('',#4180,#4181);
#4180 = CARTESIAN_POINT('',(-40.,-30.));
#4181 = DIRECTION('',(-1.,-7.47007408981E-32));
#4182 = ( GEOMETRIC_REPRESENTATION_CONTEXT(2) 
PARAMETRIC_REPRESENTATION_CONTEXT() REPRESENTATION_CONTEXT('2D SPACE',''
  ) );
#4183 = ADVANCED_FACE('',(#4184),#4172,.F.);
#4184 = FACE_BOUND('',#4185,.F.);
#4185 = EDGE_LOOP('',(#4186));
#4186 = ORIENTED_EDGE('',*,*,#4157,.T.);
#4187 = ADVANCED_FACE('',(#4188),#4144,.T.);
#4188 = FACE_BOUND('',#4189,.T.);
#4189 = EDGE_LOOP('',(#4190));
#4190 = ORIENTED_EDGE('',*,*,#4129,.T.);
#4191 = ( GEOMETRIC_REPRESENTATION_CONTEXT(3) 
GLOBAL_UNCERTAINTY_ASSIGNED_CONTEXT((#4195)) 
GLOBAL_UNIT_ASSIGNED_CONTEXT((#4192,#4193,#4194)) REPRESENTATION_CONTEXT
('Context #1','3D Context with UNIT and UNCERTAINTY') );
#4192 = ( LENGTH_UNIT() NAMED_UNIT(*) SI_UNIT(.MILLI.,.METRE.) );
#4193 = ( NAMED_UNIT(*) PLANE_ANGLE_UNIT() SI_UNIT($,.RADIAN.) );
#4194 = ( NAMED_UNIT(*) SI_UNIT($,.STERADIAN.) SOLID_ANGLE_UNIT() );
#4195 = UNCERTAINTY_MEASURE_WITH_UNIT(LENGTH_MEASURE(1.E-07),#4192,
  'distance_accuracy_value','confusion accuracy');
#4196 = CONTEXT_DEPENDENT_SHAPE_REPRESENTATION(#4197,#4199);
#4197 = ( REPRESENTATION_RELATIONSHIP('','',#4092,#10) 
REPRESENTATION_RELATIONSHIP_WITH_TRANSFORMATION(#4198) 
SHAPE_REPRESENTATION_RELATIONSHIP() );
#4198 = ITEM_DEFINED_TRANSFORMATION('','',#11,#63);
#4199 = PRODUCT_DEFINITION_SHAPE('Placement','Placement of an item',
  #4200);
#4200 = NEXT_ASSEMBLY_USAGE_OCCURRENCE('13','','',#5,#4087,$);
#4201 = PRODUCT_RELATED_PRODUCT_CATEGORY('part',$,(#4089));
#4202 = SHAPE_DEFINITION_REPRESENTATION(#4203,#4209);
#4203 = PRODUCT_DEFINITION_SHAPE('','',#4204);
#4204 = PRODUCT_DEFINITION('design','',#4205,#4208);
#4205 = PRODUCT_DEFINITION_FORMATION('','',#4206);
#4206 = PRODUCT('Open CASCADE STEP translator 7.8 1.14',
  'Open CASCADE STEP translator 7.8 1.14','',(#4207));
#4207 = PRODUCT_CONTEXT('',#2,'mechanical');
#4208 = PRODUCT_DEFINITION_CONTEXT('part definition',#2,'design');
#4209 = ADVANCED_BREP_SHAPE_REPRESENTATION('',(#11,#4210),#4308);
#4210 = MANIFOLD_SOLID_BREP('',#4211);
#4211 = CLOSED_SHELL('',(#4212,#4300,#4304));
#4212 = ADVANCED_FACE('',(#4213),#4227,.T.);
#4213 = FACE_BOUND('',#4214,.F.);
#4214 = EDGE_LOOP('',(#4215,#4245,#4272,#4273));
#4215 = ORIENTED_EDGE('',*,*,#4216,.T.);
#4216 = EDGE_CURVE('',#4217,#4219,#4221,.T.);
#4217 = VERTEX_POINT('',#4218);
#4218 = CARTESIAN_POINT('',(90.202795795511,15.202795795511,75.));
#4219 = VERTEX_POINT('',#4220);
#4220 = CARTESIAN_POINT('',(90.76848122046,14.637110370562,75.));
#4221 = SEAM_CURVE('',#4222,(#4226,#4238),.PCURVE_S1.);
#4222 = LINE('',#4223,#4224);
#4223 = CARTESIAN_POINT('',(90.202795795511,15.202795795511,75.));
#4224 = VECTOR('',#4225,1.);
#4225 = DIRECTION('',(0.707106781187,-0.707106781187,0.));
#4226 = PCURVE('',#4227,#4232);
#4227 = CYLINDRICAL_SURFACE('',#4228,1.5);
#4228 = AXIS2_PLACEMENT_3D('',#4229,#4230,#4231);
#4229 = CARTESIAN_POINT('',(89.142135623731,14.142135623731,75.));
#4230 = DIRECTION('',(-0.707106781187,0.707106781187,-0.));
#4231 = DIRECTION('',(0.707106781187,0.707106781187,0.));
#4232 = DEFINITIONAL_REPRESENTATION('',(#4233),#4237);
#4233 = LINE('',#4234,#4235);
#4234 = CARTESIAN_POINT('',(-0.,0.));
#4235 = VECTOR('',#4236,1.);
#4236 = DIRECTION('',(-0.,-1.));
#4237 = ( GEOMETRIC_REPRESENTATION_CONTEXT(2) 
PARAMETRIC_REPRESENTATION_CONTEXT() REPRESENTATION_CONTEXT('2D SPACE',''
  ) );
#4238 = PCURVE('',#4227,#4239);
#4239 = DEFINITIONAL_REPRESENTATION('',(#4240),#4244);
#4240 = LINE('',#4241,#4242);
#4241 = CARTESIAN_POINT('',(-6.28318530718,0.));
#4242 = VECTOR('',#4243,1.);
#4243 = DIRECTION('',(-0.,-1.));
#4244 = ( GEOMETRIC_REPRESENTATION_CONTEXT(2) 
PARAMETRIC_REPRESENTATION_CONTEXT() REPRESENTATION_CONTEXT('2D SPACE',''
  ) );
#4245 = ORIENTED_EDGE('',*,*,#4246,.T.);
#4246 = EDGE_CURVE('',#4219,#4219,#4247,.T.);
#4247 = SURFACE_CURVE('',#4248,(#4253,#4260),.PCURVE_S1.);
#4248 = CIRCLE('',#4249,1.5);
#4249 = AXIS2_PLACEMENT_3D('',#4250,#4251,#4252);
#4250 = CARTESIAN_POINT('',(89.70782104868,13.576450198782,75.));
#4251 = DIRECTION('',(0.707106781187,-0.707106781187,0.));
#4252 = DIRECTION('',(0.707106781187,0.707106781187,0.));
#4253 = PCURVE('',#4227,#4254);
#4254 = DEFINITIONAL_REPRESENTATION('',(#4255),#4259);
#4255 = LINE('',#4256,#4257);
#4256 = CARTESIAN_POINT('',(-0.,-0.8));
#4257 = VECTOR('',#4258,1.);
#4258 = DIRECTION('',(-1.,0.));
#4259 = ( GEOMETRIC_REPRESENTATION_CONTEXT(2) 
PARAMETRIC_REPRESENTATION_CONTEXT() REPRESENTATION_CONTEXT('2D SPACE',''
  ) );
#4260 = PCURVE('',#4261,#4266);
#4261 = PLANE('',#4262);
#4262 = AXIS2_PLACEMENT_3D('',#4263,#4264,#4265);
#4263 = CARTESIAN_POINT('',(61.423549801218,-14.70782104868,35.));
#4264 = DIRECTION('',(0.707106781187,-0.707106781187,4.834630952926E-16)
  );
#4265 = DIRECTION('',(-0.707106781187,-0.707106781187,9.651277813247E-35
    ));
#4266 = DEFINITIONAL_REPRESENTATION('',(#4267),#4271);
#4267 = CIRCLE('',#4268,1.5);
#4268 = AXIS2_PLACEMENT_2D('',#4269,#4270);
#4269 = CARTESIAN_POINT('',(-40.,-40.));
#4270 = DIRECTION('',(-1.,-7.47007408981E-32));
#4271 = ( GEOMETRIC_REPRESENTATION_CONTEXT(2) 
PARAMETRIC_REPRESENTATION_CONTEXT() REPRESENTATION_CONTEXT('2D SPACE',''
  ) );
#4272 = ORIENTED_EDGE('',*,*,#4216,.F.);
#4273 = ORIENTED_EDGE('',*,*,#4274,.F.);
#4274 = EDGE_CURVE('',#4217,#4217,#4275,.T.);
#4275 = SURFACE_CURVE('',#4276,(#4281,#4288),.PCURVE_S1.);
#4276 = CIRCLE('',#4277,1.5);
#4277 = AXIS2_PLACEMENT_3D('',#4278,#4279,#4280);
#4278 = CARTESIAN_POINT('',(89.142135623731,14.142135623731,75.));
#4279 = DIRECTION('',(0.707106781187,-0.707106781187,0.));
#4280 = DIRECTION('',(0.707106781187,0.707106781187,0.));
#4281 = PCURVE('',#4227,#4282);
#4282 = DEFINITIONAL_REPRESENTATION('',(#4283),#4287);
#4283 = LINE('',#4284,#4285);
#4284 = CARTESIAN_POINT('',(-0.,0.));
#4285 = VECTOR('',#4286,1.);
#4286 = DIRECTION('',(-1.,0.));
#4287 = ( GEOMETRIC_REPRESENTATION_CONTEXT(2) 
PARAMETRIC_REPRESENTATION_CONTEXT() REPRESENTATION_CONTEXT('2D SPACE',''
  ) );
#4288 = PCURVE('',#4289,#4294);
#4289 = PLANE('',#4290);
#4290 = AXIS2_PLACEMENT_3D('',#4291,#4292,#4293);
#4291 = CARTESIAN_POINT('',(60.857864376269,-14.14213562373,35.));
#4292 = DIRECTION('',(0.707106781187,-0.707106781187,4.834630952926E-16)
  );
#4293 = DIRECTION('',(-0.707106781187,-0.707106781187,9.651277813247E-35
    ));
#4294 = DEFINITIONAL_REPRESENTATION('',(#4295),#4299);
#4295 = CIRCLE('',#4296,1.5);
#4296 = AXIS2_PLACEMENT_2D('',#4297,#4298);
#4297 = CARTESIAN_POINT('',(-40.,-40.));
#4298 = DIRECTION('',(-1.,-7.47007408981E-32));
#4299 = ( GEOMETRIC_REPRESENTATION_CONTEXT(2) 
PARAMETRIC_REPRESENTATION_CONTEXT() REPRESENTATION_CONTEXT('2D SPACE',''
  ) );
#4300 = ADVANCED_FACE('',(#4301),#4289,.F.);
#4301 = FACE_BOUND('',#4302,.F.);
#4302 = EDGE_LOOP('',(#4303));
#4303 = ORIENTED_EDGE('',*,*,#4274,.T.);
#4304 = ADVANCED_FACE('',(#4305),#4261,.T.);
#4305 = FACE_BOUND('',#4306,.T.);
#4306 = EDGE_LOOP('',(#4307));
#4307 = ORIENTED_EDGE('',*,*,#4246,.T.);
#4308 = ( GEOMETRIC_REPRESENTATION_CONTEXT(3) 
GLOBAL_UNCERTAINTY_ASSIGNED_CONTEXT((#4312)) 
GLOBAL_UNIT_ASSIGNED_CONTEXT((#4309,#4310,#4311)) REPRESENTATION_CONTEXT
('Context #1','3D Context with UNIT and UNCERTAINTY') );
#4309 = ( LENGTH_UNIT() NAMED_UNIT(*) SI_UNIT(.MILLI.,.METRE.) );
#4310 = ( NAMED_UNIT(*) PLANE_ANGLE_UNIT() SI_UNIT($,.RADIAN.) );
#4311 = ( NAMED_UNIT(*) SI_UNIT($,.STERADIAN.) SOLID_ANGLE_UNIT() );
#4312 = UNCERTAINTY_MEASURE_WITH_UNIT(LENGTH_MEASURE(1.E-07),#4309,
  'distance_accuracy_value','confusion accuracy');
#4313 = CONTEXT_DEPENDENT_SHAPE_REPRESENTATION(#4314,#4316);
#4314 = ( REPRESENTATION_RELATIONSHIP('','',#4209,#10) 
REPRESENTATION_RELATIONSHIP_WITH_TRANSFORMATION(#4315) 
SHAPE_REPRESENTATION_RELATIONSHIP() );
#4315 = ITEM_DEFINED_TRANSFORMATION('','',#11,#67);
#4316 = PRODUCT_DEFINITION_SHAPE('Placement','Placement of an item',
  #4317);
#4317 = NEXT_ASSEMBLY_USAGE_OCCURRENCE('14','','',#5,#4204,$);
#4318 = PRODUCT_RELATED_PRODUCT_CATEGORY('part',$,(#4206));
ENDSEC;
END-ISO-10303-21;
